[
    {
        "ID": "1",
        "gender": "M",
        "age": "A",
        "character_name": "ئەحمەد",
        "text": "ئەئا، بێ ئەخاق، بێ ئەخاق ئەوە بەرد ئەهاوێژی",
        "text_original": "ئەئا، بێ ئەخاق، بێ ئەخاق ئەوە بەرد ئەهاوێژی",
        "start": 20.0,
        "end": 4754.0,
        "audio": "content/segments/105/1.ogg"
    },
    {
        "ID": "2",
        "gender": "M",
        "age": "A",
        "character_name": "ئەحمەد",
        "text": "تۆ بڵێی جەرەس لێی نەیا، بەحەقی قورعان ئەبێ بوگرم بوکوژم",
        "text_original": "تۆ بڵێی جەرەس لێی نەیا، بەحەقی قورعان ئەبێ بوگرم بوکوژم",
        "start": 4854.0,
        "end": 7719.0,
        "audio": "content/segments/105/2.ogg"
    },
    {
        "ID": "3",
        "gender": "M",
        "age": "A",
        "character_name": "موراقیب",
        "text": "مەکە بچکۆل جیان، مەکە بەرد مەهاوە",
        "text_original": "مەکە بچکۆل جیان، مەکە بەرد مەهاوە",
        "start": 7750.0,
        "end": 9511.0,
        "audio": "content/segments/105/3.ogg"
    },
    {
        "ID": "4",
        "gender": "M",
        "age": "A",
        "character_name": "ئەحمەد",
        "text": "کورە، بچکۆلی چی بابە بەو پیاوە زلە ئەڵێی بچکۆل",
        "text_original": "کورە، بچکۆلی چی بابە بەو پیاوە زلە ئەڵێی بچکۆل",
        "start": 10689.0,
        "end": 12984.0,
        "audio": "content/segments/105/4.ogg"
    },
    {
        "ID": "5",
        "gender": "M",
        "age": "A",
        "character_name": "موراقیب",
        "text": "مەکە بەقوربانھ بم، گوناحە ئەحە گوناحە، دەبڕۆ بە قوربان",
        "text_original": "مەکە بەقوربانھ بم، گوناحە ئەحە گوناحە، دەبڕۆ بە قوربان",
        "start": 12992.0,
        "end": 15788.0,
        "audio": "content/segments/105/5.ogg"
    },
    {
        "ID": "6",
        "gender": "M",
        "age": "A",
        "character_name": "ئەحمەد",
        "text": "کورە دە مەکە، تۆ داخی ئا ئەمە ناکەی",
        "text_original": "کورە دە مەکە، تۆ داخی ئا ئەمە ناکەی",
        "start": 15935.0,
        "end": 18154.0,
        "audio": "content/segments/105/6.ogg"
    },
    {
        "ID": "7",
        "gender": "M",
        "age": "A",
        "character_name": "موراقیب",
        "text": "گوناحە دە بەقوربانم مەکە ئەحە، دەی بەبە جیان لاچۆ برۆ بەساقەو",
        "text_original": "گوناحە دە بەقوربانم مەکە ئەحە، دەی بەبە جیان لاچۆ برۆ بەساقەو",
        "start": 18480.0,
        "end": 21877.0,
        "audio": "content/segments/105/7.ogg"
    },
    {
        "ID": "8",
        "gender": "M",
        "age": "A",
        "character_name": "ئەحمەد",
        "text": "کورە بەبەی چی بۆ خاتری خوا، بەو زرتە زەلامە ئەڵێی بچکۆل",
        "text_original": "کورە بەبەی چی بۆ خاتری خوا، بەو زرتە زەلامە ئەڵێی بچکۆل",
        "start": 21933.0,
        "end": 25002.0,
        "audio": "content/segments/105/8.ogg"
    },
    {
        "ID": "9",
        "gender": "M",
        "age": "A",
        "character_name": "موراقیب",
        "text": "بابە ئەوە زرتە زەلامە ڕاس ئەکەی، بەڵام عەقڵی مناڵانەیە",
        "text_original": "بابە ئەوە زرتە زەلامە ڕاس ئەکەی، بەڵام عەقڵی مناڵانەیە",
        "start": 25251.0,
        "end": 28216.0,
        "audio": "content/segments/105/9.ogg"
    },
    {
        "ID": "10",
        "gender": "M",
        "age": "A",
        "character_name": "موراقیب",
        "text": "دەبڕۆ بەبە جیان دەبڕۆ دەی، دە بەرد مەهاوە کاکە بەرد مە",
        "text_original": "دەبڕۆ بەبە جیان دەبڕۆ دەی، دە بەرد مەهاوە کاکە بەرد مە",
        "start": 28258.0,
        "end": 30779.0,
        "audio": "content/segments/105/10.ogg"
    },
    {
        "ID": "11",
        "gender": "NA",
        "age": "NA",
        "character_name": "NA",
        "text": "دەبڕۆ بەقوربان",
        "text_original": "دەبڕۆ بەقوربان",
        "start": 30781.0,
        "end": 31538.0,
        "audio": "content/segments/105/11.ogg"
    },
    {
        "ID": "12",
        "gender": "M",
        "age": "A",
        "character_name": "موراقیب",
        "text": "دەبڕۆ بەقوربان بم",
        "text_original": "دەبڕۆ بەقوربان بم",
        "start": 31701.0,
        "end": 32732.999999999996,
        "audio": "content/segments/105/12.ogg"
    },
    {
        "ID": "13",
        "gender": "M",
        "age": "A",
        "character_name": "مستەر",
        "text": "ئحم ئحم ئحم",
        "text_original": "ئحم ئحم ئحم",
        "start": 32769.0,
        "end": 33573.0,
        "audio": "content/segments/105/13.ogg"
    },
    {
        "ID": "14",
        "gender": "M",
        "age": "A",
        "character_name": "موراقیب",
        "text": "مستەر هاو خەتای تۆیە، تۆ مێشکھ تێکاوم",
        "text_original": "مستەر هاو خەتای تۆیە، تۆ مێشکھ تێکاوم",
        "start": 33584.0,
        "end": 35638.0,
        "audio": "content/segments/105/14.ogg"
    },
    {
        "ID": "15",
        "gender": "M",
        "age": "A",
        "character_name": "عەبدوڵا",
        "text": "ئێ، وەلەو مراقیب مەژغوڵە، بەڵام هەستتتتن",
        "text_original": "ئێ، وەلەو مراقیب مەژغوڵە، بەڵام هەستتتتن",
        "start": 35645.0,
        "end": 38750.0,
        "audio": "content/segments/105/15.ogg"
    },
    {
        "ID": "16",
        "gender": "M",
        "age": "A",
        "character_name": "مستەر",
        "text": "دانیشن دانیشن، ئەوە مەژغوڵی چین ئێوە",
        "text_original": "دانیشن دانیشن، ئەوە مەژغوڵی چین ئێوە",
        "start": 40549.0,
        "end": 42930.0,
        "audio": "content/segments/105/16.ogg"
    },
    {
        "ID": "17",
        "gender": "NA",
        "age": "NA",
        "character_name": "NA",
        "text": "ششش",
        "text_original": "ششش",
        "start": 43479.0,
        "end": 46613.0,
        "audio": "content/segments/105/17.ogg"
    },
    {
        "ID": "18",
        "gender": "M",
        "age": "A",
        "character_name": "مستەر",
        "text": "ئەو قسانە نەکەی، ش وسبە دانیشە، دانیشە نازانی قسە بگێڕیتەوە",
        "text_original": "ئەو قسانە نەکەی، ش وسبە دانیشە، دانیشە نازانی قسە بگێڕیتەوە",
        "start": 47804.0,
        "end": 52675.0,
        "audio": "content/segments/105/18.ogg"
    },
    {
        "ID": "19",
        "gender": "M",
        "age": "A",
        "character_name": "مستەر",
        "text": "دانیشن",
        "text_original": "دانیشن",
        "start": 55907.0,
        "end": 56706.0,
        "audio": "content/segments/105/19.ogg"
    },
    {
        "ID": "20",
        "gender": "M",
        "age": "A",
        "character_name": "مستەر",
        "text": "جوێھ لێبێ ئەحە، جارێچیکە لە خۆتەوە جواب نەیەیتەوە",
        "text_original": "جوێھ لێبێ ئەحە، جارێچیکە لە خۆتەوە جواب نەیەیتەوە",
        "start": 59301.0,
        "end": 63015.0,
        "audio": "content/segments/105/20.ogg"
    },
    {
        "ID": "21",
        "gender": "M",
        "age": "A",
        "character_name": "مستەر",
        "text": "کە سوئالیان تەوجیهی تۆ کرد، ئەو کاتە جواب بەرەوە تێئەگەی",
        "text_original": "کە سوئالیان تەوجیهی تۆ کرد، ئەو کاتە جواب بەرەوە تێئەگەی",
        "start": 63472.0,
        "end": 66909.0,
        "audio": "content/segments/105/21.ogg"
    },
    {
        "ID": "22",
        "gender": "M",
        "age": "A",
        "character_name": "مستەر",
        "text": "کوا من سوئالم لە تۆ کرد",
        "text_original": "کوا من سوئالم لە تۆ کرد",
        "start": 66952.0,
        "end": 68156.0,
        "audio": "content/segments/105/22.ogg"
    },
    {
        "ID": "23",
        "gender": "M",
        "age": "A",
        "character_name": "عەبدوڵا",
        "text": "ڕاستەکا ئەحمەو مستەر ڕاستەکا",
        "text_original": "ڕاستەکا ئەحمەو مستەر ڕاستەکا",
        "start": 68492.0,
        "end": 70334.0,
        "audio": "content/segments/105/23.ogg"
    },
    {
        "ID": "24",
        "gender": "M",
        "age": "A",
        "character_name": "عەبدوڵا",
        "text": "لە خۆتەوە سیلسیلەی مراجعە مەشکێنە کاکە جیان",
        "text_original": "لە خۆتەوە سیلسیلەی مراجعە مەشکێنە کاکە جیان",
        "start": 70610.0,
        "end": 72916.0,
        "audio": "content/segments/105/24.ogg"
    },
    {
        "ID": "25",
        "gender": "M",
        "age": "A",
        "character_name": "سەباح",
        "text": "هەمووی دوانی وەکو ئەحەیە، وەزعی وەزارەت و دائیرەکانی تێکداوە",
        "text_original": "هەمووی دوانی وەکو ئەحەیە، وەزعی وەزارەت و دائیرەکانی تێکداوە",
        "start": 73278.0,
        "end": 77253.0,
        "audio": "content/segments/105/25.ogg"
    },
    {
        "ID": "26",
        "gender": "M",
        "age": "A",
        "character_name": "عومەر",
        "text": "بەخوا سەباح جیان بەعزە جارێکیش خەتای سەرەوەی تیایە",
        "text_original": "بەخوا سەباح جیان بەعزە جارێکیش خەتای سەرەوەی تیایە",
        "start": 77370.0,
        "end": 80550.0,
        "audio": "content/segments/105/26.ogg"
    },
    {
        "ID": "27",
        "gender": "M",
        "age": "A",
        "character_name": "حیکمەت",
        "text": "بیل فعل، من خۆم بە چاوی خۆم دیومە",
        "text_original": "بیل فعل، من خۆم بە چاوی خۆم دیومە",
        "start": 80747.0,
        "end": 83577.0,
        "audio": "content/segments/105/27.ogg"
    },
    {
        "ID": "28",
        "gender": "M",
        "age": "A",
        "character_name": "حیکمەت",
        "text": "زۆر جار مەسئولەکەی سەری سەرەوە",
        "text_original": "زۆر جار مەسئولەکەی سەری سەرەوە",
        "start": 83803.0,
        "end": 85728.0,
        "audio": "content/segments/105/28.ogg"
    },
    {
        "ID": "29",
        "gender": "M",
        "age": "A",
        "character_name": "حیکمەت",
        "text": "بە دەسی خۆی ئەچێ سیلسلەی مڕاجع ئەشکێنێ",
        "text_original": "بە دەسی خۆی ئەچێ سیلسلەی مڕاجع ئەشکێنێ",
        "start": 86050.0,
        "end": 88442.0,
        "audio": "content/segments/105/29.ogg"
    },
    {
        "ID": "30",
        "gender": "M",
        "age": "A",
        "character_name": "ڕێبوار",
        "text": "بێ قەزاو بەڵای حازری بەرێ کا عومەر",
        "text_original": "بێ قەزاو بەڵای حازری بەرێ کا عومەر",
        "start": 88664.0,
        "end": 90629.0,
        "audio": "content/segments/105/30.ogg"
    },
    {
        "ID": "31",
        "gender": "M",
        "age": "A",
        "character_name": "ڕێبوار",
        "text": "ئەوە ناهێنێ پیاو قسەی زۆر لەسەر بکا",
        "text_original": "ئەوە ناهێنێ پیاو قسەی زۆر لەسەر بکا",
        "start": 90649.0,
        "end": 92328.0,
        "audio": "content/segments/105/31.ogg"
    },
    {
        "ID": "32",
        "gender": "M",
        "age": "A",
        "character_name": "عومەر",
        "text": "چۆن یٔەوە ناهێنێ یٔەفەنی شت هەیە لە سیلسیلەی مەڕاجع موهیمتر بێ",
        "text_original": "چۆن یٔەوە ناهێنێ یٔەفەنی شت هەیە لە سیلسیلەی مەڕاجع موهیمتر بێ",
        "start": 92347.0,
        "end": 96579.0,
        "audio": "content/segments/105/32.ogg"
    },
    {
        "ID": "33",
        "gender": "M",
        "age": "A",
        "character_name": "موراقیب",
        "text": "ئائا، هەیە",
        "text_original": "ئائا، هەیە",
        "start": 96630.0,
        "end": 97514.0,
        "audio": "content/segments/105/33.ogg"
    },
    {
        "ID": "34",
        "gender": "M",
        "age": "A",
        "character_name": "عومەر",
        "text": "چیە",
        "text_original": "چیە",
        "start": 97514.0,
        "end": 98307.0,
        "audio": "content/segments/105/34.ogg"
    },
    {
        "ID": "35",
        "gender": "M",
        "age": "A",
        "character_name": "موراقیب",
        "text": "سیلسیلەی شاخەکانی زاگرۆس",
        "text_original": "سیلسیلەی شاخەکانی زاگرۆس",
        "start": 98626.0,
        "end": 100885.0,
        "audio": "content/segments/105/35.ogg"
    },
    {
        "ID": "36",
        "gender": "M",
        "age": "A",
        "character_name": "مستەر",
        "text": "عای، زۆر زانی فێڵباز",
        "text_original": "عای، زۆر زانی فێڵباز",
        "start": 101266.0,
        "end": 104192.0,
        "audio": "content/segments/105/36.ogg"
    },
    {
        "ID": "37",
        "gender": "M",
        "age": "A",
        "character_name": "مستەر",
        "text": "ئێوە تەماشاکەن بزانن، لە سیلسیلەی مڕاجەعاتەوە بردینی بۆ چیۆ",
        "text_original": "ئێوە تەماشاکەن بزانن، لە سیلسیلەی مڕاجەعاتەوە بردینی بۆ چیۆ",
        "start": 104740.0,
        "end": 109082.0,
        "audio": "content/segments/105/37.ogg"
    },
    {
        "ID": "38",
        "gender": "M",
        "age": "A",
        "character_name": "مستەر",
        "text": "بردینیەوە بۆ سیلسیلە شاخەکانی زاگرۆس",
        "text_original": "بردینیەوە بۆ سیلسیلە شاخەکانی زاگرۆس",
        "start": 109099.0,
        "end": 111997.0,
        "audio": "content/segments/105/38.ogg"
    },
    {
        "ID": "39",
        "gender": "M",
        "age": "A",
        "character_name": "مستەر",
        "text": "ئا ئەمە هەر خۆی ئەیزانێ چی لە ژێر سەرایە ئەی",
        "text_original": "ئا ئەمە هەر خۆی ئەیزانێ چی لە ژێر سەرایە ئەی",
        "start": 112661.0,
        "end": 116408.0,
        "audio": "content/segments/105/39.ogg"
    },
    {
        "ID": "40",
        "gender": "M",
        "age": "A",
        "character_name": "ئەحمەد",
        "text": "باشە مستەر تو شەرەفھ",
        "text_original": "باشە مستەر تو شەرەفھ",
        "start": 116457.0,
        "end": 118445.0,
        "audio": "content/segments/105/40.ogg"
    },
    {
        "ID": "41",
        "gender": "M",
        "age": "A",
        "character_name": "ئەحمەد",
        "text": "من جوابی سوئالەکەم بایەوە لەم حەل حەبەشەیە باشتر نەبوو",
        "text_original": "من جوابی سوئالەکەم بایەوە لەم حەل حەبەشەیە باشتر نەبوو",
        "start": 118445.0,
        "end": 121299.0,
        "audio": "content/segments/105/41.ogg"
    },
    {
        "ID": "42",
        "gender": "M",
        "age": "A",
        "character_name": "مستەر",
        "text": "نەخێر باشتر نەبوو ئەزانی بۆ، تۆ نازانی شت بگێریتەوە",
        "text_original": "نەخێر باشتر نەبوو ئەزانی بۆ، تۆ نازانی شت بگێریتەوە",
        "start": 121379.0,
        "end": 124923.0,
        "audio": "content/segments/105/42.ogg"
    },
    {
        "ID": "43",
        "gender": "M",
        "age": "A",
        "character_name": "مستەر",
        "text": "تۆ خۆشترین نوکتە بجێڕیتەوە، ساردیەکەیتەوە و ئەیمرێنی، تێئەگەی",
        "text_original": "تۆ خۆشترین نوکتە بجێڕیتەوە، ساردیەکەیتەوە و ئەیمرێنی، تێئەگەی",
        "start": 125240.0,
        "end": 129086.00000000001,
        "audio": "content/segments/105/43.ogg"
    },
    {
        "ID": "44",
        "gender": "M",
        "age": "A",
        "character_name": "زاهیر",
        "text": "فعلەن وایە فعلەن، ئەو مراقیبە شت جێڕانەوەی لێ دێ",
        "text_original": "فعلەن وایە فعلەن، ئەو مراقیبە شت جێڕانەوەی لێ دێ",
        "start": 129363.0,
        "end": 133599.0,
        "audio": "content/segments/105/44.ogg"
    },
    {
        "ID": "45",
        "gender": "M",
        "age": "A",
        "character_name": "سەباح",
        "text": "ئئ ڕاس ئەکەی کاک زاهیر، شتەکە خۆی لە خۆیا بەهرەیە بەهرە",
        "text_original": "ئئ ڕاس ئەکەی کاک زاهیر، شتەکە خۆی لە خۆیا بەهرەیە بەهرە",
        "start": 134038.0,
        "end": 138086.0,
        "audio": "content/segments/105/45.ogg"
    },
    {
        "ID": "46",
        "gender": "M",
        "age": "A",
        "character_name": "عومەر",
        "text": "کوڕە بۆ خاتری خوا شتەکە ئەوەنە زل مەکەن",
        "text_original": "کوڕە بۆ خاتری خوا شتەکە ئەوەنە زل مەکەن",
        "start": 138145.0,
        "end": 140261.0,
        "audio": "content/segments/105/46.ogg"
    },
    {
        "ID": "47",
        "gender": "M",
        "age": "A",
        "character_name": "عومەر",
        "text": "میستەر گیان کورت و موختەسەر ئەزانی چی",
        "text_original": "میستەر گیان کورت و موختەسەر ئەزانی چی",
        "start": 141003.0,
        "end": 143538.0,
        "audio": "content/segments/105/47.ogg"
    },
    {
        "ID": "48",
        "gender": "NA",
        "age": "NA",
        "character_name": "NA",
        "text": "لە کۆڵانەکەی ئەودیوەوە نیە",
        "text_original": "لە کۆڵانەکەی ئەودیوەوە نیە",
        "start": 143602.0,
        "end": 145608.0,
        "audio": "content/segments/105/48.ogg"
    },
    {
        "ID": "49",
        "gender": "M",
        "age": "A",
        "character_name": "موراقیب",
        "text": "ئەها، سیلسیلەی مڕاجەعەی شکان چاوت لێیە",
        "text_original": "ئەها، سیلسیلەی مڕاجەعەی شکان چاوت لێیە",
        "start": 146064.0,
        "end": 148918.0,
        "audio": "content/segments/105/49.ogg"
    },
    {
        "ID": "50",
        "gender": "M",
        "age": "A",
        "character_name": "عەبدوڵا",
        "text": "وایە ئەم ئاغایە ئا ئەمەنە ڕوی بەیتێ",
        "text_original": "وایە ئەم ئاغایە ئا ئەمەنە ڕوی بەیتێ",
        "start": 148951.0,
        "end": 151407.0,
        "audio": "content/segments/105/50.ogg"
    },
    {
        "ID": "51",
        "gender": "M",
        "age": "A",
        "character_name": "عەبدوڵا",
        "text": "وەڵاهی مستەر نەک سیلسیلەی مڕاجەعە",
        "text_original": "وەڵاهی مستەر نەک سیلسیلەی مڕاجەعە",
        "start": 151829.0,
        "end": 154147.0,
        "audio": "content/segments/105/51.ogg"
    },
    {
        "ID": "52",
        "gender": "M",
        "age": "A",
        "character_name": "عەبدوڵا",
        "text": "سیلسیلەی ئاسن و پۆلاش ئەشکێنێ ئەمە",
        "text_original": "سیلسیلەی ئاسن و پۆلاش ئەشکێنێ ئەمە",
        "start": 154306.0,
        "end": 156309.0,
        "audio": "content/segments/105/52.ogg"
    },
    {
        "ID": "53",
        "gender": "M",
        "age": "A",
        "character_name": "عومەر",
        "text": "دەسم خۆش بێ، من تۆ بە مەرجەعی خۆم نازانم حاڵی بووی",
        "text_original": "دەسم خۆش بێ، من تۆ بە مەرجەعی خۆم نازانم حاڵی بووی",
        "start": 156385.0,
        "end": 159765.0,
        "audio": "content/segments/105/53.ogg"
    },
    {
        "ID": "54",
        "gender": "NA",
        "age": "NA",
        "character_name": "NA",
        "text": "بەڵێ",
        "text_original": "بەڵێ",
        "start": 160222.0,
        "end": 161812.0,
        "audio": "content/segments/105/54.ogg"
    },
    {
        "ID": "55",
        "gender": "M",
        "age": "A",
        "character_name": "موراقیب",
        "text": "دە وەڵا وەبیلای زەرەر ئەکەی بەسەری ئەو سەباحە",
        "text_original": "دە وەڵا وەبیلای زەرەر ئەکەی بەسەری ئەو سەباحە",
        "start": 161877.0,
        "end": 164550.0,
        "audio": "content/segments/105/55.ogg"
    },
    {
        "ID": "56",
        "gender": "M",
        "age": "A",
        "character_name": "مستەر",
        "text": "ئا، ئنجا هەتا ئاغا زەرەرەکەی ئەکا و سەری تیا ئەچێ",
        "text_original": "ئا، ئنجا هەتا ئاغا زەرەرەکەی ئەکا و سەری تیا ئەچێ",
        "start": 164693.0,
        "end": 169232.0,
        "audio": "content/segments/105/56.ogg"
    },
    {
        "ID": "57",
        "gender": "M",
        "age": "A",
        "character_name": "مستەر",
        "text": "فەرموو جەنابو بۆمان بجێرەوە بزانین ئەم حادیسەیە چی بوو",
        "text_original": "فەرموو جەنابو بۆمان بجێرەوە بزانین ئەم حادیسەیە چی بوو",
        "start": 169476.0,
        "end": 173126.0,
        "audio": "content/segments/105/57.ogg"
    },
    {
        "ID": "58",
        "gender": "M",
        "age": "A",
        "character_name": "موراقیب",
        "text": "کورە شتێکی بەسیتە مستەر، ئەزانی چیە",
        "text_original": "کورە شتێکی بەسیتە مستەر، ئەزانی چیە",
        "start": 173176.0,
        "end": 175292.0,
        "audio": "content/segments/105/58.ogg"
    },
    {
        "ID": "59",
        "gender": "M",
        "age": "A",
        "character_name": "موراقیب",
        "text": "مناڵێکی خوێڕی هەیە فێربوە جارجارە ێت",
        "text_original": "مناڵێکی خوێڕی هەیە فێربوە جارجارە ێت",
        "start": 175510.0,
        "end": 177764.0,
        "audio": "content/segments/105/59.ogg"
    },
    {
        "ID": "60",
        "gender": "M",
        "age": "A",
        "character_name": "موراقیب",
        "text": "لەو سەر سوچەوە بەردمان تێ ئەگرێ هەرئەمەنە",
        "text_original": "لەو سەر سوچەوە بەردمان تێ ئەگرێ هەرئەمەنە",
        "start": 177764.0,
        "end": 179611.0,
        "audio": "content/segments/105/60.ogg"
    },
    {
        "ID": "61",
        "gender": "M",
        "age": "A",
        "character_name": "ئەحمەد",
        "text": "ئەک قوڕی دنیا بەسەرم ئەوە مناڵە وەڵاهی مستەر مناڵ نیە",
        "text_original": "ئەک قوڕی دنیا بەسەرم ئەوە مناڵە وەڵاهی مستەر مناڵ نیە",
        "start": 179611.0,
        "end": 183253.0,
        "audio": "content/segments/105/61.ogg"
    },
    {
        "ID": "62",
        "gender": "M",
        "age": "A",
        "character_name": "ئەحمەد",
        "text": "ئا، ئافەرم ئەوەی تۆ ئەرێوەڵا",
        "text_original": "ئا، ئافەرم ئەوەی تۆ ئەرێوەڵا",
        "start": 183873.0,
        "end": 186060.0,
        "audio": "content/segments/105/62.ogg"
    },
    {
        "ID": "63",
        "gender": "M",
        "age": "A",
        "character_name": "موراقیب",
        "text": "میستەر جیان، ڕاسەکا قەڵافەتی زۆر گەورەیە، حەجمی زۆر گەورەیە",
        "text_original": "میستەر جیان، ڕاسەکا قەڵافەتی زۆر گەورەیە، حەجمی زۆر گەورەیە",
        "start": 187344.0,
        "end": 191857.0,
        "audio": "content/segments/105/63.ogg"
    },
    {
        "ID": "64",
        "gender": "M",
        "age": "A",
        "character_name": "موراقیب",
        "text": "بەڵام عەقڵی بچوکە و جاهیلە چی لێ ئەکەی",
        "text_original": "بەڵام عەقڵی بچوکە و جاهیلە چی لێ ئەکەی",
        "start": 191857.0,
        "end": 194341.0,
        "audio": "content/segments/105/64.ogg"
    },
    {
        "ID": "65",
        "gender": "M",
        "age": "A",
        "character_name": "حیکمەت",
        "text": "ئەم خوێڕیە هەر کە دەستی لێ بەرز ئەکەیتەوە، عەینەن مناڵ ڕائەکات",
        "text_original": "ئەم خوێڕیە هەر کە دەستی لێ بەرز ئەکەیتەوە، عەینەن مناڵ ڕائەکات",
        "start": 194692.0,
        "end": 199166.0,
        "audio": "content/segments/105/65.ogg"
    },
    {
        "ID": "66",
        "gender": "M",
        "age": "A",
        "character_name": "سەباح",
        "text": "ئێ کەواتە ئیحتیمالەکەی مراقیب تەواوە",
        "text_original": "ئێ کەواتە ئیحتیمالەکەی مراقیب تەواوە",
        "start": 199243.0,
        "end": 201815.0,
        "audio": "content/segments/105/66.ogg"
    },
    {
        "ID": "67",
        "gender": "M",
        "age": "A",
        "character_name": "سەباح",
        "text": "خۆی گەورەیە و عەقڵی مناڵە",
        "text_original": "خۆی گەورەیە و عەقڵی مناڵە",
        "start": 201991.0,
        "end": 204194.0,
        "audio": "content/segments/105/67.ogg"
    },
    {
        "ID": "68",
        "gender": "M",
        "age": "A",
        "character_name": "عەبدوڵا",
        "text": "بەس یەک ئیحتمالیکەش هەیە کوڕینە",
        "text_original": "بەس یەک ئیحتمالیکەش هەیە کوڕینە",
        "start": 204468.0,
        "end": 206386.0,
        "audio": "content/segments/105/68.ogg"
    },
    {
        "ID": "69",
        "gender": "M",
        "age": "A",
        "character_name": "عەبدوڵا",
        "text": "میستەر ئیحتیمالە خۆی مناڵ بێ و جاهیل بێ",
        "text_original": "میستەر ئیحتیمالە خۆی مناڵ بێ و جاهیل بێ",
        "start": 206835.0,
        "end": 210265.0,
        "audio": "content/segments/105/69.ogg"
    },
    {
        "ID": "70",
        "gender": "M",
        "age": "A",
        "character_name": "عەبدوڵا",
        "text": "بەڵام دەستێچی گەورەی لە پشتەوە بێ",
        "text_original": "بەڵام دەستێچی گەورەی لە پشتەوە بێ",
        "start": 210467.0,
        "end": 212442.0,
        "audio": "content/segments/105/70.ogg"
    },
    {
        "ID": "71",
        "gender": "M",
        "age": "A",
        "character_name": "مستەر",
        "text": "ئا، ئیحتیمالێکی تریش هەیە",
        "text_original": "ئا، ئیحتیمالێکی تریش هەیە",
        "start": 212747.0,
        "end": 215022.0,
        "audio": "content/segments/105/71.ogg"
    },
    {
        "ID": "72",
        "gender": "M",
        "age": "A",
        "character_name": "مستەر",
        "text": "لەوانەیە خۆی پیاوێچی چوار شانە و کەڵەگەت و بەخۆە بێ",
        "text_original": "لەوانەیە خۆی پیاوێچی چوار شانە و کەڵەگەت و بەخۆە بێ",
        "start": 215730.0,
        "end": 220784.0,
        "audio": "content/segments/105/72.ogg"
    },
    {
        "ID": "73",
        "gender": "M",
        "age": "A",
        "character_name": "مستەر",
        "text": "بەڵام بەقسەی مناڵێک بکات و ئەو مناڵە هەڵی سوڕێنێ",
        "text_original": "بەڵام بەقسەی مناڵێک بکات و ئەو مناڵە هەڵی سوڕێنێ",
        "start": 221184.0,
        "end": 226762.0,
        "audio": "content/segments/105/73.ogg"
    },
    {
        "ID": "74",
        "gender": "M",
        "age": "A",
        "character_name": "زاهیر",
        "text": "ئەوجا میستەر شتیوا کو دەبیتن ها",
        "text_original": "ئەوجا میستەر شتیوا کو دەبیتن ها",
        "start": 226768.0,
        "end": 229532.0,
        "audio": "content/segments/105/74.ogg"
    },
    {
        "ID": "75",
        "gender": "M",
        "age": "A",
        "character_name": "زاهیر",
        "text": "کو دەبی زەلامەچی گەورە و گران، بەدەست مندارەچیەوە بیتن",
        "text_original": "کو دەبی زەلامەچی گەورە و گران، بەدەست مندارەچیەوە بیتن",
        "start": 229532.0,
        "end": 233879.0,
        "audio": "content/segments/105/75.ogg"
    },
    {
        "ID": "76",
        "gender": "M",
        "age": "A",
        "character_name": "مستەر",
        "text": "ئەبێت ئەبێت زاهیر جیان، زۆر زۆر شتیوا بوە ئەبێت",
        "text_original": "ئەبێت ئەبێت زاهیر جیان، زۆر زۆر شتیوا بوە ئەبێت",
        "start": 233947.0,
        "end": 238447.0,
        "audio": "content/segments/105/76.ogg"
    },
    {
        "ID": "77",
        "gender": "M",
        "age": "A",
        "character_name": "ڕێبوار",
        "text": "بەتایبەتی عیلمی بەرد هاویشتن میستەر",
        "text_original": "بەتایبەتی عیلمی بەرد هاویشتن میستەر",
        "start": 238464.0,
        "end": 240920.0,
        "audio": "content/segments/105/77.ogg"
    },
    {
        "ID": "78",
        "gender": "M",
        "age": "A",
        "character_name": "مستەر",
        "text": "تۆ چووزانی ڕێبوار",
        "text_original": "تۆ چووزانی ڕێبوار",
        "start": 241027.0,
        "end": 242572.0,
        "audio": "content/segments/105/78.ogg"
    },
    {
        "ID": "79",
        "gender": "M",
        "age": "A",
        "character_name": "ڕێبوار",
        "text": "چۆن نازانم بەعەمەلی بەسەر خۆما هاتوە",
        "text_original": "چۆن نازانم بەعەمەلی بەسەر خۆما هاتوە",
        "start": 242611.0,
        "end": 244967.0,
        "audio": "content/segments/105/79.ogg"
    },
    {
        "ID": "80",
        "gender": "M",
        "age": "A",
        "character_name": "موراقیب",
        "text": "یاعنی چۆن کاک ڕێبوار ئیستیغلالیان کردووی",
        "text_original": "یاعنی چۆن کاک ڕێبوار ئیستیغلالیان کردووی",
        "start": 245036.0,
        "end": 247999.0,
        "audio": "content/segments/105/80.ogg"
    },
    {
        "ID": "81",
        "gender": "M",
        "age": "A",
        "character_name": "موراقیب",
        "text": "یا تۆ خەڵکھ یٔیستیغلال کردوە، کامیان",
        "text_original": "یا تۆ خەڵکھ یٔیستیغلال کردوە، کامیان",
        "start": 248070.0,
        "end": 250247.0,
        "audio": "content/segments/105/81.ogg"
    },
    {
        "ID": "82",
        "gender": "M",
        "age": "A",
        "character_name": "ڕێبوار",
        "text": "بەخوا ئیتر",
        "text_original": "بەخوا ئیتر",
        "start": 250296.0,
        "end": 251211.0,
        "audio": "content/segments/105/82.ogg"
    },
    {
        "ID": "83",
        "gender": "M",
        "age": "A",
        "character_name": "مستەر",
        "text": "ئیتر و میتری چی",
        "text_original": "ئیتر و میتری چی",
        "start": 251263.0,
        "end": 252648.0,
        "audio": "content/segments/105/83.ogg"
    },
    {
        "ID": "84",
        "gender": "M",
        "age": "A",
        "character_name": "مستەر",
        "text": "ئەگەر ئیستیخلالیان کردووی، یاڕەبی چوێرایان دایێ و موزمەعیل بن",
        "text_original": "ئەگەر ئیستیخلالیان کردووی، یاڕەبی چوێرایان دایێ و موزمەعیل بن",
        "start": 253459.0,
        "end": 259286.0,
        "audio": "content/segments/105/84.ogg"
    },
    {
        "ID": "85",
        "gender": "M",
        "age": "A",
        "character_name": "مستەر",
        "text": "بەڵام ئەگەر خەڵکھ ئیستیغلال کردوە",
        "text_original": "بەڵام ئەگەر خەڵکھ ئیستیغلال کردوە",
        "start": 259570.0,
        "end": 262269.0,
        "audio": "content/segments/105/85.ogg"
    },
    {
        "ID": "86",
        "gender": "M",
        "age": "A",
        "character_name": "مستەر",
        "text": "یاڕەبی خۆو چوێرایت دایە و موزمەعیل بی",
        "text_original": "یاڕەبی خۆو چوێرایت دایە و موزمەعیل بی",
        "start": 262321.0,
        "end": 265564.0,
        "audio": "content/segments/105/86.ogg"
    },
    {
        "ID": "88",
        "gender": "M",
        "age": "A",
        "character_name": "حیکمەت",
        "text": "دە وەرە بڕۆ دانیشە",
        "text_original": "دە وەرە بڕۆ دانیشە",
        "start": 279158.0,
        "end": 280399.0,
        "audio": "content/segments/105/88.ogg"
    },
    {
        "ID": "89",
        "gender": "M",
        "age": "A",
        "character_name": "مستەر",
        "text": "ئەرێ ئەوە چیە چیە بۆ هەموو دەس بەرز ئەکەنەوە، بۆ وا ئەکەن",
        "text_original": "ئەرێ ئەوە چیە چیە بۆ هەموو دەس بەرز ئەکەنەوە، بۆ وا ئەکەن",
        "start": 282653.0,
        "end": 285069.0,
        "audio": "content/segments/105/89.ogg"
    },
    {
        "ID": "90",
        "gender": "M",
        "age": "A",
        "character_name": "موراقیب",
        "text": "ئەم مردوو مراوە فێری ئا ئەمە بوە، ئەم هێدفۆنە",
        "text_original": "ئەم مردوو مراوە فێری ئا ئەمە بوە، ئەم هێدفۆنە",
        "start": 285186.0,
        "end": 287982.0,
        "audio": "content/segments/105/90.ogg"
    },
    {
        "ID": "91",
        "gender": "M",
        "age": "A",
        "character_name": "موراقیب",
        "text": "بەبێ ئەمە ئیدارە ناکاو ئاوا ێتە پۆ",
        "text_original": "بەبێ ئەمە ئیدارە ناکاو ئاوا ێتە پۆ",
        "start": 288029.0,
        "end": 290177.0,
        "audio": "content/segments/105/91.ogg"
    },
    {
        "ID": "92",
        "gender": "M",
        "age": "A",
        "character_name": "جەمیل",
        "text": "کورە، بەقوربانھ بم بەخوا یەک دەقە ئیخبارم لێ ببڕێ",
        "text_original": "کورە، بەقوربانھ بم بەخوا یەک دەقە ئیخبارم لێ ببڕێ",
        "start": 290293.0,
        "end": 294165.0,
        "audio": "content/segments/105/92.ogg"
    },
    {
        "ID": "93",
        "gender": "M",
        "age": "A",
        "character_name": "جەمیل",
        "text": "سوێم ئەبێتەوە وەختە شێتبم",
        "text_original": "سوێم ئەبێتەوە وەختە شێتبم",
        "start": 294165.0,
        "end": 296256.0,
        "audio": "content/segments/105/93.ogg"
    },
    {
        "ID": "94",
        "gender": "M",
        "age": "A",
        "character_name": "ئەحمەد",
        "text": "دایکەنە دایکەنە، جەمیل عەیبە دایکەنە",
        "text_original": "دایکەنە دایکەنە، جەمیل عەیبە دایکەنە",
        "start": 296407.0,
        "end": 298367.0,
        "audio": "content/segments/105/94.ogg"
    },
    {
        "ID": "95",
        "gender": "M",
        "age": "A",
        "character_name": "مستەر",
        "text": "قەیناکە، قەیناکە با دای نەکەنێ",
        "text_original": "قەیناکە، قەیناکە با دای نەکەنێ",
        "start": 298380.0,
        "end": 300554.0,
        "audio": "content/segments/105/95.ogg"
    },
    {
        "ID": "96",
        "gender": "M",
        "age": "A",
        "character_name": "مستەر",
        "text": "ئەوە ئیدمانی کردوە، جەمیل داینەکەنی",
        "text_original": "ئەوە ئیدمانی کردوە، جەمیل داینەکەنی",
        "start": 301306.0,
        "end": 304365.0,
        "audio": "content/segments/105/96.ogg"
    },
    {
        "ID": "97",
        "gender": "M",
        "age": "A",
        "character_name": "مستەر",
        "text": "ئەزانی چی، مادام ئیدمانی لەسەر کردوە قەیناکە منیش مانعاتم نیە",
        "text_original": "ئەزانی چی، مادام ئیدمانی لەسەر کردوە قەیناکە منیش مانعاتم نیە",
        "start": 304996.0,
        "end": 309239.0,
        "audio": "content/segments/105/97.ogg"
    },
    {
        "ID": "98",
        "gender": "NA",
        "age": "NA",
        "character_name": "NA",
        "text": "ئای لەو میستەرە",
        "text_original": "ئای لەو میستەرە",
        "start": 309239.0,
        "end": 311263.0,
        "audio": "content/segments/105/98.ogg"
    },
    {
        "ID": "99",
        "gender": "M",
        "age": "A",
        "character_name": "حیکمەت",
        "text": "جەماعەت، تەشجیعی ئیدمان ئەکا ئەوە",
        "text_original": "جەماعەت، تەشجیعی ئیدمان ئەکا ئەوە",
        "start": 311393.0,
        "end": 313789.0,
        "audio": "content/segments/105/99.ogg"
    },
    {
        "ID": "100",
        "gender": "M",
        "age": "A",
        "character_name": "موراقیب",
        "text": "ئەی دەسی خۆش بێ ئیدمان شتێکی باشە",
        "text_original": "ئەی دەسی خۆش بێ ئیدمان شتێکی باشە",
        "start": 313836.0,
        "end": 316269.0,
        "audio": "content/segments/105/100.ogg"
    },
    {
        "ID": "101",
        "gender": "M",
        "age": "A",
        "character_name": "موراقیب",
        "text": "ئەسڵەن هەر پۆلێ ئیدمانی تیا نەبێ، ماعنای وایە ئەو پۆلە سەرکوت کراوە",
        "text_original": "ئەسڵەن هەر پۆلێ ئیدمانی تیا نەبێ، ماعنای وایە ئەو پۆلە سەرکوت کراوە",
        "start": 316403.0,
        "end": 320180.0,
        "audio": "content/segments/105/101.ogg"
    },
    {
        "ID": "102",
        "gender": "M",
        "age": "A",
        "character_name": "سەباح",
        "text": "بۆ ئیدمان زۆر باشە",
        "text_original": "بۆ ئیدمان زۆر باشە",
        "start": 320476.0,
        "end": 322371.0,
        "audio": "content/segments/105/102.ogg"
    },
    {
        "ID": "103",
        "gender": "M",
        "age": "A",
        "character_name": "عەبدوڵا",
        "text": "ئەرێوەڵا سەباح ئیدمان ئەمەنە باشە، ئەمەنە باشە، تا خوا ئەڵێ بەس",
        "text_original": "ئەرێوەڵا سەباح ئیدمان ئەمەنە باشە، ئەمەنە باشە، تا خوا ئەڵێ بەس",
        "start": 322500.0,
        "end": 327344.0,
        "audio": "content/segments/105/103.ogg"
    },
    {
        "ID": "104",
        "gender": "M",
        "age": "A",
        "character_name": "ڕێبوار",
        "text": "ئەی کە ئەوەمە باشە، بۆ یەکێ تێمناگەیەنێ ئیدمان یاعنی چی کاکە عەبە",
        "text_original": "ئەی کە ئەوەمە باشە، بۆ یەکێ تێمناگەیەنێ ئیدمان یاعنی چی کاکە عەبە",
        "start": 327516.0,
        "end": 331531.0,
        "audio": "content/segments/105/104.ogg"
    },
    {
        "ID": "105",
        "gender": "M",
        "age": "A",
        "character_name": "موراقیب",
        "text": "یاعنی خوو، هەرشتێ زۆر خوی پێوە بگری، ئەو شتە پێی ئەڵێن ئیدمان",
        "text_original": "یاعنی خوو، هەرشتێ زۆر خوی پێوە بگری، ئەو شتە پێی ئەڵێن ئیدمان",
        "start": 331584.0,
        "end": 335917.0,
        "audio": "content/segments/105/105.ogg"
    },
    {
        "ID": "106",
        "gender": "M",
        "age": "A",
        "character_name": "ئەحمەد",
        "text": "ئا وەکو جەمیل، ئێسا جەمیل ئیدمانی لەسەر ئیخبار کردوە",
        "text_original": "ئا وەکو جەمیل، ئێسا جەمیل ئیدمانی لەسەر ئیخبار کردوە",
        "start": 336004.0,
        "end": 339404.0,
        "audio": "content/segments/105/106.ogg"
    },
    {
        "ID": "107",
        "gender": "M",
        "age": "A",
        "character_name": "عومەر",
        "text": "ئەحە گیانیش لەسەر درۆ",
        "text_original": "ئەحە گیانیش لەسەر درۆ",
        "start": 339503.0,
        "end": 341586.0,
        "audio": "content/segments/105/107.ogg"
    },
    {
        "ID": "108",
        "gender": "M",
        "age": "A",
        "character_name": "قوتابیەکان",
        "text": "(پێکەنین)",
        "text_original": "(پێکەنین)",
        "start": 341654.0,
        "end": 345536.0,
        "audio": "content/segments/105/108.ogg"
    },
    {
        "ID": "109",
        "gender": "M",
        "age": "A",
        "character_name": "سەباح",
        "text": "بەس بەخوا ئەوەی ئەحمەو زۆر خەتەرە",
        "text_original": "بەس بەخوا ئەوەی ئەحمەو زۆر خەتەرە",
        "start": 345604.0,
        "end": 347923.0,
        "audio": "content/segments/105/109.ogg"
    },
    {
        "ID": "110",
        "gender": "M",
        "age": "A",
        "character_name": "مستەر",
        "text": "نەخێر، هیچ ئیدمانێ خەتەر نیە",
        "text_original": "نەخێر، هیچ ئیدمانێ خەتەر نیە",
        "start": 348204.0,
        "end": 350510.0,
        "audio": "content/segments/105/110.ogg"
    },
    {
        "ID": "111",
        "gender": "M",
        "age": "A",
        "character_name": "مستەر",
        "text": "بەڵکو بەعەکسەوە زاهیرەیەکی زۆر زۆر تەبیعیە",
        "text_original": "بەڵکو بەعەکسەوە زاهیرەیەکی زۆر زۆر تەبیعیە",
        "start": 350656.0,
        "end": 353184.0,
        "audio": "content/segments/105/111.ogg"
    },
    {
        "ID": "112",
        "gender": "M",
        "age": "A",
        "character_name": "زاهیر",
        "text": "کو کو کو کو میستەر، ئیدمان خەتەر نیە",
        "text_original": "کو کو کو کو میستەر، ئیدمان خەتەر نیە",
        "start": 353277.0,
        "end": 357195.0,
        "audio": "content/segments/105/112.ogg"
    },
    {
        "ID": "113",
        "gender": "M",
        "age": "A",
        "character_name": "مستەر",
        "text": "نەخێر خەتەر نیە، ئەزانی بۆ",
        "text_original": "نەخێر خەتەر نیە، ئەزانی بۆ",
        "start": 357236.0,
        "end": 359841.0,
        "audio": "content/segments/105/113.ogg"
    },
    {
        "ID": "114",
        "gender": "M",
        "age": "A",
        "character_name": "مستەر",
        "text": "بەڵکو زاهیرەیەکی ئیشتیماعیە، وە تەبیعیە",
        "text_original": "بەڵکو زاهیرەیەکی ئیشتیماعیە، وە تەبیعیە",
        "start": 360044.0,
        "end": 362908.0,
        "audio": "content/segments/105/114.ogg"
    },
    {
        "ID": "115",
        "gender": "M",
        "age": "A",
        "character_name": "مستەر",
        "text": "ئ، ئەڵێن موشتەمەعەکە ئازادە و سەربەست بوو",
        "text_original": "ئ، ئەڵێن موشتەمەعەکە ئازادە و سەربەست بوو",
        "start": 363344.0,
        "end": 366111.0,
        "audio": "content/segments/105/115.ogg"
    },
    {
        "ID": "116",
        "gender": "M",
        "age": "A",
        "character_name": "مستەر",
        "text": "بە ئارەزووی خۆیان چی ئەکەن، ئەیکەن",
        "text_original": "بە ئارەزووی خۆیان چی ئەکەن، ئەیکەن",
        "start": 366114.0,
        "end": 367929.0,
        "audio": "content/segments/105/116.ogg"
    },
    {
        "ID": "117",
        "gender": "M",
        "age": "A",
        "character_name": "عومەر",
        "text": "میستەر گیان، مەوزوعەکە ئێجگار وا بەسیت نیە",
        "text_original": "میستەر گیان، مەوزوعەکە ئێجگار وا بەسیت نیە",
        "start": 368272.0,
        "end": 372270.0,
        "audio": "content/segments/105/117.ogg"
    },
    {
        "ID": "118",
        "gender": "M",
        "age": "A",
        "character_name": "عومەر",
        "text": "بەعزە ئیدمانێک هەیە، ئاااااای دزی بەدواوەیە",
        "text_original": "بەعزە ئیدمانێک هەیە، ئاااااای دزی بەدواوەیە",
        "start": 372809.0,
        "end": 378027.0,
        "audio": "content/segments/105/118.ogg"
    },
    {
        "ID": "119",
        "gender": "M",
        "age": "A",
        "character_name": "ئەحمەد",
        "text": "ئەھ قوڕی دنیا بەسەرم، یەعنی دزیشمان بۆ ێنن",
        "text_original": "ئەھ قوڕی دنیا بەسەرم، یەعنی دزیشمان بۆ ێنن",
        "start": 378345.0,
        "end": 381227.0,
        "audio": "content/segments/105/119.ogg"
    },
    {
        "ID": "120",
        "gender": "M",
        "age": "A",
        "character_name": "مستەر",
        "text": "دزی ناڵێ ئەحە، تۆ بۆ ئەوەنە بێ عەقڵی مێشکھ هیچ وەرناگرێ",
        "text_original": "دزی ناڵێ ئەحە، تۆ بۆ ئەوەنە بێ عەقڵی مێشکھ هیچ وەرناگرێ",
        "start": 381397.0,
        "end": 385517.0,
        "audio": "content/segments/105/120.ogg"
    },
    {
        "ID": "121",
        "gender": "M",
        "age": "A",
        "character_name": "مستەر",
        "text": "باسی نەخۆشی ئایدز ئەکات، ئەلمەناعە موکتەسەبە",
        "text_original": "باسی نەخۆشی ئایدز ئەکات، ئەلمەناعە موکتەسەبە",
        "start": 385748.0,
        "end": 389500.0,
        "audio": "content/segments/105/121.ogg"
    },
    {
        "ID": "122",
        "gender": "M",
        "age": "A",
        "character_name": "موراقیب",
        "text": "ڕاسئەکا مردوو مرێ، مەوزوعەکە شتێچی کەیە",
        "text_original": "ڕاسئەکا مردوو مرێ، مەوزوعەکە شتێچی کەیە",
        "start": 389775.0,
        "end": 392209.0,
        "audio": "content/segments/105/122.ogg"
    },
    {
        "ID": "123",
        "gender": "M",
        "age": "A",
        "character_name": "موراقیب",
        "text": "ئەجینا خۆ خۆمان لەدز پەکمان نەکەوتوە ماشەڵا",
        "text_original": "ئەجینا خۆ خۆمان لەدز پەکمان نەکەوتوە ماشەڵا",
        "start": 392260.0,
        "end": 395758.0,
        "audio": "content/segments/105/123.ogg"
    },
    {
        "ID": "124",
        "gender": "M",
        "age": "A",
        "character_name": "مستەر",
        "text": "وایە وایە لەگەڵتام",
        "text_original": "وایە وایە لەگەڵتام",
        "start": 395758.0,
        "end": 397250.0,
        "audio": "content/segments/105/124.ogg"
    },
    {
        "ID": "125",
        "gender": "M",
        "age": "A",
        "character_name": "مستەر",
        "text": "ماشەڵا ئێوە دزتان زۆر زۆرە، بەڵام دزەکانتان ئەزانی چی",
        "text_original": "ماشەڵا ئێوە دزتان زۆر زۆرە، بەڵام دزەکانتان ئەزانی چی",
        "start": 398208.0,
        "end": 402739.0,
        "audio": "content/segments/105/125.ogg"
    },
    {
        "ID": "126",
        "gender": "M",
        "age": "A",
        "character_name": "مستەر",
        "text": "تەقلیدین و هی دنیای ئەمرۆن",
        "text_original": "تەقلیدین و هی دنیای ئەمرۆن",
        "start": 402967.0,
        "end": 405381.0,
        "audio": "content/segments/105/126.ogg"
    },
    {
        "ID": "127",
        "gender": "M",
        "age": "A",
        "character_name": "حیکمەت",
        "text": "بەڵێ، دنیای دزی موعاسیر",
        "text_original": "بەڵێ، دنیای دزی موعاسیر",
        "start": 405583.0,
        "end": 407340.0,
        "audio": "content/segments/105/127.ogg"
    },
    {
        "ID": "128",
        "gender": "M",
        "age": "A",
        "character_name": "مستەر",
        "text": "دزی موعاسیر و حاکمی موعاسیر و قانونی هاوچەرخ",
        "text_original": "دزی موعاسیر و حاکمی موعاسیر و قانونی هاوچەرخ",
        "start": 407802.0,
        "end": 411679.0,
        "audio": "content/segments/105/128.ogg"
    },
    {
        "ID": "129",
        "gender": "M",
        "age": "A",
        "character_name": "مستەر",
        "text": "هەموویان بۆ ئەو مەیسەرەبن، کە لەگەڵ دەرەوە و ئەوانە",
        "text_original": "هەموویان بۆ ئەو مەیسەرەبن، کە لەگەڵ دەرەوە و ئەوانە",
        "start": 411890.0,
        "end": 416575.0,
        "audio": "content/segments/105/129.ogg"
    },
    {
        "ID": "130",
        "gender": "M",
        "age": "A",
        "character_name": "مستەر",
        "text": "پەیوەندیەکانتان بەقوەتکەن ئەی چۆن",
        "text_original": "پەیوەندیەکانتان بەقوەتکەن ئەی چۆن",
        "start": 416575.0,
        "end": 419136.0,
        "audio": "content/segments/105/130.ogg"
    },
    {
        "ID": "131",
        "gender": "M",
        "age": "A",
        "character_name": "موراقیب",
        "text": "ئااا، لە مەخسەی جەنابی تێگەیشتم",
        "text_original": "ئااا، لە مەخسەی جەنابی تێگەیشتم",
        "start": 419164.0,
        "end": 421923.0,
        "audio": "content/segments/105/131.ogg"
    },
    {
        "ID": "132",
        "gender": "M",
        "age": "A",
        "character_name": "موراقیب",
        "text": "یاعنی بەقسەی تۆ بێ حدودە جوگرافی و ئەخڵاقیەکان و عەشایەرەکان",
        "text_original": "یاعنی بەقسەی تۆ بێ حدودە جوگرافی و ئەخڵاقیەکان و عەشایەرەکان",
        "start": 421989.0,
        "end": 427102.0,
        "audio": "content/segments/105/132.ogg"
    },
    {
        "ID": "133",
        "gender": "M",
        "age": "A",
        "character_name": "موراقیب",
        "text": "ئیهمال کەین و جوێی نەیەینێ",
        "text_original": "ئیهمال کەین و جوێی نەیەینێ",
        "start": 427102.0,
        "end": 428513.0,
        "audio": "content/segments/105/133.ogg"
    },
    {
        "ID": "134",
        "gender": "M",
        "age": "A",
        "character_name": "سەباح",
        "text": "بەڵێ مەبەستی یٔەوەیە",
        "text_original": "بەڵێ مەبەستی یٔەوەیە",
        "start": 428612.0,
        "end": 429697.0,
        "audio": "content/segments/105/134.ogg"
    },
    {
        "ID": "135",
        "gender": "M",
        "age": "A",
        "character_name": "زاهیر",
        "text": "وەڵاهی هیچ مەخسەدی ئەوە نیە",
        "text_original": "وەڵاهی هیچ مەخسەدی ئەوە نیە",
        "start": 429739.0,
        "end": 431771.0,
        "audio": "content/segments/105/135.ogg"
    },
    {
        "ID": "136",
        "gender": "M",
        "age": "A",
        "character_name": "جەمیل",
        "text": "با با وای ئەوێ، بەس خۆی نایەوێ بەسەراحەت بیڵێ",
        "text_original": "با با وای ئەوێ، بەس خۆی نایەوێ بەسەراحەت بیڵێ",
        "start": 431829.0,
        "end": 435146.0,
        "audio": "content/segments/105/136.ogg"
    },
    {
        "ID": "137",
        "gender": "M",
        "age": "A",
        "character_name": "عومەر",
        "text": "نەخێر، مەبەستی شتێکی ترە",
        "text_original": "نەخێر، مەبەستی شتێکی ترە",
        "start": 435167.0,
        "end": 437249.0,
        "audio": "content/segments/105/137.ogg"
    },
    {
        "ID": "138",
        "gender": "M",
        "age": "A",
        "character_name": "قوتابیەکان",
        "text": "(ژاوەژاو)",
        "text_original": "(ژاوەژاو)",
        "start": 437253.0,
        "end": 440316.0,
        "audio": "content/segments/105/138.ogg"
    },
    {
        "ID": "139",
        "gender": "NA",
        "age": "NA",
        "character_name": "NA",
        "text": "کورە دەبڕۆ",
        "text_original": "کورە دەبڕۆ",
        "start": 440416.0,
        "end": 442866.0,
        "audio": "content/segments/105/139.ogg"
    },
    {
        "ID": "140",
        "gender": "M",
        "age": "A",
        "character_name": "قوتابیەکان",
        "text": "(ژاوەژاو)",
        "text_original": "(ژاوەژاو)",
        "start": 442917.0,
        "end": 446147.0,
        "audio": "content/segments/105/140.ogg"
    },
    {
        "ID": "141",
        "gender": "M",
        "age": "A",
        "character_name": "مستەر",
        "text": "هۆۆۆش، هۆش، هۆش، هێواش، هێواش عەیبە ئەوە بۆوا ئەکەن",
        "text_original": "هۆۆۆش، هۆش، هۆش، هێواش، هێواش عەیبە ئەوە بۆوا ئەکەن",
        "start": 446167.0,
        "end": 450852.0,
        "audio": "content/segments/105/141.ogg"
    },
    {
        "ID": "142",
        "gender": "M",
        "age": "A",
        "character_name": "موراقیب",
        "text": "ئەرێ مستەر کاکە عەیبە ئەو هۆش هۆشەت لەچیە تۆ",
        "text_original": "ئەرێ مستەر کاکە عەیبە ئەو هۆش هۆشەت لەچیە تۆ",
        "start": 450876.0,
        "end": 453313.0,
        "audio": "content/segments/105/142.ogg"
    },
    {
        "ID": "143",
        "gender": "M",
        "age": "A",
        "character_name": "مستەر",
        "text": "ئەی ئەمە مناقەشەیە",
        "text_original": "ئەی ئەمە مناقەشەیە",
        "start": 453860.0,
        "end": 454991.0,
        "audio": "content/segments/105/143.ogg"
    },
    {
        "ID": "144",
        "gender": "M",
        "age": "A",
        "character_name": "موراقیب",
        "text": "کاکە ئەمە هەر خۆمان ئسلوبی مناقەشەمان ئاواییە",
        "text_original": "کاکە ئەمە هەر خۆمان ئسلوبی مناقەشەمان ئاواییە",
        "start": 455042.0,
        "end": 458309.0,
        "audio": "content/segments/105/144.ogg"
    },
    {
        "ID": "145",
        "gender": "M",
        "age": "A",
        "character_name": "مستەر",
        "text": "بابە ئەمە مناقەشە نیە ئێوە ئەیکەن",
        "text_original": "بابە ئەمە مناقەشە نیە ئێوە ئەیکەن",
        "start": 458357.0,
        "end": 460395.0,
        "audio": "content/segments/105/145.ogg"
    },
    {
        "ID": "146",
        "gender": "M",
        "age": "A",
        "character_name": "ئەحمەد",
        "text": "ئەی خاڵۆ ئێمە عەشایەرین ئەی چۆن",
        "text_original": "ئەی خاڵۆ ئێمە عەشایەرین ئەی چۆن",
        "start": 460480.0,
        "end": 462710.0,
        "audio": "content/segments/105/146.ogg"
    },
    {
        "ID": "147",
        "gender": "M",
        "age": "A",
        "character_name": "مستەر",
        "text": "ئەی عەمرھ نەمێنێ، خاڵۆ ئێمە عەشایەرین، دانیشە خۆشی بائەیا",
        "text_original": "ئەی عەمرھ نەمێنێ، خاڵۆ ئێمە عەشایەرین، دانیشە خۆشی بائەیا",
        "start": 462738.0,
        "end": 467259.0,
        "audio": "content/segments/105/147.ogg"
    },
    {
        "ID": "148",
        "gender": "M",
        "age": "A",
        "character_name": "مستەر",
        "text": "جارێچیکە ئەو تەسەروفاتەی لێ ببینم نیە بەم دارە پشتت ئەشکێنم",
        "text_original": "جارێچیکە ئەو تەسەروفاتەی لێ ببینم نیە بەم دارە پشتت ئەشکێنم",
        "start": 467549.0,
        "end": 471976.0,
        "audio": "content/segments/105/148.ogg"
    },
    {
        "ID": "149",
        "gender": "M",
        "age": "A",
        "character_name": "موراقیب",
        "text": "مستەر، لەسەر ئەو مەوقیفە تونوتیژیەی",
        "text_original": "مستەر، لەسەر ئەو مەوقیفە تونوتیژیەی",
        "start": 472686.0,
        "end": 475443.0,
        "audio": "content/segments/105/149.ogg"
    },
    {
        "ID": "150",
        "gender": "M",
        "age": "A",
        "character_name": "موراقیب",
        "text": "بەرامبەر هاوکاری خۆشەویستمان کاک ئەحمە نوانه، نوانده",
        "text_original": "بەرامبەر هاوکاری خۆشەویستمان کاک ئەحمە نوانه، نوانده",
        "start": 475472.0,
        "end": 478917.0,
        "audio": "content/segments/105/150.ogg"
    },
    {
        "ID": "151",
        "gender": "M",
        "age": "A",
        "character_name": "مستەر",
        "text": "ئێ",
        "text_original": "ئێ",
        "start": 478973.0,
        "end": 479273.0,
        "audio": "content/segments/105/151.ogg"
    },
    {
        "ID": "152",
        "gender": "M",
        "age": "A",
        "character_name": "موراقیب",
        "text": "نیگەرانین و چی ئەکەین",
        "text_original": "نیگەرانین و چی ئەکەین",
        "start": 479273.0,
        "end": 480534.0,
        "audio": "content/segments/105/152.ogg"
    },
    {
        "ID": "153",
        "gender": "M",
        "age": "A",
        "character_name": "قوتابیەکان",
        "text": "(مانەگرین)",
        "text_original": "(مانەگرین)",
        "start": 480534.0,
        "end": 481371.0,
        "audio": "content/segments/105/153.ogg"
    },
    {
        "ID": "154",
        "gender": "M",
        "age": "A",
        "character_name": "موراقیب",
        "text": "ناڕەزای دەرەبڕین",
        "text_original": "ناڕەزای دەرەبڕین",
        "start": 481524.0,
        "end": 482741.0,
        "audio": "content/segments/105/154.ogg"
    },
    {
        "ID": "155",
        "gender": "M",
        "age": "A",
        "character_name": "مستەر",
        "text": "دەری ئەبڕن یا دەری نابڕن، لێی ئەیەن یا لێی نایەن، ئەڕۆن یا ناڕۆن",
        "text_original": "دەری ئەبڕن یا دەری نابڕن، لێی ئەیەن یا لێی نایەن، ئەڕۆن یا ناڕۆن",
        "start": 482839.0,
        "end": 487175.0,
        "audio": "content/segments/105/155.ogg"
    },
    {
        "ID": "156",
        "gender": "M",
        "age": "A",
        "character_name": "مستەر",
        "text": "چاوتان دەرئەهات و قیڕ بە قەرەز",
        "text_original": "چاوتان دەرئەهات و قیڕ بە قەرەز",
        "start": 487314.0,
        "end": 489787.0,
        "audio": "content/segments/105/156.ogg"
    },
    {
        "ID": "157",
        "gender": "M",
        "age": "A",
        "character_name": "عومەر",
        "text": "حەیف، حەیف میستەر گیان زۆر حەیف",
        "text_original": "حەیف، حەیف میستەر گیان زۆر حەیف",
        "start": 489839.0,
        "end": 492792.0,
        "audio": "content/segments/105/157.ogg"
    },
    {
        "ID": "158",
        "gender": "M",
        "age": "A",
        "character_name": "عومەر",
        "text": "نەمان زانی بەڕێزھ ئەونە زدی موناقەشەی",
        "text_original": "نەمان زانی بەڕێزھ ئەونە زدی موناقەشەی",
        "start": 493155.0,
        "end": 495847.0,
        "audio": "content/segments/105/158.ogg"
    },
    {
        "ID": "159",
        "gender": "M",
        "age": "A",
        "character_name": "مستەر",
        "text": "نا، عومەر من زدی موناقەشە نیم و موناقەشەشم خۆش ئەوێت",
        "text_original": "نا، عومەر من زدی موناقەشە نیم و موناقەشەشم خۆش ئەوێت",
        "start": 495943.0,
        "end": 500447.0,
        "audio": "content/segments/105/159.ogg"
    },
    {
        "ID": "160",
        "gender": "M",
        "age": "A",
        "character_name": "مستەر",
        "text": "هەر لەبەر ئەوەشە خزمەتکارێچی ئێوەم هەیە ناوم ناوە موناقەشە",
        "text_original": "هەر لەبەر ئەوەشە خزمەتکارێچی ئێوەم هەیە ناوم ناوە موناقەشە",
        "start": 500730.0,
        "end": 504923.0,
        "audio": "content/segments/105/160.ogg"
    },
    {
        "ID": "161",
        "gender": "M",
        "age": "A",
        "character_name": "مستەر",
        "text": "بەڵام ئەمەی ئێوە موناقەشە نیە، فەوزایە، فەوزا",
        "text_original": "بەڵام ئەمەی ئێوە موناقەشە نیە، فەوزایە، فەوزا",
        "start": 505320.0,
        "end": 509129.0,
        "audio": "content/segments/105/161.ogg"
    },
    {
        "ID": "162",
        "gender": "M",
        "age": "A",
        "character_name": "قوتابیەکان",
        "text": "فەوزایە، فەوزایە، ئەم سڵفەمان فەوزایە",
        "text_original": "فەوزایە، فەوزایە، ئەم سڵفەمان فەوزایە",
        "start": 509186.0,
        "end": 514053.0,
        "audio": "content/segments/105/162.ogg"
    },
    {
        "ID": "163",
        "gender": "M",
        "age": "A",
        "character_name": "قوتابیەکان",
        "text": "فەوزایە، فەوزایە، ئەم سڵفەمان فەوزایە",
        "text_original": "فەوزایە، فەوزایە، ئەم سڵفەمان فەوزایە",
        "start": 514053.0,
        "end": 518938.99999999994,
        "audio": "content/segments/105/163.ogg"
    },
    {
        "ID": "164",
        "gender": "M",
        "age": "A",
        "character_name": "موراقیب",
        "text": "نیوەمان جێژو هێژین، نیوەش زدی ئاغایە",
        "text_original": "نیوەمان جێژو هێژین، نیوەش زدی ئاغایە",
        "start": 519008.00000000006,
        "end": 523615.0,
        "audio": "content/segments/105/164.ogg"
    },
    {
        "ID": "165",
        "gender": "M",
        "age": "A",
        "character_name": "قوتابیەکان",
        "text": "فەوزایە، فەوزایە، ئەم سڵفەمان فەوزایە",
        "text_original": "فەوزایە، فەوزایە، ئەم سڵفەمان فەوزایە",
        "start": 523683.99999999994,
        "end": 528205.0,
        "audio": "content/segments/105/165.ogg"
    },
    {
        "ID": "166",
        "gender": "M",
        "age": "A",
        "character_name": "قوتابیەکان",
        "text": "(ژاوەژاو)",
        "text_original": "(ژاوەژاو)",
        "start": 528277.0,
        "end": 531350.0,
        "audio": "content/segments/105/166.ogg"
    },
    {
        "ID": "167",
        "gender": "M",
        "age": "A",
        "character_name": "مستەر",
        "text": "بەس، بەس، بەس، بەس، دانیشن، دانیشن",
        "text_original": "بەس، بەس، بەس، بەس، دانیشن، دانیشن",
        "start": 531350.0,
        "end": 533690.0,
        "audio": "content/segments/105/167.ogg"
    },
    {
        "ID": "168",
        "gender": "M",
        "age": "A",
        "character_name": "مستەر",
        "text": "بۆ ئەوی ئێوە لەم فەوزایە نەجاتان بێ ئەزانی پێویستیتان بە چیە",
        "text_original": "بۆ ئەوی ئێوە لەم فەوزایە نەجاتان بێ ئەزانی پێویستیتان بە چیە",
        "start": 534380.0,
        "end": 538771.0,
        "audio": "content/segments/105/168.ogg"
    },
    {
        "ID": "169",
        "gender": "M",
        "age": "A",
        "character_name": "قوتابیەک",
        "text": "بەچی",
        "text_original": "بەچی",
        "start": 538814.0,
        "end": 539418.0,
        "audio": "content/segments/105/169.ogg"
    },
    {
        "ID": "170",
        "gender": "M",
        "age": "A",
        "character_name": "ئەحمەد",
        "text": "دەهۆڵ",
        "text_original": "دەهۆڵ",
        "start": 540202.0,
        "end": 540772.0,
        "audio": "content/segments/105/170.ogg"
    },
    {
        "ID": "171",
        "gender": "M",
        "age": "A",
        "character_name": "مستەر",
        "text": "نەء، نە",
        "text_original": "نەء، نە",
        "start": 540827.0,
        "end": 541654.0,
        "audio": "content/segments/105/171.ogg"
    },
    {
        "ID": "172",
        "gender": "M",
        "age": "A",
        "character_name": "موراقیب",
        "text": "هینە ئەو شتەیە ئ، شمشاڵ",
        "text_original": "هینە ئەو شتەیە ئ، شمشاڵ",
        "start": 541694.0,
        "end": 544355.0,
        "audio": "content/segments/105/172.ogg"
    },
    {
        "ID": "173",
        "gender": "M",
        "age": "A",
        "character_name": "مستەر",
        "text": "نەخێر نەخێر، ئەوەش نیە",
        "text_original": "نەخێر نەخێر، ئەوەش نیە",
        "start": 544454.0,
        "end": 545628.0,
        "audio": "content/segments/105/173.ogg"
    },
    {
        "ID": "174",
        "gender": "M",
        "age": "A",
        "character_name": "جەمیل",
        "text": "عود، عود",
        "text_original": "عود، عود",
        "start": 545662.0,
        "end": 546388.0,
        "audio": "content/segments/105/174.ogg"
    },
    {
        "ID": "175",
        "gender": "M",
        "age": "A",
        "character_name": "مستەر",
        "text": "نەبابە",
        "text_original": "نەبابە",
        "start": 546428.0,
        "end": 547146.0,
        "audio": "content/segments/105/175.ogg"
    },
    {
        "ID": "176",
        "gender": "M",
        "age": "A",
        "character_name": "عەبدوڵا",
        "text": "نا هینە ئ ڕەبابە",
        "text_original": "نا هینە ئ ڕەبابە",
        "start": 547175.0,
        "end": 549529.0,
        "audio": "content/segments/105/176.ogg"
    },
    {
        "ID": "177",
        "gender": "M",
        "age": "A",
        "character_name": "مستەر",
        "text": "نەبابە، نا نا ئەوەش نیە",
        "text_original": "نەبابە، نا نا ئەوەش نیە",
        "start": 549579.0,
        "end": 551330.0,
        "audio": "content/segments/105/177.ogg"
    },
    {
        "ID": "178",
        "gender": "M",
        "age": "A",
        "character_name": "عومەر",
        "text": "لەعن دەبابە",
        "text_original": "لەعن دەبابە",
        "start": 551366.0,
        "end": 552428.0,
        "audio": "content/segments/105/178.ogg"
    },
    {
        "ID": "179",
        "gender": "M",
        "age": "A",
        "character_name": "مستەر",
        "text": "لا یابە لاع نە نە نە، ئەوانە نیە",
        "text_original": "لا یابە لاع نە نە نە، ئەوانە نیە",
        "start": 552458.0,
        "end": 554652.0,
        "audio": "content/segments/105/179.ogg"
    },
    {
        "ID": "180",
        "gender": "M",
        "age": "A",
        "character_name": "حیکمەت",
        "text": "سەنتوور",
        "text_original": "سەنتوور",
        "start": 554757.0,
        "end": 555579.0,
        "audio": "content/segments/105/180.ogg"
    },
    {
        "ID": "181",
        "gender": "M",
        "age": "A",
        "character_name": "مستەر",
        "text": "ئائا ئا سەنتوور نا، دەستوور",
        "text_original": "ئائا ئا سەنتوور نا، دەستوور",
        "start": 555639.0,
        "end": 558680.0,
        "audio": "content/segments/105/181.ogg"
    },
    {
        "ID": "182",
        "gender": "M",
        "age": "A",
        "character_name": "مستەر",
        "text": "لەبەر ئەوە ئێوە پێویستیان بە دەستوورە",
        "text_original": "لەبەر ئەوە ئێوە پێویستیان بە دەستوورە",
        "start": 558869.0,
        "end": 562084.0,
        "audio": "content/segments/105/182.ogg"
    },
    {
        "ID": "183",
        "gender": "M",
        "age": "A",
        "character_name": "مستەر",
        "text": "ئەها لەسەر تەختەکە بۆتان ئەنوسم",
        "text_original": "ئەها لەسەر تەختەکە بۆتان ئەنوسم",
        "start": 562125.0,
        "end": 564697.0,
        "audio": "content/segments/105/183.ogg"
    },
    {
        "ID": "184",
        "gender": "M",
        "age": "A",
        "character_name": "مستەر",
        "text": "دەەەس",
        "text_original": "دەەەس",
        "start": 565738.0,
        "end": 566865.0,
        "audio": "content/segments/105/184.ogg"
    },
    {
        "ID": "185",
        "gender": "M",
        "age": "A",
        "character_name": "عومەر",
        "text": "توووووووور",
        "text_original": "توووووووور",
        "start": 567028.0,
        "end": 569429.0,
        "audio": "content/segments/105/185.ogg"
    },
    {
        "ID": "186",
        "gender": "M",
        "age": "A",
        "character_name": "مستەر",
        "text": "قوزەڵقوووورت",
        "text_original": "قوزەڵقوووورت",
        "start": 569476.0,
        "end": 572559.0,
        "audio": "content/segments/105/186.ogg"
    },
    {
        "ID": "187",
        "gender": "M",
        "age": "A",
        "character_name": "مستەر",
        "text": "ئەرێ عەیب ناکەی ئەم لورە لورە ها، دەبەسە بیبڕێرەوە",
        "text_original": "ئەرێ عەیب ناکەی ئەم لورە لورە ها، دەبەسە بیبڕێرەوە",
        "start": 572879.0,
        "end": 576584.0,
        "audio": "content/segments/105/187.ogg"
    },
    {
        "ID": "188",
        "gender": "M",
        "age": "A",
        "character_name": "مستەر",
        "text": "دەستوور لەسەر وەزنی چی",
        "text_original": "دەستوور لەسەر وەزنی چی",
        "start": 577067.0,
        "end": 580577.0,
        "audio": "content/segments/105/188.ogg"
    },
    {
        "ID": "189",
        "gender": "M",
        "age": "A",
        "character_name": "موراقیب",
        "text": "ئەستوور",
        "text_original": "ئەستوور",
        "start": 580744.0,
        "end": 581915.0,
        "audio": "content/segments/105/189.ogg"
    },
    {
        "ID": "190",
        "gender": "M",
        "age": "A",
        "character_name": "مستەر",
        "text": "ئافەرم، ئەستوور",
        "text_original": "ئافەرم، ئەستوور",
        "start": 582030.0,
        "end": 583508.0,
        "audio": "content/segments/105/190.ogg"
    },
    {
        "ID": "191",
        "gender": "M",
        "age": "A",
        "character_name": "مستەر",
        "text": "لەسەر وەزنی چیتر ئادەی",
        "text_original": "لەسەر وەزنی چیتر ئادەی",
        "start": 583746.0,
        "end": 585604.0,
        "audio": "content/segments/105/191.ogg"
    },
    {
        "ID": "192",
        "gender": "M",
        "age": "A",
        "character_name": "عەبدوڵا",
        "text": "مستەر لەسەر وەزنی مەستوور، مەسەلە یٔەڵێی یٔەستوور و مەستوور",
        "text_original": "مستەر لەسەر وەزنی مەستوور، مەسەلە یٔەڵێی یٔەستوور و مەستوور",
        "start": 585768.0,
        "end": 589551.0,
        "audio": "content/segments/105/192.ogg"
    },
    {
        "ID": "193",
        "gender": "M",
        "age": "A",
        "character_name": "مستەر",
        "text": "مەستوور یەعنی چی تێناگەم",
        "text_original": "مەستوور یەعنی چی تێناگەم",
        "start": 589561.0,
        "end": 591035.0,
        "audio": "content/segments/105/193.ogg"
    },
    {
        "ID": "194",
        "gender": "M",
        "age": "A",
        "character_name": "عەبدوڵا",
        "text": "وەکو بڵێین، چۆن ئەڵێی کەڵەشێر و مەڵەشێر",
        "text_original": "وەکو بڵێین، چۆن ئەڵێی کەڵەشێر و مەڵەشێر",
        "start": 591095.0,
        "end": 593107.0,
        "audio": "content/segments/105/194.ogg"
    },
    {
        "ID": "195",
        "gender": "M",
        "age": "A",
        "character_name": "عەبدوڵا",
        "text": "یاعنی ئاوا عەکسی یەکترن، عەکسە",
        "text_original": "یاعنی ئاوا عەکسی یەکترن، عەکسە",
        "start": 593147.0,
        "end": 595586.0,
        "audio": "content/segments/105/195.ogg"
    },
    {
        "ID": "196",
        "gender": "M",
        "age": "A",
        "character_name": "مستەر",
        "text": "نا، عەکسەکەیمان ناوێ، وسبە وسبە هەر نەشزانی",
        "text_original": "نا، عەکسەکەیمان ناوێ، وسبە وسبە هەر نەشزانی",
        "start": 595616.0,
        "end": 597782.0,
        "audio": "content/segments/105/196.ogg"
    },
    {
        "ID": "197",
        "gender": "M",
        "age": "A",
        "character_name": "جەمیل",
        "text": "فیعلەن ئێمە ئەسڵەکەیمان ناوێ",
        "text_original": "فیعلەن ئێمە ئەسڵەکەیمان ناوێ",
        "start": 597782.0,
        "end": 599624.0,
        "audio": "content/segments/105/197.ogg"
    },
    {
        "ID": "198",
        "gender": "M",
        "age": "A",
        "character_name": "جەمیل",
        "text": "ئێمە دەستووری پاک و هاوچەرخ و ئەسڵمان ئەوێ",
        "text_original": "ئێمە دەستووری پاک و هاوچەرخ و ئەسڵمان ئەوێ",
        "start": 600006.0,
        "end": 603662.0,
        "audio": "content/segments/105/198.ogg"
    },
    {
        "ID": "199",
        "gender": "M",
        "age": "A",
        "character_name": "موراقیب",
        "text": "دە ناماقوڵھ کرد تۆ بۆت نیە بەقسە لە دەستوورا بکەی",
        "text_original": "دە ناماقوڵھ کرد تۆ بۆت نیە بەقسە لە دەستوورا بکەی",
        "start": 603816.0,
        "end": 607093.0,
        "audio": "content/segments/105/199.ogg"
    },
    {
        "ID": "200",
        "gender": "M",
        "age": "A",
        "character_name": "موراقیب",
        "text": "چونکە تۆ میوانیت",
        "text_original": "چونکە تۆ میوانیت",
        "start": 607099.0,
        "end": 608358.0,
        "audio": "content/segments/105/200.ogg"
    },
    {
        "ID": "201",
        "gender": "M",
        "age": "A",
        "character_name": "جەمیل",
        "text": "خۆو ناماقوڵھ کرد، ئەم سوڵفە سوڵفی خۆمە",
        "text_original": "خۆو ناماقوڵھ کرد، ئەم سوڵفە سوڵفی خۆمە",
        "start": 608466.0,
        "end": 611274.0,
        "audio": "content/segments/105/201.ogg"
    },
    {
        "ID": "202",
        "gender": "M",
        "age": "A",
        "character_name": "جەمیل",
        "text": "ئیتر بۆچی میوانم، هیچ میوان نیم",
        "text_original": "ئیتر بۆچی میوانم، هیچ میوان نیم",
        "start": 611318.0,
        "end": 613150.0,
        "audio": "content/segments/105/202.ogg"
    },
    {
        "ID": "203",
        "gender": "M",
        "age": "A",
        "character_name": "زاهیر",
        "text": "هەی بەقوربانی ناو دەمت بم باشە",
        "text_original": "هەی بەقوربانی ناو دەمت بم باشە",
        "start": 613196.0,
        "end": 615285.0,
        "audio": "content/segments/105/203.ogg"
    },
    {
        "ID": "204",
        "gender": "M",
        "age": "A",
        "character_name": "مستەر",
        "text": "نانا، پێش ئەوەی بەقوربانی ناوی دەمی جەمیل بی",
        "text_original": "نانا، پێش ئەوەی بەقوربانی ناوی دەمی جەمیل بی",
        "start": 615336.0,
        "end": 618324.0,
        "audio": "content/segments/105/204.ogg"
    },
    {
        "ID": "205",
        "gender": "M",
        "age": "A",
        "character_name": "مستەر",
        "text": "تۆ ئەتەوێ دەستوورەکە چۆنبێ زاهیر",
        "text_original": "تۆ ئەتەوێ دەستوورەکە چۆنبێ زاهیر",
        "start": 618743.0,
        "end": 621091.0,
        "audio": "content/segments/105/205.ogg"
    },
    {
        "ID": "206",
        "gender": "M",
        "age": "A",
        "character_name": "زاهیر",
        "text": "ئئ، ببورە مستەر جیان ئەمن ناتانم قسە لەو مەوزوعەی بکەم",
        "text_original": "ئئ، ببورە مستەر جیان ئەمن ناتانم قسە لەو مەوزوعەی بکەم",
        "start": 621111.0,
        "end": 623855.0,
        "audio": "content/segments/105/206.ogg"
    },
    {
        "ID": "207",
        "gender": "M",
        "age": "A",
        "character_name": "مستەر",
        "text": "لۆ",
        "text_original": "لۆ",
        "start": 623968.0,
        "end": 624693.0,
        "audio": "content/segments/105/207.ogg"
    },
    {
        "ID": "208",
        "gender": "M",
        "age": "A",
        "character_name": "زاهیر",
        "text": "ئ، چونکە عارەبی نازانم",
        "text_original": "ئ، چونکە عارەبی نازانم",
        "start": 624706.0,
        "end": 626273.0,
        "audio": "content/segments/105/208.ogg"
    },
    {
        "ID": "209",
        "gender": "M",
        "age": "A",
        "character_name": "مستەر",
        "text": "ئەی جا با عەرەبی نەزانی قەیچیەکا",
        "text_original": "ئەی جا با عەرەبی نەزانی قەیچیەکا",
        "start": 626292.0,
        "end": 628551.0,
        "audio": "content/segments/105/209.ogg"
    },
    {
        "ID": "210",
        "gender": "M",
        "age": "A",
        "character_name": "مستەر",
        "text": "کوری خۆم، ئەزا، بەکوردی قسەی تیابکە تۆ",
        "text_original": "کوری خۆم، ئەزا، بەکوردی قسەی تیابکە تۆ",
        "start": 628661.0,
        "end": 631273.0,
        "audio": "content/segments/105/210.ogg"
    },
    {
        "ID": "211",
        "gender": "M",
        "age": "A",
        "character_name": "موراقیب",
        "text": "ئاخر نابێ مستەر",
        "text_original": "ئاخر نابێ مستەر",
        "start": 631611.0,
        "end": 632952.0,
        "audio": "content/segments/105/211.ogg"
    },
    {
        "ID": "212",
        "gender": "M",
        "age": "A",
        "character_name": "مستەر",
        "text": "بۆ",
        "text_original": "بۆ",
        "start": 633098.0,
        "end": 633616.0,
        "audio": "content/segments/105/212.ogg"
    },
    {
        "ID": "213",
        "gender": "M",
        "age": "A",
        "character_name": "موراقیب",
        "text": "بە کوردی قسەی تیا بکا، دەرو دراوسێ لێمان عاجز ئەبن کاکە",
        "text_original": "بە کوردی قسەی تیا بکا، دەرو دراوسێ لێمان عاجز ئەبن کاکە",
        "start": 633639.0,
        "end": 637305.0,
        "audio": "content/segments/105/213.ogg"
    },
    {
        "ID": "214",
        "gender": "M",
        "age": "A",
        "character_name": "عومەر",
        "text": "ئەوان حەقیان چییە، ئێمە خۆمان دەستوور بۆ خۆمان دائەنێین",
        "text_original": "ئەوان حەقیان چییە، ئێمە خۆمان دەستوور بۆ خۆمان دائەنێین",
        "start": 637358.0,
        "end": 640309.0,
        "audio": "content/segments/105/214.ogg"
    },
    {
        "ID": "215",
        "gender": "M",
        "age": "A",
        "character_name": "عومەر",
        "text": "وانیە میستەر گیان",
        "text_original": "وانیە میستەر گیان",
        "start": 640309.0,
        "end": 641352.0,
        "audio": "content/segments/105/215.ogg"
    },
    {
        "ID": "216",
        "gender": "M",
        "age": "A",
        "character_name": "مستەر",
        "text": "بارێوەڵا ئێوە دەستوور خۆتان بۆ خۆتانی دائەنێن",
        "text_original": "بارێوەڵا ئێوە دەستوور خۆتان بۆ خۆتانی دائەنێن",
        "start": 641366.0,
        "end": 643709.0,
        "audio": "content/segments/105/216.ogg"
    },
    {
        "ID": "217",
        "gender": "M",
        "age": "A",
        "character_name": "مستەر",
        "text": "بەڵام بە تەسەوری من، ئێوە هین کەن باشە",
        "text_original": "بەڵام بە تەسەوری من، ئێوە هین کەن باشە",
        "start": 643743.0,
        "end": 646046.0,
        "audio": "content/segments/105/217.ogg"
    },
    {
        "ID": "218",
        "gender": "M",
        "age": "A",
        "character_name": "سەباح",
        "text": "ئەڵێم ئ، تەئجیلی کەین میستەر",
        "text_original": "ئەڵێم ئ، تەئجیلی کەین میستەر",
        "start": 646072.0,
        "end": 648015.0,
        "audio": "content/segments/105/218.ogg"
    },
    {
        "ID": "219",
        "gender": "M",
        "age": "A",
        "character_name": "حیکمەت",
        "text": "تەئجیلی چی کاکە جیان، پێویستە عەجەلەی تیا بکەین",
        "text_original": "تەئجیلی چی کاکە جیان، پێویستە عەجەلەی تیا بکەین",
        "start": 648130.0,
        "end": 650935.0,
        "audio": "content/segments/105/219.ogg"
    },
    {
        "ID": "220",
        "gender": "M",
        "age": "A",
        "character_name": "موراقیب",
        "text": "نانانە عەجەلە نا، عەجەلە هەر نابێ بۆ دەستوور",
        "text_original": "نانانە عەجەلە نا، عەجەلە هەر نابێ بۆ دەستوور",
        "start": 651036.0,
        "end": 653713.0,
        "audio": "content/segments/105/220.ogg"
    },
    {
        "ID": "221",
        "gender": "M",
        "age": "A",
        "character_name": "موراقیب",
        "text": "پێشینان وتویانە دەستوور عەجەلەی کرد",
        "text_original": "پێشینان وتویانە دەستوور عەجەلەی کرد",
        "start": 653921.0,
        "end": 656602.0,
        "audio": "content/segments/105/221.ogg"
    },
    {
        "ID": "222",
        "gender": "M",
        "age": "A",
        "character_name": "موراقیب",
        "text": "سێ خاڵی زۆر موهیمی لەبیر چوو",
        "text_original": "سێ خاڵی زۆر موهیمی لەبیر چوو",
        "start": 657039.0,
        "end": 659269.0,
        "audio": "content/segments/105/222.ogg"
    },
    {
        "ID": "223",
        "gender": "M",
        "age": "A",
        "character_name": "جەمیل",
        "text": "ئێ عەینەن مەفەر",
        "text_original": "ئێ عەینەن مەفەر",
        "start": 659529.0,
        "end": 660946.0,
        "audio": "content/segments/105/223.ogg"
    },
    {
        "ID": "224",
        "gender": "M",
        "age": "A",
        "character_name": "جەمیل",
        "text": "ئێستا تەئجیل خراپ بێ و، عەجەلە خراپ بێ و، ئەی چیبکەین باشە",
        "text_original": "ئێستا تەئجیل خراپ بێ و، عەجەلە خراپ بێ و، ئەی چیبکەین باشە",
        "start": 661052.0,
        "end": 665232.0,
        "audio": "content/segments/105/224.ogg"
    },
    {
        "ID": "225",
        "gender": "M",
        "age": "A",
        "character_name": "عەبدوڵا",
        "text": "ئاها، حلەکەی لای منە ئەزانی چی ئەکەین",
        "text_original": "ئاها، حلەکەی لای منە ئەزانی چی ئەکەین",
        "start": 665266.0,
        "end": 668626.0,
        "audio": "content/segments/105/225.ogg"
    },
    {
        "ID": "226",
        "gender": "M",
        "age": "A",
        "character_name": "زاهیر",
        "text": "چی",
        "text_original": "چی",
        "start": 668650.0,
        "end": 669179.0,
        "audio": "content/segments/105/226.ogg"
    },
    {
        "ID": "227",
        "gender": "M",
        "age": "A",
        "character_name": "عەبدوڵا",
        "text": "بە دزیەوە نیە، قۆپیەی تیا ئەکەین",
        "text_original": "بە دزیەوە نیە، قۆپیەی تیا ئەکەین",
        "start": 669341.0,
        "end": 671831.0,
        "audio": "content/segments/105/227.ogg"
    },
    {
        "ID": "228",
        "gender": "M",
        "age": "A",
        "character_name": "حیکمەت",
        "text": "بابە جیان ئەمانگرن قۆپی چی، قۆپی خراپە",
        "text_original": "بابە جیان ئەمانگرن قۆپی چی، قۆپی خراپە",
        "start": 672056.0,
        "end": 674910.0,
        "audio": "content/segments/105/228.ogg"
    },
    {
        "ID": "229",
        "gender": "M",
        "age": "A",
        "character_name": "سەباح",
        "text": "ئەی باشە بۆ ڕیفراندۆمێچی بۆ نەکەین",
        "text_original": "ئەی باشە بۆ ڕیفراندۆمێچی بۆ نەکەین",
        "start": 675329.0,
        "end": 677875.0,
        "audio": "content/segments/105/229.ogg"
    },
    {
        "ID": "230",
        "gender": "M",
        "age": "A",
        "character_name": "مستەر",
        "text": "نەء، نەء،نەء،نەء، ڕیفراندۆمی چی فریا ناکەون درنگە وەخت نەماوە",
        "text_original": "نەء، نەء،نەء،نەء، ڕیفراندۆمی چی فریا ناکەون درنگە وەخت نەماوە",
        "start": 678367.0,
        "end": 682543.0,
        "audio": "content/segments/105/230.ogg"
    },
    {
        "ID": "231",
        "gender": "M",
        "age": "A",
        "character_name": "عومەر",
        "text": "بەخوا میستەر گیان من ئەم فلیمەم زۆر دیوە",
        "text_original": "بەخوا میستەر گیان من ئەم فلیمەم زۆر دیوە",
        "start": 682677.0,
        "end": 685613.0,
        "audio": "content/segments/105/231.ogg"
    },
    {
        "ID": "232",
        "gender": "M",
        "age": "A",
        "character_name": "عومەر",
        "text": "ئەزانی ئاخیرەکەی بەچی ئەشکێتەوە",
        "text_original": "ئەزانی ئاخیرەکەی بەچی ئەشکێتەوە",
        "start": 686142.0,
        "end": 688302.0,
        "audio": "content/segments/105/232.ogg"
    },
    {
        "ID": "233",
        "gender": "M",
        "age": "A",
        "character_name": "مستەر",
        "text": "بەچی عومەر",
        "text_original": "بەچی عومەر",
        "start": 688364.0,
        "end": 689289.0,
        "audio": "content/segments/105/233.ogg"
    },
    {
        "ID": "234",
        "gender": "M",
        "age": "A",
        "character_name": "عومەر",
        "text": "بە دەستووری موئەقە د",
        "text_original": "بە دەستووری موئەقە د",
        "start": 689447.0,
        "end": 692464.0,
        "audio": "content/segments/105/234.ogg"
    }
]