[
    {
        "ID": "3",
        "gender": "M",
        "age": "A",
        "character_name": "حیکمەت",
        "text": "بەرمەن",
        "text_original": "بەرمەن",
        "start": 8100.0,
        "end": 8840.0,
        "audio": "content/segments/107/3.ogg"
    },
    {
        "ID": "4",
        "gender": "NA",
        "age": "NA",
        "character_name": "NA",
        "text": "بمگرە ئاغا، ئاغا بمگرە",
        "text_original": "بمگرە ئاغا، ئاغا بمگرە",
        "start": 8928.0,
        "end": 10788.0,
        "audio": "content/segments/107/4.ogg"
    },
    {
        "ID": "5",
        "gender": "M",
        "age": "A",
        "character_name": "حیکمەت",
        "text": "بەرمە سەباح ئەیکوژم، بەشەرەفم ئەیکوژم",
        "text_original": "بەرمە سەباح ئەیکوژم، بەشەرەفم ئەیکوژم",
        "start": 10843.0,
        "end": 15611.0,
        "audio": "content/segments/107/5.ogg"
    },
    {
        "ID": "6",
        "gender": "NA",
        "age": "NA",
        "character_name": "NA",
        "text": "کورە عەیبە عەیب بۆ خاتری خوا",
        "text_original": "کورە عەیبە عەیب بۆ خاتری خوا",
        "start": 15639.0,
        "end": 18676.0,
        "audio": "content/segments/107/6.ogg"
    },
    {
        "ID": "7",
        "gender": "M",
        "age": "A",
        "character_name": "حیکمەت",
        "text": "ئەی کوژم",
        "text_original": "ئەی کوژم",
        "start": 18676.0,
        "end": 20061.0,
        "audio": "content/segments/107/7.ogg"
    },
    {
        "ID": "8",
        "gender": "M",
        "age": "A",
        "character_name": "هێمن",
        "text": "کورە دە بەرییەن با لێیا کاکە",
        "text_original": "کورە دە بەرییەن با لێیا کاکە",
        "start": 20194.0,
        "end": 21643.0,
        "audio": "content/segments/107/8.ogg"
    },
    {
        "ID": "10",
        "gender": "NA",
        "age": "NA",
        "character_name": "NA",
        "text": "بەرییەن با لێیا کاکە، با لێیبا",
        "text_original": "بەرییەن با لێیا کاکە، با لێیبا",
        "start": 22750.0,
        "end": 24901.0,
        "audio": "content/segments/107/10.ogg"
    },
    {
        "ID": "11",
        "gender": "M",
        "age": "A",
        "character_name": "حیکمەت",
        "text": "یٔەیکوژم ها",
        "text_original": "یٔەیکوژم ها",
        "start": 25230.0,
        "end": 26102.0,
        "audio": "content/segments/107/11.ogg"
    },
    {
        "ID": "12",
        "gender": "M",
        "age": "A",
        "character_name": "سەباح",
        "text": "چی یٔەکوژی",
        "text_original": "چی یٔەکوژی",
        "start": 26102.0,
        "end": 26744.0,
        "audio": "content/segments/107/12.ogg"
    },
    {
        "ID": "13",
        "gender": "M",
        "age": "A",
        "character_name": "حیکمەت",
        "text": "بە شەڕەفم سوێنم خواردوە، ئەبێ مەیتەکەی لێرە بڕواتە دەرەوە",
        "text_original": "بە شەڕەفم سوێنم خواردوە، ئەبێ مەیتەکەی لێرە بڕواتە دەرەوە",
        "start": 26764.0,
        "end": 30187.0,
        "audio": "content/segments/107/13.ogg"
    },
    {
        "ID": "15",
        "gender": "M",
        "age": "A",
        "character_name": "ئەحمەد",
        "text": "هھ، توبی عەدلیەکەیە",
        "text_original": "هھ، توبی عەدلیەکەیە",
        "start": 31499.0,
        "end": 32880.0,
        "audio": "content/segments/107/15.ogg"
    },
    {
        "ID": "16",
        "gender": "M",
        "age": "A",
        "character_name": "حیکمەت",
        "text": "نەخێر، ئینعاشە ئینعاشش",
        "text_original": "نەخێر، ئینعاشە ئینعاشش",
        "start": 32910.0,
        "end": 35943.0,
        "audio": "content/segments/107/16.ogg"
    },
    {
        "ID": "17",
        "gender": "M",
        "age": "A",
        "character_name": "موراقیب",
        "text": "ئەوە چییە، ئەحە چییە لەسەر چییە",
        "text_original": "ئەوە چییە، ئەحە چییە لەسەر چییە",
        "start": 36055.0,
        "end": 37751.0,
        "audio": "content/segments/107/17.ogg"
    },
    {
        "ID": "18",
        "gender": "M",
        "age": "A",
        "character_name": "ئەحمەد",
        "text": "وەڵا ئێتر لەگەڵ منیەتی",
        "text_original": "وەڵا ئێتر لەگەڵ منیەتی",
        "start": 37841.0,
        "end": 39310.0,
        "audio": "content/segments/107/18.ogg"
    },
    {
        "ID": "19",
        "gender": "M",
        "age": "A",
        "character_name": "موراقیب",
        "text": "یاعنی لەگەڵ تۆیەتی",
        "text_original": "یاعنی لەگەڵ تۆیەتی",
        "start": 39483.0,
        "end": 40572.0,
        "audio": "content/segments/107/19.ogg"
    },
    {
        "ID": "20",
        "gender": "M",
        "age": "A",
        "character_name": "ئەحمەد",
        "text": "ئهھ، ئەرێوەڵا",
        "text_original": "ئهھ، ئەرێوەڵا",
        "start": 40594.0,
        "end": 41435.0,
        "audio": "content/segments/107/20.ogg"
    },
    {
        "ID": "21",
        "gender": "M",
        "age": "A",
        "character_name": "عومەر",
        "text": "دە دانیشە",
        "text_original": "دە دانیشە",
        "start": 41435.0,
        "end": 42057.0,
        "audio": "content/segments/107/21.ogg"
    },
    {
        "ID": "22",
        "gender": "M",
        "age": "A",
        "character_name": "حیکمەت",
        "text": "ئەو کوژم",
        "text_original": "ئەو کوژم",
        "start": 42108.0,
        "end": 43030.0,
        "audio": "content/segments/107/22.ogg"
    },
    {
        "ID": "23",
        "gender": "M",
        "age": "A",
        "character_name": "موراقیب",
        "text": "کاکە جیان، ستۆپ ستۆپ، هۆش هۆش هۆش",
        "text_original": "کاکە جیان، ستۆپ ستۆپ، هۆش هۆش هۆش",
        "start": 43058.0,
        "end": 45793.0,
        "audio": "content/segments/107/23.ogg"
    },
    {
        "ID": "24",
        "gender": "M",
        "age": "A",
        "character_name": "ئەحمەد",
        "text": "ئەرێ عەیب ناکەی تۆ",
        "text_original": "ئەرێ عەیب ناکەی تۆ",
        "start": 45885.0,
        "end": 46846.0,
        "audio": "content/segments/107/24.ogg"
    },
    {
        "ID": "25",
        "gender": "M",
        "age": "A",
        "character_name": "ئەحمەد",
        "text": "فەرموو ئەگەر تۆ نەبی ئەم ئەتوانێ هۆشمان لێ بکا",
        "text_original": "فەرموو ئەگەر تۆ نەبی ئەم ئەتوانێ هۆشمان لێ بکا",
        "start": 46846.0,
        "end": 49058.0,
        "audio": "content/segments/107/25.ogg"
    },
    {
        "ID": "26",
        "gender": "M",
        "age": "A",
        "character_name": "موراقیب",
        "text": "یٔەرێ برا هۆش بۆ عەیبە یٔەوە نیە ناسری ڕەزازی یٔەڵێ",
        "text_original": "یٔەرێ برا هۆش بۆ عەیبە یٔەوە نیە ناسری ڕەزازی یٔەڵێ",
        "start": 49058.0,
        "end": 52030.0,
        "audio": "content/segments/107/26.ogg"
    },
    {
        "ID": "27",
        "gender": "M",
        "age": "A",
        "character_name": "موراقیب",
        "text": "هۆش و بیرتان بێ، ئەرێ من هۆشی کەرەکە ناڵێم، هۆشی عەقڵ ئەڵێم",
        "text_original": "هۆش و بیرتان بێ، ئەرێ من هۆشی کەرەکە ناڵێم، هۆشی عەقڵ ئەڵێم",
        "start": 52136.0,
        "end": 56848.0,
        "audio": "content/segments/107/27.ogg"
    },
    {
        "ID": "28",
        "gender": "M",
        "age": "A",
        "character_name": "موراقیب",
        "text": "شەری ناوخۆ ڕاگرن، با حەیامان نەچێ، مستەر هات",
        "text_original": "شەری ناوخۆ ڕاگرن، با حەیامان نەچێ، مستەر هات",
        "start": 57061.0,
        "end": 60038.0,
        "audio": "content/segments/107/28.ogg"
    },
    {
        "ID": "29",
        "gender": "M",
        "age": "A",
        "character_name": "موراقیب",
        "text": "هەستن یاڵە دەی ڕێکبنەوە",
        "text_original": "هەستن یاڵە دەی ڕێکبنەوە",
        "start": 60148.0,
        "end": 61648.0,
        "audio": "content/segments/107/29.ogg"
    },
    {
        "ID": "30",
        "gender": "M",
        "age": "A",
        "character_name": "مستەر",
        "text": "ئەرێ عەیب ناکەن، بۆ وائەکەن، ئاخر ئەڵێن پیاو قسە ئەکات",
        "text_original": "ئەرێ عەیب ناکەن، بۆ وائەکەن، ئاخر ئەڵێن پیاو قسە ئەکات",
        "start": 65897.0,
        "end": 70874.0,
        "audio": "content/segments/107/30.ogg"
    },
    {
        "ID": "31",
        "gender": "M",
        "age": "A",
        "character_name": "مستەر",
        "text": "یٔەرێ چیتانە بۆ وایٔەکەن بۆ خاتری خوا",
        "text_original": "یٔەرێ چیتانە بۆ وایٔەکەن بۆ خاتری خوا",
        "start": 71252.0,
        "end": 73255.0,
        "audio": "content/segments/107/31.ogg"
    },
    {
        "ID": "32",
        "gender": "M",
        "age": "A",
        "character_name": "مستەر",
        "text": "ها",
        "text_original": "ها",
        "start": 73726.0,
        "end": 74527.0,
        "audio": "content/segments/107/32.ogg"
    },
    {
        "ID": "33",
        "gender": "M",
        "age": "A",
        "character_name": "مستەر",
        "text": "چییە ئەم شەرو بەزم و ڕەزمە لەناو خۆتانا دروستان کردوە",
        "text_original": "چییە ئەم شەرو بەزم و ڕەزمە لەناو خۆتانا دروستان کردوە",
        "start": 74735.0,
        "end": 78125.0,
        "audio": "content/segments/107/33.ogg"
    },
    {
        "ID": "34",
        "gender": "M",
        "age": "A",
        "character_name": "مستەر",
        "text": "ها",
        "text_original": "ها",
        "start": 78678.0,
        "end": 79264.0,
        "audio": "content/segments/107/34.ogg"
    },
    {
        "ID": "35",
        "gender": "M",
        "age": "A",
        "character_name": "مستەر",
        "text": "حیکمەت، تۆ لەڕێی ئەوا ماوی شەڕ بکەی لەگەڵ ئەحا",
        "text_original": "حیکمەت، تۆ لەڕێی ئەوا ماوی شەڕ بکەی لەگەڵ ئەحا",
        "start": 79832.0,
        "end": 82706.0,
        "audio": "content/segments/107/35.ogg"
    },
    {
        "ID": "36",
        "gender": "M",
        "age": "A",
        "character_name": "ئەحمەد",
        "text": "مستەر جیان ئەمە شەڕی خۆی نییە، ئەمە هانیان ناوە",
        "text_original": "مستەر جیان ئەمە شەڕی خۆی نییە، ئەمە هانیان ناوە",
        "start": 82831.0,
        "end": 85944.0,
        "audio": "content/segments/107/36.ogg"
    },
    {
        "ID": "37",
        "gender": "M",
        "age": "A",
        "character_name": "ئەحمەد",
        "text": "بوە بە مەقاشی دەسی بێگانە",
        "text_original": "بوە بە مەقاشی دەسی بێگانە",
        "start": 86128.0,
        "end": 87840.0,
        "audio": "content/segments/107/37.ogg"
    },
    {
        "ID": "38",
        "gender": "M",
        "age": "A",
        "character_name": "هێمن",
        "text": "بەڵێ هەر ئەوەیە چیو لەدەسە تەخسیری مەکە خاڵە",
        "text_original": "بەڵێ هەر ئەوەیە چیو لەدەسە تەخسیری مەکە خاڵە",
        "start": 87908.0,
        "end": 90877.0,
        "audio": "content/segments/107/38.ogg"
    },
    {
        "ID": "39",
        "gender": "M",
        "age": "A",
        "character_name": "موراقیب",
        "text": "ئەها مستەر، دار هەڵبڕە موباشەرەتەن لە دوای ڕێبوار سەلچی دز دیارە",
        "text_original": "ئەها مستەر، دار هەڵبڕە موباشەرەتەن لە دوای ڕێبوار سەلچی دز دیارە",
        "start": 91031.0,
        "end": 95610.0,
        "audio": "content/segments/107/39.ogg"
    },
    {
        "ID": "40",
        "gender": "M",
        "age": "A",
        "character_name": "مستەر",
        "text": "باشە توخوا، توخوا تێمناگێێنن ئێوە کەی ئەبن بە بەشەر",
        "text_original": "باشە توخوا، توخوا تێمناگێێنن ئێوە کەی ئەبن بە بەشەر",
        "start": 95744.0,
        "end": 99873.0,
        "audio": "content/segments/107/40.ogg"
    },
    {
        "ID": "41",
        "gender": "M",
        "age": "A",
        "character_name": "حیکمەت",
        "text": "هێشتان زۆری ماوە میستەر",
        "text_original": "هێشتان زۆری ماوە میستەر",
        "start": 99961.0,
        "end": 101317.0,
        "audio": "content/segments/107/41.ogg"
    },
    {
        "ID": "42",
        "gender": "M",
        "age": "A",
        "character_name": "مستەر",
        "text": "یاعنی حیکمەتە نا فەنی تۆ بەقسەی دەمڕوتێکی وەک و هێمن",
        "text_original": "یاعنی حیکمەتە نا فەنی تۆ بەقسەی دەمڕوتێکی وەک و هێمن",
        "start": 101329.0,
        "end": 105317.0,
        "audio": "content/segments/107/42.ogg"
    },
    {
        "ID": "43",
        "gender": "M",
        "age": "A",
        "character_name": "مستەر",
        "text": "ئەچی بە گژ ئەحمەها، ها عەیب ناکەی بەم قەڵافەتەوە",
        "text_original": "ئەچی بە گژ ئەحمەها، ها عەیب ناکەی بەم قەڵافەتەوە",
        "start": 105456.0,
        "end": 108288.0,
        "audio": "content/segments/107/43.ogg"
    },
    {
        "ID": "44",
        "gender": "M",
        "age": "A",
        "character_name": "موراقیب",
        "text": "وەڵای میستەر یٔیحتیرامە بۆ یٔەو قسەیەی تۆ، هێمن دەم ڕووت نیە",
        "text_original": "وەڵای میستەر یٔیحتیرامە بۆ یٔەو قسەیەی تۆ، هێمن دەم ڕووت نیە",
        "start": 108331.0,
        "end": 111541.0,
        "audio": "content/segments/107/44.ogg"
    },
    {
        "ID": "45",
        "gender": "M",
        "age": "A",
        "character_name": "موراقیب",
        "text": "ئەسڵەن ئەو هێمنە وەک و هین ئەم حیکمەتە هەڵە",
        "text_original": "ئەسڵەن ئەو هێمنە وەک و هین ئەم حیکمەتە هەڵە",
        "start": 111585.0,
        "end": 114825.0,
        "audio": "content/segments/107/45.ogg"
    },
    {
        "ID": "46",
        "gender": "M",
        "age": "A",
        "character_name": "ئەحمەد",
        "text": "وەکو کەرەکی جۆڵای",
        "text_original": "وەکو کەرەکی جۆڵای",
        "start": 114843.0,
        "end": 116023.0,
        "audio": "content/segments/107/46.ogg"
    },
    {
        "ID": "47",
        "gender": "M",
        "age": "A",
        "character_name": "عەبدوڵا",
        "text": "نانا، وەکو کوتەک",
        "text_original": "نانا، وەکو کوتەک",
        "start": 116074.0,
        "end": 117191.0,
        "audio": "content/segments/107/47.ogg"
    },
    {
        "ID": "48",
        "gender": "M",
        "age": "A",
        "character_name": "موراقیب",
        "text": "کورە بابە قەڵازێی چی لەخۆتەوە",
        "text_original": "کورە بابە قەڵازێی چی لەخۆتەوە",
        "start": 117228.0,
        "end": 119056.0,
        "audio": "content/segments/107/48.ogg"
    },
    {
        "ID": "49",
        "gender": "M",
        "age": "A",
        "character_name": "موراقیب",
        "text": "وەکو فڕ فڕۆکە نیە، ئائەو حیکمەتە هەڵەسوڕێنێ",
        "text_original": "وەکو فڕ فڕۆکە نیە، ئائەو حیکمەتە هەڵەسوڕێنێ",
        "start": 119056.0,
        "end": 122050.0,
        "audio": "content/segments/107/49.ogg"
    },
    {
        "ID": "50",
        "gender": "M",
        "age": "A",
        "character_name": "سەباح",
        "text": "دە ئەمە هەبێ و نەبێ سحرێچی تیایە",
        "text_original": "دە ئەمە هەبێ و نەبێ سحرێچی تیایە",
        "start": 122081.0,
        "end": 125241.0,
        "audio": "content/segments/107/50.ogg"
    },
    {
        "ID": "51",
        "gender": "M",
        "age": "A",
        "character_name": "عومەر",
        "text": "سەباح جیان نە سەحری تیایە و نە هیچ",
        "text_original": "سەباح جیان نە سەحری تیایە و نە هیچ",
        "start": 125322.0,
        "end": 127891.0,
        "audio": "content/segments/107/51.ogg"
    },
    {
        "ID": "52",
        "gender": "M",
        "age": "A",
        "character_name": "عومەر",
        "text": "ئەم شتەی حیکمەت پەیوەندی بە عیلاقەی دەولیەوە هەیە و",
        "text_original": "ئەم شتەی حیکمەت پەیوەندی بە عیلاقەی دەولیەوە هەیە و",
        "start": 128122.00000000001,
        "end": 132089.0,
        "audio": "content/segments/107/52.ogg"
    },
    {
        "ID": "53",
        "gender": "M",
        "age": "A",
        "character_name": "عومەر",
        "text": "لە عیلاقەی دەولی وەرگرتوە",
        "text_original": "لە عیلاقەی دەولی وەرگرتوە",
        "start": 132236.0,
        "end": 134086.0,
        "audio": "content/segments/107/53.ogg"
    },
    {
        "ID": "54",
        "gender": "M",
        "age": "A",
        "character_name": "مستەر",
        "text": "دانیشن، دانیشن عیلاقەی دەولی",
        "text_original": "دانیشن، دانیشن عیلاقەی دەولی",
        "start": 134263.0,
        "end": 136114.0,
        "audio": "content/segments/107/54.ogg"
    },
    {
        "ID": "55",
        "gender": "M",
        "age": "A",
        "character_name": "ڕێبوار",
        "text": "ئەرێ کاک مراقیب جیان بەساقەی باوکھ بم ئیلاقەی دەولی چیە",
        "text_original": "ئەرێ کاک مراقیب جیان بەساقەی باوکھ بم ئیلاقەی دەولی چیە",
        "start": 136414.0,
        "end": 139907.0,
        "audio": "content/segments/107/55.ogg"
    },
    {
        "ID": "56",
        "gender": "M",
        "age": "A",
        "character_name": "مراقیب",
        "text": "ئاااا، عیلاقەی دەولی ئەزانی چیە",
        "text_original": "ئاااا، عیلاقەی دەولی ئەزانی چیە",
        "start": 139995.0,
        "end": 142488.0,
        "audio": "content/segments/107/56.ogg"
    },
    {
        "ID": "57",
        "gender": "M",
        "age": "A",
        "character_name": "موراقیب",
        "text": "عیلاقی دەولی یەعنی دەوڵەتی بچکۆلە و فیڕنە گولەکان",
        "text_original": "عیلاقی دەولی یەعنی دەوڵەتی بچکۆلە و فیڕنە گولەکان",
        "start": 142773.0,
        "end": 147338.0,
        "audio": "content/segments/107/57.ogg"
    },
    {
        "ID": "58",
        "gender": "M",
        "age": "A",
        "character_name": "موراقیب",
        "text": "وا لە زلهێزەکان ئەکەن زلهێزەکان ئەیەن بەیەکا",
        "text_original": "وا لە زلهێزەکان ئەکەن زلهێزەکان ئەیەن بەیەکا",
        "start": 147503.0,
        "end": 150213.0,
        "audio": "content/segments/107/58.ogg"
    },
    {
        "ID": "59",
        "gender": "M",
        "age": "A",
        "character_name": "زاهیر",
        "text": "چ، چ، چ، چ، چ، چ، ڕاوەستە ڕا مراقیب ڕاوەستە ڕاوەستە کاکە",
        "text_original": "چ، چ، چ، چ، چ، چ، ڕاوەستە ڕا مراقیب ڕاوەستە ڕاوەستە کاکە",
        "start": 150294.0,
        "end": 153948.0,
        "audio": "content/segments/107/59.ogg"
    },
    {
        "ID": "60",
        "gender": "M",
        "age": "A",
        "character_name": "مراقیب",
        "text": "چییە ئەی نوسیتەوە",
        "text_original": "چییە ئەی نوسیتەوە",
        "start": 154073.0,
        "end": 155035.0,
        "audio": "content/segments/107/60.ogg"
    },
    {
        "ID": "61",
        "gender": "M",
        "age": "A",
        "character_name": "زاهیر",
        "text": "ئارێوەڵاهی",
        "text_original": "ئارێوەڵاهی",
        "start": 155059.0,
        "end": 156021.0,
        "audio": "content/segments/107/61.ogg"
    },
    {
        "ID": "62",
        "gender": "M",
        "age": "A",
        "character_name": "زاهیر",
        "text": "بە جوانی لۆم برێوە، یٔەمنیش دەینوسمەوە ئەرێوەڵا",
        "text_original": "بە جوانی لۆم برێوە، یٔەمنیش دەینوسمەوە ئەرێوەڵا",
        "start": 156264.0,
        "end": 158604.0,
        "audio": "content/segments/107/62.ogg"
    },
    {
        "ID": "63",
        "gender": "M",
        "age": "A",
        "character_name": "موراقیب",
        "text": "ئێ، دەوڵەتی هین ئیلاقاتی دەولی",
        "text_original": "ئێ، دەوڵەتی هین ئیلاقاتی دەولی",
        "start": 158604.0,
        "end": 160810.0,
        "audio": "content/segments/107/63.ogg"
    },
    {
        "ID": "64",
        "gender": "M",
        "age": "A",
        "character_name": "زاهیر",
        "text": "ئم",
        "text_original": "ئم",
        "start": 160810.0,
        "end": 161501.0,
        "audio": "content/segments/107/64.ogg"
    },
    {
        "ID": "65",
        "gender": "M",
        "age": "A",
        "character_name": "موراقیب",
        "text": "یٔێ، دەوەڵەتی بچوکۆلە و فیڕنە گولە",
        "text_original": "یٔێ، دەوەڵەتی بچوکۆلە و فیڕنە گولە",
        "start": 161843.0,
        "end": 164413.0,
        "audio": "content/segments/107/65.ogg"
    },
    {
        "ID": "66",
        "gender": "NA",
        "age": "NA",
        "character_name": "NA",
        "text": "ئا",
        "text_original": "ئا",
        "start": 164413.0,
        "end": 165424.0,
        "audio": "content/segments/107/66.ogg"
    },
    {
        "ID": "67",
        "gender": "M",
        "age": "A",
        "character_name": "موراقیب",
        "text": "ئەکەونە بەینی زلهێزەکانەوە و",
        "text_original": "ئەکەونە بەینی زلهێزەکانەوە و",
        "start": 165424.0,
        "end": 167242.0,
        "audio": "content/segments/107/67.ogg"
    },
    {
        "ID": "68",
        "gender": "NA",
        "age": "NA",
        "character_name": "NA",
        "text": "زلهێزەکان ئەیەن بەیەکاو شەرەکە گەورە ئەکەن",
        "text_original": "زلهێزەکان ئەیەن بەیەکاو شەرەکە گەورە ئەکەن",
        "start": 167242.0,
        "end": 169434.0,
        "audio": "content/segments/107/68.ogg"
    },
    {
        "ID": "69",
        "gender": "M",
        "age": "A",
        "character_name": "ئەحمەد",
        "text": "ئا، یەعنی کەواتە بەم حسابەی تۆ بێ ئێستا کەواتە منیش زلهێزم",
        "text_original": "ئا، یەعنی کەواتە بەم حسابەی تۆ بێ ئێستا کەواتە منیش زلهێزم",
        "start": 169454.0,
        "end": 173678.0,
        "audio": "content/segments/107/69.ogg"
    },
    {
        "ID": "70",
        "gender": "M",
        "age": "A",
        "character_name": "مستەر",
        "text": "ئەک بەخێر نەیەیتەوە بۆ خۆت و قسەی، باشە",
        "text_original": "ئەک بەخێر نەیەیتەوە بۆ خۆت و قسەی، باشە",
        "start": 174454.0,
        "end": 177533.0,
        "audio": "content/segments/107/70.ogg"
    },
    {
        "ID": "71",
        "gender": "M",
        "age": "A",
        "character_name": "مستەر",
        "text": "پاشان تۆ عەیب ناکەی بەم قەڵافەتەوە خۆتت تەسلیمی ئێمە کردوە",
        "text_original": "پاشان تۆ عەیب ناکەی بەم قەڵافەتەوە خۆتت تەسلیمی ئێمە کردوە",
        "start": 177644.0,
        "end": 181136.0,
        "audio": "content/segments/107/71.ogg"
    },
    {
        "ID": "72",
        "gender": "M",
        "age": "A",
        "character_name": "مستەر",
        "text": "عەیب نیە بۆ تۆ",
        "text_original": "عەیب نیە بۆ تۆ",
        "start": 181136.0,
        "end": 182105.0,
        "audio": "content/segments/107/72.ogg"
    },
    {
        "ID": "73",
        "gender": "M",
        "age": "A",
        "character_name": "حیکمەت",
        "text": "میستەر جیان خۆم تەسلیمی هێمن نەکردوە",
        "text_original": "میستەر جیان خۆم تەسلیمی هێمن نەکردوە",
        "start": 182154.0,
        "end": 184305.0,
        "audio": "content/segments/107/73.ogg"
    },
    {
        "ID": "74",
        "gender": "M",
        "age": "A",
        "character_name": "حیکمەت",
        "text": "بەڵام من و هێمن لەڕووی ئایدۆلۆجیاوە تۆزێ لێک نزیچین",
        "text_original": "بەڵام من و هێمن لەڕووی ئایدۆلۆجیاوە تۆزێ لێک نزیچین",
        "start": 184492.0,
        "end": 188164.0,
        "audio": "content/segments/107/74.ogg"
    },
    {
        "ID": "75",
        "gender": "M",
        "age": "A",
        "character_name": "مستەر",
        "text": "عا، بۆیە ئەویش خۆی بە زلهێز ئەزانێ تۆشی کردوە بە زلهێز",
        "text_original": "عا، بۆیە ئەویش خۆی بە زلهێز ئەزانێ تۆشی کردوە بە زلهێز",
        "start": 188194.0,
        "end": 191535.0,
        "audio": "content/segments/107/75.ogg"
    },
    {
        "ID": "76",
        "gender": "M",
        "age": "A",
        "character_name": "مستەر",
        "text": "لە سایەی سەری کاک نا هێمنەوە هەردووکتان بوون بە زلهێز",
        "text_original": "لە سایەی سەری کاک نا هێمنەوە هەردووکتان بوون بە زلهێز",
        "start": 191834.0,
        "end": 195391.0,
        "audio": "content/segments/107/76.ogg"
    },
    {
        "ID": "77",
        "gender": "M",
        "age": "A",
        "character_name": "مستەر",
        "text": "بەڵام لێتان قبوڵ ناکەم، تۆش",
        "text_original": "بەڵام لێتان قبوڵ ناکەم، تۆش",
        "start": 195944.0,
        "end": 198274.0,
        "audio": "content/segments/107/77.ogg"
    },
    {
        "ID": "78",
        "gender": "M",
        "age": "A",
        "character_name": "مستەر",
        "text": "تۆش ناماقولیو کرد، بێ ئسولیو کرد، لە حزوری خۆما خۆم لێرەم",
        "text_original": "تۆش ناماقولیو کرد، بێ ئسولیو کرد، لە حزوری خۆما خۆم لێرەم",
        "start": 198567.0,
        "end": 203019.0,
        "audio": "content/segments/107/78.ogg"
    },
    {
        "ID": "79",
        "gender": "M",
        "age": "A",
        "character_name": "مستەر",
        "text": "باسی عیلاقاتی دەولی ئەکەی",
        "text_original": "باسی عیلاقاتی دەولی ئەکەی",
        "start": 203147.0,
        "end": 204929.0,
        "audio": "content/segments/107/79.ogg"
    },
    {
        "ID": "80",
        "gender": "M",
        "age": "A",
        "character_name": "مستەر",
        "text": "ئەگەر دەرەجاتی سەعی سەنەویم تەسلیمی ئیدارە نەکردایە",
        "text_original": "ئەگەر دەرەجاتی سەعی سەنەویم تەسلیمی ئیدارە نەکردایە",
        "start": 205044.0,
        "end": 208344.0,
        "audio": "content/segments/107/80.ogg"
    },
    {
        "ID": "81",
        "gender": "M",
        "age": "A",
        "character_name": "مستەر",
        "text": "ئێستا پێنج دەرەجەی بێ ئسوڵیم لێ ئەشکانی",
        "text_original": "ئێستا پێنج دەرەجەی بێ ئسوڵیم لێ ئەشکانی",
        "start": 208804.0,
        "end": 211958.0,
        "audio": "content/segments/107/81.ogg"
    },
    {
        "ID": "82",
        "gender": "M",
        "age": "A",
        "character_name": "موراقیب",
        "text": "نانا مستەر هیچ موشکیلەیەک نییە و هیچ قیمەتیشی نییە ئەو دەرەجەیە",
        "text_original": "نانا مستەر هیچ موشکیلەیەک نییە و هیچ قیمەتیشی نییە ئەو دەرەجەیە",
        "start": 212012.0,
        "end": 215108.0,
        "audio": "content/segments/107/82.ogg"
    },
    {
        "ID": "83",
        "gender": "M",
        "age": "A",
        "character_name": "موراقیب",
        "text": "ئەزانی بۆچی چونکە من خۆم لەدەرسی ئسوڵا مەعەفوم",
        "text_original": "ئەزانی بۆچی چونکە من خۆم لەدەرسی ئسوڵا مەعەفوم",
        "start": 215108.0,
        "end": 219250.0,
        "audio": "content/segments/107/83.ogg"
    },
    {
        "ID": "84",
        "gender": "M",
        "age": "A",
        "character_name": "مستەر",
        "text": "باشە چێ عەفوی کردی ناموبارەک",
        "text_original": "باشە چێ عەفوی کردی ناموبارەک",
        "start": 219452.0,
        "end": 221958.0,
        "audio": "content/segments/107/84.ogg"
    },
    {
        "ID": "85",
        "gender": "M",
        "age": "A",
        "character_name": "موراقیب",
        "text": "وەڵا زروف مستەر",
        "text_original": "وەڵا زروف مستەر",
        "start": 221974.0,
        "end": 223317.0,
        "audio": "content/segments/107/85.ogg"
    },
    {
        "ID": "86",
        "gender": "M",
        "age": "A",
        "character_name": "مستەر",
        "text": "چاوو لێیە ئەحە، چاوو لێیە زڕوف چەن موهیمە",
        "text_original": "چاوو لێیە ئەحە، چاوو لێیە زڕوف چەن موهیمە",
        "start": 223334.0,
        "end": 226462.0,
        "audio": "content/segments/107/86.ogg"
    },
    {
        "ID": "87",
        "gender": "M",
        "age": "A",
        "character_name": "مستەر",
        "text": "ئەها، ئەو موراویبە بێ ئسوڵەی ئیعفا کردوە لە، لە دەرسی ئسوڵا",
        "text_original": "ئەها، ئەو موراویبە بێ ئسوڵەی ئیعفا کردوە لە، لە دەرسی ئسوڵا",
        "start": 226724.0,
        "end": 231938.0,
        "audio": "content/segments/107/87.ogg"
    },
    {
        "ID": "88",
        "gender": "M",
        "age": "A",
        "character_name": "مستەر",
        "text": "دەی یەڵا بەسە",
        "text_original": "دەی یەڵا بەسە",
        "start": 232474.0,
        "end": 233731.0,
        "audio": "content/segments/107/88.ogg"
    },
    {
        "ID": "89",
        "gender": "M",
        "age": "A",
        "character_name": "عومەر",
        "text": "کەچی جەنابت ئەحە فەنی ئا ئەمەنە حساب بۆ زروف ناکەی",
        "text_original": "کەچی جەنابت ئەحە فەنی ئا ئەمەنە حساب بۆ زروف ناکەی",
        "start": 233731.0,
        "end": 237500.0,
        "audio": "content/segments/107/89.ogg"
    },
    {
        "ID": "90",
        "gender": "M",
        "age": "A",
        "character_name": "عومەر",
        "text": "هەی خوا زڕوفھ لێ تێکا",
        "text_original": "هەی خوا زڕوفھ لێ تێکا",
        "start": 237500.0,
        "end": 239075.0,
        "audio": "content/segments/107/90.ogg"
    },
    {
        "ID": "91",
        "gender": "M",
        "age": "A",
        "character_name": "مستەر",
        "text": "یەڵا دەی مەلزەمەکان دەرکەن، بێ ئسوڵینە،دەی",
        "text_original": "یەڵا دەی مەلزەمەکان دەرکەن، بێ ئسوڵینە،دەی",
        "start": 239130.0,
        "end": 241695.0,
        "audio": "content/segments/107/91.ogg"
    },
    {
        "ID": "92",
        "gender": "NA",
        "age": "NA",
        "character_name": "NA",
        "text": "کورە مستەر جیان",
        "text_original": "کورە مستەر جیان",
        "start": 241748.0,
        "end": 243107.0,
        "audio": "content/segments/107/92.ogg"
    },
    {
        "ID": "93",
        "gender": "M",
        "age": "A",
        "character_name": "ئەحمەد",
        "text": "مستەر بەساقەوبم، وەڵای خەتای من نییە، خەتای ئا ئەمەیە",
        "text_original": "مستەر بەساقەوبم، وەڵای خەتای من نییە، خەتای ئا ئەمەیە",
        "start": 243227.0,
        "end": 246641.0,
        "audio": "content/segments/107/93.ogg"
    },
    {
        "ID": "94",
        "gender": "M",
        "age": "A",
        "character_name": "ئەحمەد",
        "text": "ئەمە بە ئیعازی هێمن ئەیەوێ تەعدام لێبکا، برا",
        "text_original": "ئەمە بە ئیعازی هێمن ئەیەوێ تەعدام لێبکا، برا",
        "start": 247005.0,
        "end": 250103.0,
        "audio": "content/segments/107/94.ogg"
    },
    {
        "ID": "95",
        "gender": "M",
        "age": "A",
        "character_name": "ڕێبوار",
        "text": "ئەرێ کاک سەباح جیان تۆ کوردیەکەو باشە ئیعاز یەئنی چی",
        "text_original": "ئەرێ کاک سەباح جیان تۆ کوردیەکەو باشە ئیعاز یەئنی چی",
        "start": 250342.0,
        "end": 254200.0,
        "audio": "content/segments/107/95.ogg"
    },
    {
        "ID": "96",
        "gender": "M",
        "age": "A",
        "character_name": "سەباح",
        "text": "ئیعاز، وەڵا پێموایە ئیعاز ئەوەیە کە لە عەسکەری",
        "text_original": "ئیعاز، وەڵا پێموایە ئیعاز ئەوەیە کە لە عەسکەری",
        "start": 254225.0,
        "end": 257672.00000000003,
        "audio": "content/segments/107/96.ogg"
    },
    {
        "ID": "97",
        "gender": "M",
        "age": "A",
        "character_name": "سەباح",
        "text": "ئەوە نیە کە پێت ئەڵێن، یەس ئم، یەس ئم",
        "text_original": "ئەوە نیە کە پێت ئەڵێن، یەس ئم، یەس ئم",
        "start": 257672.00000000003,
        "end": 260684.00000000003,
        "audio": "content/segments/107/97.ogg"
    },
    {
        "ID": "98",
        "gender": "M",
        "age": "A",
        "character_name": "زاهیر",
        "text": "ئاااا، ئێ ئێ ئێ",
        "text_original": "ئاااا، ئێ ئێ ئێ",
        "start": 260684.00000000003,
        "end": 263204.0,
        "audio": "content/segments/107/98.ogg"
    },
    {
        "ID": "99",
        "gender": "M",
        "age": "A",
        "character_name": "زاهیر",
        "text": "یاعنی هێمن نائیب زابتە و ئەو کاک حیکمەتەش جوندی مکەلەفی بەردەستیتی",
        "text_original": "یاعنی هێمن نائیب زابتە و ئەو کاک حیکمەتەش جوندی مکەلەفی بەردەستیتی",
        "start": 263204.0,
        "end": 269358.0,
        "audio": "content/segments/107/99.ogg"
    },
    {
        "ID": "100",
        "gender": "M",
        "age": "A",
        "character_name": "ئەحمەد",
        "text": "شەڵا موکەلەف بوایە کاک زاهیر، کورە ئەمە موراسیرە موراسیر",
        "text_original": "شەڵا موکەلەف بوایە کاک زاهیر، کورە ئەمە موراسیرە موراسیر",
        "start": 269497.0,
        "end": 273429.0,
        "audio": "content/segments/107/100.ogg"
    },
    {
        "ID": "101",
        "gender": "M",
        "age": "A",
        "character_name": "حیکمەت",
        "text": "بمگرن، ئەیکوژم بمگرن",
        "text_original": "بمگرن، ئەیکوژم بمگرن",
        "start": 273484.0,
        "end": 275676.0,
        "audio": "content/segments/107/101.ogg"
    },
    {
        "ID": "102",
        "gender": "M",
        "age": "A",
        "character_name": "عومەر",
        "text": "هێواش،هێواش",
        "text_original": "هێواش،هێواش",
        "start": 276224.0,
        "end": 278136.0,
        "audio": "content/segments/107/102.ogg"
    },
    {
        "ID": "103",
        "gender": "M",
        "age": "A",
        "character_name": "ئەحمەد",
        "text": "ئەها مستەر بەس نەبوو خۆو بەچاوی خۆو بینی",
        "text_original": "ئەها مستەر بەس نەبوو خۆو بەچاوی خۆو بینی",
        "start": 278384.0,
        "end": 281264.0,
        "audio": "content/segments/107/103.ogg"
    },
    {
        "ID": "104",
        "gender": "M",
        "age": "A",
        "character_name": "ئەحمەد",
        "text": "ئەگینا وەڵای هەزار قوڕعانم بخواردایە",
        "text_original": "ئەگینا وەڵای هەزار قوڕعانم بخواردایە",
        "start": 281285.0,
        "end": 283767.0,
        "audio": "content/segments/107/104.ogg"
    },
    {
        "ID": "105",
        "gender": "M",
        "age": "A",
        "character_name": "ئەحمەد",
        "text": "هەر باوڕھ پێ نەئەکردم و ئەت وت خەتای تۆیە",
        "text_original": "هەر باوڕھ پێ نەئەکردم و ئەت وت خەتای تۆیە",
        "start": 283804.0,
        "end": 286005.0,
        "audio": "content/segments/107/105.ogg"
    },
    {
        "ID": "106",
        "gender": "M",
        "age": "A",
        "character_name": "مستەر",
        "text": "یٔاخر تۆش جەنابھ یٔەوەنە موبارەک نی",
        "text_original": "یٔاخر تۆش جەنابھ یٔەوەنە موبارەک نی",
        "start": 286184.0,
        "end": 288758.0,
        "audio": "content/segments/107/106.ogg"
    },
    {
        "ID": "107",
        "gender": "NA",
        "age": "NA",
        "character_name": "NA",
        "text": "ئەرێ باشە کاک حیکمەت",
        "text_original": "ئەرێ باشە کاک حیکمەت",
        "start": 288758.0,
        "end": 290975.0,
        "audio": "content/segments/107/107.ogg"
    },
    {
        "ID": "108",
        "gender": "M",
        "age": "A",
        "character_name": "موراقیب",
        "text": "ئێمە بەتەمابووین بونێرین",
        "text_original": "ئێمە بەتەمابووین بونێرین",
        "start": 290975.0,
        "end": 292414.0,
        "audio": "content/segments/107/108.ogg"
    },
    {
        "ID": "109",
        "gender": "M",
        "age": "A",
        "character_name": "موراقیب",
        "text": "ئەو شەری سودان و دار فۆر و مار فۆرە هێواش کەیتەوە",
        "text_original": "ئەو شەری سودان و دار فۆر و مار فۆرە هێواش کەیتەوە",
        "start": 292414.0,
        "end": 295569.0,
        "audio": "content/segments/107/109.ogg"
    },
    {
        "ID": "110",
        "gender": "M",
        "age": "A",
        "character_name": "موراقیب",
        "text": "کەچی بە قسەی ئەحە ئەچی بە عاسمانا",
        "text_original": "کەچی بە قسەی ئەحە ئەچی بە عاسمانا",
        "start": 295569.0,
        "end": 297318.0,
        "audio": "content/segments/107/110.ogg"
    },
    {
        "ID": "111",
        "gender": "M",
        "age": "A",
        "character_name": "حیکمەت",
        "text": "کاک موراقیب جیان لێم مەگرە بڕوا بکە گەیشتۆتە ئا ئێرەم",
        "text_original": "کاک موراقیب جیان لێم مەگرە بڕوا بکە گەیشتۆتە ئا ئێرەم",
        "start": 297480.0,
        "end": 302027.0,
        "audio": "content/segments/107/111.ogg"
    },
    {
        "ID": "112",
        "gender": "M",
        "age": "A",
        "character_name": "مستەر",
        "text": "خراپە، خراپە تۆزێ ئەقڵھ بێ نابێ بگاتە ئا ئێرەی",
        "text_original": "خراپە، خراپە تۆزێ ئەقڵھ بێ نابێ بگاتە ئا ئێرەی",
        "start": 302218.0,
        "end": 306558.0,
        "audio": "content/segments/107/112.ogg"
    },
    {
        "ID": "113",
        "gender": "M",
        "age": "A",
        "character_name": "مستەر",
        "text": "تۆزێ تەحەمولتان بێ، بۆوان لەگەڵ یەکتریا",
        "text_original": "تۆزێ تەحەمولتان بێ، بۆوان لەگەڵ یەکتریا",
        "start": 306868.0,
        "end": 309772.0,
        "audio": "content/segments/107/113.ogg"
    },
    {
        "ID": "114",
        "gender": "M",
        "age": "A",
        "character_name": "موراقیب",
        "text": "مستەر، مستەر، تو شەرەفھ ئەو کاک حیکمەتە چاویشی دەرەها",
        "text_original": "مستەر، مستەر، تو شەرەفھ ئەو کاک حیکمەتە چاویشی دەرەها",
        "start": 309788.0,
        "end": 313873.0,
        "audio": "content/segments/107/114.ogg"
    },
    {
        "ID": "115",
        "gender": "M",
        "age": "A",
        "character_name": "موراقیب",
        "text": "بەس ئا ئەو ئەحەیە دراوسێی تۆ بوایە و ئاوای بکردایە تۆ چیت ئەکرد",
        "text_original": "بەس ئا ئەو ئەحەیە دراوسێی تۆ بوایە و ئاوای بکردایە تۆ چیت ئەکرد",
        "start": 313900.0,
        "end": 317009.0,
        "audio": "content/segments/107/115.ogg"
    },
    {
        "ID": "116",
        "gender": "M",
        "age": "A",
        "character_name": "مستەر",
        "text": "ئاخر من جیام و ئەو جیایە",
        "text_original": "ئاخر من جیام و ئەو جیایە",
        "start": 317009.0,
        "end": 319355.0,
        "audio": "content/segments/107/116.ogg"
    },
    {
        "ID": "117",
        "gender": "M",
        "age": "A",
        "character_name": "مستەر",
        "text": "تێئەگەن، بەسە و بیبڕنەوەو ئیتر با خەریکی دەرسەکەمان بین",
        "text_original": "تێئەگەن، بەسە و بیبڕنەوەو ئیتر با خەریکی دەرسەکەمان بین",
        "start": 319355.0,
        "end": 322632.0,
        "audio": "content/segments/107/117.ogg"
    },
    {
        "ID": "118",
        "gender": "M",
        "age": "A",
        "character_name": "مستەر",
        "text": "یەڵا دەی",
        "text_original": "یەڵا دەی",
        "start": 323130.0,
        "end": 324073.0,
        "audio": "content/segments/107/118.ogg"
    },
    {
        "ID": "119",
        "gender": "M",
        "age": "A",
        "character_name": "مستەر",
        "text": "ئا ئەمە، ئەمە چێ نوسیویەتی نێلسۆن ماندێلا",
        "text_original": "ئا ئەمە، ئەمە چێ نوسیویەتی نێلسۆن ماندێلا",
        "start": 324493.0,
        "end": 328187.0,
        "audio": "content/segments/107/119.ogg"
    },
    {
        "ID": "121",
        "gender": "M",
        "age": "A",
        "character_name": "موراقیب",
        "text": "وەڵای میستەر کە بەیانی هاتین بەوێوە بوو",
        "text_original": "وەڵای میستەر کە بەیانی هاتین بەوێوە بوو",
        "start": 331642.0,
        "end": 333395.0,
        "audio": "content/segments/107/121.ogg"
    },
    {
        "ID": "122",
        "gender": "M",
        "age": "A",
        "character_name": "عومەر",
        "text": "بەو خوایە منیش بەچاوی خۆم دیم، کە بەیانی هاتین نوسرا بوو",
        "text_original": "بەو خوایە منیش بەچاوی خۆم دیم، کە بەیانی هاتین نوسرا بوو",
        "start": 333426.0,
        "end": 336158.0,
        "audio": "content/segments/107/122.ogg"
    },
    {
        "ID": "123",
        "gender": "M",
        "age": "A",
        "character_name": "ئەحمەد",
        "text": "ئا بەس مستەر ئەوە ئیحتیمالە دەوامی ئێواران نوسیبێت، نوسیویانە",
        "text_original": "ئا بەس مستەر ئەوە ئیحتیمالە دەوامی ئێواران نوسیبێت، نوسیویانە",
        "start": 336321.0,
        "end": 340201.0,
        "audio": "content/segments/107/123.ogg"
    },
    {
        "ID": "124",
        "gender": "M",
        "age": "A",
        "character_name": "مستەر",
        "text": "هەرچکەسێ ئەوەی نوسیوە نێلسۆن ماندێلا ئەشەو بیلا دەستی خۆش بێ",
        "text_original": "هەرچکەسێ ئەوەی نوسیوە نێلسۆن ماندێلا ئەشەو بیلا دەستی خۆش بێ",
        "start": 340434.0,
        "end": 345528.0,
        "audio": "content/segments/107/124.ogg"
    },
    {
        "ID": "125",
        "gender": "M",
        "age": "A",
        "character_name": "مستەر",
        "text": "چونکە ئەزانن بۆ ئەم پیاوە پیاوێکی زۆر موهیمە",
        "text_original": "چونکە ئەزانن بۆ ئەم پیاوە پیاوێکی زۆر موهیمە",
        "start": 345541.0,
        "end": 348500.0,
        "audio": "content/segments/107/125.ogg"
    },
    {
        "ID": "126",
        "gender": "M",
        "age": "A",
        "character_name": "ڕێبوار",
        "text": "چییە ئەحە چییە، نێلسۆن ما ماندێلا یاعنی چی ئەحە",
        "text_original": "چییە ئەحە چییە، نێلسۆن ما ماندێلا یاعنی چی ئەحە",
        "start": 348659.0,
        "end": 351638.0,
        "audio": "content/segments/107/126.ogg"
    },
    {
        "ID": "127",
        "gender": "M",
        "age": "A",
        "character_name": "ئەحمەد",
        "text": "ئەوە وابزانم هینە، ڕەقەم حەوتەکەی پرتوغالە",
        "text_original": "ئەوە وابزانم هینە، ڕەقەم حەوتەکەی پرتوغالە",
        "start": 351638.0,
        "end": 354098.0,
        "audio": "content/segments/107/127.ogg"
    },
    {
        "ID": "128",
        "gender": "M",
        "age": "A",
        "character_name": "هێمن",
        "text": "(پێکەنین)",
        "text_original": "(پێکەنین)",
        "start": 354223.0,
        "end": 355487.0,
        "audio": "content/segments/107/128.ogg"
    },
    {
        "ID": "129",
        "gender": "M",
        "age": "A",
        "character_name": "ڕێبوار",
        "text": "هەی قوزەلقورت",
        "text_original": "هەی قوزەلقورت",
        "start": 355487.0,
        "end": 356519.0,
        "audio": "content/segments/107/129.ogg"
    },
    {
        "ID": "130",
        "gender": "NA",
        "age": "NA",
        "character_name": "NA",
        "text": "ئەها مستەر چەن ناشرین پێئەکەنێ ئەها",
        "text_original": "ئەها مستەر چەن ناشرین پێئەکەنێ ئەها",
        "start": 356578.0,
        "end": 359369.0,
        "audio": "content/segments/107/130.ogg"
    },
    {
        "ID": "131",
        "gender": "M",
        "age": "A",
        "character_name": "مستەر",
        "text": "دەسی خۆش بێ، دە زیاتر پێی پێبکەنە",
        "text_original": "دەسی خۆش بێ، دە زیاتر پێی پێبکەنە",
        "start": 359442.0,
        "end": 362090.0,
        "audio": "content/segments/107/131.ogg"
    },
    {
        "ID": "132",
        "gender": "NA",
        "age": "NA",
        "character_name": "NA",
        "text": "بۆیە",
        "text_original": "بۆیە",
        "start": 362164.0,
        "end": 364476.0,
        "audio": "content/segments/107/132.ogg"
    },
    {
        "ID": "133",
        "gender": "M",
        "age": "A",
        "character_name": "مستەر",
        "text": "بەسە هەتیوو بەسە، مەیکە بە ڕۆژی خۆو",
        "text_original": "بەسە هەتیوو بەسە، مەیکە بە ڕۆژی خۆو",
        "start": 364501.0,
        "end": 367305.0,
        "audio": "content/segments/107/133.ogg"
    },
    {
        "ID": "134",
        "gender": "M",
        "age": "A",
        "character_name": "مستەر",
        "text": "تۆێک ئەوەنە قەشمەڕ بی",
        "text_original": "تۆێک ئەوەنە قەشمەڕ بی",
        "start": 367716.0,
        "end": 369527.0,
        "audio": "content/segments/107/134.ogg"
    },
    {
        "ID": "135",
        "gender": "M",
        "age": "A",
        "character_name": "مستەر",
        "text": "نێلسۆن ماندێلات لێ ببێ بە ڕەقەم حەوتەکەی پرتوغال",
        "text_original": "نێلسۆن ماندێلات لێ ببێ بە ڕەقەم حەوتەکەی پرتوغال",
        "start": 369956.0,
        "end": 373231.0,
        "audio": "content/segments/107/135.ogg"
    },
    {
        "ID": "136",
        "gender": "M",
        "age": "A",
        "character_name": "مستەر",
        "text": "هەقە دە ئەوەنەی تر پێو پێبکەنێ تێئەگەی",
        "text_original": "هەقە دە ئەوەنەی تر پێو پێبکەنێ تێئەگەی",
        "start": 373646.0,
        "end": 376321.0,
        "audio": "content/segments/107/136.ogg"
    },
    {
        "ID": "137",
        "gender": "M",
        "age": "A",
        "character_name": "سەباح",
        "text": "جا وەڵا میستەر ئەو قەشمەریە منیشی گرتەوە",
        "text_original": "جا وەڵا میستەر ئەو قەشمەریە منیشی گرتەوە",
        "start": 376331.0,
        "end": 379127.0,
        "audio": "content/segments/107/137.ogg"
    },
    {
        "ID": "138",
        "gender": "M",
        "age": "A",
        "character_name": "مستەر",
        "text": "بۆ",
        "text_original": "بۆ",
        "start": 379208.0,
        "end": 379594.0,
        "audio": "content/segments/107/138.ogg"
    },
    {
        "ID": "139",
        "gender": "M",
        "age": "A",
        "character_name": "سەباح",
        "text": "ئەی وەڵا منیش نازانم نیلسن ماندێلا چێیە",
        "text_original": "ئەی وەڵا منیش نازانم نیلسن ماندێلا چێیە",
        "start": 379594.0,
        "end": 382169.0,
        "audio": "content/segments/107/139.ogg"
    },
    {
        "ID": "140",
        "gender": "M",
        "age": "A",
        "character_name": "عومەر",
        "text": "یٔەزانی چێیە",
        "text_original": "یٔەزانی چێیە",
        "start": 382331.0,
        "end": 383102.0,
        "audio": "content/segments/107/140.ogg"
    },
    {
        "ID": "141",
        "gender": "M",
        "age": "A",
        "character_name": "سەباح",
        "text": "چێ",
        "text_original": "چێ",
        "start": 383102.0,
        "end": 383484.0,
        "audio": "content/segments/107/141.ogg"
    },
    {
        "ID": "142",
        "gender": "M",
        "age": "A",
        "character_name": "عومەر",
        "text": "ئەوەیە کە لەم ئاخیرەیا ژنی دوهەمی هێنا",
        "text_original": "ئەوەیە کە لەم ئاخیرەیا ژنی دوهەمی هێنا",
        "start": 383533.0,
        "end": 385874.0,
        "audio": "content/segments/107/142.ogg"
    },
    {
        "ID": "143",
        "gender": "M",
        "age": "A",
        "character_name": "مستەر",
        "text": "ئەک بەخێرنێنەوە، ئەوە بۆ شتە خراپەکان دایمە لەبەر چاوتانە و",
        "text_original": "ئەک بەخێرنێنەوە، ئەوە بۆ شتە خراپەکان دایمە لەبەر چاوتانە و",
        "start": 386036.0,
        "end": 389839.0,
        "audio": "content/segments/107/143.ogg"
    },
    {
        "ID": "144",
        "gender": "M",
        "age": "A",
        "character_name": "مستەر",
        "text": "شتە باشەکان لەبەر چاو نیە",
        "text_original": "شتە باشەکان لەبەر چاو نیە",
        "start": 389839.0,
        "end": 391663.0,
        "audio": "content/segments/107/144.ogg"
    },
    {
        "ID": "145",
        "gender": "M",
        "age": "A",
        "character_name": "مستەر",
        "text": "ئەو پیاوە هەموو حەیاتی لەناو سجنا بەسەر برد، تێئەگەن",
        "text_original": "ئەو پیاوە هەموو حەیاتی لەناو سجنا بەسەر برد، تێئەگەن",
        "start": 392132.0,
        "end": 395746.0,
        "audio": "content/segments/107/145.ogg"
    },
    {
        "ID": "146",
        "gender": "M",
        "age": "A",
        "character_name": "زاهیر",
        "text": "وا بوو دوایەش بوو بە ڕەئیس جموری",
        "text_original": "وا بوو دوایەش بوو بە ڕەئیس جموری",
        "start": 395817.0,
        "end": 398511.0,
        "audio": "content/segments/107/146.ogg"
    },
    {
        "ID": "147",
        "gender": "M",
        "age": "A",
        "character_name": "مستەر",
        "text": "ئافەرم ڕاسەکا، پاشی ئەوەش بۆ خۆی خانەنشین کرا",
        "text_original": "ئافەرم ڕاسەکا، پاشی ئەوەش بۆ خۆی خانەنشین کرا",
        "start": 398511.0,
        "end": 402820.0,
        "audio": "content/segments/107/147.ogg"
    },
    {
        "ID": "148",
        "gender": "M",
        "age": "A",
        "character_name": "موراقیب",
        "text": "چۆن چۆن مستەر",
        "text_original": "چۆن چۆن مستەر",
        "start": 402876.0,
        "end": 403965.0,
        "audio": "content/segments/107/148.ogg"
    },
    {
        "ID": "149",
        "gender": "M",
        "age": "A",
        "character_name": "مستەر",
        "text": "ئەی چۆن ئێستە تەقاوتەو بۆخۆی تەقاوت بوەو دانیشتوە",
        "text_original": "ئەی چۆن ئێستە تەقاوتەو بۆخۆی تەقاوت بوەو دانیشتوە",
        "start": 403965.0,
        "end": 406882.0,
        "audio": "content/segments/107/149.ogg"
    },
    {
        "ID": "150",
        "gender": "M",
        "age": "A",
        "character_name": "موراقیب",
        "text": "بە جدیتە",
        "text_original": "بە جدیتە",
        "start": 406891.0,
        "end": 407671.0,
        "audio": "content/segments/107/150.ogg"
    },
    {
        "ID": "151",
        "gender": "M",
        "age": "A",
        "character_name": "مستەر",
        "text": "ئای خۆ درۆو لەگەڵ ناکەم کوڕم",
        "text_original": "ئای خۆ درۆو لەگەڵ ناکەم کوڕم",
        "start": 407867.0,
        "end": 409862.0,
        "audio": "content/segments/107/151.ogg"
    },
    {
        "ID": "152",
        "gender": "M",
        "age": "A",
        "character_name": "موراقیب",
        "text": "باشە چۆن وا ئەبێ مستەر لای ئێمە ڕەیس جمور هەر ڕەیس جمورە",
        "text_original": "باشە چۆن وا ئەبێ مستەر لای ئێمە ڕەیس جمور هەر ڕەیس جمورە",
        "start": 409953.0,
        "end": 413756.0,
        "audio": "content/segments/107/152.ogg"
    },
    {
        "ID": "153",
        "gender": "M",
        "age": "A",
        "character_name": "موراقیب",
        "text": "لەشەرقا ئەڵێم لای خۆمان",
        "text_original": "لەشەرقا ئەڵێم لای خۆمان",
        "start": 413843.0,
        "end": 415527.0,
        "audio": "content/segments/107/153.ogg"
    },
    {
        "ID": "154",
        "gender": "M",
        "age": "A",
        "character_name": "مستەر",
        "text": "ئێ",
        "text_original": "ئێ",
        "start": 415527.0,
        "end": 416173.0,
        "audio": "content/segments/107/154.ogg"
    },
    {
        "ID": "155",
        "gender": "M",
        "age": "A",
        "character_name": "موراقیب",
        "text": "ئەو پیاوە ڕەیس جمورە، هەر ڕەیس جمورە",
        "text_original": "ئەو پیاوە ڕەیس جمورە، هەر ڕەیس جمورە",
        "start": 416927.0,
        "end": 420000.0,
        "audio": "content/segments/107/155.ogg"
    },
    {
        "ID": "156",
        "gender": "M",
        "age": "A",
        "character_name": "موراقیب",
        "text": "یا ئەچێتە تائریخەوە یان ئەچێتە قەبرەوە، بە ڕەیس جموری",
        "text_original": "یا ئەچێتە تائریخەوە یان ئەچێتە قەبرەوە، بە ڕەیس جموری",
        "start": 420237.0,
        "end": 423678.0,
        "audio": "content/segments/107/156.ogg"
    },
    {
        "ID": "157",
        "gender": "M",
        "age": "A",
        "character_name": "هێمن",
        "text": "کاک موراقیب هەتا ئەچێتە سجنەوە هەر ڕەیسە",
        "text_original": "کاک موراقیب هەتا ئەچێتە سجنەوە هەر ڕەیسە",
        "start": 423731.0,
        "end": 426511.0,
        "audio": "content/segments/107/157.ogg"
    },
    {
        "ID": "158",
        "gender": "M",
        "age": "A",
        "character_name": "ئەحمەد",
        "text": "وس،وس، وس، هەتیوو هەتیوو تۆ موداخەلە مەکە لەخۆتەوە",
        "text_original": "وس،وس، وس، هەتیوو هەتیوو تۆ موداخەلە مەکە لەخۆتەوە",
        "start": 426535.0,
        "end": 429055.0,
        "audio": "content/segments/107/158.ogg"
    },
    {
        "ID": "159",
        "gender": "M",
        "age": "A",
        "character_name": "ئەحمەد",
        "text": "تاکو من وەستابم تۆ نابێ قسە بکەی ئا لەم مەوزوعانەیا قسە ئەکا مستەر",
        "text_original": "تاکو من وەستابم تۆ نابێ قسە بکەی ئا لەم مەوزوعانەیا قسە ئەکا مستەر",
        "start": 429062.0,
        "end": 432012.0,
        "audio": "content/segments/107/159.ogg"
    },
    {
        "ID": "160",
        "gender": "M",
        "age": "A",
        "character_name": "ئەحمەد",
        "text": "چاو چاو مناڵی دوێنێیە",
        "text_original": "چاو چاو مناڵی دوێنێیە",
        "start": 432012.0,
        "end": 433112.0,
        "audio": "content/segments/107/160.ogg"
    },
    {
        "ID": "161",
        "gender": "M",
        "age": "A",
        "character_name": "حیکمەت",
        "text": "مناڵی چی قەلەموون",
        "text_original": "مناڵی چی قەلەموون",
        "start": 433485.0,
        "end": 434694.0,
        "audio": "content/segments/107/161.ogg"
    },
    {
        "ID": "162",
        "gender": "M",
        "age": "A",
        "character_name": "حیکمەت",
        "text": "ئەوەی کە سەدامی مەحکەمە کرد، یەک بست لەم هەڵکشاوە تر بوو",
        "text_original": "ئەوەی کە سەدامی مەحکەمە کرد، یەک بست لەم هەڵکشاوە تر بوو",
        "start": 435395.0,
        "end": 439133.0,
        "audio": "content/segments/107/162.ogg"
    },
    {
        "ID": "163",
        "gender": "M",
        "age": "A",
        "character_name": "عومەر",
        "text": "ئەرێ بەراست میستەر جیان، نا ئەکرا حاکمێکی پیریان بۆ دانایە",
        "text_original": "ئەرێ بەراست میستەر جیان، نا ئەکرا حاکمێکی پیریان بۆ دانایە",
        "start": 439291.0,
        "end": 443020.0,
        "audio": "content/segments/107/163.ogg"
    },
    {
        "ID": "164",
        "gender": "M",
        "age": "A",
        "character_name": "مستەر",
        "text": "بۆ ئاغا تۆ وا ئەزانی حاکم بامێیە ناسک و پیری هەبێت",
        "text_original": "بۆ ئاغا تۆ وا ئەزانی حاکم بامێیە ناسک و پیری هەبێت",
        "start": 443452.0,
        "end": 448102.0,
        "audio": "content/segments/107/164.ogg"
    },
    {
        "ID": "165",
        "gender": "M",
        "age": "A",
        "character_name": "مستەر",
        "text": "حاکم هەر حاکمە پاشان ئەوە هینە، مەعنای هەیە مەعنا ئەبێ تێبگەن",
        "text_original": "حاکم هەر حاکمە پاشان ئەوە هینە، مەعنای هەیە مەعنا ئەبێ تێبگەن",
        "start": 448115.0,
        "end": 453983.0,
        "audio": "content/segments/107/165.ogg"
    },
    {
        "ID": "166",
        "gender": "M",
        "age": "A",
        "character_name": "موراقیب",
        "text": "ئاها، وەڵا من تێگەیشتووم",
        "text_original": "ئاها، وەڵا من تێگەیشتووم",
        "start": 454005.0,
        "end": 456249.0,
        "audio": "content/segments/107/166.ogg"
    },
    {
        "ID": "167",
        "gender": "M",
        "age": "A",
        "character_name": "موراقیب",
        "text": "مەعنای ئەوەیە ئەبێ عێراقی ئایندە تۆزێ گەنج و هین بێ تێکسمڕاو بێ",
        "text_original": "مەعنای ئەوەیە ئەبێ عێراقی ئایندە تۆزێ گەنج و هین بێ تێکسمڕاو بێ",
        "start": 456738.0,
        "end": 461868.0,
        "audio": "content/segments/107/167.ogg"
    },
    {
        "ID": "168",
        "gender": "M",
        "age": "A",
        "character_name": "ئەحمەد",
        "text": "خۆی یا قانونەکەی مستەر",
        "text_original": "خۆی یا قانونەکەی مستەر",
        "start": 461937.0,
        "end": 463439.0,
        "audio": "content/segments/107/168.ogg"
    },
    {
        "ID": "169",
        "gender": "M",
        "age": "A",
        "character_name": "مستەر",
        "text": "ئەزانی چی خۆشی و قانونەکەشی و سیاسەتەکەشی ئەبێ ئاوا بێ ئەی چۆن",
        "text_original": "ئەزانی چی خۆشی و قانونەکەشی و سیاسەتەکەشی ئەبێ ئاوا بێ ئەی چۆن",
        "start": 463455.0,
        "end": 468463.0,
        "audio": "content/segments/107/169.ogg"
    },
    {
        "ID": "170",
        "gender": "M",
        "age": "A",
        "character_name": "عەبدوڵا",
        "text": "ئهاا، ئۆخەیش وەڵاهی من تەواو بووم لێبوومەوە، ئەها سەیریکەن",
        "text_original": "ئهاا، ئۆخەیش وەڵاهی من تەواو بووم لێبوومەوە، ئەها سەیریکەن",
        "start": 468508.0,
        "end": 474773.0,
        "audio": "content/segments/107/170.ogg"
    },
    {
        "ID": "171",
        "gender": "M",
        "age": "A",
        "character_name": "عەبدوڵا",
        "text": "ئەها، سەیریکەن زاهیر",
        "text_original": "ئەها، سەیریکەن زاهیر",
        "start": 475498.0,
        "end": 477296.0,
        "audio": "content/segments/107/171.ogg"
    },
    {
        "ID": "172",
        "gender": "M",
        "age": "A",
        "character_name": "مستەر",
        "text": "لەچی بویتەوە چیو کردوە ئادەی",
        "text_original": "لەچی بویتەوە چیو کردوە ئادەی",
        "start": 477315.0,
        "end": 479162.0,
        "audio": "content/segments/107/172.ogg"
    },
    {
        "ID": "173",
        "gender": "M",
        "age": "A",
        "character_name": "مستەر",
        "text": "یٔا بێنە بزانم چیو کردوە",
        "text_original": "یٔا بێنە بزانم چیو کردوە",
        "start": 481118.0,
        "end": 482337.0,
        "audio": "content/segments/107/173.ogg"
    },
    {
        "ID": "174",
        "gender": "M",
        "age": "A",
        "character_name": "عەبدوڵا",
        "text": "مستەر سەیریکە ئەها",
        "text_original": "مستەر سەیریکە ئەها",
        "start": 482364.0,
        "end": 484313.0,
        "audio": "content/segments/107/174.ogg"
    },
    {
        "ID": "175",
        "gender": "M",
        "age": "A",
        "character_name": "مستەر",
        "text": "ئەک بەخێر نەیەیتەوە ئەفەنی، ئەمە ڕەسمی کونەپەپوە کردوتە",
        "text_original": "ئەک بەخێر نەیەیتەوە ئەفەنی، ئەمە ڕەسمی کونەپەپوە کردوتە",
        "start": 485094.0,
        "end": 488629.0,
        "audio": "content/segments/107/175.ogg"
    },
    {
        "ID": "176",
        "gender": "NA",
        "age": "NA",
        "character_name": "NA",
        "text": "باشە بۆچی بۆچی کونەپەپوو",
        "text_original": "باشە بۆچی بۆچی کونەپەپوو",
        "start": 488738.0,
        "end": 490945.0,
        "audio": "content/segments/107/176.ogg"
    },
    {
        "ID": "177",
        "gender": "M",
        "age": "A",
        "character_name": "عومەر",
        "text": "هەی لە یٔۆمەت نەچوو ها بۆ",
        "text_original": "هەی لە یٔۆمەت نەچوو ها بۆ",
        "start": 490945.0,
        "end": 492593.0,
        "audio": "content/segments/107/177.ogg"
    },
    {
        "ID": "178",
        "gender": "M",
        "age": "A",
        "character_name": "عەبدوڵا",
        "text": "ئاخر میستەر جیان وەڵای لەبەر خاتری ئەوە کونەپەپووم دروست کردوە",
        "text_original": "ئاخر میستەر جیان وەڵای لەبەر خاتری ئەوە کونەپەپووم دروست کردوە",
        "start": 492655.0,
        "end": 495987.0,
        "audio": "content/segments/107/178.ogg"
    },
    {
        "ID": "179",
        "gender": "M",
        "age": "A",
        "character_name": "عەبدوڵا",
        "text": "ئەم سلفە خۆی ئیلهامت ئەیاتێ بەوشێوازە فەنیە کونەپەپوو دروستی",
        "text_original": "ئەم سلفە خۆی ئیلهامت ئەیاتێ بەوشێوازە فەنیە کونەپەپوو دروستی",
        "start": 495988.0,
        "end": 500851.0,
        "audio": "content/segments/107/179.ogg"
    },
    {
        "ID": "180",
        "gender": "M",
        "age": "A",
        "character_name": "موراقیب",
        "text": "ئااا، یەعنی جەنابھ سەر بە قوتابخانەی ڕیالیزمی ترسنۆچی",
        "text_original": "ئااا، یەعنی جەنابھ سەر بە قوتابخانەی ڕیالیزمی ترسنۆچی",
        "start": 500896.0,
        "end": 504970.0,
        "audio": "content/segments/107/180.ogg"
    },
    {
        "ID": "181",
        "gender": "M",
        "age": "A",
        "character_name": "عەبدوڵا",
        "text": "نا، نانانا، من سەر بە قوتابخانەی ڕیالیزمی ڕەش پەروەرم",
        "text_original": "نا، نانانا، من سەر بە قوتابخانەی ڕیالیزمی ڕەش پەروەرم",
        "start": 505018.0,
        "end": 510908.0,
        "audio": "content/segments/107/181.ogg"
    },
    {
        "ID": "182",
        "gender": "M",
        "age": "A",
        "character_name": "عەبدوڵا",
        "text": "لە سیاقەتیشا هەر حەزم لە بەگە",
        "text_original": "لە سیاقەتیشا هەر حەزم لە بەگە",
        "start": 511289.0,
        "end": 513307.0,
        "audio": "content/segments/107/182.ogg"
    },
    {
        "ID": "183",
        "gender": "M",
        "age": "A",
        "character_name": "مستەر",
        "text": "ئەوە خراپە کوڕم، ئینسان نابێ لە واقعی ئەمڕۆژا بژی",
        "text_original": "ئەوە خراپە کوڕم، ئینسان نابێ لە واقعی ئەمڕۆژا بژی",
        "start": 513479.00000000006,
        "end": 518142.00000000006,
        "audio": "content/segments/107/183.ogg"
    },
    {
        "ID": "184",
        "gender": "M",
        "age": "A",
        "character_name": "مستەر",
        "text": "ئەبێ گەشبین بی ئەبێ چاوو لەموستەقبەل بێ ئەوەی تۆ زۆر خراپە",
        "text_original": "ئەبێ گەشبین بی ئەبێ چاوو لەموستەقبەل بێ ئەوەی تۆ زۆر خراپە",
        "start": 518568.99999999994,
        "end": 524360.0,
        "audio": "content/segments/107/184.ogg"
    },
    {
        "ID": "185",
        "gender": "M",
        "age": "A",
        "character_name": "عەبدوڵا",
        "text": "باشە میستەر، حەز ئەکەی لەبەر خاتری جەنابه",
        "text_original": "باشە میستەر، حەز ئەکەی لەبەر خاتری جەنابه",
        "start": 525579.0,
        "end": 528691.0,
        "audio": "content/segments/107/185.ogg"
    },
    {
        "ID": "186",
        "gender": "M",
        "age": "A",
        "character_name": "عەبدوڵا",
        "text": "ئەیکەم بە باڵندەیەچی مستەقبەلی",
        "text_original": "ئەیکەم بە باڵندەیەچی مستەقبەلی",
        "start": 529210.0,
        "end": 531001.0,
        "audio": "content/segments/107/186.ogg"
    },
    {
        "ID": "187",
        "gender": "M",
        "age": "A",
        "character_name": "ئەحمەد",
        "text": "ئەی ئافەرم کاکە عەبە",
        "text_original": "ئەی ئافەرم کاکە عەبە",
        "start": 531249.0,
        "end": 532562.0,
        "audio": "content/segments/107/187.ogg"
    },
    {
        "ID": "188",
        "gender": "M",
        "age": "A",
        "character_name": "ئەحمەد",
        "text": "وەڵای بەقسەی من یٔەکەی حەزیٔەکەی بیکە بە دانیاسۆر",
        "text_original": "وەڵای بەقسەی من یٔەکەی حەزیٔەکەی بیکە بە دانیاسۆر",
        "start": 532842.0,
        "end": 535498.0,
        "audio": "content/segments/107/188.ogg"
    },
    {
        "ID": "189",
        "gender": "M",
        "age": "A",
        "character_name": "مستەر",
        "text": "ئەک بەخێر نەیەیتەوە تۆش جەنابھ بۆ خۆت و قسەی دایناسۆر",
        "text_original": "ئەک بەخێر نەیەیتەوە تۆش جەنابھ بۆ خۆت و قسەی دایناسۆر",
        "start": 535519.0,
        "end": 539100.0,
        "audio": "content/segments/107/189.ogg"
    },
    {
        "ID": "190",
        "gender": "M",
        "age": "A",
        "character_name": "مستەر",
        "text": "هەزاران هەزار ساڵە دانیاسۆر ئینترازیان کردوەو نەماون تەواو",
        "text_original": "هەزاران هەزار ساڵە دانیاسۆر ئینترازیان کردوەو نەماون تەواو",
        "start": 539239.0,
        "end": 543030.0,
        "audio": "content/segments/107/190.ogg"
    },
    {
        "ID": "191",
        "gender": "M",
        "age": "A",
        "character_name": "موراقیب",
        "text": "ئێ وەڵا ڕاسئەکا ئیعترازی کردوە، بەس دروس دەبێتەوە قەیچیەکا",
        "text_original": "ئێ وەڵا ڕاسئەکا ئیعترازی کردوە، بەس دروس دەبێتەوە قەیچیەکا",
        "start": 543245.0,
        "end": 546879.0,
        "audio": "content/segments/107/191.ogg"
    },
    {
        "ID": "192",
        "gender": "M",
        "age": "A",
        "character_name": "عومەر",
        "text": "دەمھ شکێ یاخوا لەگەڵ دەنوکی دانیاسۆڕا",
        "text_original": "دەمھ شکێ یاخوا لەگەڵ دەنوکی دانیاسۆڕا",
        "start": 546894.0,
        "end": 549440.0,
        "audio": "content/segments/107/192.ogg"
    },
    {
        "ID": "193",
        "gender": "M",
        "age": "A",
        "character_name": "موراقیب",
        "text": "کورە یاخوا دەمی ئەوانە شکێ بە بژی بژی و بە عاشا عاشا بە چەپڵە",
        "text_original": "کورە یاخوا دەمی ئەوانە شکێ بە بژی بژی و بە عاشا عاشا بە چەپڵە",
        "start": 549639.0,
        "end": 553522.0,
        "audio": "content/segments/107/193.ogg"
    },
    {
        "ID": "194",
        "gender": "M",
        "age": "A",
        "character_name": "موراقیب",
        "text": "دانیەسوڕ دروس ئەکەنەوە",
        "text_original": "دانیەسوڕ دروس ئەکەنەوە",
        "start": 553542.0,
        "end": 554868.0,
        "audio": "content/segments/107/194.ogg"
    },
    {
        "ID": "195",
        "gender": "M",
        "age": "A",
        "character_name": "زاهیر",
        "text": "ئ، میستەر مستەر، بەقوربانت دەبم زۆر درەنگە دەرسەکەمان لۆ شەڕحکە",
        "text_original": "ئ، میستەر مستەر، بەقوربانت دەبم زۆر درەنگە دەرسەکەمان لۆ شەڕحکە",
        "start": 554894.0,
        "end": 558040.0,
        "audio": "content/segments/107/195.ogg"
    },
    {
        "ID": "196",
        "gender": "M",
        "age": "A",
        "character_name": "مستەر",
        "text": "ئێی چی بکەم، خەتای خۆتانە خەتای خۆتانە",
        "text_original": "ئێی چی بکەم، خەتای خۆتانە خەتای خۆتانە",
        "start": 558050.0,
        "end": 561109.0,
        "audio": "content/segments/107/196.ogg"
    },
    {
        "ID": "197",
        "gender": "M",
        "age": "A",
        "character_name": "مستەر",
        "text": "ئەوەنە حەزتان بە قسەو چەنەبازی و ئەوشتانەیە، من چی بکەم دەرس کوژرا",
        "text_original": "ئەوەنە حەزتان بە قسەو چەنەبازی و ئەوشتانەیە، من چی بکەم دەرس کوژرا",
        "start": 561267.0,
        "end": 565497.0,
        "audio": "content/segments/107/197.ogg"
    },
    {
        "ID": "198",
        "gender": "M",
        "age": "A",
        "character_name": "موراقیب",
        "text": "بەخوا مستەر زۆر بەجدیت نییە",
        "text_original": "بەخوا مستەر زۆر بەجدیت نییە",
        "start": 565532.0,
        "end": 567392.0,
        "audio": "content/segments/107/198.ogg"
    },
    {
        "ID": "199",
        "gender": "M",
        "age": "A",
        "character_name": "موراقیب",
        "text": "حەز ناکەی مەنهەجەکە تەواو بێ و بەجێمان بێڵی",
        "text_original": "حەز ناکەی مەنهەجەکە تەواو بێ و بەجێمان بێڵی",
        "start": 567669.0,
        "end": 570421.0,
        "audio": "content/segments/107/199.ogg"
    },
    {
        "ID": "200",
        "gender": "M",
        "age": "A",
        "character_name": "موراقیب",
        "text": "بەجێشمان بێڵی لەکونێکەوە هەر مراقەبەمان ئەکەی",
        "text_original": "بەجێشمان بێڵی لەکونێکەوە هەر مراقەبەمان ئەکەی",
        "start": 570719.0,
        "end": 573218.0,
        "audio": "content/segments/107/200.ogg"
    },
    {
        "ID": "201",
        "gender": "M",
        "age": "A",
        "character_name": "موراقیب",
        "text": "خەریکە شێت ئەبی بۆ ئێمە",
        "text_original": "خەریکە شێت ئەبی بۆ ئێمە",
        "start": 573218.0,
        "end": 574531.0,
        "audio": "content/segments/107/201.ogg"
    },
    {
        "ID": "202",
        "gender": "M",
        "age": "A",
        "character_name": "مستەر",
        "text": "دە لە قینی ئائەم قسەی ئەمە، لەداخی ئەوە",
        "text_original": "دە لە قینی ئائەم قسەی ئەمە، لەداخی ئەوە",
        "start": 574644.0,
        "end": 578351.0,
        "audio": "content/segments/107/202.ogg"
    },
    {
        "ID": "203",
        "gender": "M",
        "age": "A",
        "character_name": "مستەر",
        "text": "یەڵا دەی مەلزەمەکانتان دەرکەن",
        "text_original": "یەڵا دەی مەلزەمەکانتان دەرکەن",
        "start": 578678.0,
        "end": 580630.0,
        "audio": "content/segments/107/203.ogg"
    },
    {
        "ID": "204",
        "gender": "M",
        "age": "A",
        "character_name": "قوتابیەکان",
        "text": "دەرمان کردوە، مستەر",
        "text_original": "دەرمان کردوە، مستەر",
        "start": 580630.0,
        "end": 582180.0,
        "audio": "content/segments/107/204.ogg"
    },
    {
        "ID": "205",
        "gender": "M",
        "age": "A",
        "character_name": "مستەر",
        "text": "باشە دەرزی ئەمڕۆمان چیە",
        "text_original": "باشە دەرزی ئەمڕۆمان چیە",
        "start": 582244.0,
        "end": 583687.0,
        "audio": "content/segments/107/205.ogg"
    },
    {
        "ID": "206",
        "gender": "M",
        "age": "A",
        "character_name": "قوتابیەکان",
        "text": "خەتە تەریبەکان، هێڵە تەریبەکان",
        "text_original": "خەتە تەریبەکان، هێڵە تەریبەکان",
        "start": 583808.0,
        "end": 586103.0,
        "audio": "content/segments/107/206.ogg"
    },
    {
        "ID": "207",
        "gender": "M",
        "age": "A",
        "character_name": "مستەر",
        "text": "چیە",
        "text_original": "چیە",
        "start": 586115.0,
        "end": 586520.0,
        "audio": "content/segments/107/207.ogg"
    },
    {
        "ID": "208",
        "gender": "M",
        "age": "A",
        "character_name": "قوتابیەکان",
        "text": "هێڵە تەریبەکان",
        "text_original": "هێڵە تەریبەکان",
        "start": 586540.0,
        "end": 588103.0,
        "audio": "content/segments/107/208.ogg"
    },
    {
        "ID": "209",
        "gender": "M",
        "age": "A",
        "character_name": "مستەر",
        "text": "بەیەکەوە، چیە",
        "text_original": "بەیەکەوە، چیە",
        "start": 588230.0,
        "end": 589420.0,
        "audio": "content/segments/107/209.ogg"
    },
    {
        "ID": "210",
        "gender": "M",
        "age": "A",
        "character_name": "قوتابیەکان",
        "text": "هێڵە تەریبەکان",
        "text_original": "هێڵە تەریبەکان",
        "start": 589495.0,
        "end": 591133.0,
        "audio": "content/segments/107/210.ogg"
    },
    {
        "ID": "211",
        "gender": "M",
        "age": "A",
        "character_name": "مستەر",
        "text": "باشە، هێڵە تەریبەکان یاعنی ئەلختوت متەوازیە",
        "text_original": "باشە، هێڵە تەریبەکان یاعنی ئەلختوت متەوازیە",
        "start": 591163.0,
        "end": 595121.0,
        "audio": "content/segments/107/211.ogg"
    },
    {
        "ID": "212",
        "gender": "M",
        "age": "A",
        "character_name": "مستەر",
        "text": "یاعنی پاڕالێڵ ڵاینە",
        "text_original": "یاعنی پاڕالێڵ ڵاینە",
        "start": 595206.0,
        "end": 597203.0,
        "audio": "content/segments/107/212.ogg"
    },
    {
        "ID": "213",
        "gender": "M",
        "age": "A",
        "character_name": "مستەر",
        "text": "یاعنی چی، بزانم چێ ئەزانێ",
        "text_original": "یاعنی چی، بزانم چێ ئەزانێ",
        "start": 597485.0,
        "end": 599507.0,
        "audio": "content/segments/107/213.ogg"
    },
    {
        "ID": "214",
        "gender": "M",
        "age": "A",
        "character_name": "قوتابیەکان",
        "text": "مستەر، مستەر مستەر، مستەر، مستەر، مستەر",
        "text_original": "مستەر، مستەر مستەر، مستەر، مستەر، مستەر",
        "start": 599545.0,
        "end": 601257.0,
        "audio": "content/segments/107/214.ogg"
    },
    {
        "ID": "215",
        "gender": "NA",
        "age": "NA",
        "character_name": "NA",
        "text": "ئەزانی یەعنی چی",
        "text_original": "ئەزانی یەعنی چی",
        "start": 601278.0,
        "end": 603180.0,
        "audio": "content/segments/107/215.ogg"
    },
    {
        "ID": "216",
        "gender": "M",
        "age": "A",
        "character_name": "ئەحمەد",
        "text": "یەعنی ئەو دوو هێلەی، ئەها ئەو دووخەتەی",
        "text_original": "یەعنی ئەو دوو هێلەی، ئەها ئەو دووخەتەی",
        "start": 603217.0,
        "end": 605748.0,
        "audio": "content/segments/107/216.ogg"
    },
    {
        "ID": "217",
        "gender": "M",
        "age": "A",
        "character_name": "ئەحمەد",
        "text": "کە بەقەبری باوکم بە حەیاتی بەیەک ناگەن",
        "text_original": "کە بەقەبری باوکم بە حەیاتی بەیەک ناگەن",
        "start": 605748.0,
        "end": 608380.0,
        "audio": "content/segments/107/217.ogg"
    },
    {
        "ID": "218",
        "gender": "M",
        "age": "A",
        "character_name": "مستەر",
        "text": "ئافەرم ئەحما، ڕاسئەکا، هێڵە تەریبەکان ئەو دوو هێڵەن",
        "text_original": "ئافەرم ئەحما، ڕاسئەکا، هێڵە تەریبەکان ئەو دوو هێڵەن",
        "start": 608425.0,
        "end": 612584.0,
        "audio": "content/segments/107/218.ogg"
    },
    {
        "ID": "219",
        "gender": "M",
        "age": "A",
        "character_name": "مستەر",
        "text": "کە هەرچەند بەرامبەر بە یەک درێژیان کەیتەوە بەیەک ناگەن",
        "text_original": "کە هەرچەند بەرامبەر بە یەک درێژیان کەیتەوە بەیەک ناگەن",
        "start": 612756.0,
        "end": 616633.0,
        "audio": "content/segments/107/219.ogg"
    },
    {
        "ID": "220",
        "gender": "M",
        "age": "A",
        "character_name": "مستەر",
        "text": "ئادەی بزانم، بزانم وەکو چی",
        "text_original": "ئادەی بزانم، بزانم وەکو چی",
        "start": 616934.0,
        "end": 619556.0,
        "audio": "content/segments/107/220.ogg"
    },
    {
        "ID": "221",
        "gender": "M",
        "age": "A",
        "character_name": "قوتابیەکان",
        "text": "میستەر، میستەر، میستەر، میستەر",
        "text_original": "میستەر، میستەر، میستەر، میستەر",
        "start": 619585.0,
        "end": 620711.0,
        "audio": "content/segments/107/221.ogg"
    },
    {
        "ID": "222",
        "gender": "M",
        "age": "A",
        "character_name": "مستەر",
        "text": "ئادەی حیکمەت",
        "text_original": "ئادەی حیکمەت",
        "start": 620735.0,
        "end": 621561.0,
        "audio": "content/segments/107/222.ogg"
    },
    {
        "ID": "223",
        "gender": "M",
        "age": "A",
        "character_name": "حیکمەت",
        "text": "وەکو ڕەنجی پیاوی قوڕ بەسەر و ڕەزامەندی ژن",
        "text_original": "وەکو ڕەنجی پیاوی قوڕ بەسەر و ڕەزامەندی ژن",
        "start": 621595.0,
        "end": 624585.0,
        "audio": "content/segments/107/223.ogg"
    },
    {
        "ID": "224",
        "gender": "M",
        "age": "A",
        "character_name": "مستەر",
        "text": "عافەرم ڕاسئەکا، پیاو هەر چەنێ ڕەنج بکێشێ",
        "text_original": "عافەرم ڕاسئەکا، پیاو هەر چەنێ ڕەنج بکێشێ",
        "start": 624648.0,
        "end": 627602.0,
        "audio": "content/segments/107/224.ogg"
    },
    {
        "ID": "225",
        "gender": "M",
        "age": "A",
        "character_name": "مستەر",
        "text": "هەرچی پەیا ئەکا خۆی مانوو ئەکا",
        "text_original": "هەرچی پەیا ئەکا خۆی مانوو ئەکا",
        "start": 627622.0,
        "end": 629655.0,
        "audio": "content/segments/107/225.ogg"
    },
    {
        "ID": "226",
        "gender": "M",
        "age": "A",
        "character_name": "مستەر",
        "text": "بەڵام ژنەکەی پێی ناڵێ عافەرم پیاوەکە لەشھ ساغ بێ و خوا بێوەی کا",
        "text_original": "بەڵام ژنەکەی پێی ناڵێ عافەرم پیاوەکە لەشھ ساغ بێ و خوا بێوەی کا",
        "start": 629815.0,
        "end": 633766.0,
        "audio": "content/segments/107/226.ogg"
    },
    {
        "ID": "227",
        "gender": "M",
        "age": "A",
        "character_name": "مستەر",
        "text": "عافەرم ڕاسئەکا",
        "text_original": "عافەرم ڕاسئەکا",
        "start": 633766.0,
        "end": 635014.0,
        "audio": "content/segments/107/227.ogg"
    },
    {
        "ID": "228",
        "gender": "NA",
        "age": "NA",
        "character_name": "NA",
        "text": "میستەر، میستەر",
        "text_original": "میستەر، میستەر",
        "start": 635187.0,
        "end": 636652.0,
        "audio": "content/segments/107/228.ogg"
    },
    {
        "ID": "229",
        "gender": "M",
        "age": "A",
        "character_name": "مستەر",
        "text": "ئادەی عەبە",
        "text_original": "ئادەی عەبە",
        "start": 636676.0,
        "end": 637589.0,
        "audio": "content/segments/107/229.ogg"
    },
    {
        "ID": "230",
        "gender": "M",
        "age": "A",
        "character_name": "عەبدوڵا",
        "text": "وەکو کوردی داماو و کەرکوک",
        "text_original": "وەکو کوردی داماو و کەرکوک",
        "start": 637735.0,
        "end": 639366.0,
        "audio": "content/segments/107/230.ogg"
    },
    {
        "ID": "231",
        "gender": "M",
        "age": "A",
        "character_name": "مستەر",
        "text": "ئەرێ هەتیوو تۆ بۆ ئەوەنە ڕەشبینی بۆ خاتری خوا",
        "text_original": "ئەرێ هەتیوو تۆ بۆ ئەوەنە ڕەشبینی بۆ خاتری خوا",
        "start": 639466.0,
        "end": 642040.0,
        "audio": "content/segments/107/231.ogg"
    },
    {
        "ID": "232",
        "gender": "M",
        "age": "A",
        "character_name": "مستەر",
        "text": "بۆ قسەیێ ناکەی لەجێی خۆیا بێ",
        "text_original": "بۆ قسەیێ ناکەی لەجێی خۆیا بێ",
        "start": 642060.0,
        "end": 643696.0,
        "audio": "content/segments/107/232.ogg"
    },
    {
        "ID": "233",
        "gender": "M",
        "age": "A",
        "character_name": "عەبدوڵا",
        "text": "میستەر جیان ڕەشبین نیم، تەجروبەی حەیات فێری کردووم",
        "text_original": "میستەر جیان ڕەشبین نیم، تەجروبەی حەیات فێری کردووم",
        "start": 643796.0,
        "end": 649009.0,
        "audio": "content/segments/107/233.ogg"
    },
    {
        "ID": "234",
        "gender": "M",
        "age": "A",
        "character_name": "عومەر",
        "text": "دە کەواتە میستەر گیان، عەقڵی کاکە عەبە و تەجروبەی حەیاتیش",
        "text_original": "دە کەواتە میستەر گیان، عەقڵی کاکە عەبە و تەجروبەی حەیاتیش",
        "start": 649262.0,
        "end": 653371.0,
        "audio": "content/segments/107/234.ogg"
    },
    {
        "ID": "235",
        "gender": "M",
        "age": "A",
        "character_name": "عومەر",
        "text": "دوو هێلی تەریبن",
        "text_original": "دوو هێلی تەریبن",
        "start": 653483.0,
        "end": 654802.0,
        "audio": "content/segments/107/235.ogg"
    },
    {
        "ID": "236",
        "gender": "M",
        "age": "A",
        "character_name": "مستەر",
        "text": "ئافەرم ئاغا، ئافەرم",
        "text_original": "ئافەرم ئاغا، ئافەرم",
        "start": 654963.0,
        "end": 657112.0,
        "audio": "content/segments/107/236.ogg"
    },
    {
        "ID": "237",
        "gender": "M",
        "age": "A",
        "character_name": "مستەر",
        "text": "ئەقڵی ئا ئەم عەبەیە لەگەڵ هینیا، بەحەیاتی بەیەک ناگا",
        "text_original": "ئەقڵی ئا ئەم عەبەیە لەگەڵ هینیا، بەحەیاتی بەیەک ناگا",
        "start": 657305.0,
        "end": 661056.0,
        "audio": "content/segments/107/237.ogg"
    },
    {
        "ID": "238",
        "gender": "M",
        "age": "A",
        "character_name": "مستەر",
        "text": "باشە دەی بزانم دوو هێڵی تەریب وەکو چیتر",
        "text_original": "باشە دەی بزانم دوو هێڵی تەریب وەکو چیتر",
        "start": 661246.0,
        "end": 664677.0,
        "audio": "content/segments/107/238.ogg"
    },
    {
        "ID": "239",
        "gender": "M",
        "age": "A",
        "character_name": "قوتابیەکان",
        "text": "مستەر، مستەر، مستەر، مستەر، مستەر، مستەر",
        "text_original": "مستەر، مستەر، مستەر، مستەر، مستەر، مستەر",
        "start": 664726.0,
        "end": 666801.0,
        "audio": "content/segments/107/239.ogg"
    },
    {
        "ID": "240",
        "gender": "M",
        "age": "A",
        "character_name": "مستەر",
        "text": "ئادەی موراقیب",
        "text_original": "ئادەی موراقیب",
        "start": 666816.0,
        "end": 667701.0,
        "audio": "content/segments/107/240.ogg"
    },
    {
        "ID": "241",
        "gender": "M",
        "age": "A",
        "character_name": "موراقیب",
        "text": "ئاها، دوو هێلی تەریب کە قەت بەیەک ناگەن، ئەها دوو هێڵەکە",
        "text_original": "ئاها، دوو هێلی تەریب کە قەت بەیەک ناگەن، ئەها دوو هێڵەکە",
        "start": 667736.0,
        "end": 673244.0,
        "audio": "content/segments/107/241.ogg"
    },
    {
        "ID": "242",
        "gender": "M",
        "age": "A",
        "character_name": "موراقیب",
        "text": "هەردوو ئیدارەی کورد",
        "text_original": "هەردوو ئیدارەی کورد",
        "start": 673244.0,
        "end": 674625.0,
        "audio": "content/segments/107/242.ogg"
    },
    {
        "ID": "243",
        "gender": "M",
        "age": "A",
        "character_name": "مستەر",
        "text": "چی",
        "text_original": "چی",
        "start": 674926.0,
        "end": 675767.0,
        "audio": "content/segments/107/243.ogg"
    },
    {
        "ID": "244",
        "gender": "M",
        "age": "A",
        "character_name": "موراقیب",
        "text": "یەعنی هەردوو ئیدارەی حوکمەتی هەرێمی کوردستان",
        "text_original": "یەعنی هەردوو ئیدارەی حوکمەتی هەرێمی کوردستان",
        "start": 675786.0,
        "end": 679156.0,
        "audio": "content/segments/107/244.ogg"
    }
]