[
    {
        "ID": "2",
        "gender": "M",
        "age": "A",
        "character_name": "قوتابیەکان",
        "text": "(ژاوە ژاو)",
        "text_original": "(ژاوە ژاو)",
        "start": 4834.0,
        "end": 10122.0,
        "audio": "content/segments/108/2.ogg"
    },
    {
        "ID": "3",
        "gender": "M",
        "age": "A",
        "character_name": "ئەحمەد",
        "text": "ئەزانی چی بە شەرەفم بە ناموس و بە غیرەتم نیە",
        "text_original": "ئەزانی چی بە شەرەفم بە ناموس و بە غیرەتم نیە",
        "start": 10231.0,
        "end": 12705.0,
        "audio": "content/segments/108/3.ogg"
    },
    {
        "ID": "4",
        "gender": "M",
        "age": "A",
        "character_name": "عەبدوڵا",
        "text": "درۆ ئەکەی",
        "text_original": "درۆ ئەکەی",
        "start": 12730.0,
        "end": 13519.0,
        "audio": "content/segments/108/4.ogg"
    },
    {
        "ID": "5",
        "gender": "M",
        "age": "A",
        "character_name": "یٔەحمەد",
        "text": "بەچیا یٔەزانی",
        "text_original": "بەچیا یٔەزانی",
        "start": 13530.0,
        "end": 14111.0,
        "audio": "content/segments/108/5.ogg"
    },
    {
        "ID": "6",
        "gender": "M",
        "age": "A",
        "character_name": "عەبدوڵا",
        "text": "بەچاوتا دیارە",
        "text_original": "بەچاوتا دیارە",
        "start": 14111.0,
        "end": 14806.0,
        "audio": "content/segments/108/6.ogg"
    },
    {
        "ID": "7",
        "gender": "M",
        "age": "A",
        "character_name": "ئەحمەد",
        "text": "دە وەڵای زۆر زۆر زەرورە بکرێ",
        "text_original": "دە وەڵای زۆر زۆر زەرورە بکرێ",
        "start": 14881.0,
        "end": 16271.0,
        "audio": "content/segments/108/7.ogg"
    },
    {
        "ID": "8",
        "gender": "M",
        "age": "A",
        "character_name": "عەبدوڵا",
        "text": "یٔەشەو بیلا ڕاسیٔەکەی، زەڕورە ئەبێ بکرێ",
        "text_original": "یٔەشەو بیلا ڕاسیٔەکەی، زەڕورە ئەبێ بکرێ",
        "start": 16318.999999999998,
        "end": 18078.0,
        "audio": "content/segments/108/8.ogg"
    },
    {
        "ID": "9",
        "gender": "M",
        "age": "A",
        "character_name": "حیکمەت",
        "text": "کاکە ڕاوەسن زەڕور موهیم نیە، موهیم ئەوەیە میستەر ڕازی بێ",
        "text_original": "کاکە ڕاوەسن زەڕور موهیم نیە، موهیم ئەوەیە میستەر ڕازی بێ",
        "start": 18080.0,
        "end": 22549.0,
        "audio": "content/segments/108/9.ogg"
    },
    {
        "ID": "10",
        "gender": "M",
        "age": "A",
        "character_name": "موراقیب",
        "text": "کورە، مستەر ڕازی ئەبێ نابێ کەیفی خۆیەتی",
        "text_original": "کورە، مستەر ڕازی ئەبێ نابێ کەیفی خۆیەتی",
        "start": 22610.0,
        "end": 25647.0,
        "audio": "content/segments/108/10.ogg"
    },
    {
        "ID": "11",
        "gender": "M",
        "age": "A",
        "character_name": "موراقیب",
        "text": "ئەوەتا هەموو شت، کاکە بڕاوە پێی ئەڵێین و موزاهەڕا ئەکەین",
        "text_original": "ئەوەتا هەموو شت، کاکە بڕاوە پێی ئەڵێین و موزاهەڕا ئەکەین",
        "start": 25807.0,
        "end": 28384.0,
        "audio": "content/segments/108/11.ogg"
    },
    {
        "ID": "12",
        "gender": "M",
        "age": "A",
        "character_name": "عومەر",
        "text": "ڕاست ئەکا، ئەی ئافەرم موراقیب سەت ئافەرم موراقیب",
        "text_original": "ڕاست ئەکا، ئەی ئافەرم موراقیب سەت ئافەرم موراقیب",
        "start": 28420.0,
        "end": 31131.0,
        "audio": "content/segments/108/12.ogg"
    },
    {
        "ID": "13",
        "gender": "M",
        "age": "A",
        "character_name": "عومەر",
        "text": "کە هات پێی ئەڵێین و ئەولاتریش، تەواو",
        "text_original": "کە هات پێی ئەڵێین و ئەولاتریش، تەواو",
        "start": 31231.0,
        "end": 33096.0,
        "audio": "content/segments/108/13.ogg"
    },
    {
        "ID": "14",
        "gender": "M",
        "age": "A",
        "character_name": "عەبدوڵا",
        "text": "کە هات و نەهاتی بۆ چییە کاکە بۆ چاوەڕوانی ئەو بکەین",
        "text_original": "کە هات و نەهاتی بۆ چییە کاکە بۆ چاوەڕوانی ئەو بکەین",
        "start": 33176.0,
        "end": 35599.0,
        "audio": "content/segments/108/14.ogg"
    },
    {
        "ID": "15",
        "gender": "M",
        "age": "A",
        "character_name": "عەبدوڵا",
        "text": "مزاهەڕەکە یٔەکەین و تەواو یەڵا دەی",
        "text_original": "مزاهەڕەکە یٔەکەین و تەواو یەڵا دەی",
        "start": 35650.0,
        "end": 37110.0,
        "audio": "content/segments/108/15.ogg"
    },
    {
        "ID": "16",
        "gender": "NA",
        "age": "NA",
        "character_name": "NA",
        "text": "یەڵا دەی",
        "text_original": "یەڵا دەی",
        "start": 37121.0,
        "end": 38366.0,
        "audio": "content/segments/108/16.ogg"
    },
    {
        "ID": "17",
        "gender": "M",
        "age": "A",
        "character_name": "موراقیب",
        "text": "نانانانا، باوکم دانیشن، ئەها، ئەها تفو",
        "text_original": "نانانانا، باوکم دانیشن، ئەها، ئەها تفو",
        "start": 38388.0,
        "end": 41361.0,
        "audio": "content/segments/108/17.ogg"
    },
    {
        "ID": "18",
        "gender": "M",
        "age": "A",
        "character_name": "موراقیب",
        "text": "چیتان ئەوێ بۆ فیدرال",
        "text_original": "چیتان ئەوێ بۆ فیدرال",
        "start": 41426.0,
        "end": 43244.0,
        "audio": "content/segments/108/18.ogg"
    },
    {
        "ID": "19",
        "gender": "M",
        "age": "A",
        "character_name": "قوتابیەکان",
        "text": "قیر و زفت و کوشتوکاڵ",
        "text_original": "قیر و زفت و کوشتوکاڵ",
        "start": 43271.0,
        "end": 45257.0,
        "audio": "content/segments/108/19.ogg"
    },
    {
        "ID": "20",
        "gender": "M",
        "age": "A",
        "character_name": "موراقیب",
        "text": "کورە کاکە یەک دەنگ یەک دەنگ",
        "text_original": "کورە کاکە یەک دەنگ یەک دەنگ",
        "start": 45375.0,
        "end": 47281.0,
        "audio": "content/segments/108/20.ogg"
    },
    {
        "ID": "21",
        "gender": "M",
        "age": "A",
        "character_name": "موراقیب",
        "text": "ئەرێ بۆ هەریەکەی لە شوێنێکەوە قسە ئەکا",
        "text_original": "ئەرێ بۆ هەریەکەی لە شوێنێکەوە قسە ئەکا",
        "start": 47357.0,
        "end": 49658.0,
        "audio": "content/segments/108/21.ogg"
    },
    {
        "ID": "22",
        "gender": "M",
        "age": "A",
        "character_name": "موراقیب",
        "text": "ئەرێ دە فێربن یەکجارە بەیەک دەنگ",
        "text_original": "ئەرێ دە فێربن یەکجارە بەیەک دەنگ",
        "start": 49679.0,
        "end": 51752.0,
        "audio": "content/segments/108/22.ogg"
    },
    {
        "ID": "23",
        "gender": "M",
        "age": "A",
        "character_name": "موراقیب",
        "text": "چیتان ئەوێ بۆ فیدرال",
        "text_original": "چیتان ئەوێ بۆ فیدرال",
        "start": 51874.0,
        "end": 53359.0,
        "audio": "content/segments/108/23.ogg"
    },
    {
        "ID": "24",
        "gender": "M",
        "age": "A",
        "character_name": "قوتابیەکان",
        "text": "قیر و زفت و کوشتوکاڵ",
        "text_original": "قیر و زفت و کوشتوکاڵ",
        "start": 53394.0,
        "end": 55089.0,
        "audio": "content/segments/108/24.ogg"
    },
    {
        "ID": "25",
        "gender": "M",
        "age": "A",
        "character_name": "موراقیب",
        "text": "ڕێبوار مردوو مرێ لە بەسڕای، ئەوە چییە بەس غەریب بۆ وائەکەی",
        "text_original": "ڕێبوار مردوو مرێ لە بەسڕای، ئەوە چییە بەس غەریب بۆ وائەکەی",
        "start": 55183.0,
        "end": 57777.0,
        "audio": "content/segments/108/25.ogg"
    },
    {
        "ID": "26",
        "gender": "M",
        "age": "A",
        "character_name": "موراقیب",
        "text": "کوردانە و پیاوانە",
        "text_original": "کوردانە و پیاوانە",
        "start": 57850.0,
        "end": 58939.0,
        "audio": "content/segments/108/26.ogg"
    },
    {
        "ID": "27",
        "gender": "M",
        "age": "A",
        "character_name": "موراقیب",
        "text": "چیتان ئەوێ بۆ فیدرال",
        "text_original": "چیتان ئەوێ بۆ فیدرال",
        "start": 58992.0,
        "end": 60431.0,
        "audio": "content/segments/108/27.ogg"
    },
    {
        "ID": "28",
        "gender": "M",
        "age": "A",
        "character_name": "قوتابیەکان",
        "text": "قیر و زفت و کوشتوکاڵ",
        "text_original": "قیر و زفت و کوشتوکاڵ",
        "start": 60454.0,
        "end": 62200.0,
        "audio": "content/segments/108/28.ogg"
    },
    {
        "ID": "29",
        "gender": "M",
        "age": "A",
        "character_name": "موراقیب",
        "text": "ئەی ئافەرین ئەوەیە دەنگ",
        "text_original": "ئەی ئافەرین ئەوەیە دەنگ",
        "start": 62249.0,
        "end": 63419.0,
        "audio": "content/segments/108/29.ogg"
    },
    {
        "ID": "30",
        "gender": "M",
        "age": "A",
        "character_name": "موراقیب",
        "text": "ئەرێ بەشەرەفم ئەوە خۆشی هاو، هەڵیشستن، هەستن، هەستە سەباح",
        "text_original": "ئەرێ بەشەرەفم ئەوە خۆشی هاو، هەڵیشستن، هەستن، هەستە سەباح",
        "start": 63498.0,
        "end": 67537.0,
        "audio": "content/segments/108/30.ogg"
    },
    {
        "ID": "31",
        "gender": "M",
        "age": "A",
        "character_name": "مستەر",
        "text": "ئەرێ ئەوە چیتانە ئەو دەنە دەنگە چی بوو جوێم لێبوو",
        "text_original": "ئەرێ ئەوە چیتانە ئەو دەنە دەنگە چی بوو جوێم لێبوو",
        "start": 68870.0,
        "end": 71260.0,
        "audio": "content/segments/108/31.ogg"
    },
    {
        "ID": "32",
        "gender": "M",
        "age": "A",
        "character_name": "عومەر",
        "text": "میستەر گیان وەڵای دوای مافی خۆمان ئەکەین",
        "text_original": "میستەر گیان وەڵای دوای مافی خۆمان ئەکەین",
        "start": 71284.0,
        "end": 73384.0,
        "audio": "content/segments/108/32.ogg"
    },
    {
        "ID": "33",
        "gender": "M",
        "age": "A",
        "character_name": "عومەر",
        "text": "چیتان ئەوێ بۆ فیدرال",
        "text_original": "چیتان ئەوێ بۆ فیدرال",
        "start": 73530.0,
        "end": 75459.0,
        "audio": "content/segments/108/33.ogg"
    },
    {
        "ID": "34",
        "gender": "M",
        "age": "A",
        "character_name": "قوتابیەکان",
        "text": "قیر و زفت و کوشتوکاڵ",
        "text_original": "قیر و زفت و کوشتوکاڵ",
        "start": 75485.0,
        "end": 77300.0,
        "audio": "content/segments/108/34.ogg"
    },
    {
        "ID": "35",
        "gender": "M",
        "age": "A",
        "character_name": "عومەر",
        "text": "چیتان ئەوێ بۆ فیدرال",
        "text_original": "چیتان ئەوێ بۆ فیدرال",
        "start": 77363.0,
        "end": 79189.0,
        "audio": "content/segments/108/35.ogg"
    },
    {
        "ID": "36",
        "gender": "NA",
        "age": "NA",
        "character_name": "NA",
        "text": "هێواش",
        "text_original": "هێواش",
        "start": 79230.0,
        "end": 81093.0,
        "audio": "content/segments/108/36.ogg"
    },
    {
        "ID": "37",
        "gender": "M",
        "age": "A",
        "character_name": "مستەر",
        "text": "هێواش، هێواش ئەم شیعارە قۆڕە چییە",
        "text_original": "هێواش، هێواش ئەم شیعارە قۆڕە چییە",
        "start": 81134.0,
        "end": 84131.0,
        "audio": "content/segments/108/37.ogg"
    },
    {
        "ID": "38",
        "gender": "M",
        "age": "A",
        "character_name": "مستەر",
        "text": "قیر و زفت و، کەی ئەوە باوی ماوە، ئەمە چییە",
        "text_original": "قیر و زفت و، کەی ئەوە باوی ماوە، ئەمە چییە",
        "start": 84410.0,
        "end": 87176.0,
        "audio": "content/segments/108/38.ogg"
    },
    {
        "ID": "39",
        "gender": "M",
        "age": "A",
        "character_name": "موراقیب",
        "text": "وەڵای مستەر جیان بەو حسابەی تۆ دەمێکە لەم مەنتیقە یایتو مەحرەمی",
        "text_original": "وەڵای مستەر جیان بەو حسابەی تۆ دەمێکە لەم مەنتیقە یایتو مەحرەمی",
        "start": 87247.0,
        "end": 91021.0,
        "audio": "content/segments/108/39.ogg"
    },
    {
        "ID": "40",
        "gender": "M",
        "age": "A",
        "character_name": "موراقیب",
        "text": "قیر و زفتمان ئەوێ بۆ فیدرالەکەمان",
        "text_original": "قیر و زفتمان ئەوێ بۆ فیدرالەکەمان",
        "start": 91195.0,
        "end": 93283.0,
        "audio": "content/segments/108/40.ogg"
    },
    {
        "ID": "41",
        "gender": "M",
        "age": "A",
        "character_name": "مستەر",
        "text": "بۆ فیدرالەکەتان چییەتی ئئ، لەجێ چوە چی",
        "text_original": "بۆ فیدرالەکەتان چییەتی ئئ، لەجێ چوە چی",
        "start": 93323.0,
        "end": 98478.0,
        "audio": "content/segments/108/41.ogg"
    },
    {
        "ID": "42",
        "gender": "M",
        "age": "A",
        "character_name": "ئەحمەد",
        "text": "نەوەڵا مستەر بە جیر وەستاوە",
        "text_original": "نەوەڵا مستەر بە جیر وەستاوە",
        "start": 98500.0,
        "end": 100122.0,
        "audio": "content/segments/108/42.ogg"
    },
    {
        "ID": "43",
        "gender": "M",
        "age": "A",
        "character_name": "مستەر",
        "text": "چوێی بە جیر وەستاوە",
        "text_original": "چوێی بە جیر وەستاوە",
        "start": 100270.0,
        "end": 101405.0,
        "audio": "content/segments/108/43.ogg"
    },
    {
        "ID": "44",
        "gender": "M",
        "age": "A",
        "character_name": "ئەحمەد",
        "text": "وەڵا فیدرالەکەمان",
        "text_original": "وەڵا فیدرالەکەمان",
        "start": 101437.0,
        "end": 102682.0,
        "audio": "content/segments/108/44.ogg"
    },
    {
        "ID": "45",
        "gender": "M",
        "age": "A",
        "character_name": "مستەر",
        "text": "بەخوا سەیرە",
        "text_original": "بەخوا سەیرە",
        "start": 103134.0,
        "end": 103714.0,
        "audio": "content/segments/108/45.ogg"
    },
    {
        "ID": "46",
        "gender": "M",
        "age": "A",
        "character_name": "موراقیب",
        "text": "ئەزانی چی قیر و زفتی تێئەکەین مستەر جیان، تۆ خۆو عاجز مەکە",
        "text_original": "ئەزانی چی قیر و زفتی تێئەکەین مستەر جیان، تۆ خۆو عاجز مەکە",
        "start": 103863.0,
        "end": 106806.0,
        "audio": "content/segments/108/46.ogg"
    },
    {
        "ID": "47",
        "gender": "M",
        "age": "A",
        "character_name": "مستەر",
        "text": "کورە کورم قیر و زفت ئەوە باوی نەماوە",
        "text_original": "کورە کورم قیر و زفت ئەوە باوی نەماوە",
        "start": 106806.0,
        "end": 110526.0,
        "audio": "content/segments/108/47.ogg"
    },
    {
        "ID": "48",
        "gender": "M",
        "age": "A",
        "character_name": "مستەر",
        "text": "ئەوە توبی شەعبی کۆن بوو، ڕۆی فت باوی نەما تەواو",
        "text_original": "ئەوە توبی شەعبی کۆن بوو، ڕۆی فت باوی نەما تەواو",
        "start": 110745.0,
        "end": 114272.0,
        "audio": "content/segments/108/48.ogg"
    },
    {
        "ID": "49",
        "gender": "M",
        "age": "A",
        "character_name": "حیکمەت",
        "text": "ئێمە بروامان بە شەعب هەیە",
        "text_original": "ئێمە بروامان بە شەعب هەیە",
        "start": 114273.0,
        "end": 115617.0,
        "audio": "content/segments/108/49.ogg"
    },
    {
        "ID": "50",
        "gender": "M",
        "age": "A",
        "character_name": "ڕێبوار",
        "text": "وریابە وریابە کا حیکمەت شتێ ئەشکێنی",
        "text_original": "وریابە وریابە کا حیکمەت شتێ ئەشکێنی",
        "start": 115617.0,
        "end": 117674.0,
        "audio": "content/segments/108/50.ogg"
    },
    {
        "ID": "51",
        "gender": "M",
        "age": "A",
        "character_name": "حیکمەت",
        "text": "ئای",
        "text_original": "ئای",
        "start": 118698.0,
        "end": 119369.0,
        "audio": "content/segments/108/51.ogg"
    },
    {
        "ID": "52",
        "gender": "M",
        "age": "A",
        "character_name": "حیکمەت",
        "text": "هەمووشتێ ڕابوەستێ، ڕاستە شتێک ئەشکێ لێرە",
        "text_original": "هەمووشتێ ڕابوەستێ، ڕاستە شتێک ئەشکێ لێرە",
        "start": 119971.0,
        "end": 123744.0,
        "audio": "content/segments/108/52.ogg"
    },
    {
        "ID": "53",
        "gender": "M",
        "age": "A",
        "character_name": "حیکمەت",
        "text": "بەڵام قڕ و قەپۆزی ئەو هیچ و پوچەیە",
        "text_original": "بەڵام قڕ و قەپۆزی ئەو هیچ و پوچەیە",
        "start": 123936.0,
        "end": 126242.0,
        "audio": "content/segments/108/53.ogg"
    },
    {
        "ID": "54",
        "gender": "NA",
        "age": "NA",
        "character_name": "NA",
        "text": "هێواش هێواش، بییەنە بییەنە",
        "text_original": "هێواش هێواش، بییەنە بییەنە",
        "start": 126280.0,
        "end": 130036.0,
        "audio": "content/segments/108/54.ogg"
    },
    {
        "ID": "55",
        "gender": "M",
        "age": "A",
        "character_name": "مستەر",
        "text": "وەرە، وەرە حیکمەت",
        "text_original": "وەرە، وەرە حیکمەت",
        "start": 130080.00000000001,
        "end": 131374.0,
        "audio": "content/segments/108/55.ogg"
    },
    {
        "ID": "56",
        "gender": "M",
        "age": "A",
        "character_name": "موراقیب",
        "text": "لەبەر چاوی ئەجنەبیا شەری ناوخۆ مەنێنەوە، دانیشە",
        "text_original": "لەبەر چاوی ئەجنەبیا شەری ناوخۆ مەنێنەوە، دانیشە",
        "start": 131517.0,
        "end": 134271.0,
        "audio": "content/segments/108/56.ogg"
    },
    {
        "ID": "57",
        "gender": "M",
        "age": "A",
        "character_name": "مستەر",
        "text": "وەرە، تۆ گەورەی",
        "text_original": "وەرە، تۆ گەورەی",
        "start": 134284.0,
        "end": 135638.0,
        "audio": "content/segments/108/57.ogg"
    },
    {
        "ID": "58",
        "gender": "M",
        "age": "A",
        "character_name": "حیکمەت",
        "text": "ئەجا با زل بم، ئەجینا بەر شەقمەیا میستەر",
        "text_original": "ئەجا با زل بم، ئەجینا بەر شەقمەیا میستەر",
        "start": 135661.0,
        "end": 137931.0,
        "audio": "content/segments/108/58.ogg"
    },
    {
        "ID": "59",
        "gender": "M",
        "age": "A",
        "character_name": "مستەر",
        "text": "نە ئەو مەخسەی ئەوە نیە، دانیشە دانیشن هەمووتان",
        "text_original": "نە ئەو مەخسەی ئەوە نیە، دانیشە دانیشن هەمووتان",
        "start": 137969.0,
        "end": 140925.0,
        "audio": "content/segments/108/59.ogg"
    },
    {
        "ID": "60",
        "gender": "M",
        "age": "A",
        "character_name": "مستەر",
        "text": "مەخسەی ئەوە نەبوو، ئەو مەخسەی قیرو زفتەکە بوو",
        "text_original": "مەخسەی ئەوە نەبوو، ئەو مەخسەی قیرو زفتەکە بوو",
        "start": 141360.0,
        "end": 144915.0,
        "audio": "content/segments/108/60.ogg"
    },
    {
        "ID": "61",
        "gender": "M",
        "age": "A",
        "character_name": "ڕێبوار",
        "text": "جا فەرقی چییە مستەر جیان، قیر و زفتیش بەشێکە لە شعڕ",
        "text_original": "جا فەرقی چییە مستەر جیان، قیر و زفتیش بەشێکە لە شعڕ",
        "start": 145460.0,
        "end": 148687.0,
        "audio": "content/segments/108/61.ogg"
    },
    {
        "ID": "62",
        "gender": "M",
        "age": "A",
        "character_name": "مستەر",
        "text": "دانیشە، دانیشە عەمرت نەمێنێ، تۆشمان لێ بووی بە وەتەنی دانیشە",
        "text_original": "دانیشە، دانیشە عەمرت نەمێنێ، تۆشمان لێ بووی بە وەتەنی دانیشە",
        "start": 149380.0,
        "end": 153130.0,
        "audio": "content/segments/108/62.ogg"
    },
    {
        "ID": "63",
        "gender": "M",
        "age": "A",
        "character_name": "مستەر",
        "text": "سەیری ئەم قسە زلانەی کە",
        "text_original": "سەیری ئەم قسە زلانەی کە",
        "start": 153406.0,
        "end": 154634.0,
        "audio": "content/segments/108/63.ogg"
    },
    {
        "ID": "64",
        "gender": "M",
        "age": "A",
        "character_name": "زاهیر",
        "text": "ئه، مستەر جیان، ئەمە بێجگە لەو قیرو زفتەی شتەچکەشمان دەوێ",
        "text_original": "ئه، مستەر جیان، ئەمە بێجگە لەو قیرو زفتەی شتەچکەشمان دەوێ",
        "start": 154730.0,
        "end": 158543.0,
        "audio": "content/segments/108/64.ogg"
    },
    {
        "ID": "65",
        "gender": "M",
        "age": "A",
        "character_name": "مستەر",
        "text": "چیتان دەوێ زاهیر",
        "text_original": "چیتان دەوێ زاهیر",
        "start": 158569.0,
        "end": 159589.0,
        "audio": "content/segments/108/65.ogg"
    },
    {
        "ID": "66",
        "gender": "M",
        "age": "A",
        "character_name": "زاهیر",
        "text": "ئێه",
        "text_original": "ئێه",
        "start": 159589.0,
        "end": 160191.0,
        "audio": "content/segments/108/66.ogg"
    },
    {
        "ID": "67",
        "gender": "NA",
        "age": "NA",
        "character_name": "NA",
        "text": "ها",
        "text_original": "ها",
        "start": 160201.0,
        "end": 161367.0,
        "audio": "content/segments/108/67.ogg"
    },
    {
        "ID": "68",
        "gender": "M",
        "age": "A",
        "character_name": "عەبدوڵا",
        "text": "قسەکەی کاک زاهیر زۆر ڕاستە، بێجگە لە قیرو زفتەکەی",
        "text_original": "قسەکەی کاک زاهیر زۆر ڕاستە، بێجگە لە قیرو زفتەکەی",
        "start": 161724.0,
        "end": 164175.0,
        "audio": "content/segments/108/68.ogg"
    },
    {
        "ID": "69",
        "gender": "M",
        "age": "A",
        "character_name": "عەبدوڵا",
        "text": "ئێمە پێویستمان بە ڤێستیڤاڵ هەیە ڤێستیڤاڵ",
        "text_original": "ئێمە پێویستمان بە ڤێستیڤاڵ هەیە ڤێستیڤاڵ",
        "start": 164175.0,
        "end": 166313.0,
        "audio": "content/segments/108/69.ogg"
    },
    {
        "ID": "70",
        "gender": "M",
        "age": "A",
        "character_name": "مستەر",
        "text": "ڤیستیڤاڵ بۆ چێ",
        "text_original": "ڤیستیڤاڵ بۆ چێ",
        "start": 166337.0,
        "end": 167703.0,
        "audio": "content/segments/108/70.ogg"
    },
    {
        "ID": "71",
        "gender": "M",
        "age": "A",
        "character_name": "زاهیر",
        "text": "ڤیستیڤاڵ لۆ شاری کەرکوک",
        "text_original": "ڤیستیڤاڵ لۆ شاری کەرکوک",
        "start": 167729.0,
        "end": 169741.0,
        "audio": "content/segments/108/71.ogg"
    },
    {
        "ID": "72",
        "gender": "M",
        "age": "A",
        "character_name": "مستەر",
        "text": "جا کەرکوک ڤیستیڤاڵی بۆ چییە ڕۆڵە جیان",
        "text_original": "جا کەرکوک ڤیستیڤاڵی بۆ چییە ڕۆڵە جیان",
        "start": 169784.0,
        "end": 172383.0,
        "audio": "content/segments/108/72.ogg"
    },
    {
        "ID": "73",
        "gender": "M",
        "age": "A",
        "character_name": "موراقیب",
        "text": "بۆچی نایەوێ",
        "text_original": "بۆچی نایەوێ",
        "start": 172383.0,
        "end": 173495.0,
        "audio": "content/segments/108/73.ogg"
    },
    {
        "ID": "74",
        "gender": "M",
        "age": "A",
        "character_name": "موراقیب",
        "text": "ئەی ئەوە بۆ ساڵی حەفتاو حەو میهرەجان ڕێک ئەخەن بۆ ئائەمە",
        "text_original": "ئەی ئەوە بۆ ساڵی حەفتاو حەو میهرەجان ڕێک ئەخەن بۆ ئائەمە",
        "start": 173633.0,
        "end": 177292.0,
        "audio": "content/segments/108/74.ogg"
    },
    {
        "ID": "75",
        "gender": "M",
        "age": "A",
        "character_name": "مستەر",
        "text": "من میهرەجان ڕێک ئەخەم بۆ چی",
        "text_original": "من میهرەجان ڕێک ئەخەم بۆ چی",
        "start": 177594.0,
        "end": 179420.0,
        "audio": "content/segments/108/75.ogg"
    },
    {
        "ID": "76",
        "gender": "M",
        "age": "A",
        "character_name": "موراقیب",
        "text": "بۆ ڕەقسی شەرقی بەقوربانهبم",
        "text_original": "بۆ ڕەقسی شەرقی بەقوربانهبم",
        "start": 179491.0,
        "end": 181329.0,
        "audio": "content/segments/108/76.ogg"
    },
    {
        "ID": "77",
        "gender": "M",
        "age": "A",
        "character_name": "مستەر",
        "text": "ئێ کورم بەقوربانتان بم ڕەقسی شەرقی ئەهێنێ، ئەزانن بۆ",
        "text_original": "ئێ کورم بەقوربانتان بم ڕەقسی شەرقی ئەهێنێ، ئەزانن بۆ",
        "start": 181329.0,
        "end": 186375.0,
        "audio": "content/segments/108/77.ogg"
    },
    {
        "ID": "78",
        "gender": "M",
        "age": "A",
        "character_name": "مستەر",
        "text": "چونکە ئەوە هونەرە هونەر",
        "text_original": "چونکە ئەوە هونەرە هونەر",
        "start": 186526.0,
        "end": 188312.0,
        "audio": "content/segments/108/78.ogg"
    },
    {
        "ID": "79",
        "gender": "M",
        "age": "A",
        "character_name": "عومەر",
        "text": "ئەی کەرکوک چییە میستەر جیان",
        "text_original": "ئەی کەرکوک چییە میستەر جیان",
        "start": 188478.0,
        "end": 190055.0,
        "audio": "content/segments/108/79.ogg"
    },
    {
        "ID": "80",
        "gender": "M",
        "age": "A",
        "character_name": "مستەر",
        "text": "کەرکوک تەئریخە، ئاغا",
        "text_original": "کەرکوک تەئریخە، ئاغا",
        "start": 190106.0,
        "end": 192053.0,
        "audio": "content/segments/108/80.ogg"
    },
    {
        "ID": "81",
        "gender": "M",
        "age": "A",
        "character_name": "مستەر",
        "text": "ئێوەش لە تەئریخا ناشوکری نەبێ فت، سفر، سفر",
        "text_original": "ئێوەش لە تەئریخا ناشوکری نەبێ فت، سفر، سفر",
        "start": 192164.0,
        "end": 196055.0,
        "audio": "content/segments/108/81.ogg"
    },
    {
        "ID": "82",
        "gender": "M",
        "age": "A",
        "character_name": "ئەحمەد",
        "text": "دە وەڵاهی مستەر ئیحترام هەیە بۆ ئەو قسەیەی جەنابه",
        "text_original": "دە وەڵاهی مستەر ئیحترام هەیە بۆ ئەو قسەیەی جەنابه",
        "start": 196145.0,
        "end": 199551.0,
        "audio": "content/segments/108/82.ogg"
    },
    {
        "ID": "83",
        "gender": "M",
        "age": "A",
        "character_name": "ئەحمەد",
        "text": "وەڵاهی کەس لە، بەقەد ئێمە لە تەئریخا قەڵەو نیە",
        "text_original": "وەڵاهی کەس لە، بەقەد ئێمە لە تەئریخا قەڵەو نیە",
        "start": 199600.0,
        "end": 202181.0,
        "audio": "content/segments/108/83.ogg"
    },
    {
        "ID": "84",
        "gender": "M",
        "age": "A",
        "character_name": "مستەر",
        "text": "چۆن قەڵەون ئادەی بزانم بەچی",
        "text_original": "چۆن قەڵەون ئادەی بزانم بەچی",
        "start": 202195.0,
        "end": 203958.0,
        "audio": "content/segments/108/84.ogg"
    },
    {
        "ID": "85",
        "gender": "M",
        "age": "A",
        "character_name": "ئەحمەد",
        "text": "چونکە هەموو ڕۆژێ دوو مەلزەمەی چەورمان پێ لەبەر ئەکەن",
        "text_original": "چونکە هەموو ڕۆژێ دوو مەلزەمەی چەورمان پێ لەبەر ئەکەن",
        "start": 203958.0,
        "end": 206588.0,
        "audio": "content/segments/108/85.ogg"
    },
    {
        "ID": "86",
        "gender": "M",
        "age": "A",
        "character_name": "مستەر",
        "text": "حەی حەی حەی حەی حەی، ماشەڵاتان لێ نەبێ",
        "text_original": "حەی حەی حەی حەی حەی، ماشەڵاتان لێ نەبێ",
        "start": 206854.0,
        "end": 209849.0,
        "audio": "content/segments/108/86.ogg"
    },
    {
        "ID": "87",
        "gender": "M",
        "age": "A",
        "character_name": "مستەر",
        "text": "یەک دەنک ماشەڵاتان لێ نەبێ",
        "text_original": "یەک دەنک ماشەڵاتان لێ نەبێ",
        "start": 210184.0,
        "end": 212141.0,
        "audio": "content/segments/108/87.ogg"
    },
    {
        "ID": "88",
        "gender": "M",
        "age": "A",
        "character_name": "موراقیب",
        "text": "بۆ",
        "text_original": "بۆ",
        "start": 212141.0,
        "end": 212595.0,
        "audio": "content/segments/108/88.ogg"
    },
    {
        "ID": "89",
        "gender": "M",
        "age": "A",
        "character_name": "مستەر",
        "text": "ئەمە بۆیە لەجیاتی دووی شەشی دوهەزار و چوار",
        "text_original": "ئەمە بۆیە لەجیاتی دووی شەشی دوهەزار و چوار",
        "start": 212621.0,
        "end": 217950.0,
        "audio": "content/segments/108/89.ogg"
    },
    {
        "ID": "90",
        "gender": "M",
        "age": "A",
        "character_name": "مستەر",
        "text": "نوسیوتانە شەشی دووی دووهەزار و چوار",
        "text_original": "نوسیوتانە شەشی دووی دووهەزار و چوار",
        "start": 218137.0,
        "end": 220698.0,
        "audio": "content/segments/108/90.ogg"
    },
    {
        "ID": "91",
        "gender": "M",
        "age": "A",
        "character_name": "موراقیب",
        "text": "ئا مستەر جیان ئەوە بە ئەنقەست وامان نوسیوە",
        "text_original": "ئا مستەر جیان ئەوە بە ئەنقەست وامان نوسیوە",
        "start": 220994.0,
        "end": 223496.0,
        "audio": "content/segments/108/91.ogg"
    },
    {
        "ID": "92",
        "gender": "M",
        "age": "A",
        "character_name": "مستەر",
        "text": "ئێ جا",
        "text_original": "ئێ جا",
        "start": 223551.0,
        "end": 224338.0,
        "audio": "content/segments/108/92.ogg"
    },
    {
        "ID": "93",
        "gender": "NA",
        "age": "NA",
        "character_name": "NA",
        "text": "ئێ",
        "text_original": "ئێ",
        "start": 224419.0,
        "end": 226179.0,
        "audio": "content/segments/108/93.ogg"
    },
    {
        "ID": "94",
        "gender": "M",
        "age": "A",
        "character_name": "موراقیب",
        "text": "یاعنی لەسایەی سەری جەنابتەوە",
        "text_original": "یاعنی لەسایەی سەری جەنابتەوە",
        "start": 226199.0,
        "end": 228355.0,
        "audio": "content/segments/108/94.ogg"
    },
    {
        "ID": "95",
        "gender": "M",
        "age": "A",
        "character_name": "موراقیب",
        "text": "بەجێری سەریع چوار مانگ هاتینە دواوە",
        "text_original": "بەجێری سەریع چوار مانگ هاتینە دواوە",
        "start": 228355.0,
        "end": 231039.0,
        "audio": "content/segments/108/95.ogg"
    },
    {
        "ID": "96",
        "gender": "M",
        "age": "A",
        "character_name": "مستەر",
        "text": "ئینجا کورم من چی بکەم، مەنهەجەکە خۆی وایە",
        "text_original": "ئینجا کورم من چی بکەم، مەنهەجەکە خۆی وایە",
        "start": 231064.0,
        "end": 233780.0,
        "audio": "content/segments/108/96.ogg"
    },
    {
        "ID": "97",
        "gender": "M",
        "age": "A",
        "character_name": "عومەر",
        "text": "ئەی باشە میستەر گیان، مەنهەجەکە جەنابت ناینوسێت",
        "text_original": "ئەی باشە میستەر گیان، مەنهەجەکە جەنابت ناینوسێت",
        "start": 233844.0,
        "end": 237149.0,
        "audio": "content/segments/108/97.ogg"
    },
    {
        "ID": "98",
        "gender": "M",
        "age": "A",
        "character_name": "مستەر",
        "text": "نە بەسەری تۆ ئەزانی بۆ",
        "text_original": "نە بەسەری تۆ ئەزانی بۆ",
        "start": 237180.0,
        "end": 238722.0,
        "audio": "content/segments/108/98.ogg"
    },
    {
        "ID": "99",
        "gender": "M",
        "age": "A",
        "character_name": "مستەر",
        "text": "شەریکم هەیە شەریک",
        "text_original": "شەریکم هەیە شەریک",
        "start": 239144.0,
        "end": 240572.0,
        "audio": "content/segments/108/99.ogg"
    },
    {
        "ID": "100",
        "gender": "M",
        "age": "A",
        "character_name": "عەبدوڵا",
        "text": "ئێ میستەر بەو خوایە ئەزانی چی، ئەمەنە خۆشە بنیایەم شەریکی تۆ بێ",
        "text_original": "ئێ میستەر بەو خوایە ئەزانی چی، ئەمەنە خۆشە بنیایەم شەریکی تۆ بێ",
        "start": 240612.0,
        "end": 245403.0,
        "audio": "content/segments/108/100.ogg"
    },
    {
        "ID": "101",
        "gender": "M",
        "age": "A",
        "character_name": "مستەر",
        "text": "بۆ",
        "text_original": "بۆ",
        "start": 245423.0,
        "end": 246121.0,
        "audio": "content/segments/108/101.ogg"
    },
    {
        "ID": "102",
        "gender": "M",
        "age": "A",
        "character_name": "عەبدوڵا",
        "text": "ئ، لەبەر ئەوەی غەدری لێ ناکەی",
        "text_original": "ئ، لەبەر ئەوەی غەدری لێ ناکەی",
        "start": 246246.0,
        "end": 247937.0,
        "audio": "content/segments/108/102.ogg"
    },
    {
        "ID": "103",
        "gender": "M",
        "age": "A",
        "character_name": "مستەر",
        "text": "هەتیوو چۆن ئەبێ پیاو غەدر لە لە شەریچی خۆی بکا",
        "text_original": "هەتیوو چۆن ئەبێ پیاو غەدر لە لە شەریچی خۆی بکا",
        "start": 248052.0,
        "end": 251982.0,
        "audio": "content/segments/108/103.ogg"
    },
    {
        "ID": "104",
        "gender": "M",
        "age": "A",
        "character_name": "مستەر",
        "text": "شتی وا چۆن ئەبێ نابێ شتیوا",
        "text_original": "شتی وا چۆن ئەبێ نابێ شتیوا",
        "start": 251982.0,
        "end": 253631.0,
        "audio": "content/segments/108/104.ogg"
    },
    {
        "ID": "105",
        "gender": "M",
        "age": "A",
        "character_name": "عومەر",
        "text": "موراقیب موراقیب، من ئێستا دڵم بوە بە ئاوێنە، ئەی تۆ",
        "text_original": "موراقیب موراقیب، من ئێستا دڵم بوە بە ئاوێنە، ئەی تۆ",
        "start": 253704.0,
        "end": 257132.0,
        "audio": "content/segments/108/105.ogg"
    },
    {
        "ID": "106",
        "gender": "M",
        "age": "A",
        "character_name": "موراقیب",
        "text": "من من من، من دەمێکە دڵم بوە بە ئاوێنە لەو مستەرە",
        "text_original": "من من من، من دەمێکە دڵم بوە بە ئاوێنە لەو مستەرە",
        "start": 257173.99999999997,
        "end": 260434.00000000003,
        "audio": "content/segments/108/106.ogg"
    },
    {
        "ID": "107",
        "gender": "M",
        "age": "A",
        "character_name": "موراقیب",
        "text": "ئەسڵەن من بەیانیان لەبەر دڵی خۆما ڕیش ئەتاشم",
        "text_original": "ئەسڵەن من بەیانیان لەبەر دڵی خۆما ڕیش ئەتاشم",
        "start": 260434.00000000003,
        "end": 264223.0,
        "audio": "content/segments/108/107.ogg"
    },
    {
        "ID": "108",
        "gender": "M",
        "age": "A",
        "character_name": "موراقیب",
        "text": "ئاوێنەی دڵم دائەنێم ڕیشم ئەتاشم",
        "text_original": "ئاوێنەی دڵم دائەنێم ڕیشم ئەتاشم",
        "start": 264255.0,
        "end": 266248.0,
        "audio": "content/segments/108/108.ogg"
    },
    {
        "ID": "109",
        "gender": "M",
        "age": "A",
        "character_name": "ئەحمەد",
        "text": "ئادەی ئادەی ئادەی موراقیب، ه، ئەمە بۆیە هەموو گیانی خۆی بڕیوە",
        "text_original": "ئادەی ئادەی ئادەی موراقیب، ه، ئەمە بۆیە هەموو گیانی خۆی بڕیوە",
        "start": 266284.0,
        "end": 269703.0,
        "audio": "content/segments/108/109.ogg"
    },
    {
        "ID": "110",
        "gender": "M",
        "age": "A",
        "character_name": "قوتابیەکان",
        "text": "(پێکەنین)",
        "text_original": "(پێکەنین)",
        "start": 269710.0,
        "end": 272260.0,
        "audio": "content/segments/108/110.ogg"
    },
    {
        "ID": "111",
        "gender": "M",
        "age": "A",
        "character_name": "زاهیر",
        "text": "جەماعەت جەماعەت",
        "text_original": "جەماعەت جەماعەت",
        "start": 272280.0,
        "end": 273306.0,
        "audio": "content/segments/108/111.ogg"
    },
    {
        "ID": "112",
        "gender": "M",
        "age": "A",
        "character_name": "زاهیر",
        "text": "سەت خۆزگا بمزانیبا سەباح مەشغولی چییە",
        "text_original": "سەت خۆزگا بمزانیبا سەباح مەشغولی چییە",
        "start": 273714.0,
        "end": 277049.0,
        "audio": "content/segments/108/112.ogg"
    },
    {
        "ID": "113",
        "gender": "M",
        "age": "A",
        "character_name": "ڕێبوار",
        "text": "ئەوە بیرەوەریەکانی ئەنوسیوەتەوە کاک زاهیر جیان",
        "text_original": "ئەوە بیرەوەریەکانی ئەنوسیوەتەوە کاک زاهیر جیان",
        "start": 277102.0,
        "end": 279603.0,
        "audio": "content/segments/108/113.ogg"
    },
    {
        "ID": "114",
        "gender": "M",
        "age": "A",
        "character_name": "مستەر",
        "text": "ئینجا سەباحی نا موبارەک بیرەوەری کوا تابینوسێتەوە ها",
        "text_original": "ئینجا سەباحی نا موبارەک بیرەوەری کوا تابینوسێتەوە ها",
        "start": 279608.0,
        "end": 282998.0,
        "audio": "content/segments/108/114.ogg"
    },
    {
        "ID": "115",
        "gender": "M",
        "age": "A",
        "character_name": "عەبدوڵا",
        "text": "با میستەر هەیەتی، بەڵام هەموو بیرەوەریەکانی نییە",
        "text_original": "با میستەر هەیەتی، بەڵام هەموو بیرەوەریەکانی نییە",
        "start": 283053.0,
        "end": 286156.0,
        "audio": "content/segments/108/115.ogg"
    },
    {
        "ID": "116",
        "gender": "M",
        "age": "A",
        "character_name": "عەبدوڵا",
        "text": "لەیەک دفتەری تەلەفوناتا جێی یٔەبێتەوە",
        "text_original": "لەیەک دفتەری تەلەفوناتا جێی یٔەبێتەوە",
        "start": 286457.0,
        "end": 288448.0,
        "audio": "content/segments/108/116.ogg"
    },
    {
        "ID": "117",
        "gender": "M",
        "age": "A",
        "character_name": "قوتابیەکان",
        "text": "(پێکەنین)",
        "text_original": "(پێکەنین)",
        "start": 288473.0,
        "end": 291301.0,
        "audio": "content/segments/108/117.ogg"
    },
    {
        "ID": "118",
        "gender": "M",
        "age": "A",
        "character_name": "عومەر",
        "text": "وەڵای میستەر گیان بیرەوەریەکانی نەنوسیوەتەوە",
        "text_original": "وەڵای میستەر گیان بیرەوەریەکانی نەنوسیوەتەوە",
        "start": 293350.0,
        "end": 295661.0,
        "audio": "content/segments/108/118.ogg"
    },
    {
        "ID": "119",
        "gender": "M",
        "age": "A",
        "character_name": "عومەر",
        "text": "هەرچی موحازەڕەکانی جەنابھ هەیە ئیختساری کردوە، ئەوەتا",
        "text_original": "هەرچی موحازەڕەکانی جەنابھ هەیە ئیختساری کردوە، ئەوەتا",
        "start": 295977.0,
        "end": 298902.0,
        "audio": "content/segments/108/119.ogg"
    },
    {
        "ID": "120",
        "gender": "M",
        "age": "A",
        "character_name": "مستەر",
        "text": "ئێ جا محازەرەی چی خۆ من هێشتا دەستم پێنەکردوە",
        "text_original": "ئێ جا محازەرەی چی خۆ من هێشتا دەستم پێنەکردوە",
        "start": 298902.0,
        "end": 301895.0,
        "audio": "content/segments/108/120.ogg"
    },
    {
        "ID": "121",
        "gender": "M",
        "age": "A",
        "character_name": "مستەر",
        "text": "موحازەرەی چی ئەنوسی هەتیوو",
        "text_original": "موحازەرەی چی ئەنوسی هەتیوو",
        "start": 301895.0,
        "end": 303495.0,
        "audio": "content/segments/108/121.ogg"
    },
    {
        "ID": "122",
        "gender": "M",
        "age": "A",
        "character_name": "موراقیب",
        "text": "ئێ خۆ ئەویش هیچی نەنوسیوە پێنج پێنج ئەکا",
        "text_original": "ئێ خۆ ئەویش هیچی نەنوسیوە پێنج پێنج ئەکا",
        "start": 303927.0,
        "end": 306391.0,
        "audio": "content/segments/108/122.ogg"
    },
    {
        "ID": "123",
        "gender": "M",
        "age": "A",
        "character_name": "عومەر",
        "text": "پێنج پێنج ئەکات",
        "text_original": "پێنج پێنج ئەکات",
        "start": 306405.0,
        "end": 307200.0,
        "audio": "content/segments/108/123.ogg"
    },
    {
        "ID": "124",
        "gender": "M",
        "age": "A",
        "character_name": "مستەر",
        "text": "پێنج پێنج لەگەڵ چێیا ئەیکەی",
        "text_original": "پێنج پێنج لەگەڵ چێیا ئەیکەی",
        "start": 307220.0,
        "end": 308633.0,
        "audio": "content/segments/108/124.ogg"
    },
    {
        "ID": "125",
        "gender": "M",
        "age": "A",
        "character_name": "عومەر",
        "text": "لەگەڵ خۆیا مستەر جیان لەگەڵ خۆیا",
        "text_original": "لەگەڵ خۆیا مستەر جیان لەگەڵ خۆیا",
        "start": 308633.0,
        "end": 310189.0,
        "audio": "content/segments/108/125.ogg"
    },
    {
        "ID": "126",
        "gender": "M",
        "age": "A",
        "character_name": "مستەر",
        "text": "چوزانم لەگەڵ خۆیا قەیناکە",
        "text_original": "چوزانم لەگەڵ خۆیا قەیناکە",
        "start": 310189.0,
        "end": 312036.0,
        "audio": "content/segments/108/126.ogg"
    },
    {
        "ID": "127",
        "gender": "M",
        "age": "A",
        "character_name": "موراقیب",
        "text": "وەڵای مستەر هەر هەمووی خەتای تۆیە",
        "text_original": "وەڵای مستەر هەر هەمووی خەتای تۆیە",
        "start": 312179.0,
        "end": 314271.0,
        "audio": "content/segments/108/127.ogg"
    },
    {
        "ID": "128",
        "gender": "M",
        "age": "A",
        "character_name": "مستەر",
        "text": "بۆ",
        "text_original": "بۆ",
        "start": 314497.0,
        "end": 314931.0,
        "audio": "content/segments/108/128.ogg"
    },
    {
        "ID": "129",
        "gender": "M",
        "age": "A",
        "character_name": "موراقیب",
        "text": "ئەگەر تۆ دەرسەکە باش بۆ ئێمە شەرح کەی تەلەبە دەس ناکا بە پێنچ",
        "text_original": "ئەگەر تۆ دەرسەکە باش بۆ ئێمە شەرح کەی تەلەبە دەس ناکا بە پێنچ",
        "start": 315007.0,
        "end": 319071.0,
        "audio": "content/segments/108/129.ogg"
    },
    {
        "ID": "130",
        "gender": "M",
        "age": "A",
        "character_name": "موراقیب",
        "text": "ئێ دەمەکە قسە ئەکەم",
        "text_original": "ئێ دەمەکە قسە ئەکەم",
        "start": 319269.0,
        "end": 320884.0,
        "audio": "content/segments/108/130.ogg"
    },
    {
        "ID": "131",
        "gender": "M",
        "age": "A",
        "character_name": "موراقیب",
        "text": "تەلەبەش دەس ناکا بە پێنچ پێنچ، خەریکی پێنچ پێنچ نابێ",
        "text_original": "تەلەبەش دەس ناکا بە پێنچ پێنچ، خەریکی پێنچ پێنچ نابێ",
        "start": 321077.0,
        "end": 323899.0,
        "audio": "content/segments/108/131.ogg"
    },
    {
        "ID": "132",
        "gender": "M",
        "age": "A",
        "character_name": "موراقیب",
        "text": "هەمووی خەتای تۆیە",
        "text_original": "هەمووی خەتای تۆیە",
        "start": 323933.0,
        "end": 324864.0,
        "audio": "content/segments/108/132.ogg"
    },
    {
        "ID": "133",
        "gender": "M",
        "age": "A",
        "character_name": "مستەر",
        "text": "وەڵا کوڕم من قسورم نەکردوە لەگەڵتان",
        "text_original": "وەڵا کوڕم من قسورم نەکردوە لەگەڵتان",
        "start": 324937.0,
        "end": 327810.0,
        "audio": "content/segments/108/133.ogg"
    },
    {
        "ID": "134",
        "gender": "M",
        "age": "A",
        "character_name": "مستەر",
        "text": "من لە حدود و ئیمکانیاتی خۆما، جهودی خۆمم کردوە تەواو",
        "text_original": "من لە حدود و ئیمکانیاتی خۆما، جهودی خۆمم کردوە تەواو",
        "start": 328299.0,
        "end": 333052.0,
        "audio": "content/segments/108/134.ogg"
    },
    {
        "ID": "135",
        "gender": "M",
        "age": "A",
        "character_name": "ئەحمەد",
        "text": "ئەرێ مستەر، ئەرێ ئەم ئیفلاتونە ڕاسئەکا ئەڵێ",
        "text_original": "ئەرێ مستەر، ئەرێ ئەم ئیفلاتونە ڕاسئەکا ئەڵێ",
        "start": 333120.0,
        "end": 336427.0,
        "audio": "content/segments/108/135.ogg"
    },
    {
        "ID": "136",
        "gender": "M",
        "age": "A",
        "character_name": "ئەحمەد",
        "text": "نازانم حدودی یٔەمڕۆ جەبهەی سبەینێیە",
        "text_original": "نازانم حدودی یٔەمڕۆ جەبهەی سبەینێیە",
        "start": 336427.0,
        "end": 339075.0,
        "audio": "content/segments/108/136.ogg"
    },
    {
        "ID": "137",
        "gender": "M",
        "age": "A",
        "character_name": "عەبدوڵا",
        "text": "نا ئەحمە ئەواا من پێو بڵێم",
        "text_original": "نا ئەحمە ئەواا من پێو بڵێم",
        "start": 339137.0,
        "end": 341598.0,
        "audio": "content/segments/108/137.ogg"
    },
    {
        "ID": "138",
        "gender": "M",
        "age": "A",
        "character_name": "عەبدوڵا",
        "text": "ئیفلاتون واناڵێ، ئیفلاتون ئەڵێ ئەوەی کە ئەمڕۆ حدودە",
        "text_original": "ئیفلاتون واناڵێ، ئیفلاتون ئەڵێ ئەوەی کە ئەمڕۆ حدودە",
        "start": 341987.0,
        "end": 346321.0,
        "audio": "content/segments/108/138.ogg"
    },
    {
        "ID": "139",
        "gender": "M",
        "age": "A",
        "character_name": "عەبدوڵا",
        "text": "دوێنێ و پێرێ جەبهە بوە",
        "text_original": "دوێنێ و پێرێ جەبهە بوە",
        "start": 346787.0,
        "end": 348514.0,
        "audio": "content/segments/108/139.ogg"
    },
    {
        "ID": "140",
        "gender": "M",
        "age": "A",
        "character_name": "هێمن",
        "text": "باشە کاکە عەبدڵا چێ وا ئەڵێ",
        "text_original": "باشە کاکە عەبدڵا چێ وا ئەڵێ",
        "start": 348674.0,
        "end": 350711.0,
        "audio": "content/segments/108/140.ogg"
    },
    {
        "ID": "141",
        "gender": "M",
        "age": "A",
        "character_name": "عەبدوڵا",
        "text": "بەخوا هێمن یا ئیفلاتونە یا سوقڕاتی ژن برایتی یەچێک لەو دوانەیە",
        "text_original": "بەخوا هێمن یا ئیفلاتونە یا سوقڕاتی ژن برایتی یەچێک لەو دوانەیە",
        "start": 350877.0,
        "end": 354990.0,
        "audio": "content/segments/108/141.ogg"
    },
    {
        "ID": "142",
        "gender": "M",
        "age": "A",
        "character_name": "مستەر",
        "text": "دە توخوا، دە توخوا ئەگەر ئا ئێستە نیە قژی خۆم ئەڕنم و",
        "text_original": "دە توخوا، دە توخوا ئەگەر ئا ئێستە نیە قژی خۆم ئەڕنم و",
        "start": 355687.0,
        "end": 360476.0,
        "audio": "content/segments/108/142.ogg"
    },
    {
        "ID": "143",
        "gender": "M",
        "age": "A",
        "character_name": "مستەر",
        "text": "ئەم شەپقە فڕێ ئەیەم بە ئاسمانا، ئەڵێن میستەر لە خۆیەوە شێت و هار بوە",
        "text_original": "ئەم شەپقە فڕێ ئەیەم بە ئاسمانا، ئەڵێن میستەر لە خۆیەوە شێت و هار بوە",
        "start": 360509.0,
        "end": 364551.0,
        "audio": "content/segments/108/143.ogg"
    },
    {
        "ID": "144",
        "gender": "M",
        "age": "A",
        "character_name": "مستەر",
        "text": "هەر ئیفلاتون مابوو درۆی بەدەمەوە بکەن، (نارون) عەیب ناکەن",
        "text_original": "هەر ئیفلاتون مابوو درۆی بەدەمەوە بکەن، (نارون) عەیب ناکەن",
        "start": 365251.0,
        "end": 368227.0,
        "audio": "content/segments/108/144.ogg"
    },
    {
        "ID": "145",
        "gender": "M",
        "age": "A",
        "character_name": "حیکمەت",
        "text": "ئێ میستەر جیان ئاخر خۆ بەدەست ئێمە نییە",
        "text_original": "ئێ میستەر جیان ئاخر خۆ بەدەست ئێمە نییە",
        "start": 368263.0,
        "end": 371780.0,
        "audio": "content/segments/108/145.ogg"
    },
    {
        "ID": "146",
        "gender": "M",
        "age": "A",
        "character_name": "حیکمەت",
        "text": "ئێمە خۆمان عایلەویەن لە تەئریخا زەعیفین",
        "text_original": "ئێمە خۆمان عایلەویەن لە تەئریخا زەعیفین",
        "start": 372302.0,
        "end": 376136.0,
        "audio": "content/segments/108/146.ogg"
    },
    {
        "ID": "147",
        "gender": "M",
        "age": "A",
        "character_name": "مستەر",
        "text": "نەخێر، هەر لە تەئریخا نا لە فیزیاشا تەواو نین ئەی، ئەزانن بۆ",
        "text_original": "نەخێر، هەر لە تەئریخا نا لە فیزیاشا تەواو نین ئەی، ئەزانن بۆ",
        "start": 376200.0,
        "end": 381286.0,
        "audio": "content/segments/108/147.ogg"
    },
    {
        "ID": "148",
        "gender": "M",
        "age": "A",
        "character_name": "مستەر",
        "text": "ئێوە ئیستمڕاریەتان نیە ئیستمراریەت",
        "text_original": "ئێوە ئیستمڕاریەتان نیە ئیستمراریەت",
        "start": 381604.0,
        "end": 384399.0,
        "audio": "content/segments/108/148.ogg"
    },
    {
        "ID": "149",
        "gender": "M",
        "age": "A",
        "character_name": "ڕێبوار",
        "text": "ئەرێ ئەحە جیان ئیستمڕاریەت یاعنی چی",
        "text_original": "ئەرێ ئەحە جیان ئیستمڕاریەت یاعنی چی",
        "start": 384434.0,
        "end": 386617.0,
        "audio": "content/segments/108/149.ogg"
    },
    {
        "ID": "150",
        "gender": "M",
        "age": "A",
        "character_name": "یٔەحمەد",
        "text": "بەخوا یٔیستمراریەت یا ناوی مەسیٔولە یا مەشڕوعە، لەو دوانەیایە",
        "text_original": "بەخوا یٔیستمراریەت یا ناوی مەسیٔولە یا مەشڕوعە، لەو دوانەیایە",
        "start": 386744.0,
        "end": 390948.0,
        "audio": "content/segments/108/150.ogg"
    },
    {
        "ID": "151",
        "gender": "M",
        "age": "A",
        "character_name": "مستەر",
        "text": "کورم ئیستمراریەت من بۆتان شەرح کەم، ئەزانی چۆن",
        "text_original": "کورم ئیستمراریەت من بۆتان شەرح کەم، ئەزانی چۆن",
        "start": 391012.0,
        "end": 394486.0,
        "audio": "content/segments/108/151.ogg"
    },
    {
        "ID": "152",
        "gender": "M",
        "age": "A",
        "character_name": "مستەر",
        "text": "مەسەلەن ئێستا تایەیێ، ئەئاوا غلیکەرەوە با بڕوا پاڵێکی پێوەنێ",
        "text_original": "مەسەلەن ئێستا تایەیێ، ئەئاوا غلیکەرەوە با بڕوا پاڵێکی پێوەنێ",
        "start": 394696.0,
        "end": 399997.0,
        "audio": "content/segments/108/152.ogg"
    },
    {
        "ID": "153",
        "gender": "M",
        "age": "A",
        "character_name": "مستەر",
        "text": "یٔەڕوا یٔەڕوا یٔەڕوا یٔەڕوا یٔەڕوا یٔەڕوا یٔەڕوا یٔەڕوا",
        "text_original": "یٔەڕوا یٔەڕوا یٔەڕوا یٔەڕوا یٔەڕوا یٔەڕوا یٔەڕوا یٔەڕوا",
        "start": 400304.0,
        "end": 404872.0,
        "audio": "content/segments/108/153.ogg"
    },
    {
        "ID": "154",
        "gender": "M",
        "age": "A",
        "character_name": "مستەر",
        "text": "تا ون ئەبێت بۆ چونکە ئیستمراریەتی وەرگرتوە",
        "text_original": "تا ون ئەبێت بۆ چونکە ئیستمراریەتی وەرگرتوە",
        "start": 404949.0,
        "end": 408702.0,
        "audio": "content/segments/108/154.ogg"
    },
    {
        "ID": "155",
        "gender": "M",
        "age": "A",
        "character_name": "زاهیر",
        "text": "باشە باش مستەر، ئەدی ئەمە چبکەین هەتا ئیستمراریەتمان هەبی",
        "text_original": "باشە باش مستەر، ئەدی ئەمە چبکەین هەتا ئیستمراریەتمان هەبی",
        "start": 408702.0,
        "end": 413148.0,
        "audio": "content/segments/108/155.ogg"
    },
    {
        "ID": "156",
        "gender": "M",
        "age": "A",
        "character_name": "مستەر",
        "text": "بابە زایر ئەزانی ئەبێ چی بکەن",
        "text_original": "بابە زایر ئەزانی ئەبێ چی بکەن",
        "start": 413255.0,
        "end": 415778.0,
        "audio": "content/segments/108/156.ogg"
    },
    {
        "ID": "157",
        "gender": "M",
        "age": "A",
        "character_name": "مستەر",
        "text": "یٔێوە یٔەبێ بەدوای مەڕجەعا بگەڕێن بابە",
        "text_original": "یٔێوە یٔەبێ بەدوای مەڕجەعا بگەڕێن بابە",
        "start": 416076.0,
        "end": 418757.0,
        "audio": "content/segments/108/157.ogg"
    },
    {
        "ID": "158",
        "gender": "M",
        "age": "A",
        "character_name": "ئەحمەد",
        "text": "مەڕجەعی دینی مستەر",
        "text_original": "مەڕجەعی دینی مستەر",
        "start": 418783.0,
        "end": 420012.0,
        "audio": "content/segments/108/158.ogg"
    },
    {
        "ID": "159",
        "gender": "M",
        "age": "A",
        "character_name": "مستەر",
        "text": "مەرجەعی زەهری مار",
        "text_original": "مەرجەعی زەهری مار",
        "start": 420137.0,
        "end": 422004.0,
        "audio": "content/segments/108/159.ogg"
    },
    {
        "ID": "160",
        "gender": "M",
        "age": "A",
        "character_name": "مستەر",
        "text": "چاڵی چاوو لە، ئەڵێی بێم بە لەقەیێک دەمی بشکێنم",
        "text_original": "چاڵی چاوو لە، ئەڵێی بێم بە لەقەیێک دەمی بشکێنم",
        "start": 422188.0,
        "end": 426024.0,
        "audio": "content/segments/108/160.ogg"
    },
    {
        "ID": "161",
        "gender": "M",
        "age": "A",
        "character_name": "مستەر",
        "text": "مەرجەع ئەوە ناڵێم، مەرجعی کتێب ئەڵێم کتێب",
        "text_original": "مەرجەع ئەوە ناڵێم، مەرجعی کتێب ئەڵێم کتێب",
        "start": 426213.0,
        "end": 429507.0,
        "audio": "content/segments/108/161.ogg"
    },
    {
        "ID": "162",
        "gender": "M",
        "age": "A",
        "character_name": "مستەر",
        "text": "وەڵاهی پیاو شێت ئەکەن ئێوە نازانم",
        "text_original": "وەڵاهی پیاو شێت ئەکەن ئێوە نازانم",
        "start": 430043.0,
        "end": 432513.0,
        "audio": "content/segments/108/162.ogg"
    },
    {
        "ID": "163",
        "gender": "M",
        "age": "A",
        "character_name": "مستەر",
        "text": "لە بەیانیەوە من لەم بێدەنگیەی سەباح ترساوم",
        "text_original": "لە بەیانیەوە من لەم بێدەنگیەی سەباح ترساوم",
        "start": 432856.0,
        "end": 435842.0,
        "audio": "content/segments/108/163.ogg"
    },
    {
        "ID": "164",
        "gender": "M",
        "age": "A",
        "character_name": "عومەر",
        "text": "کاک ئەزانننم ئەحواڵ ئاپرسسم، کاک ئەزاننم ئەحواڵ ئاپرسم",
        "text_original": "کاک ئەزانننم ئەحواڵ ئاپرسسم، کاک ئەزاننم ئەحواڵ ئاپرسم",
        "start": 435889.0,
        "end": 445534.0,
        "audio": "content/segments/108/164.ogg"
    },
    {
        "ID": "165",
        "gender": "M",
        "age": "A",
        "character_name": "قوتابیەکان",
        "text": "لە بێدەنگیەکەی سەباح گیان، هێجگار ئەترسم",
        "text_original": "لە بێدەنگیەکەی سەباح گیان، هێجگار ئەترسم",
        "start": 445653.0,
        "end": 450500.0,
        "audio": "content/segments/108/165.ogg"
    },
    {
        "ID": "166",
        "gender": "NA",
        "age": "NA",
        "character_name": "NA",
        "text": "باس باس باس",
        "text_original": "باس باس باس",
        "start": 450520.0,
        "end": 455368.0,
        "audio": "content/segments/108/166.ogg"
    },
    {
        "ID": "167",
        "gender": "M",
        "age": "A",
        "character_name": "مستەر",
        "text": "بەس، یٔەرێوەڵا من لەو بێدەنگەی سەباح زۆر زۆر یٔەترسم",
        "text_original": "بەس، یٔەرێوەڵا من لەو بێدەنگەی سەباح زۆر زۆر یٔەترسم",
        "start": 456313.0,
        "end": 460227.0,
        "audio": "content/segments/108/167.ogg"
    },
    {
        "ID": "168",
        "gender": "M",
        "age": "A",
        "character_name": "هێمن",
        "text": "میستەر جیان بۆچی لێی ئەترسی",
        "text_original": "میستەر جیان بۆچی لێی ئەترسی",
        "start": 460227.0,
        "end": 461762.0,
        "audio": "content/segments/108/168.ogg"
    },
    {
        "ID": "169",
        "gender": "M",
        "age": "A",
        "character_name": "مستەر",
        "text": "لێی تێناگەم لێی تێناگەم، ئەم بێدەنگیەی لێی تێناگەم، نازانم چییە",
        "text_original": "لێی تێناگەم لێی تێناگەم، ئەم بێدەنگیەی لێی تێناگەم، نازانم چییە",
        "start": 461801.0,
        "end": 466156.0,
        "audio": "content/segments/108/169.ogg"
    },
    {
        "ID": "170",
        "gender": "M",
        "age": "A",
        "character_name": "موراقیب",
        "text": "مستەر سەباح کە قسە بکا و کە خوتبە ئەیا خەڵک تێی ناگا",
        "text_original": "مستەر سەباح کە قسە بکا و کە خوتبە ئەیا خەڵک تێی ناگا",
        "start": 466194.0,
        "end": 470704.0,
        "audio": "content/segments/108/170.ogg"
    },
    {
        "ID": "171",
        "gender": "M",
        "age": "A",
        "character_name": "موراقیب",
        "text": "ئنجا لە بێدەنگیەکەی تێبگەی",
        "text_original": "ئنجا لە بێدەنگیەکەی تێبگەی",
        "start": 470838.0,
        "end": 472371.0,
        "audio": "content/segments/108/171.ogg"
    },
    {
        "ID": "172",
        "gender": "M",
        "age": "A",
        "character_name": "مستەر",
        "text": "ئاها ئەوە باشترە ئەزانی بۆ",
        "text_original": "ئاها ئەوە باشترە ئەزانی بۆ",
        "start": 472502.0,
        "end": 475080.0,
        "audio": "content/segments/108/172.ogg"
    },
    {
        "ID": "173",
        "gender": "M",
        "age": "A",
        "character_name": "مستەر",
        "text": "بۆ ئەوەی بەو بێدەنگیەی خۆی نییە مێشکی سەرتان بێنێتە خوارەوە",
        "text_original": "بۆ ئەوەی بەو بێدەنگیەی خۆی نییە مێشکی سەرتان بێنێتە خوارەوە",
        "start": 475294.0,
        "end": 479445.0,
        "audio": "content/segments/108/173.ogg"
    },
    {
        "ID": "174",
        "gender": "M",
        "age": "A",
        "character_name": "ئەحمەد",
        "text": "حەو لەو قسەیە، موراقیب ئەڵێ با بەو بێدەنگیەی سەباح",
        "text_original": "حەو لەو قسەیە، موراقیب ئەڵێ با بەو بێدەنگیەی سەباح",
        "start": 479528.0,
        "end": 483421.0,
        "audio": "content/segments/108/174.ogg"
    },
    {
        "ID": "175",
        "gender": "M",
        "age": "A",
        "character_name": "ئەحمەد",
        "text": "مێشکی سەرتان بەرێ، شتی وا ئەبێ",
        "text_original": "مێشکی سەرتان بەرێ، شتی وا ئەبێ",
        "start": 483458.0,
        "end": 485310.0,
        "audio": "content/segments/108/175.ogg"
    },
    {
        "ID": "176",
        "gender": "M",
        "age": "A",
        "character_name": "موراقیب",
        "text": "ڕاسئەکا ئەزانی بۆ",
        "text_original": "ڕاسئەکا ئەزانی بۆ",
        "start": 485499.0,
        "end": 487586.0,
        "audio": "content/segments/108/176.ogg"
    },
    {
        "ID": "177",
        "gender": "M",
        "age": "A",
        "character_name": "موراقیب",
        "text": "تۆ تێی ناگەی، بەعزێ جار قسە نەکردن باشترین ئسلوبی",
        "text_original": "تۆ تێی ناگەی، بەعزێ جار قسە نەکردن باشترین ئسلوبی",
        "start": 487633.0,
        "end": 490946.0,
        "audio": "content/segments/108/177.ogg"
    },
    {
        "ID": "178",
        "gender": "M",
        "age": "A",
        "character_name": "موراقیب",
        "text": "تەعبیر و قسە کردنە",
        "text_original": "تەعبیر و قسە کردنە",
        "start": 490946.0,
        "end": 492289.0,
        "audio": "content/segments/108/178.ogg"
    },
    {
        "ID": "179",
        "gender": "M",
        "age": "A",
        "character_name": "عومەر",
        "text": "دەی دەی دەی، ئێستا تێگەیشتم",
        "text_original": "دەی دەی دەی، ئێستا تێگەیشتم",
        "start": 492381.0,
        "end": 494830.0,
        "audio": "content/segments/108/179.ogg"
    },
    {
        "ID": "180",
        "gender": "M",
        "age": "A",
        "character_name": "عومەر",
        "text": "بێدەنگی ئسلوبی قسەکردنە ئەزانی چۆن",
        "text_original": "بێدەنگی ئسلوبی قسەکردنە ئەزانی چۆن",
        "start": 495893.0,
        "end": 498666.0,
        "audio": "content/segments/108/180.ogg"
    },
    {
        "ID": "181",
        "gender": "M",
        "age": "A",
        "character_name": "عومەر",
        "text": "چونکە دەوڵەتەکان نیە",
        "text_original": "چونکە دەوڵەتەکان نیە",
        "start": 498893.0,
        "end": 500463.0,
        "audio": "content/segments/108/181.ogg"
    },
    {
        "ID": "182",
        "gender": "M",
        "age": "A",
        "character_name": "موراقیب",
        "text": "ئێ",
        "text_original": "ئێ",
        "start": 500463.0,
        "end": 500713.0,
        "audio": "content/segments/108/182.ogg"
    },
    {
        "ID": "183",
        "gender": "M",
        "age": "A",
        "character_name": "عومەر",
        "text": "لە وەزارەتی دیفاعەوە هجوم ئەکەن",
        "text_original": "لە وەزارەتی دیفاعەوە هجوم ئەکەن",
        "start": 500832.0,
        "end": 502804.0,
        "audio": "content/segments/108/183.ogg"
    },
    {
        "ID": "184",
        "gender": "M",
        "age": "A",
        "character_name": "هێمن",
        "text": "ئاخ میستەر ئاخ",
        "text_original": "ئاخ میستەر ئاخ",
        "start": 502812.0,
        "end": 504883.0,
        "audio": "content/segments/108/184.ogg"
    },
    {
        "ID": "185",
        "gender": "M",
        "age": "A",
        "character_name": "مستەر",
        "text": "ئاخ ئاخی چیتە، ئاخ بۆ چێ، چیان لێ کردووی، بۆ ئاخ هەڵئەکێشی",
        "text_original": "ئاخ ئاخی چیتە، ئاخ بۆ چێ، چیان لێ کردووی، بۆ ئاخ هەڵئەکێشی",
        "start": 504956.0,
        "end": 508323.0,
        "audio": "content/segments/108/185.ogg"
    },
    {
        "ID": "186",
        "gender": "M",
        "age": "A",
        "character_name": "هێمن",
        "text": "هیچیان لێ نەکردم، بەس خۆزگە نەمرمایە و",
        "text_original": "هیچیان لێ نەکردم، بەس خۆزگە نەمرمایە و",
        "start": 508347.0,
        "end": 510459.0,
        "audio": "content/segments/108/186.ogg"
    },
    {
        "ID": "187",
        "gender": "M",
        "age": "A",
        "character_name": "هێمن",
        "text": "وەکو ئەو ئاغایەم لێبهاتایە و بهاتمایەتە ئەو مستەوایەوە",
        "text_original": "وەکو ئەو ئاغایەم لێبهاتایە و بهاتمایەتە ئەو مستەوایەوە",
        "start": 510459.0,
        "end": 513184.99999999994,
        "audio": "content/segments/108/187.ogg"
    },
    {
        "ID": "188",
        "gender": "M",
        "age": "A",
        "character_name": "موراقیب",
        "text": "ئا هێواش هێواش، دانیشەرەوە، دانیشەرەوە",
        "text_original": "ئا هێواش هێواش، دانیشەرەوە، دانیشەرەوە",
        "start": 513361.0,
        "end": 515652.00000000006,
        "audio": "content/segments/108/188.ogg"
    },
    {
        "ID": "189",
        "gender": "M",
        "age": "A",
        "character_name": "موراقیب",
        "text": "ئەوا وا بەئاسانی ناچیتە ئەو مستەوایە، ئا با بۆی شەرحکەم مستەر",
        "text_original": "ئەوا وا بەئاسانی ناچیتە ئەو مستەوایە، ئا با بۆی شەرحکەم مستەر",
        "start": 515885.0,
        "end": 519515.0,
        "audio": "content/segments/108/189.ogg"
    },
    {
        "ID": "190",
        "gender": "M",
        "age": "A",
        "character_name": "مستەر",
        "text": "ئادەی",
        "text_original": "ئادەی",
        "start": 519528.0,
        "end": 520184.99999999994,
        "audio": "content/segments/108/190.ogg"
    },
    {
        "ID": "191",
        "gender": "M",
        "age": "A",
        "character_name": "موراقیب",
        "text": "تۆ بە سێ چوار مەڕحەلە ئەنجا ئەچیتە مستەوای ڕێبوارەوە",
        "text_original": "تۆ بە سێ چوار مەڕحەلە ئەنجا ئەچیتە مستەوای ڕێبوارەوە",
        "start": 520370.0,
        "end": 524811.0,
        "audio": "content/segments/108/191.ogg"
    },
    {
        "ID": "192",
        "gender": "M",
        "age": "A",
        "character_name": "موراقیب",
        "text": "دوای ئەوە بە هەزار فڕو فێڵ و دزی، ئەنجا ئەچیتە مستەوای ئەحمەوە",
        "text_original": "دوای ئەوە بە هەزار فڕو فێڵ و دزی، ئەنجا ئەچیتە مستەوای ئەحمەوە",
        "start": 525032.0,
        "end": 530111.0,
        "audio": "content/segments/108/192.ogg"
    },
    {
        "ID": "193",
        "gender": "M",
        "age": "A",
        "character_name": "موراقیب",
        "text": "دوایی بە هەزاران تەقریر و فرت و فێڵ",
        "text_original": "دوایی بە هەزاران تەقریر و فرت و فێڵ",
        "start": 530308.0,
        "end": 533726.0,
        "audio": "content/segments/108/193.ogg"
    },
    {
        "ID": "194",
        "gender": "M",
        "age": "A",
        "character_name": "موراقیب",
        "text": "ئنجا ئیحتیمالە بچیتە مەرحەلەی ئاغاوە",
        "text_original": "ئنجا ئیحتیمالە بچیتە مەرحەلەی ئاغاوە",
        "start": 533867.0,
        "end": 536556.0,
        "audio": "content/segments/108/194.ogg"
    },
    {
        "ID": "195",
        "gender": "M",
        "age": "A",
        "character_name": "هێمن",
        "text": "توخوا بە ڕاستیتە",
        "text_original": "توخوا بە ڕاستیتە",
        "start": 536767.0,
        "end": 537639.0,
        "audio": "content/segments/108/195.ogg"
    },
    {
        "ID": "196",
        "gender": "M",
        "age": "A",
        "character_name": "موراقیب",
        "text": "ئەی تەبعەن بە ڕاستیمەو بە جدیشمە ئەی چۆن",
        "text_original": "ئەی تەبعەن بە ڕاستیمەو بە جدیشمە ئەی چۆن",
        "start": 537649.0,
        "end": 540051.0,
        "audio": "content/segments/108/196.ogg"
    },
    {
        "ID": "197",
        "gender": "M",
        "age": "A",
        "character_name": "ئەحمەد",
        "text": "ئەی باشە کاک موراقیب، ئەی بۆ لەم حوکمەتە تازەیا",
        "text_original": "ئەی باشە کاک موراقیب، ئەی بۆ لەم حوکمەتە تازەیا",
        "start": 540120.0,
        "end": 543398.0,
        "audio": "content/segments/108/197.ogg"
    },
    {
        "ID": "198",
        "gender": "M",
        "age": "A",
        "character_name": "ئەحمەد",
        "text": "هەبوو لە دوای دواوە دائەنیشت هێناویانە پێشی پێشەوە",
        "text_original": "هەبوو لە دوای دواوە دائەنیشت هێناویانە پێشی پێشەوە",
        "start": 543458.0,
        "end": 546181.0,
        "audio": "content/segments/108/198.ogg"
    },
    {
        "ID": "199",
        "gender": "M",
        "age": "A",
        "character_name": "موراقیب",
        "text": "وەڵای ئەوە لە مستەر پرسە، جا من هەقم چیە بەسەرەوە",
        "text_original": "وەڵای ئەوە لە مستەر پرسە، جا من هەقم چیە بەسەرەوە",
        "start": 546416.0,
        "end": 548662.0,
        "audio": "content/segments/108/199.ogg"
    },
    {
        "ID": "200",
        "gender": "M",
        "age": "A",
        "character_name": "مستەر",
        "text": "وەڵا بابە من ئاگام لەوە نیە و هیچ ئاگایەکم لێی نەبوە و",
        "text_original": "وەڵا بابە من ئاگام لەوە نیە و هیچ ئاگایەکم لێی نەبوە و",
        "start": 548737.0,
        "end": 551470.0,
        "audio": "content/segments/108/200.ogg"
    },
    {
        "ID": "201",
        "gender": "M",
        "age": "A",
        "character_name": "مستەر",
        "text": "من مەشغوڵی شتی تر بووم ئەو وەختە",
        "text_original": "من مەشغوڵی شتی تر بووم ئەو وەختە",
        "start": 551479.0,
        "end": 553028.0,
        "audio": "content/segments/108/201.ogg"
    },
    {
        "ID": "202",
        "gender": "M",
        "age": "A",
        "character_name": "عەبدوڵا",
        "text": "مەشغوڵی چی بوی میستەر",
        "text_original": "مەشغوڵی چی بوی میستەر",
        "start": 553028.0,
        "end": 554159.0,
        "audio": "content/segments/108/202.ogg"
    },
    {
        "ID": "203",
        "gender": "M",
        "age": "A",
        "character_name": "مستەر",
        "text": "مەشغوڵی هین بووم، ئەزانی چی، نازانم ئەوە، ئێ هین مەشغوڵی ئا",
        "text_original": "مەشغوڵی هین بووم، ئەزانی چی، نازانم ئەوە، ئێ هین مەشغوڵی ئا",
        "start": 554203.0,
        "end": 558505.0,
        "audio": "content/segments/108/203.ogg"
    },
    {
        "ID": "204",
        "gender": "M",
        "age": "A",
        "character_name": "مستەر",
        "text": "ئا، ئێ، خەریچی ساڵیادی نۆڕماندی بووین",
        "text_original": "ئا، ئێ، خەریچی ساڵیادی نۆڕماندی بووین",
        "start": 558505.0,
        "end": 562122.0,
        "audio": "content/segments/108/204.ogg"
    },
    {
        "ID": "205",
        "gender": "M",
        "age": "A",
        "character_name": "ڕێبوار",
        "text": "ئەرێ ئەحە نۆرماندی چییە",
        "text_original": "ئەرێ ئەحە نۆرماندی چییە",
        "start": 562154.0,
        "end": 564574.0,
        "audio": "content/segments/108/205.ogg"
    },
    {
        "ID": "206",
        "gender": "M",
        "age": "A",
        "character_name": "ئەحمەد",
        "text": "با من تێوگێێنم نۆرماندی چییە",
        "text_original": "با من تێوگێێنم نۆرماندی چییە",
        "start": 565077.0,
        "end": 566869.0,
        "audio": "content/segments/108/206.ogg"
    },
    {
        "ID": "207",
        "gender": "M",
        "age": "A",
        "character_name": "ئەحمەد",
        "text": "نۆڕماندی کەناری باکوری فەڕەنسایە",
        "text_original": "نۆڕماندی کەناری باکوری فەڕەنسایە",
        "start": 566900.0,
        "end": 569792.0,
        "audio": "content/segments/108/207.ogg"
    },
    {
        "ID": "208",
        "gender": "M",
        "age": "A",
        "character_name": "ڕێبوار",
        "text": "ئێه",
        "text_original": "ئێه",
        "start": 569792.0,
        "end": 570317.0,
        "audio": "content/segments/108/208.ogg"
    },
    {
        "ID": "209",
        "gender": "M",
        "age": "A",
        "character_name": "ئەحمەد",
        "text": "وەختی خۆی کە لە جیهانی دوەما نییە، هێزە هاوپەیمانەکان بە ناخافڵ",
        "text_original": "وەختی خۆی کە لە جیهانی دوەما نییە، هێزە هاوپەیمانەکان بە ناخافڵ",
        "start": 570476.0,
        "end": 575458.0,
        "audio": "content/segments/108/209.ogg"
    },
    {
        "ID": "210",
        "gender": "M",
        "age": "A",
        "character_name": "ئەحمەد",
        "text": "هێزیان دامان و تەپڵیان بە هیتلەر لێیا ئەوەیە",
        "text_original": "هێزیان دامان و تەپڵیان بە هیتلەر لێیا ئەوەیە",
        "start": 575458.0,
        "end": 578766.0,
        "audio": "content/segments/108/210.ogg"
    },
    {
        "ID": "211",
        "gender": "M",
        "age": "A",
        "character_name": "موراقیب",
        "text": "ئەی ئافەرم، ئافەرم قۆپیە چی ئافەرم",
        "text_original": "ئەی ئافەرم، ئافەرم قۆپیە چی ئافەرم",
        "start": 578784.0,
        "end": 582711.0,
        "audio": "content/segments/108/211.ogg"
    },
    {
        "ID": "212",
        "gender": "M",
        "age": "A",
        "character_name": "حیکمەت",
        "text": "ئینجا ئەو شەڕی نۆرماندیە نییە",
        "text_original": "ئینجا ئەو شەڕی نۆرماندیە نییە",
        "start": 582920.0,
        "end": 585018.0,
        "audio": "content/segments/108/212.ogg"
    },
    {
        "ID": "213",
        "gender": "M",
        "age": "A",
        "character_name": "حیکمەت",
        "text": "ئاڕاستەی حەربی عالەمی تەواو تەواوی گۆڕی",
        "text_original": "ئاڕاستەی حەربی عالەمی تەواو تەواوی گۆڕی",
        "start": 585143.0,
        "end": 588596.0,
        "audio": "content/segments/108/213.ogg"
    },
    {
        "ID": "214",
        "gender": "M",
        "age": "A",
        "character_name": "مستەر",
        "text": "ئەی ئافەرم دەڕاخ",
        "text_original": "ئەی ئافەرم دەڕاخ",
        "start": 588807.0,
        "end": 590857.0,
        "audio": "content/segments/108/214.ogg"
    },
    {
        "ID": "215",
        "gender": "M",
        "age": "A",
        "character_name": "موراقیب",
        "text": "ئەوە مستەر بۆچی بە ئەحە ئەڵێی قۆپیەچی",
        "text_original": "ئەوە مستەر بۆچی بە ئەحە ئەڵێی قۆپیەچی",
        "start": 591461.0,
        "end": 594661.0,
        "audio": "content/segments/108/215.ogg"
    },
    {
        "ID": "216",
        "gender": "M",
        "age": "A",
        "character_name": "موراقیب",
        "text": "بەڵام بە حیکمەت ئەڵێی ئافەرم دەڕاخ",
        "text_original": "بەڵام بە حیکمەت ئەڵێی ئافەرم دەڕاخ",
        "start": 594661.0,
        "end": 597112.0,
        "audio": "content/segments/108/216.ogg"
    },
    {
        "ID": "217",
        "gender": "M",
        "age": "A",
        "character_name": "مستەر",
        "text": "ئەزانی بۆ",
        "text_original": "ئەزانی بۆ",
        "start": 597145.0,
        "end": 597959.0,
        "audio": "content/segments/108/217.ogg"
    },
    {
        "ID": "218",
        "gender": "M",
        "age": "A",
        "character_name": "موراقیب",
        "text": "نەوەڵا",
        "text_original": "نەوەڵا",
        "start": 598014.0,
        "end": 598415.0,
        "audio": "content/segments/108/218.ogg"
    },
    {
        "ID": "219",
        "gender": "M",
        "age": "A",
        "character_name": "مستەر",
        "text": "چونکە ئەحە ئەزانێ کە خۆی هیچ نازانێ",
        "text_original": "چونکە ئەحە ئەزانێ کە خۆی هیچ نازانێ",
        "start": 598497.0,
        "end": 601306.0,
        "audio": "content/segments/108/219.ogg"
    },
    {
        "ID": "220",
        "gender": "M",
        "age": "A",
        "character_name": "موراقیب",
        "text": "ئەم ئەزانێ کە نازانێ",
        "text_original": "ئەم ئەزانێ کە نازانێ",
        "start": 601455.0,
        "end": 603019.0,
        "audio": "content/segments/108/220.ogg"
    },
    {
        "ID": "221",
        "gender": "M",
        "age": "A",
        "character_name": "مستەر",
        "text": "ئا، ئەزانێ کە هیچ نازانێ",
        "text_original": "ئا، ئەزانێ کە هیچ نازانێ",
        "start": 603038.0,
        "end": 604593.0,
        "audio": "content/segments/108/221.ogg"
    },
    {
        "ID": "222",
        "gender": "M",
        "age": "A",
        "character_name": "مستەر",
        "text": "بەڵام ئەم نازانێ کە نازانێ",
        "text_original": "بەڵام ئەم نازانێ کە نازانێ",
        "start": 604857.0,
        "end": 607641.0,
        "audio": "content/segments/108/222.ogg"
    },
    {
        "ID": "223",
        "gender": "M",
        "age": "A",
        "character_name": "مستەر",
        "text": "بەڵام وەکو تووتی لەبەری ئەکاو ئەیڵێتەوە، هیچی تر",
        "text_original": "بەڵام وەکو تووتی لەبەری ئەکاو ئەیڵێتەوە، هیچی تر",
        "start": 607942.0,
        "end": 611030.0,
        "audio": "content/segments/108/223.ogg"
    },
    {
        "ID": "224",
        "gender": "M",
        "age": "A",
        "character_name": "زاهیر",
        "text": "ئێ مستەر مستەر چاوەکەم درەنگە باسی نۆرماندیمان لۆ بکە",
        "text_original": "ئێ مستەر مستەر چاوەکەم درەنگە باسی نۆرماندیمان لۆ بکە",
        "start": 611087.0,
        "end": 614833.0,
        "audio": "content/segments/108/224.ogg"
    },
    {
        "ID": "225",
        "gender": "M",
        "age": "A",
        "character_name": "مستەر",
        "text": "ئا، نۆڕماندی، نۆڕماندی نۆڕ",
        "text_original": "ئا، نۆڕماندی، نۆڕماندی نۆڕ",
        "start": 615047.0,
        "end": 620622.0,
        "audio": "content/segments/108/225.ogg"
    },
    {
        "ID": "226",
        "gender": "M",
        "age": "A",
        "character_name": "عومەر",
        "text": "میستەر",
        "text_original": "میستەر",
        "start": 620822.0,
        "end": 621362.0,
        "audio": "content/segments/108/226.ogg"
    },
    {
        "ID": "227",
        "gender": "M",
        "age": "A",
        "character_name": "مستەر",
        "text": "ها",
        "text_original": "ها",
        "start": 621516.0,
        "end": 621969.0,
        "audio": "content/segments/108/227.ogg"
    },
    {
        "ID": "228",
        "gender": "M",
        "age": "A",
        "character_name": "عومەر",
        "text": "(نارون)",
        "text_original": "(نارون)",
        "start": 621969.0,
        "end": 626856.0,
        "audio": "content/segments/108/228.ogg"
    },
    {
        "ID": "229",
        "gender": "M",
        "age": "A",
        "character_name": "عومەر",
        "text": "ئێمە درنج و دەعبای زۆرمان دی، سەگی سپی و بۆر، هینی ڕەشمان دی",
        "text_original": "ئێمە درنج و دەعبای زۆرمان دی، سەگی سپی و بۆر، هینی ڕەشمان دی",
        "start": 627253.0,
        "end": 632905.0,
        "audio": "content/segments/108/229.ogg"
    },
    {
        "ID": "230",
        "gender": "M",
        "age": "A",
        "character_name": "عومەر",
        "text": "ئەنواع مەسئولی قەول و قۆرمان دی",
        "text_original": "ئەنواع مەسئولی قەول و قۆرمان دی",
        "start": 632998.0,
        "end": 635650.0,
        "audio": "content/segments/108/230.ogg"
    },
    {
        "ID": "231",
        "gender": "M",
        "age": "A",
        "character_name": "عومەر",
        "text": "ڕاوە کەروێشک و کەو و پۆڕمان دی",
        "text_original": "ڕاوە کەروێشک و کەو و پۆڕمان دی",
        "start": 635819.0,
        "end": 639349.0,
        "audio": "content/segments/108/231.ogg"
    },
    {
        "ID": "232",
        "gender": "M",
        "age": "A",
        "character_name": "مستەر",
        "text": "ها بەڵام ئەو شتانەی کەتۆ باسھ کرد هیچی ناگاتە نۆڕماندی",
        "text_original": "ها بەڵام ئەو شتانەی کەتۆ باسھ کرد هیچی ناگاتە نۆڕماندی",
        "start": 639702.0,
        "end": 644072.0,
        "audio": "content/segments/108/232.ogg"
    },
    {
        "ID": "233",
        "gender": "NA",
        "age": "NA",
        "character_name": "NA",
        "text": "ئەزانی بۆ",
        "text_original": "ئەزانی بۆ",
        "start": 644072.0,
        "end": 644904.0,
        "audio": "content/segments/108/233.ogg"
    },
    {
        "ID": "234",
        "gender": "M",
        "age": "A",
        "character_name": "مستەر",
        "text": "چونکە نۆرماندی دەسکەوتی گەورەی تیا بوو بۆ هاوپەیمانان",
        "text_original": "چونکە نۆرماندی دەسکەوتی گەورەی تیا بوو بۆ هاوپەیمانان",
        "start": 645185.0,
        "end": 649500.0,
        "audio": "content/segments/108/234.ogg"
    },
    {
        "ID": "235",
        "gender": "M",
        "age": "A",
        "character_name": "موراقیب",
        "text": "ئااا، مستەر کەواتە لەسەر وەزن و ئیقاعی نۆرماندی",
        "text_original": "ئااا، مستەر کەواتە لەسەر وەزن و ئیقاعی نۆرماندی",
        "start": 649665.0,
        "end": 653948.0,
        "audio": "content/segments/108/235.ogg"
    },
    {
        "ID": "236",
        "gender": "M",
        "age": "A",
        "character_name": "موراقیب",
        "text": "ئێمەش شتی چاکمان دی ها",
        "text_original": "ئێمەش شتی چاکمان دی ها",
        "start": 653948.0,
        "end": 655482.0,
        "audio": "content/segments/108/236.ogg"
    },
    {
        "ID": "237",
        "gender": "M",
        "age": "A",
        "character_name": "مستەر",
        "text": "چیتان دی ئادەی",
        "text_original": "چیتان دی ئادەی",
        "start": 655482.0,
        "end": 656724.0,
        "audio": "content/segments/108/237.ogg"
    },
    {
        "ID": "238",
        "gender": "M",
        "age": "A",
        "character_name": "موراقیب",
        "text": "نورمان دی، نور نور نورمان دی",
        "text_original": "نورمان دی، نور نور نورمان دی",
        "start": 656747.0,
        "end": 659715.0,
        "audio": "content/segments/108/238.ogg"
    },
    {
        "ID": "239",
        "gender": "M",
        "age": "A",
        "character_name": "ئەحمەد",
        "text": "ئای مستەر چیمان ڕستبوو، بۆیان کردینەوە بە خوری",
        "text_original": "ئای مستەر چیمان ڕستبوو، بۆیان کردینەوە بە خوری",
        "start": 659743.0,
        "end": 664051.0,
        "audio": "content/segments/108/239.ogg"
    },
    {
        "ID": "240",
        "gender": "M",
        "age": "A",
        "character_name": "حیکمەت",
        "text": "ڕەنجی هەزار ساڵەمانیان کرد بە ساقەی موجامەلەیەکی ئەفەندی",
        "text_original": "ڕەنجی هەزار ساڵەمانیان کرد بە ساقەی موجامەلەیەکی ئەفەندی",
        "start": 664103.0,
        "end": 668703.0,
        "audio": "content/segments/108/240.ogg"
    },
    {
        "ID": "241",
        "gender": "M",
        "age": "A",
        "character_name": "عومەر",
        "text": "ئەنواع و ئەشکاڵ خەتی سوور و پرتەقاڵیان بۆ دروس کردین بە نامەردی",
        "text_original": "ئەنواع و ئەشکاڵ خەتی سوور و پرتەقاڵیان بۆ دروس کردین بە نامەردی",
        "start": 668753.0,
        "end": 673757.0,
        "audio": "content/segments/108/241.ogg"
    },
    {
        "ID": "242",
        "gender": "M",
        "age": "A",
        "character_name": "عەبدوڵا",
        "text": "تازە بە تازە ئەیانەوێ بچینەوە سەری گەڕ ئەینەن سی دی",
        "text_original": "تازە بە تازە ئەیانەوێ بچینەوە سەری گەڕ ئەینەن سی دی",
        "start": 673812.0,
        "end": 677959.0,
        "audio": "content/segments/108/242.ogg"
    },
    {
        "ID": "243",
        "gender": "M",
        "age": "A",
        "character_name": "مستەر",
        "text": "ئاای بەڕاسی ئێوە نورتان دی نور، هەسن دەی",
        "text_original": "ئاای بەڕاسی ئێوە نورتان دی نور، هەسن دەی",
        "start": 678244.0,
        "end": 684811.0,
        "audio": "content/segments/108/243.ogg"
    }
]