[
    {
        "ID": "2",
        "gender": "M",
        "age": "A",
        "character_name": "موراقیب",
        "text": "ئەحە",
        "text_original": "ئەحە",
        "start": 28170.0,
        "end": 28894.0,
        "audio": "content/segments/109/2.ogg"
    },
    {
        "ID": "3",
        "gender": "M",
        "age": "A",
        "character_name": "ئەحمەد",
        "text": "ها",
        "text_original": "ها",
        "start": 29240.0,
        "end": 29618.0,
        "audio": "content/segments/109/3.ogg"
    },
    {
        "ID": "4",
        "gender": "M",
        "age": "A",
        "character_name": "موراقیب",
        "text": "ئەوە خەریچی چیت ئەحە",
        "text_original": "ئەوە خەریچی چیت ئەحە",
        "start": 29692.0,
        "end": 30825.0,
        "audio": "content/segments/109/4.ogg"
    },
    {
        "ID": "5",
        "gender": "M",
        "age": "A",
        "character_name": "ئەحمەد",
        "text": "شەخسییە، شەخسی",
        "text_original": "شەخسییە، شەخسی",
        "start": 30862.0,
        "end": 31981.0,
        "audio": "content/segments/109/5.ogg"
    },
    {
        "ID": "6",
        "gender": "M",
        "age": "A",
        "character_name": "موراقیب",
        "text": "ئادەی، ئادەی، شەخسی چییە",
        "text_original": "ئادەی، ئادەی، شەخسی چییە",
        "start": 32014.000000000004,
        "end": 33114.0,
        "audio": "content/segments/109/6.ogg"
    },
    {
        "ID": "7",
        "gender": "M",
        "age": "A",
        "character_name": "ئەحمەد",
        "text": "چی ئادەی ئادەی",
        "text_original": "چی ئادەی ئادەی",
        "start": 33172.0,
        "end": 34122.0,
        "audio": "content/segments/109/7.ogg"
    },
    {
        "ID": "8",
        "gender": "M",
        "age": "A",
        "character_name": "موراقیب",
        "text": "ئادەی بێنە",
        "text_original": "ئادەی بێنە",
        "start": 34336.0,
        "end": 35072.0,
        "audio": "content/segments/109/8.ogg"
    },
    {
        "ID": "9",
        "gender": "M",
        "age": "A",
        "character_name": "ئەحمەد",
        "text": "بۆ بۆ",
        "text_original": "بۆ بۆ",
        "start": 35081.0,
        "end": 35758.0,
        "audio": "content/segments/109/9.ogg"
    },
    {
        "ID": "10",
        "gender": "NA",
        "age": "NA",
        "character_name": "NA",
        "text": "ئەوە چیە ئەو هەموو ئیمزایە",
        "text_original": "ئەوە چیە ئەو هەموو ئیمزایە",
        "start": 36520.0,
        "end": 38810.0,
        "audio": "content/segments/109/10.ogg"
    },
    {
        "ID": "11",
        "gender": "M",
        "age": "A",
        "character_name": "ئەحمەد",
        "text": "کوڕە زۆر سەیری، سلفەیە سلفە",
        "text_original": "کوڕە زۆر سەیری، سلفەیە سلفە",
        "start": 38840.0,
        "end": 40812.0,
        "audio": "content/segments/109/11.ogg"
    },
    {
        "ID": "12",
        "gender": "M",
        "age": "A",
        "character_name": "موراقیب",
        "text": "سلفەی چی ئادەی چەنە ئادەی ئادەی",
        "text_original": "سلفەی چی ئادەی چەنە ئادەی ئادەی",
        "start": 40812.0,
        "end": 42429.0,
        "audio": "content/segments/109/12.ogg"
    },
    {
        "ID": "13",
        "gender": "M",
        "age": "A",
        "character_name": "ئەحمەد",
        "text": "ئئئئئه، ئەبێ تۆ هەرچی شتە بیزانی بێقەزابی",
        "text_original": "ئئئئئه، ئەبێ تۆ هەرچی شتە بیزانی بێقەزابی",
        "start": 42445.0,
        "end": 45459.0,
        "audio": "content/segments/109/13.ogg"
    },
    {
        "ID": "14",
        "gender": "M",
        "age": "A",
        "character_name": "موراقیب",
        "text": "ئاخر بێقیمەھ زەمی منھ تیا نەنوسیبێ ها",
        "text_original": "ئاخر بێقیمەھ زەمی منھ تیا نەنوسیبێ ها",
        "start": 45475.0,
        "end": 48147.0,
        "audio": "content/segments/109/14.ogg"
    },
    {
        "ID": "15",
        "gender": "M",
        "age": "A",
        "character_name": "ئەحمەد",
        "text": "حەیفھ نەکرد من، چێ حەدی هەیە لەسەر تۆ زەمی تۆ بکا، ها",
        "text_original": "حەیفھ نەکرد من، چێ حەدی هەیە لەسەر تۆ زەمی تۆ بکا، ها",
        "start": 48202.0,
        "end": 52258.0,
        "audio": "content/segments/109/15.ogg"
    },
    {
        "ID": "16",
        "gender": "M",
        "age": "A",
        "character_name": "ڕێبوار",
        "text": "ئەرێ بەڕاس کاکە عەبە ئەوە بۆ چی ئەگەڕێی",
        "text_original": "ئەرێ بەڕاس کاکە عەبە ئەوە بۆ چی ئەگەڕێی",
        "start": 58230.0,
        "end": 60495.0,
        "audio": "content/segments/109/16.ogg"
    },
    {
        "ID": "17",
        "gender": "M",
        "age": "A",
        "character_name": "عەبدوڵا",
        "text": "بەو خوایە ڕێبە جیان، لەوە ئەچێ فۆرمی بایەعەکەم ون کربێ",
        "text_original": "بەو خوایە ڕێبە جیان، لەوە ئەچێ فۆرمی بایەعەکەم ون کربێ",
        "start": 62421.0,
        "end": 67282.0,
        "audio": "content/segments/109/17.ogg"
    },
    {
        "ID": "18",
        "gender": "M",
        "age": "A",
        "character_name": "یٔەحمەد",
        "text": "یٔەھ دایکت چوێر بێ یاخوا",
        "text_original": "یٔەھ دایکت چوێر بێ یاخوا",
        "start": 67791.0,
        "end": 69692.0,
        "audio": "content/segments/109/18.ogg"
    },
    {
        "ID": "19",
        "gender": "M",
        "age": "A",
        "character_name": "ئەحمەد",
        "text": "یٔەی جا ڕۆلە چی یٔەکەی بەبێ فۆڕم",
        "text_original": "یٔەی جا ڕۆلە چی یٔەکەی بەبێ فۆڕم",
        "start": 70274.0,
        "end": 72095.0,
        "audio": "content/segments/109/19.ogg"
    },
    {
        "ID": "20",
        "gender": "M",
        "age": "A",
        "character_name": "عەبە",
        "text": "جا بڵێم چی پورێ جیان، وەڵای نازانم بڵێم چی",
        "text_original": "جا بڵێم چی پورێ جیان، وەڵای نازانم بڵێم چی",
        "start": 72141.0,
        "end": 74560.0,
        "audio": "content/segments/109/20.ogg"
    },
    {
        "ID": "21",
        "gender": "M",
        "age": "A",
        "character_name": "موراقیب",
        "text": "ئەزانی چی، مەخسەیان ئەوەیە ئەڵێ",
        "text_original": "ئەزانی چی، مەخسەیان ئەوەیە ئەڵێ",
        "start": 74881.0,
        "end": 77007.0,
        "audio": "content/segments/109/21.ogg"
    },
    {
        "ID": "22",
        "gender": "M",
        "age": "A",
        "character_name": "موراقیب",
        "text": "نەکا سوتفە سوتفە کەوتبێتە لای جەنابه",
        "text_original": "نەکا سوتفە سوتفە کەوتبێتە لای جەنابه",
        "start": 77007.0,
        "end": 79794.0,
        "audio": "content/segments/109/22.ogg"
    },
    {
        "ID": "23",
        "gender": "M",
        "age": "A",
        "character_name": "حیکمەت",
        "text": "بۆچی بە سوتفە ئەکەوێتە لای من ئەفەنی ها",
        "text_original": "بۆچی بە سوتفە ئەکەوێتە لای من ئەفەنی ها",
        "start": 79834.0,
        "end": 82068.0,
        "audio": "content/segments/109/23.ogg"
    },
    {
        "ID": "24",
        "gender": "M",
        "age": "A",
        "character_name": "موراقیب",
        "text": "وەڵای ئەزانی چۆنە، من بەعزێ جار، بەعزێ جار",
        "text_original": "وەڵای ئەزانی چۆنە، من بەعزێ جار، بەعزێ جار",
        "start": 82121.0,
        "end": 85001.0,
        "audio": "content/segments/109/24.ogg"
    },
    {
        "ID": "25",
        "gender": "M",
        "age": "A",
        "character_name": "موراقیب",
        "text": "پارە و شتم لێ ون ئەبێ بە سوتفە",
        "text_original": "پارە و شتم لێ ون ئەبێ بە سوتفە",
        "start": 85285.0,
        "end": 87422.0,
        "audio": "content/segments/109/25.ogg"
    },
    {
        "ID": "26",
        "gender": "M",
        "age": "A",
        "character_name": "ئەحمەد",
        "text": "کەچی کە تەماشا ئەکا باوانێکتە بە سوتفە لە لای منە",
        "text_original": "کەچی کە تەماشا ئەکا باوانێکتە بە سوتفە لە لای منە",
        "start": 87422.0,
        "end": 90968.0,
        "audio": "content/segments/109/26.ogg"
    },
    {
        "ID": "27",
        "gender": "M",
        "age": "A",
        "character_name": "زاهیر",
        "text": "وەڵاهی جەماعەت با ئەمن پێتان برێم",
        "text_original": "وەڵاهی جەماعەت با ئەمن پێتان برێم",
        "start": 91020.0,
        "end": 93087.0,
        "audio": "content/segments/109/27.ogg"
    },
    {
        "ID": "28",
        "gender": "M",
        "age": "A",
        "character_name": "زاهیر",
        "text": "ئەمن ئیمانم بە سوتفە و موتفەی نیە، ئەوە ڕێک و پێک دزیە",
        "text_original": "ئەمن ئیمانم بە سوتفە و موتفەی نیە، ئەوە ڕێک و پێک دزیە",
        "start": 93128.0,
        "end": 98078.0,
        "audio": "content/segments/109/28.ogg"
    },
    {
        "ID": "29",
        "gender": "M",
        "age": "A",
        "character_name": "حیکمەت",
        "text": "سەڕت بایە لەبەرد، یاعنی من فۆڕمەکەی کاکە عەبەم دزیوە",
        "text_original": "سەڕت بایە لەبەرد، یاعنی من فۆڕمەکەی کاکە عەبەم دزیوە",
        "start": 98934.0,
        "end": 103836.0,
        "audio": "content/segments/109/29.ogg"
    },
    {
        "ID": "30",
        "gender": "M",
        "age": "A",
        "character_name": "سەباح",
        "text": "کاکە ناڵێ تۆ دزیوتە",
        "text_original": "کاکە ناڵێ تۆ دزیوتە",
        "start": 104039.0,
        "end": 106392.0,
        "audio": "content/segments/109/30.ogg"
    },
    {
        "ID": "31",
        "gender": "M",
        "age": "A",
        "character_name": "سەباح",
        "text": "ئەڵێ کاکە عەبە لەوانەیە خۆی",
        "text_original": "ئەڵێ کاکە عەبە لەوانەیە خۆی",
        "start": 106569.0,
        "end": 109055.0,
        "audio": "content/segments/109/31.ogg"
    },
    {
        "ID": "32",
        "gender": "M",
        "age": "A",
        "character_name": "سەباح",
        "text": "شەو بە س، خەیاڵی سەرخۆشی یاویتێتێ",
        "text_original": "شەو بە س، خەیاڵی سەرخۆشی یاویتێتێ",
        "start": 109183.0,
        "end": 112756.0,
        "audio": "content/segments/109/32.ogg"
    },
    {
        "ID": "33",
        "gender": "M",
        "age": "A",
        "character_name": "ڕێبوار",
        "text": "ئەرێ ئەحە یاویتەتێ چۆن ئەنوسرێ",
        "text_original": "ئەرێ ئەحە یاویتەتێ چۆن ئەنوسرێ",
        "start": 113073.0,
        "end": 115801.0,
        "audio": "content/segments/109/33.ogg"
    },
    {
        "ID": "34",
        "gender": "M",
        "age": "A",
        "character_name": "ئەحمەد",
        "text": "ئااا، ئێستا پێت ئەڵێم، یاویتیتێ، یاویتی",
        "text_original": "ئااا، ئێستا پێت ئەڵێم، یاویتیتێ، یاویتی",
        "start": 115890.0,
        "end": 120070.0,
        "audio": "content/segments/109/34.ogg"
    },
    {
        "ID": "35",
        "gender": "M",
        "age": "A",
        "character_name": "ئەحمەد",
        "text": "یاویتێنێ، ئەویاتێنێ، تێ تت، دە تۆ باشە کاکە",
        "text_original": "یاویتێنێ، ئەویاتێنێ، تێ تت، دە تۆ باشە کاکە",
        "start": 120998.0,
        "end": 125673.0,
        "audio": "content/segments/109/35.ogg"
    },
    {
        "ID": "36",
        "gender": "M",
        "age": "A",
        "character_name": "ئەحمەد",
        "text": "ئەزانی چۆنە کاکە گیان، من ئێستا ئاوا بۆو تێو، تێوگەیێنم چۆنە",
        "text_original": "ئەزانی چۆنە کاکە گیان، من ئێستا ئاوا بۆو تێو، تێوگەیێنم چۆنە",
        "start": 126950.0,
        "end": 129890.99999999999,
        "audio": "content/segments/109/36.ogg"
    },
    {
        "ID": "37",
        "gender": "M",
        "age": "A",
        "character_name": "ڕێبوار",
        "text": "ئا",
        "text_original": "ئا",
        "start": 129890.99999999999,
        "end": 130270.99999999999,
        "audio": "content/segments/109/37.ogg"
    },
    {
        "ID": "38",
        "gender": "NA",
        "age": "NA",
        "character_name": "NA",
        "text": "ئێ",
        "text_original": "ئێ",
        "start": 130294.00000000001,
        "end": 131927.0,
        "audio": "content/segments/109/38.ogg"
    },
    {
        "ID": "39",
        "gender": "M",
        "age": "A",
        "character_name": "ئەحمەد",
        "text": "بڵێین مانگایێ، کالەکهوو، ئەوە ئەنوسرێ",
        "text_original": "بڵێین مانگایێ، کالەکهوو، ئەوە ئەنوسرێ",
        "start": 132057.0,
        "end": 135152.0,
        "audio": "content/segments/109/39.ogg"
    },
    {
        "ID": "40",
        "gender": "M",
        "age": "A",
        "character_name": "ڕێبوار",
        "text": "ناوەڵا",
        "text_original": "ناوەڵا",
        "start": 135152.0,
        "end": 135822.0,
        "audio": "content/segments/109/40.ogg"
    },
    {
        "ID": "41",
        "gender": "M",
        "age": "A",
        "character_name": "ئەحمەد",
        "text": "ئێستا موهیم ئەوەیە ئەوەی تۆ ئەینوسی، حلی ئەکەم موهیم نیە",
        "text_original": "ئێستا موهیم ئەوەیە ئەوەی تۆ ئەینوسی، حلی ئەکەم موهیم نیە",
        "start": 135873.0,
        "end": 138994.0,
        "audio": "content/segments/109/41.ogg"
    },
    {
        "ID": "42",
        "gender": "M",
        "age": "A",
        "character_name": "ئەحمەد",
        "text": "موهیم ئەوەیە ئەو پەڵە هەورە ئیعتراف کا",
        "text_original": "موهیم ئەوەیە ئەو پەڵە هەورە ئیعتراف کا",
        "start": 139145.0,
        "end": 141869.0,
        "audio": "content/segments/109/42.ogg"
    },
    {
        "ID": "43",
        "gender": "M",
        "age": "A",
        "character_name": "حیکمەت",
        "text": "ئەحە جوێ گرە",
        "text_original": "ئەحە جوێ گرە",
        "start": 142254.0,
        "end": 143222.0,
        "audio": "content/segments/109/43.ogg"
    },
    {
        "ID": "44",
        "gender": "M",
        "age": "A",
        "character_name": "حیکمەت",
        "text": "بە شەرەفم بە ناموسم، نە دیومە نە وەرم گرتوە نە بیستومە",
        "text_original": "بە شەرەفم بە ناموسم، نە دیومە نە وەرم گرتوە نە بیستومە",
        "start": 143955.0,
        "end": 148990.0,
        "audio": "content/segments/109/44.ogg"
    },
    {
        "ID": "45",
        "gender": "M",
        "age": "A",
        "character_name": "حیکمەت",
        "text": "نە ئەزانم چۆنە و نە پێویستیشم پێیتی",
        "text_original": "نە ئەزانم چۆنە و نە پێویستیشم پێیتی",
        "start": 149091.0,
        "end": 151733.0,
        "audio": "content/segments/109/45.ogg"
    },
    {
        "ID": "46",
        "gender": "M",
        "age": "A",
        "character_name": "عەبدوڵا",
        "text": "چۆن چۆن، تۆ پێویستھ بە من نیە",
        "text_original": "چۆن چۆن، تۆ پێویستھ بە من نیە",
        "start": 151865.0,
        "end": 154773.0,
        "audio": "content/segments/109/46.ogg"
    },
    {
        "ID": "47",
        "gender": "M",
        "age": "A",
        "character_name": "ڕێبوار",
        "text": "بەڵێ، بە هیچ شتێچی تۆ",
        "text_original": "بەڵێ، بە هیچ شتێچی تۆ",
        "start": 154805.0,
        "end": 156513.0,
        "audio": "content/segments/109/47.ogg"
    },
    {
        "ID": "48",
        "gender": "M",
        "age": "A",
        "character_name": "عەبدوڵا",
        "text": "ئەی باشە دوێنێ بۆچی کون بە کون بە دواما ئەگەڕای",
        "text_original": "ئەی باشە دوێنێ بۆچی کون بە کون بە دواما ئەگەڕای",
        "start": 156543.0,
        "end": 159270.0,
        "audio": "content/segments/109/48.ogg"
    },
    {
        "ID": "49",
        "gender": "M",
        "age": "A",
        "character_name": "عەبدوڵا",
        "text": "بۆی یٔیمزاێکھ بۆ بکەم",
        "text_original": "بۆی یٔیمزاێکھ بۆ بکەم",
        "start": 159270.0,
        "end": 160750.0,
        "audio": "content/segments/109/49.ogg"
    },
    {
        "ID": "50",
        "gender": "M",
        "age": "A",
        "character_name": "حیکمەت",
        "text": "بۆ شایەتی درۆ",
        "text_original": "بۆ شایەتی درۆ",
        "start": 160882.0,
        "end": 162091.0,
        "audio": "content/segments/109/50.ogg"
    },
    {
        "ID": "51",
        "gender": "M",
        "age": "A",
        "character_name": "عەبدوڵا",
        "text": "شایەت بەخوا بێ ئەقڵە، ئەرێ من شایەتی ڕاستی ئەیەم هەتا درۆ بەم",
        "text_original": "شایەت بەخوا بێ ئەقڵە، ئەرێ من شایەتی ڕاستی ئەیەم هەتا درۆ بەم",
        "start": 162113.0,
        "end": 165617.0,
        "audio": "content/segments/109/51.ogg"
    },
    {
        "ID": "52",
        "gender": "M",
        "age": "A",
        "character_name": "موراقیب",
        "text": "دە ڕاسئەکا دە کاکە گیان دە بییەرەوە",
        "text_original": "دە ڕاسئەکا دە کاکە گیان دە بییەرەوە",
        "start": 166500.0,
        "end": 168738.0,
        "audio": "content/segments/109/52.ogg"
    },
    {
        "ID": "53",
        "gender": "M",
        "age": "A",
        "character_name": "حیکمەت",
        "text": "ئەڵێم ئاگات لێبێ ها با قسەی غەڵەت نەکەم",
        "text_original": "ئەڵێم ئاگات لێبێ ها با قسەی غەڵەت نەکەم",
        "start": 168886.0,
        "end": 171311.0,
        "audio": "content/segments/109/53.ogg"
    },
    {
        "ID": "54",
        "gender": "M",
        "age": "A",
        "character_name": "ئەحمەد",
        "text": "قسەی غەڵەت چییە",
        "text_original": "قسەی غەڵەت چییە",
        "start": 171331.0,
        "end": 172603.0,
        "audio": "content/segments/109/54.ogg"
    },
    {
        "ID": "55",
        "gender": "M",
        "age": "A",
        "character_name": "ئەحمەد",
        "text": "کە تۆ ئیشی غەڵەتھ کرد، وەڵا قسەی غەڵەتیش ئەکەی",
        "text_original": "کە تۆ ئیشی غەڵەتھ کرد، وەڵا قسەی غەڵەتیش ئەکەی",
        "start": 172685.0,
        "end": 175132.0,
        "audio": "content/segments/109/55.ogg"
    },
    {
        "ID": "56",
        "gender": "M",
        "age": "A",
        "character_name": "حیکمەت",
        "text": "بابە بە شەرەفم ئاگام لێی نیە، ئاگام لێی نیە",
        "text_original": "بابە بە شەرەفم ئاگام لێی نیە، ئاگام لێی نیە",
        "start": 175249.0,
        "end": 178236.0,
        "audio": "content/segments/109/56.ogg"
    },
    {
        "ID": "57",
        "gender": "M",
        "age": "A",
        "character_name": "زاهیر",
        "text": "ئێ تەواو کاکە عەبە مادام ئەو سوندە گەورەیەی خوارد، وازی لێ بینە واز",
        "text_original": "ئێ تەواو کاکە عەبە مادام ئەو سوندە گەورەیەی خوارد، وازی لێ بینە واز",
        "start": 178269.0,
        "end": 182890.0,
        "audio": "content/segments/109/57.ogg"
    },
    {
        "ID": "58",
        "gender": "M",
        "age": "A",
        "character_name": "عەبدوڵا",
        "text": "کورە کاکە تۆ قسە لە تێری ئەکەی واز لەچی بێنم",
        "text_original": "کورە کاکە تۆ قسە لە تێری ئەکەی واز لەچی بێنم",
        "start": 183048.0,
        "end": 185845.0,
        "audio": "content/segments/109/58.ogg"
    },
    {
        "ID": "59",
        "gender": "M",
        "age": "A",
        "character_name": "عەبدوڵا",
        "text": "ئاخر کاکە سبەینێ ئینتیخاباتە من لەچوێ، بە چی هین بەم",
        "text_original": "ئاخر کاکە سبەینێ ئینتیخاباتە من لەچوێ، بە چی هین بەم",
        "start": 185957.0,
        "end": 189280.0,
        "audio": "content/segments/109/59.ogg"
    },
    {
        "ID": "60",
        "gender": "M",
        "age": "A",
        "character_name": "عەبدوڵا",
        "text": "فۆڕمەم پێ نەبێ دەنگ بە چی بەم کاکە",
        "text_original": "فۆڕمەم پێ نەبێ دەنگ بە چی بەم کاکە",
        "start": 189340.0,
        "end": 191413.0,
        "audio": "content/segments/109/60.ogg"
    },
    {
        "ID": "61",
        "gender": "M",
        "age": "A",
        "character_name": "ڕێبوار",
        "text": "باشە یەعنی ئەم فۆڕمە ئەمەنە موهیمە",
        "text_original": "باشە یەعنی ئەم فۆڕمە ئەمەنە موهیمە",
        "start": 191486.0,
        "end": 194078.0,
        "audio": "content/segments/109/61.ogg"
    },
    {
        "ID": "62",
        "gender": "M",
        "age": "A",
        "character_name": "ئەحمەد",
        "text": "تۆ سەیری ئا ئەمە ناکەی لە پشتی منەوە، ئەی چۆن موهیم نییە",
        "text_original": "تۆ سەیری ئا ئەمە ناکەی لە پشتی منەوە، ئەی چۆن موهیم نییە",
        "start": 194232.0,
        "end": 197252.0,
        "audio": "content/segments/109/62.ogg"
    },
    {
        "ID": "63",
        "gender": "M",
        "age": "A",
        "character_name": "ئەحمەد",
        "text": "کاکە یەکێ فۆڕمی نەبێ لە برسا ئەمرێ",
        "text_original": "کاکە یەکێ فۆڕمی نەبێ لە برسا ئەمرێ",
        "start": 197372.0,
        "end": 199464.0,
        "audio": "content/segments/109/63.ogg"
    },
    {
        "ID": "64",
        "gender": "M",
        "age": "A",
        "character_name": "عەبدوڵا",
        "text": "کاکە جیان چاوەکەم بەقوربانتان بم وەکو عەرزم کردن",
        "text_original": "کاکە جیان چاوەکەم بەقوربانتان بم وەکو عەرزم کردن",
        "start": 199502.0,
        "end": 203081.0,
        "audio": "content/segments/109/64.ogg"
    },
    {
        "ID": "65",
        "gender": "M",
        "age": "A",
        "character_name": "عەبدوڵا",
        "text": "سبەینێ هەر کەسێ فۆڕمی پێنەبێ ناتوانێ هین با",
        "text_original": "سبەینێ هەر کەسێ فۆڕمی پێنەبێ ناتوانێ هین با",
        "start": 203436.0,
        "end": 205926.0,
        "audio": "content/segments/109/65.ogg"
    },
    {
        "ID": "66",
        "gender": "M",
        "age": "A",
        "character_name": "عەبدوڵا",
        "text": "کاکە خۆ هەر من نیم، ئەبێ فۆرمھ پێبێ ئنجا ئەتوانی دەنگبەی",
        "text_original": "کاکە خۆ هەر من نیم، ئەبێ فۆرمھ پێبێ ئنجا ئەتوانی دەنگبەی",
        "start": 205975.0,
        "end": 208966.0,
        "audio": "content/segments/109/66.ogg"
    },
    {
        "ID": "67",
        "gender": "M",
        "age": "A",
        "character_name": "موراقیب",
        "text": "ئەی بەقوربانھ بم بۆ چ مەملەکەتێکە ئەم مەملەکەتە",
        "text_original": "ئەی بەقوربانھ بم بۆ چ مەملەکەتێکە ئەم مەملەکەتە",
        "start": 209049.0,
        "end": 212700.0,
        "audio": "content/segments/109/67.ogg"
    },
    {
        "ID": "68",
        "gender": "M",
        "age": "A",
        "character_name": "موراقیب",
        "text": "تۆ وەرە مەسەلە دیموکراتیە گەورەکان هەمووی ئاڵاوە",
        "text_original": "تۆ وەرە مەسەلە دیموکراتیە گەورەکان هەمووی ئاڵاوە",
        "start": 212849.0,
        "end": 215562.0,
        "audio": "content/segments/109/68.ogg"
    },
    {
        "ID": "69",
        "gender": "M",
        "age": "A",
        "character_name": "موراقیب",
        "text": "لە فۆڕمی بایەعی و خواردنەوە",
        "text_original": "لە فۆڕمی بایەعی و خواردنەوە",
        "start": 215569.0,
        "end": 217351.0,
        "audio": "content/segments/109/69.ogg"
    },
    {
        "ID": "70",
        "gender": "M",
        "age": "A",
        "character_name": "سەباح",
        "text": "کوڕە هەر ئەوە نیە موراقیب",
        "text_original": "کوڕە هەر ئەوە نیە موراقیب",
        "start": 217351.0,
        "end": 219203.0,
        "audio": "content/segments/109/70.ogg"
    },
    {
        "ID": "71",
        "gender": "M",
        "age": "A",
        "character_name": "سەباح",
        "text": "وەڵا یٔەوەی فۆرمی نەبێ نەوتەکەش وەرناگرێ",
        "text_original": "وەڵا یٔەوەی فۆرمی نەبێ نەوتەکەش وەرناگرێ",
        "start": 219213.0,
        "end": 221832.0,
        "audio": "content/segments/109/71.ogg"
    },
    {
        "ID": "72",
        "gender": "M",
        "age": "A",
        "character_name": "زاهیر",
        "text": "ئەرێ بل موناسەبە باسی نەوت و شتی واتان کرد",
        "text_original": "ئەرێ بل موناسەبە باسی نەوت و شتی واتان کرد",
        "start": 221949.0,
        "end": 224860.0,
        "audio": "content/segments/109/72.ogg"
    },
    {
        "ID": "73",
        "gender": "M",
        "age": "A",
        "character_name": "زاهیر",
        "text": "ئەمن وەختە ڕەق ببمەوە کەینێ سۆبەمان دەدەنێ سۆبە",
        "text_original": "ئەمن وەختە ڕەق ببمەوە کەینێ سۆبەمان دەدەنێ سۆبە",
        "start": 225368.0,
        "end": 228015.0,
        "audio": "content/segments/109/73.ogg"
    },
    {
        "ID": "74",
        "gender": "M",
        "age": "A",
        "character_name": "موراقیب",
        "text": "کورە کەی ئێستا وەختی زۆپایە باوکم",
        "text_original": "کورە کەی ئێستا وەختی زۆپایە باوکم",
        "start": 228180.0,
        "end": 230267.0,
        "audio": "content/segments/109/74.ogg"
    },
    {
        "ID": "75",
        "gender": "M",
        "age": "A",
        "character_name": "موراقیب",
        "text": "جا ئێستا زۆپا دانێین ئەی دوو مانگی کە چ بکەین",
        "text_original": "جا ئێستا زۆپا دانێین ئەی دوو مانگی کە چ بکەین",
        "start": 230267.0,
        "end": 232416.0,
        "audio": "content/segments/109/75.ogg"
    },
    {
        "ID": "76",
        "gender": "M",
        "age": "A",
        "character_name": "سەباح",
        "text": "زووی چی موراقیب وەڵای من خەریکە لەرزم لێیێ",
        "text_original": "زووی چی موراقیب وەڵای من خەریکە لەرزم لێیێ",
        "start": 232445.0,
        "end": 234814.0,
        "audio": "content/segments/109/76.ogg"
    },
    {
        "ID": "77",
        "gender": "M",
        "age": "A",
        "character_name": "عەبدوڵا",
        "text": "ئەشەو بیلا قەت وانیە، هێشتا زوە بۆ زۆپا",
        "text_original": "ئەشەو بیلا قەت وانیە، هێشتا زوە بۆ زۆپا",
        "start": 235098.0,
        "end": 238128.0,
        "audio": "content/segments/109/77.ogg"
    },
    {
        "ID": "78",
        "gender": "M",
        "age": "A",
        "character_name": "ئەحمەد",
        "text": "ئەی بۆچی ژووری مدیر و مامۆستاکان بۆیان داناون",
        "text_original": "ئەی بۆچی ژووری مدیر و مامۆستاکان بۆیان داناون",
        "start": 238254.0,
        "end": 241435.0,
        "audio": "content/segments/109/78.ogg"
    },
    {
        "ID": "79",
        "gender": "M",
        "age": "A",
        "character_name": "موراقیب",
        "text": "کورە ئەوان جیان، ئەوان شەوان دەرئەچن",
        "text_original": "کورە ئەوان جیان، ئەوان شەوان دەرئەچن",
        "start": 241571.0,
        "end": 244208.0,
        "audio": "content/segments/109/79.ogg"
    },
    {
        "ID": "80",
        "gender": "M",
        "age": "A",
        "character_name": "ئەحمەد",
        "text": "دەرئەکەون",
        "text_original": "دەرئەکەون",
        "start": 244509.0,
        "end": 245278.0,
        "audio": "content/segments/109/80.ogg"
    },
    {
        "ID": "81",
        "gender": "M",
        "age": "A",
        "character_name": "موراقیب",
        "text": "دەرئەکەون چی خۆ مناڵ نین، دەرئەچن ئەڕۆن بۆ ماڵان",
        "text_original": "دەرئەکەون چی خۆ مناڵ نین، دەرئەچن ئەڕۆن بۆ ماڵان",
        "start": 245564.0,
        "end": 248896.0,
        "audio": "content/segments/109/81.ogg"
    },
    {
        "ID": "82",
        "gender": "M",
        "age": "A",
        "character_name": "موراقیب",
        "text": "هین ئەڵێن، دەرسی ئیزافی ئەڵێنەوە بە تەلەبە، بەتەلەبەی خسوسی",
        "text_original": "هین ئەڵێن، دەرسی ئیزافی ئەڵێنەوە بە تەلەبە، بەتەلەبەی خسوسی",
        "start": 249459.0,
        "end": 253069.0,
        "audio": "content/segments/109/82.ogg"
    },
    {
        "ID": "83",
        "gender": "M",
        "age": "A",
        "character_name": "ئەحمەد",
        "text": "بەخوا موراقیب تەلەبەی ئەم زەمانە پاااح کە سەیرە",
        "text_original": "بەخوا موراقیب تەلەبەی ئەم زەمانە پاااح کە سەیرە",
        "start": 253249.0,
        "end": 256716.0,
        "audio": "content/segments/109/83.ogg"
    },
    {
        "ID": "84",
        "gender": "M",
        "age": "A",
        "character_name": "موراقیب",
        "text": "بۆ سەیرە",
        "text_original": "بۆ سەیرە",
        "start": 256716.0,
        "end": 257207.0,
        "audio": "content/segments/109/84.ogg"
    },
    {
        "ID": "85",
        "gender": "M",
        "age": "A",
        "character_name": "ئەحمەد",
        "text": "ئەی ئەمە چییە بە دەرسی مەکتەب تێر ناخوا",
        "text_original": "ئەی ئەمە چییە بە دەرسی مەکتەب تێر ناخوا",
        "start": 257245.0,
        "end": 259624.00000000003,
        "audio": "content/segments/109/85.ogg"
    },
    {
        "ID": "86",
        "gender": "M",
        "age": "A",
        "character_name": "ئەحمەد",
        "text": "محاوەلەی دەرسی خسوسییەتی",
        "text_original": "محاوەلەی دەرسی خسوسییەتی",
        "start": 259654.0,
        "end": 261209.0,
        "audio": "content/segments/109/86.ogg"
    },
    {
        "ID": "87",
        "gender": "M",
        "age": "A",
        "character_name": "ڕێبوار",
        "text": "ئەک بە قوربانی ئەو دەمەو بم کاکە عەبە جیان بۆ خۆت و قسەو",
        "text_original": "ئەک بە قوربانی ئەو دەمەو بم کاکە عەبە جیان بۆ خۆت و قسەو",
        "start": 261232.00000000003,
        "end": 264976.0,
        "audio": "content/segments/109/87.ogg"
    },
    {
        "ID": "88",
        "gender": "M",
        "age": "A",
        "character_name": "ئەحمەد",
        "text": "کورە هیچ و پوچ قسەکە هی من بوو",
        "text_original": "کورە هیچ و پوچ قسەکە هی من بوو",
        "start": 265460.0,
        "end": 267777.0,
        "audio": "content/segments/109/88.ogg"
    },
    {
        "ID": "89",
        "gender": "M",
        "age": "A",
        "character_name": "ئەحمەد",
        "text": "ئەرێ کاکە من ئەو قسەیەم نەکرد، ئەرێ من نەمکرد",
        "text_original": "ئەرێ کاکە من ئەو قسەیەم نەکرد، ئەرێ من نەمکرد",
        "start": 267990.0,
        "end": 270218.0,
        "audio": "content/segments/109/89.ogg"
    },
    {
        "ID": "90",
        "gender": "M",
        "age": "A",
        "character_name": "ئەحمەد",
        "text": "ئەرێ من نەمکرد، بۆ ئەیکەی بە قسەی مامە عەبە برا",
        "text_original": "ئەرێ من نەمکرد، بۆ ئەیکەی بە قسەی مامە عەبە برا",
        "start": 270218.0,
        "end": 272714.0,
        "audio": "content/segments/109/90.ogg"
    },
    {
        "ID": "91",
        "gender": "M",
        "age": "A",
        "character_name": "عەبدوڵا",
        "text": "کورە دە قەیچیەکا ئەحمەھ گیان، فەرقی من و تۆ چییە",
        "text_original": "کورە دە قەیچیەکا ئەحمەھ گیان، فەرقی من و تۆ چییە",
        "start": 272790.0,
        "end": 275455.0,
        "audio": "content/segments/109/91.ogg"
    },
    {
        "ID": "92",
        "gender": "M",
        "age": "A",
        "character_name": "ئەحمەد",
        "text": "کورە کاکە جیان چۆن فەرقی چییە بێقەزابی",
        "text_original": "کورە کاکە جیان چۆن فەرقی چییە بێقەزابی",
        "start": 275493.0,
        "end": 278092.0,
        "audio": "content/segments/109/92.ogg"
    },
    {
        "ID": "93",
        "gender": "M",
        "age": "A",
        "character_name": "ئەحمەد",
        "text": "تۆ بۆ خۆت ئەخەیتە ڕێزێ من برا",
        "text_original": "تۆ بۆ خۆت ئەخەیتە ڕێزێ من برا",
        "start": 278209.0,
        "end": 280252.0,
        "audio": "content/segments/109/93.ogg"
    },
    {
        "ID": "94",
        "gender": "M",
        "age": "A",
        "character_name": "ئەحمەد",
        "text": "تۆ فۆڕمھ لێ دزراوە، من ئەوەتا ها",
        "text_original": "تۆ فۆڕمھ لێ دزراوە، من ئەوەتا ها",
        "start": 280388.0,
        "end": 283216.0,
        "audio": "content/segments/109/94.ogg"
    },
    {
        "ID": "95",
        "gender": "M",
        "age": "A",
        "character_name": "ئەحمەد",
        "text": "فۆڕمەکە لەبەر باخەڵمایە بچم بیەم",
        "text_original": "فۆڕمەکە لەبەر باخەڵمایە بچم بیەم",
        "start": 283418.0,
        "end": 285502.0,
        "audio": "content/segments/109/95.ogg"
    },
    {
        "ID": "96",
        "gender": "NA",
        "age": "NA",
        "character_name": "NA",
        "text": "نانا",
        "text_original": "نانا",
        "start": 285525.0,
        "end": 287282.0,
        "audio": "content/segments/109/96.ogg"
    },
    {
        "ID": "97",
        "gender": "M",
        "age": "A",
        "character_name": "موراقیب",
        "text": "جارێ وەختی ئەوە نیە دەستی پێنەکردوە",
        "text_original": "جارێ وەختی ئەوە نیە دەستی پێنەکردوە",
        "start": 287282.0,
        "end": 288802.0,
        "audio": "content/segments/109/97.ogg"
    },
    {
        "ID": "98",
        "gender": "M",
        "age": "A",
        "character_name": "موراقیب",
        "text": "دانیشە دانیشە",
        "text_original": "دانیشە دانیشە",
        "start": 288802.0,
        "end": 289742.0,
        "audio": "content/segments/109/98.ogg"
    },
    {
        "ID": "99",
        "gender": "M",
        "age": "A",
        "character_name": "موراقیب",
        "text": "دانیشەو جوێ لە من بگرە، فەرقێچیکە هەیە لەبەینی تۆو کاکە عەبەیا",
        "text_original": "دانیشەو جوێ لە من بگرە، فەرقێچیکە هەیە لەبەینی تۆو کاکە عەبەیا",
        "start": 289759.0,
        "end": 293909.0,
        "audio": "content/segments/109/99.ogg"
    },
    {
        "ID": "100",
        "gender": "M",
        "age": "A",
        "character_name": "ئەحمەد",
        "text": "یەک فەرق کورە با قژی خۆم نەڕنمەوە بۆ خاتری خوا",
        "text_original": "یەک فەرق کورە با قژی خۆم نەڕنمەوە بۆ خاتری خوا",
        "start": 294348.0,
        "end": 297349.0,
        "audio": "content/segments/109/100.ogg"
    },
    {
        "ID": "101",
        "gender": "M",
        "age": "A",
        "character_name": "ئەحمەد",
        "text": "هەزار دوو هەزار سێ هەزار",
        "text_original": "هەزار دوو هەزار سێ هەزار",
        "start": 297349.0,
        "end": 298919.0,
        "audio": "content/segments/109/101.ogg"
    },
    {
        "ID": "102",
        "gender": "NA",
        "age": "NA",
        "character_name": "NA",
        "text": "کورە بڕۆ جا من ئیشم بە فەرقی پیاوی وەک تۆچیە",
        "text_original": "کورە بڕۆ جا من ئیشم بە فەرقی پیاوی وەک تۆچیە",
        "start": 298919.0,
        "end": 301728.0,
        "audio": "content/segments/109/102.ogg"
    },
    {
        "ID": "103",
        "gender": "M",
        "age": "A",
        "character_name": "موراقیب",
        "text": "فەرقێک هەیە من خۆم نیە، من خۆم ئەو فەرقەم دۆزیوەتەوە",
        "text_original": "فەرقێک هەیە من خۆم نیە، من خۆم ئەو فەرقەم دۆزیوەتەوە",
        "start": 301864.0,
        "end": 305202.0,
        "audio": "content/segments/109/103.ogg"
    },
    {
        "ID": "104",
        "gender": "NA",
        "age": "NA",
        "character_name": "NA",
        "text": "چیە فەرموو چیە",
        "text_original": "چیە فەرموو چیە",
        "start": 305202.0,
        "end": 306720.0,
        "audio": "content/segments/109/104.ogg"
    },
    {
        "ID": "105",
        "gender": "M",
        "age": "A",
        "character_name": "موراقیب",
        "text": "بڵێین دێیەکەی ماڵی خاڵی تۆ",
        "text_original": "بڵێین دێیەکەی ماڵی خاڵی تۆ",
        "start": 306747.0,
        "end": 309490.0,
        "audio": "content/segments/109/105.ogg"
    },
    {
        "ID": "106",
        "gender": "M",
        "age": "A",
        "character_name": "ئەحمەد",
        "text": "ئێه",
        "text_original": "ئێه",
        "start": 309648.0,
        "end": 310017.0,
        "audio": "content/segments/109/106.ogg"
    },
    {
        "ID": "107",
        "gender": "M",
        "age": "A",
        "character_name": "موراقیب",
        "text": "ئەو دێیەی کە ماڵی خاڵی تۆی لێیە",
        "text_original": "ئەو دێیەی کە ماڵی خاڵی تۆی لێیە",
        "start": 310060.0,
        "end": 311899.0,
        "audio": "content/segments/109/107.ogg"
    },
    {
        "ID": "108",
        "gender": "M",
        "age": "A",
        "character_name": "موراقیب",
        "text": "مەکتەبەکەی تەواو بوە، هەموو مواسەفاتێکی تیایە، مامۆستای نیە",
        "text_original": "مەکتەبەکەی تەواو بوە، هەموو مواسەفاتێکی تیایە، مامۆستای نیە",
        "start": 312227.0,
        "end": 315443.0,
        "audio": "content/segments/109/108.ogg"
    },
    {
        "ID": "109",
        "gender": "M",
        "age": "A",
        "character_name": "ئەحمەد",
        "text": "ئەی ئافەرم، کەچی دێیەکەی ماڵی خالی کاکە عەبە",
        "text_original": "ئەی ئافەرم، کەچی دێیەکەی ماڵی خالی کاکە عەبە",
        "start": 315603.0,
        "end": 319910.0,
        "audio": "content/segments/109/109.ogg"
    },
    {
        "ID": "110",
        "gender": "M",
        "age": "A",
        "character_name": "ئەحمەد",
        "text": "شەش مامۆستای ئیزافەیان بۆ هێناوە تا تاعیناندنێ",
        "text_original": "شەش مامۆستای ئیزافەیان بۆ هێناوە تا تاعیناندنێ",
        "start": 320467.0,
        "end": 324143.0,
        "audio": "content/segments/109/110.ogg"
    },
    {
        "ID": "111",
        "gender": "M",
        "age": "A",
        "character_name": "موراقیب",
        "text": "دەسیان خۆش بێ",
        "text_original": "دەسیان خۆش بێ",
        "start": 324197.0,
        "end": 324949.0,
        "audio": "content/segments/109/111.ogg"
    },
    {
        "ID": "112",
        "gender": "M",
        "age": "A",
        "character_name": "عومەر",
        "text": "سەلامو عەلەیکوم",
        "text_original": "سەلامو عەلەیکوم",
        "start": 325007.0,
        "end": 325768.0,
        "audio": "content/segments/109/112.ogg"
    },
    {
        "ID": "113",
        "gender": "M",
        "age": "A",
        "character_name": "قوتابیەکان",
        "text": "سەلام",
        "text_original": "سەلام",
        "start": 325788.0,
        "end": 328071.0,
        "audio": "content/segments/109/113.ogg"
    },
    {
        "ID": "114",
        "gender": "M",
        "age": "A",
        "character_name": "موراقیب",
        "text": "بەخێربێی، ئەوە چیە",
        "text_original": "بەخێربێی، ئەوە چیە",
        "start": 328157.0,
        "end": 329122.0,
        "audio": "content/segments/109/114.ogg"
    },
    {
        "ID": "115",
        "gender": "M",
        "age": "A",
        "character_name": "عومەر",
        "text": "وەڵا ئەوە ئیشی شەخسیم پێیەتی",
        "text_original": "وەڵا ئەوە ئیشی شەخسیم پێیەتی",
        "start": 329136.0,
        "end": 330468.0,
        "audio": "content/segments/109/115.ogg"
    },
    {
        "ID": "116",
        "gender": "M",
        "age": "A",
        "character_name": "موراقیب",
        "text": "ئیشی شەخسی چییە",
        "text_original": "ئیشی شەخسی چییە",
        "start": 330917.0,
        "end": 331736.0,
        "audio": "content/segments/109/116.ogg"
    },
    {
        "ID": "117",
        "gender": "M",
        "age": "A",
        "character_name": "ئەحمەد",
        "text": "ئێ دەوازی لێبێنە کورە زۆر سەیری",
        "text_original": "ئێ دەوازی لێبێنە کورە زۆر سەیری",
        "start": 331757.0,
        "end": 333855.0,
        "audio": "content/segments/109/117.ogg"
    },
    {
        "ID": "118",
        "gender": "M",
        "age": "A",
        "character_name": "ئەحمەد",
        "text": "قبیلە بۆ ئیشی شەخسییە، قابیلە بۆ ئیشی جەماعی بێ",
        "text_original": "قبیلە بۆ ئیشی شەخسییە، قابیلە بۆ ئیشی جەماعی بێ",
        "start": 333855.0,
        "end": 336108.0,
        "audio": "content/segments/109/118.ogg"
    },
    {
        "ID": "119",
        "gender": "M",
        "age": "A",
        "character_name": "موراقیب",
        "text": "ئێ کاکە هەموو کەس ئەزانێ مەسینە هی ئاودەستە ئەمە سلفە باوکی",
        "text_original": "ئێ کاکە هەموو کەس ئەزانێ مەسینە هی ئاودەستە ئەمە سلفە باوکی",
        "start": 336117.0,
        "end": 339670.0,
        "audio": "content/segments/109/119.ogg"
    },
    {
        "ID": "120",
        "gender": "M",
        "age": "A",
        "character_name": "عومەر",
        "text": "ئێ کاکی خۆم ڕاسئەکەی هی ئاودەستە",
        "text_original": "ئێ کاکی خۆم ڕاسئەکەی هی ئاودەستە",
        "start": 339670.0,
        "end": 341698.0,
        "audio": "content/segments/109/120.ogg"
    },
    {
        "ID": "121",
        "gender": "M",
        "age": "A",
        "character_name": "عومەر",
        "text": "ئەمە ئەمەوێ لە ئێستاوە ئیحتیاتان وەرگرم بۆ ڕۆژی ئینتیخاباتەکە",
        "text_original": "ئەمە ئەمەوێ لە ئێستاوە ئیحتیاتان وەرگرم بۆ ڕۆژی ئینتیخاباتەکە",
        "start": 341698.0,
        "end": 345409.0,
        "audio": "content/segments/109/121.ogg"
    },
    {
        "ID": "122",
        "gender": "M",
        "age": "A",
        "character_name": "ڕێبوار",
        "text": "بۆ ڕۆژی ئینتیخاباتەکە ئاو ئەبڕێ",
        "text_original": "بۆ ڕۆژی ئینتیخاباتەکە ئاو ئەبڕێ",
        "start": 345473.0,
        "end": 347626.0,
        "audio": "content/segments/109/122.ogg"
    },
    {
        "ID": "123",
        "gender": "M",
        "age": "A",
        "character_name": "عومەر",
        "text": "ئەی چی کە تۆ چویتە ڕیزی ئینتیخاباتەکەوە",
        "text_original": "ئەی چی کە تۆ چویتە ڕیزی ئینتیخاباتەکەوە",
        "start": 347656.0,
        "end": 350132.0,
        "audio": "content/segments/109/123.ogg"
    },
    {
        "ID": "124",
        "gender": "M",
        "age": "A",
        "character_name": "عومەر",
        "text": "هەشت سەعاتھ پێ ئەچێ، ئێمە",
        "text_original": "هەشت سەعاتھ پێ ئەچێ، ئێمە",
        "start": 350390.0,
        "end": 352987.0,
        "audio": "content/segments/109/124.ogg"
    },
    {
        "ID": "125",
        "gender": "M",
        "age": "A",
        "character_name": "عەبدوڵا",
        "text": "کاک عومەر",
        "text_original": "کاک عومەر",
        "start": 353491.0,
        "end": 354081.0,
        "audio": "content/segments/109/125.ogg"
    },
    {
        "ID": "126",
        "gender": "M",
        "age": "A",
        "character_name": "عومەر",
        "text": "ها",
        "text_original": "ها",
        "start": 354083.0,
        "end": 354564.0,
        "audio": "content/segments/109/126.ogg"
    },
    {
        "ID": "127",
        "gender": "M",
        "age": "A",
        "character_name": "عەبدوڵا",
        "text": "لەکاتی ڕیز بوونەکەیا کە ڕیز ئەبی بۆ دەنگان",
        "text_original": "لەکاتی ڕیز بوونەکەیا کە ڕیز ئەبی بۆ دەنگان",
        "start": 354617.0,
        "end": 357053.0,
        "audio": "content/segments/109/127.ogg"
    },
    {
        "ID": "128",
        "gender": "M",
        "age": "A",
        "character_name": "عەبدوڵا",
        "text": "هین هەڵگرتنیشی تیایە، دەسنوێژ هەڵگرتن",
        "text_original": "هین هەڵگرتنیشی تیایە، دەسنوێژ هەڵگرتن",
        "start": 357485.0,
        "end": 359485.0,
        "audio": "content/segments/109/128.ogg"
    },
    {
        "ID": "129",
        "gender": "M",
        "age": "A",
        "character_name": "عومەر",
        "text": "نا کاکە گیان ئەمە تینوێتیەکە، ئێ هەروابێتەوە دەسنوێژ گرتنێکە",
        "text_original": "نا کاکە گیان ئەمە تینوێتیەکە، ئێ هەروابێتەوە دەسنوێژ گرتنێکە",
        "start": 359508.0,
        "end": 364677.0,
        "audio": "content/segments/109/129.ogg"
    },
    {
        "ID": "130",
        "gender": "M",
        "age": "A",
        "character_name": "ئەحمەد",
        "text": "ئێ ئێ بۆ ڕاسئەکا، کا عومەر بە مەسینە ئاو ئەخواتەوە",
        "text_original": "ئێ ئێ بۆ ڕاسئەکا، کا عومەر بە مەسینە ئاو ئەخواتەوە",
        "start": 364746.0,
        "end": 367791.0,
        "audio": "content/segments/109/130.ogg"
    },
    {
        "ID": "131",
        "gender": "M",
        "age": "A",
        "character_name": "ئەحمەد",
        "text": "ڕاسئەکا ئەگەر مەسینەکەی پێبێ زوو نەجاتی ئەبێ لە ئینتیخاباتەکە",
        "text_original": "ڕاسئەکا ئەگەر مەسینەکەی پێبێ زوو نەجاتی ئەبێ لە ئینتیخاباتەکە",
        "start": 367884.0,
        "end": 370859.0,
        "audio": "content/segments/109/131.ogg"
    },
    {
        "ID": "132",
        "gender": "M",
        "age": "A",
        "character_name": "عومەر",
        "text": "ئێ کاکە گیان کە چویتە ئەو هینی دەنگادانەکەوە",
        "text_original": "ئێ کاکە گیان کە چویتە ئەو هینی دەنگادانەکەوە",
        "start": 370872.0,
        "end": 374241.0,
        "audio": "content/segments/109/132.ogg"
    },
    {
        "ID": "133",
        "gender": "M",
        "age": "A",
        "character_name": "عەبدوڵا",
        "text": "ڕیزەکە",
        "text_original": "ڕیزەکە",
        "start": 374337.0,
        "end": 374890.0,
        "audio": "content/segments/109/133.ogg"
    },
    {
        "ID": "134",
        "gender": "M",
        "age": "A",
        "character_name": "عومەر",
        "text": "ڕیزەکە",
        "text_original": "ڕیزەکە",
        "start": 374945.0,
        "end": 375653.0,
        "audio": "content/segments/109/134.ogg"
    },
    {
        "ID": "135",
        "gender": "M",
        "age": "A",
        "character_name": "موراقیب",
        "text": "ئێ",
        "text_original": "ئێ",
        "start": 375672.0,
        "end": 376030.0,
        "audio": "content/segments/109/135.ogg"
    },
    {
        "ID": "136",
        "gender": "M",
        "age": "A",
        "character_name": "عومەر",
        "text": "ئەبێ سێ نەوع دەنگ بەیت، سێئەگەیت",
        "text_original": "ئەبێ سێ نەوع دەنگ بەیت، سێئەگەیت",
        "start": 376102.0,
        "end": 379895.0,
        "audio": "content/segments/109/136.ogg"
    },
    {
        "ID": "137",
        "gender": "M",
        "age": "A",
        "character_name": "عومەر",
        "text": "سەو پەنجا تا دووسەیش هەڵبژێری، زەحمەتە کاکە گیان زۆر زەحمەتە",
        "text_original": "سەو پەنجا تا دووسەیش هەڵبژێری، زەحمەتە کاکە گیان زۆر زەحمەتە",
        "start": 379936.0,
        "end": 384435.0,
        "audio": "content/segments/109/137.ogg"
    },
    {
        "ID": "138",
        "gender": "M",
        "age": "A",
        "character_name": "زاهیر",
        "text": "ڕجائەن، ڕجائەن کەمی مەکەوە کا عومەر",
        "text_original": "ڕجائەن، ڕجائەن کەمی مەکەوە کا عومەر",
        "start": 384502.0,
        "end": 387203.0,
        "audio": "content/segments/109/138.ogg"
    },
    {
        "ID": "139",
        "gender": "M",
        "age": "A",
        "character_name": "زاهیر",
        "text": "دووسەت و حەفتا ناوی دەبی هەڵبژێری",
        "text_original": "دووسەت و حەفتا ناوی دەبی هەڵبژێری",
        "start": 387203.0,
        "end": 389951.0,
        "audio": "content/segments/109/139.ogg"
    },
    {
        "ID": "140",
        "gender": "M",
        "age": "A",
        "character_name": "موراقیب",
        "text": "کورە کاکە دووسەو حەفتا نیە، ئا تۆ بێنە ئەو حاسیبەم بەرێ",
        "text_original": "کورە کاکە دووسەو حەفتا نیە، ئا تۆ بێنە ئەو حاسیبەم بەرێ",
        "start": 390220.0,
        "end": 392981.0,
        "audio": "content/segments/109/140.ogg"
    },
    {
        "ID": "141",
        "gender": "M",
        "age": "A",
        "character_name": "عومەر",
        "text": "ئا ها ئەوە حاسیبە، هانێ",
        "text_original": "ئا ها ئەوە حاسیبە، هانێ",
        "start": 393047.0,
        "end": 394466.0,
        "audio": "content/segments/109/141.ogg"
    },
    {
        "ID": "142",
        "gender": "M",
        "age": "A",
        "character_name": "موراقیب",
        "text": "دوسەو حەفتا نیە، دوسەو حەفتا زەڕب سێ سێ",
        "text_original": "دوسەو حەفتا نیە، دوسەو حەفتا زەڕب سێ سێ",
        "start": 394713.0,
        "end": 398433.0,
        "audio": "content/segments/109/142.ogg"
    },
    {
        "ID": "143",
        "gender": "M",
        "age": "A",
        "character_name": "سەباح",
        "text": "ئێ بۆ زەڕب سێ",
        "text_original": "ئێ بۆ زەڕب سێ",
        "start": 398563.0,
        "end": 399689.0,
        "audio": "content/segments/109/143.ogg"
    },
    {
        "ID": "144",
        "gender": "M",
        "age": "A",
        "character_name": "موراقیب",
        "text": "ئێ کورە خۆ تۆ ناڵێی کولە و چۆلەکە و نازانم چی و ئەوانە",
        "text_original": "ئێ کورە خۆ تۆ ناڵێی کولە و چۆلەکە و نازانم چی و ئەوانە",
        "start": 399952.0,
        "end": 403195.0,
        "audio": "content/segments/109/144.ogg"
    },
    {
        "ID": "145",
        "gender": "NA",
        "age": "NA",
        "character_name": "NA",
        "text": "با",
        "text_original": "با",
        "start": 403472.0,
        "end": 405605.0,
        "audio": "content/segments/109/145.ogg"
    },
    {
        "ID": "146",
        "gender": "NA",
        "age": "NA",
        "character_name": "NA",
        "text": "ئا تۆ ئەوەم بەرێ",
        "text_original": "ئا تۆ ئەوەم بەرێ",
        "start": 405721.0,
        "end": 408284.0,
        "audio": "content/segments/109/146.ogg"
    },
    {
        "ID": "147",
        "gender": "NA",
        "age": "NA",
        "character_name": "NA",
        "text": "تخوا یەک دەقە",
        "text_original": "تخوا یەک دەقە",
        "start": 408284.0,
        "end": 409292.0,
        "audio": "content/segments/109/147.ogg"
    },
    {
        "ID": "148",
        "gender": "M",
        "age": "A",
        "character_name": "ئەحمەد",
        "text": "ئەوە سێ دوسەی ئەکاتە پێنسە",
        "text_original": "ئەوە سێ دوسەی ئەکاتە پێنسە",
        "start": 409572.0,
        "end": 411746.0,
        "audio": "content/segments/109/148.ogg"
    },
    {
        "ID": "149",
        "gender": "NA",
        "age": "NA",
        "character_name": "NA",
        "text": "ئێ",
        "text_original": "ئێ",
        "start": 411810.0,
        "end": 413422.0,
        "audio": "content/segments/109/149.ogg"
    },
    {
        "ID": "150",
        "gender": "M",
        "age": "A",
        "character_name": "موراقیب",
        "text": "سێ حەوتیەکەشی",
        "text_original": "سێ حەوتیەکەشی",
        "start": 413672.0,
        "end": 414964.0,
        "audio": "content/segments/109/150.ogg"
    },
    {
        "ID": "151",
        "gender": "M",
        "age": "A",
        "character_name": "ئەحمەد",
        "text": "ئەکاتە بیست و هەشت",
        "text_original": "ئەکاتە بیست و هەشت",
        "start": 415024.0,
        "end": 416207.0,
        "audio": "content/segments/109/151.ogg"
    },
    {
        "ID": "152",
        "gender": "M",
        "age": "A",
        "character_name": "موراقیب",
        "text": "ئەمە یاعنی هەشسە و هەشتا ناوی ڕێکھ ئەبێ لەبەر بێ",
        "text_original": "ئەمە یاعنی هەشسە و هەشتا ناوی ڕێکھ ئەبێ لەبەر بێ",
        "start": 416269.0,
        "end": 420270.0,
        "audio": "content/segments/109/152.ogg"
    },
    {
        "ID": "153",
        "gender": "M",
        "age": "A",
        "character_name": "موراقیب",
        "text": "کە چوی بۆ ئینتیخابات، ناوی سیانی",
        "text_original": "کە چوی بۆ ئینتیخابات، ناوی سیانی",
        "start": 420270.0,
        "end": 422061.0,
        "audio": "content/segments/109/153.ogg"
    },
    {
        "ID": "154",
        "gender": "M",
        "age": "A",
        "character_name": "ڕێبوار",
        "text": "جا باوکم بەو قورعانە من هەشسەو هەشتا کەلیمەم لەبەر بوایە",
        "text_original": "جا باوکم بەو قورعانە من هەشسەو هەشتا کەلیمەم لەبەر بوایە",
        "start": 422102.0,
        "end": 425377.0,
        "audio": "content/segments/109/154.ogg"
    },
    {
        "ID": "155",
        "gender": "M",
        "age": "A",
        "character_name": "ڕێبوار",
        "text": "ئەچووم بۆ ئەو تورکیایە باشترین کلیپم ئەکرد",
        "text_original": "ئەچووم بۆ ئەو تورکیایە باشترین کلیپم ئەکرد",
        "start": 425420.0,
        "end": 427781.0,
        "audio": "content/segments/109/155.ogg"
    },
    {
        "ID": "156",
        "gender": "M",
        "age": "A",
        "character_name": "ئەحمەد",
        "text": "چاوو لێیەتی ئەمە ئیستیفادەیەکی تری دیموکراسی",
        "text_original": "چاوو لێیەتی ئەمە ئیستیفادەیەکی تری دیموکراسی",
        "start": 427821.0,
        "end": 431395.0,
        "audio": "content/segments/109/156.ogg"
    },
    {
        "ID": "157",
        "gender": "M",
        "age": "A",
        "character_name": "موراقیب",
        "text": "چۆن",
        "text_original": "چۆن",
        "start": 431439.0,
        "end": 431825.0,
        "audio": "content/segments/109/157.ogg"
    },
    {
        "ID": "158",
        "gender": "M",
        "age": "A",
        "character_name": "ئەحمەد",
        "text": "کابرایەکی کەر و نەزان ئەکا بە گۆرانیبێژ",
        "text_original": "کابرایەکی کەر و نەزان ئەکا بە گۆرانیبێژ",
        "start": 431825.0,
        "end": 434323.0,
        "audio": "content/segments/109/158.ogg"
    },
    {
        "ID": "159",
        "gender": "M",
        "age": "A",
        "character_name": "سەباح",
        "text": "ئنجا بەس نیە نایکا بە چەتە و ڕێگر",
        "text_original": "ئنجا بەس نیە نایکا بە چەتە و ڕێگر",
        "start": 434415.0,
        "end": 437133.0,
        "audio": "content/segments/109/159.ogg"
    },
    {
        "ID": "160",
        "gender": "M",
        "age": "A",
        "character_name": "موراقیب",
        "text": "ئەی ئافەرین سەباح، ئەشەدو بیلا هەقە ئەو قسەیەی تۆ بنوسرێتەوە",
        "text_original": "ئەی ئافەرین سەباح، ئەشەدو بیلا هەقە ئەو قسەیەی تۆ بنوسرێتەوە",
        "start": 437277.0,
        "end": 442081.0,
        "audio": "content/segments/109/160.ogg"
    },
    {
        "ID": "161",
        "gender": "M",
        "age": "A",
        "character_name": "موراقیب",
        "text": "لەسەر کاغەزی ڕەناو ڕەنگ بەو دێهاتانەیا هەڵیواسین",
        "text_original": "لەسەر کاغەزی ڕەناو ڕەنگ بەو دێهاتانەیا هەڵیواسین",
        "start": 442081.0,
        "end": 445829.0,
        "audio": "content/segments/109/161.ogg"
    },
    {
        "ID": "162",
        "gender": "M",
        "age": "A",
        "character_name": "ئەحمەد",
        "text": "ئەی ئافەرم، حەقە بنوسرێتەوە",
        "text_original": "ئەی ئافەرم، حەقە بنوسرێتەوە",
        "start": 445924.0,
        "end": 448148.0,
        "audio": "content/segments/109/162.ogg"
    },
    {
        "ID": "163",
        "gender": "M",
        "age": "A",
        "character_name": "ئەحمەد",
        "text": "هەقە لەسەر کاغەزی ڕەنگاو ڕەنگ بنوسرێتەوە و (نارون)",
        "text_original": "هەقە لەسەر کاغەزی ڕەنگاو ڕەنگ بنوسرێتەوە و (نارون)",
        "start": 448269.0,
        "end": 452252.0,
        "audio": "content/segments/109/163.ogg"
    },
    {
        "ID": "164",
        "gender": "M",
        "age": "A",
        "character_name": "ئەحمەد",
        "text": "وەکو کومبار و مۆلیدە",
        "text_original": "وەکو کومبار و مۆلیدە",
        "start": 452252.0,
        "end": 453761.0,
        "audio": "content/segments/109/164.ogg"
    },
    {
        "ID": "165",
        "gender": "M",
        "age": "A",
        "character_name": "حیکمەت",
        "text": "بۆچی ئەحە جیان مۆلیدە و کومبارھ بەسەر دێهاتەکانا تەوزیع کردوە",
        "text_original": "بۆچی ئەحە جیان مۆلیدە و کومبارھ بەسەر دێهاتەکانا تەوزیع کردوە",
        "start": 453838.0,
        "end": 458122.0,
        "audio": "content/segments/109/165.ogg"
    },
    {
        "ID": "166",
        "gender": "NA",
        "age": "NA",
        "character_name": "NA",
        "text": "ئێوارانیش لوقمە قازی",
        "text_original": "ئێوارانیش لوقمە قازی",
        "start": 458150.0,
        "end": 460444.0,
        "audio": "content/segments/109/166.ogg"
    },
    {
        "ID": "167",
        "gender": "M",
        "age": "A",
        "character_name": "عومەر",
        "text": "بێنە بێنە ئەدەواتی دەنگانەکەم بەرێ",
        "text_original": "بێنە بێنە ئەدەواتی دەنگانەکەم بەرێ",
        "start": 460465.0,
        "end": 463262.0,
        "audio": "content/segments/109/167.ogg"
    },
    {
        "ID": "168",
        "gender": "M",
        "age": "A",
        "character_name": "عومەر",
        "text": "کورینە بەحرە ئەم سیاسەتە بەحرە بەحر",
        "text_original": "کورینە بەحرە ئەم سیاسەتە بەحرە بەحر",
        "start": 463276.0,
        "end": 467193.0,
        "audio": "content/segments/109/168.ogg"
    },
    {
        "ID": "169",
        "gender": "M",
        "age": "A",
        "character_name": "عەبدوڵا",
        "text": "وایە کا عومەر قسەی جەنابتە، ئەم سیاسەتە بەحرە",
        "text_original": "وایە کا عومەر قسەی جەنابتە، ئەم سیاسەتە بەحرە",
        "start": 467700.0,
        "end": 470521.0,
        "audio": "content/segments/109/169.ogg"
    },
    {
        "ID": "170",
        "gender": "M",
        "age": "A",
        "character_name": "عەبدوڵا",
        "text": "بەڵام ئەڵێی چی ئێمە مەلە نازانین",
        "text_original": "بەڵام ئەڵێی چی ئێمە مەلە نازانین",
        "start": 470573.0,
        "end": 472475.0,
        "audio": "content/segments/109/170.ogg"
    },
    {
        "ID": "171",
        "gender": "F",
        "age": "A",
        "character_name": "نەرمین",
        "text": "ئێ یاڕەبی خوا نەیبڕێ خوایە خوا لەدەستی زیا کا",
        "text_original": "ئێ یاڕەبی خوا نەیبڕێ خوایە خوا لەدەستی زیا کا",
        "start": 472779.0,
        "end": 476045.0,
        "audio": "content/segments/109/171.ogg"
    },
    {
        "ID": "172",
        "gender": "F",
        "age": "A",
        "character_name": "نەرمین",
        "text": "ئەشەو بیلا پیاوی چاک بوو",
        "text_original": "ئەشەو بیلا پیاوی چاک بوو",
        "start": 476065.0,
        "end": 478176.0,
        "audio": "content/segments/109/172.ogg"
    },
    {
        "ID": "173",
        "gender": "F",
        "age": "A",
        "character_name": "نەرمین",
        "text": "سەلااااامو علێیک",
        "text_original": "سەلااااامو علێیک",
        "start": 478281.0,
        "end": 480334.0,
        "audio": "content/segments/109/173.ogg"
    },
    {
        "ID": "174",
        "gender": "M",
        "age": "A",
        "character_name": "قوتابیەکان",
        "text": "عەلەیکی سەلام",
        "text_original": "عەلەیکی سەلام",
        "start": 480415.0,
        "end": 482474.0,
        "audio": "content/segments/109/174.ogg"
    },
    {
        "ID": "175",
        "gender": "F",
        "age": "A",
        "character_name": "ژنی2",
        "text": "(نارون)",
        "text_original": "(نارون)",
        "start": 482736.0,
        "end": 485039.0,
        "audio": "content/segments/109/175.ogg"
    },
    {
        "ID": "176",
        "gender": "M",
        "age": "A",
        "character_name": "موراقیب",
        "text": "وەڵاهی زۆر جوانە موبارەک بێ، دوور لە تەسکیەکەی",
        "text_original": "وەڵاهی زۆر جوانە موبارەک بێ، دوور لە تەسکیەکەی",
        "start": 485734.0,
        "end": 488843.0,
        "audio": "content/segments/109/176.ogg"
    },
    {
        "ID": "177",
        "gender": "M",
        "age": "A",
        "character_name": "موراقیب",
        "text": "ئەو قوماشە تەسکە",
        "text_original": "ئەو قوماشە تەسکە",
        "start": 488952.0,
        "end": 490184.0,
        "audio": "content/segments/109/177.ogg"
    },
    {
        "ID": "178",
        "gender": "F",
        "age": "A",
        "character_name": "نەرمین",
        "text": "جا تۆ چوزانی تەسکە",
        "text_original": "جا تۆ چوزانی تەسکە",
        "start": 490355.0,
        "end": 492207.0,
        "audio": "content/segments/109/178.ogg"
    },
    {
        "ID": "179",
        "gender": "M",
        "age": "A",
        "character_name": "موراقیب",
        "text": "چۆن نازانم، بۆ دیعایەی ئینتیخابات وەرتان نەگرتوە",
        "text_original": "چۆن نازانم، بۆ دیعایەی ئینتیخابات وەرتان نەگرتوە",
        "start": 492255.0,
        "end": 495378.0,
        "audio": "content/segments/109/179.ogg"
    },
    {
        "ID": "180",
        "gender": "F",
        "age": "A",
        "character_name": "نەرمین",
        "text": "وەڵاهی نازانم بۆ ئینتیخاباتە بۆ چییە",
        "text_original": "وەڵاهی نازانم بۆ ئینتیخاباتە بۆ چییە",
        "start": 495465.0,
        "end": 498097.0,
        "audio": "content/segments/109/180.ogg"
    },
    {
        "ID": "181",
        "gender": "F",
        "age": "A",
        "character_name": "نەرمین",
        "text": "کابرایێ لەوێوە ڕۆی خێری بنوسێ یاخوا",
        "text_original": "کابرایێ لەوێوە ڕۆی خێری بنوسێ یاخوا",
        "start": 498233.0,
        "end": 500820.0,
        "audio": "content/segments/109/181.ogg"
    },
    {
        "ID": "182",
        "gender": "F",
        "age": "A",
        "character_name": "نەرمین",
        "text": "ئەم پارچە قوماشەی یا بەمن وتی بیکەن بە ماکسی و",
        "text_original": "ئەم پارچە قوماشەی یا بەمن وتی بیکەن بە ماکسی و",
        "start": 500839.0,
        "end": 503549.0,
        "audio": "content/segments/109/182.ogg"
    },
    {
        "ID": "183",
        "gender": "F",
        "age": "A",
        "character_name": "نەرمین",
        "text": "ئەمەشی یا بە بنار ئیتر نازانم بۆچییە، بۆ ئینتیخاباتە بەخوا نازانم",
        "text_original": "ئەمەشی یا بە بنار ئیتر نازانم بۆچییە، بۆ ئینتیخاباتە بەخوا نازانم",
        "start": 503549.0,
        "end": 507449.0,
        "audio": "content/segments/109/183.ogg"
    },
    {
        "ID": "184",
        "gender": "F",
        "age": "A",
        "character_name": "ژنی2",
        "text": "کەچێ چەوا نزانی، مامێکە نەگوت ژبۆ ئینتیخاباتێ هنێ بکاربهێنن",
        "text_original": "کەچێ چەوا نزانی، مامێکە نەگوت ژبۆ ئینتیخاباتێ هنێ بکاربهێنن",
        "start": 507727.0,
        "end": 512263.00000000006,
        "audio": "content/segments/109/184.ogg"
    },
    {
        "ID": "185",
        "gender": "M",
        "age": "A",
        "character_name": "ئەحمەد",
        "text": "مراقیب ئەو ئەڵێ چی",
        "text_original": "مراقیب ئەو ئەڵێ چی",
        "start": 512302.0,
        "end": 513511.99999999994,
        "audio": "content/segments/109/185.ogg"
    },
    {
        "ID": "186",
        "gender": "M",
        "age": "A",
        "character_name": "موراقیب",
        "text": "ئها ئەڵێ بەو ئەڵێ چۆن نازانی ئەڵێ پیاوەکە ئەوەی یاینێ",
        "text_original": "ئها ئەڵێ بەو ئەڵێ چۆن نازانی ئەڵێ پیاوەکە ئەوەی یاینێ",
        "start": 513549.99999999994,
        "end": 517255.0,
        "audio": "content/segments/109/186.ogg"
    },
    {
        "ID": "187",
        "gender": "M",
        "age": "A",
        "character_name": "موراقیب",
        "text": "نەی وت دەنگ بەن بۆ ئەو ڕەنگە",
        "text_original": "نەی وت دەنگ بەن بۆ ئەو ڕەنگە",
        "start": 517255.0,
        "end": 518855.0,
        "audio": "content/segments/109/187.ogg"
    },
    {
        "ID": "188",
        "gender": "M",
        "age": "A",
        "character_name": "عەبدوڵا",
        "text": "ئاها، ئەرەوەڵا کەواتە قسەکەی تۆ دەرچوو",
        "text_original": "ئاها، ئەرەوەڵا کەواتە قسەکەی تۆ دەرچوو",
        "start": 518932.0,
        "end": 522729.00000000006,
        "audio": "content/segments/109/188.ogg"
    },
    {
        "ID": "189",
        "gender": "M",
        "age": "A",
        "character_name": "موراقیب",
        "text": "ئەزانی بۆ قسەکەی منە لەخۆمەوە قسە ناکەم",
        "text_original": "ئەزانی بۆ قسەکەی منە لەخۆمەوە قسە ناکەم",
        "start": 522818.0,
        "end": 524988.0,
        "audio": "content/segments/109/189.ogg"
    },
    {
        "ID": "190",
        "gender": "M",
        "age": "A",
        "character_name": "موراقیب",
        "text": "کە ئینسان جل و بەرگی حیزبی لەبەرکرد تێئەگەی",
        "text_original": "کە ئینسان جل و بەرگی حیزبی لەبەرکرد تێئەگەی",
        "start": 525230.0,
        "end": 528638.0,
        "audio": "content/segments/109/190.ogg"
    },
    {
        "ID": "191",
        "gender": "M",
        "age": "A",
        "character_name": "موراقیب",
        "text": "بیرو بۆچون و ئەقڵی تەسکئەبێتەوە و بەس ئەوەنە ئەبینێ عەینەن هین",
        "text_original": "بیرو بۆچون و ئەقڵی تەسکئەبێتەوە و بەس ئەوەنە ئەبینێ عەینەن هین",
        "start": 528662.0,
        "end": 532591.0,
        "audio": "content/segments/109/191.ogg"
    },
    {
        "ID": "192",
        "gender": "M",
        "age": "A",
        "character_name": "عەبدوڵا",
        "text": "عەینەن ئەسپی عەرەبانە",
        "text_original": "عەینەن ئەسپی عەرەبانە",
        "start": 532606.0,
        "end": 533608.0,
        "audio": "content/segments/109/192.ogg"
    },
    {
        "ID": "193",
        "gender": "M",
        "age": "A",
        "character_name": "موراقیب",
        "text": "ئاافەرم",
        "text_original": "ئاافەرم",
        "start": 533608.0,
        "end": 534225.0,
        "audio": "content/segments/109/193.ogg"
    },
    {
        "ID": "194",
        "gender": "M",
        "age": "A",
        "character_name": "عومەر",
        "text": "ئااای، تەبعەن ئەگەر بیرو بۆچونەکە بەرجەستە و ئاشکرا نەکەن",
        "text_original": "ئااای، تەبعەن ئەگەر بیرو بۆچونەکە بەرجەستە و ئاشکرا نەکەن",
        "start": 534272.0,
        "end": 538849.0,
        "audio": "content/segments/109/194.ogg"
    },
    {
        "ID": "195",
        "gender": "M",
        "age": "A",
        "character_name": "عومەر",
        "text": "خەڵک لە بەرنامەی حیزبەکە تێناگەن",
        "text_original": "خەڵک لە بەرنامەی حیزبەکە تێناگەن",
        "start": 539094.0,
        "end": 541232.0,
        "audio": "content/segments/109/195.ogg"
    },
    {
        "ID": "196",
        "gender": "F",
        "age": "A",
        "character_name": "نەرمین",
        "text": "ئینجا ئینتیخابات تێگەشتنی بۆ چییە کا عومەر",
        "text_original": "ئینجا ئینتیخابات تێگەشتنی بۆ چییە کا عومەر",
        "start": 541260.0,
        "end": 544534.0,
        "audio": "content/segments/109/196.ogg"
    },
    {
        "ID": "197",
        "gender": "M",
        "age": "A",
        "character_name": "ئەحمەد",
        "text": "چۆن نایەوێ نەرمین خان، ئەمە ئیتیخاباتە مەسیڕە مەسیر",
        "text_original": "چۆن نایەوێ نەرمین خان، ئەمە ئیتیخاباتە مەسیڕە مەسیر",
        "start": 544685.0,
        "end": 549622.0,
        "audio": "content/segments/109/197.ogg"
    },
    {
        "ID": "198",
        "gender": "M",
        "age": "A",
        "character_name": "ئەحمەد",
        "text": "ئەوساکە مەجبور ئەبین ئەڵێین کاک موراقیب بچۆ بەدوای مستەرا درەنگە",
        "text_original": "ئەوساکە مەجبور ئەبین ئەڵێین کاک موراقیب بچۆ بەدوای مستەرا درەنگە",
        "start": 549740.0,
        "end": 554496.0,
        "audio": "content/segments/109/198.ogg"
    },
    {
        "ID": "199",
        "gender": "M",
        "age": "A",
        "character_name": "موراقیب",
        "text": "نایەوێ مستەری ناوێ بڕۆن دانیشن دەی",
        "text_original": "نایەوێ مستەری ناوێ بڕۆن دانیشن دەی",
        "start": 554706.0,
        "end": 557128.0,
        "audio": "content/segments/109/199.ogg"
    },
    {
        "ID": "200",
        "gender": "M",
        "age": "A",
        "character_name": "موراقیب",
        "text": "ئەی من چیم، جێگری مستەر نیم بە ناخێری جیانم",
        "text_original": "ئەی من چیم، جێگری مستەر نیم بە ناخێری جیانم",
        "start": 557242.0,
        "end": 560027.0,
        "audio": "content/segments/109/200.ogg"
    },
    {
        "ID": "201",
        "gender": "M",
        "age": "A",
        "character_name": "موراقیب",
        "text": "جیۆ بگرن یٔەها ها یٔەوە",
        "text_original": "جیۆ بگرن یٔەها ها یٔەوە",
        "start": 560681.0,
        "end": 562174.0,
        "audio": "content/segments/109/201.ogg"
    },
    {
        "ID": "202",
        "gender": "NA",
        "age": "NA",
        "character_name": "NA",
        "text": "وەڵا مژدەتان بەمێ ئەم دەرسەش نایەتە سەرمان",
        "text_original": "وەڵا مژدەتان بەمێ ئەم دەرسەش نایەتە سەرمان",
        "start": 562202.0,
        "end": 564549.0,
        "audio": "content/segments/109/202.ogg"
    },
    {
        "ID": "203",
        "gender": "M",
        "age": "A",
        "character_name": "موراقیب",
        "text": "ئێ دەباشتر",
        "text_original": "ئێ دەباشتر",
        "start": 564705.0,
        "end": 565832.0,
        "audio": "content/segments/109/203.ogg"
    },
    {
        "ID": "204",
        "gender": "NA",
        "age": "NA",
        "character_name": "NA",
        "text": "ئەوە چییە",
        "text_original": "ئەوە چییە",
        "start": 566264.0,
        "end": 567285.0,
        "audio": "content/segments/109/204.ogg"
    },
    {
        "ID": "205",
        "gender": "M",
        "age": "A",
        "character_name": "موراقیب",
        "text": "ئەمە تۆی",
        "text_original": "ئەمە تۆی",
        "start": 567468.0,
        "end": 568340.0,
        "audio": "content/segments/109/205.ogg"
    },
    {
        "ID": "206",
        "gender": "M",
        "age": "A",
        "character_name": "موراقیب",
        "text": "ئا بەس جوێ بگرە باوچی باوکم",
        "text_original": "ئا بەس جوێ بگرە باوچی باوکم",
        "start": 569449.0,
        "end": 571674.0,
        "audio": "content/segments/109/206.ogg"
    },
    {
        "ID": "207",
        "gender": "M",
        "age": "A",
        "character_name": "موراقیب",
        "text": "جارێچکە بە تڕاکسودەوە نێیە ئێرە هی ئەوە نییە، دەبڕۆ دەی باشە",
        "text_original": "جارێچکە بە تڕاکسودەوە نێیە ئێرە هی ئەوە نییە، دەبڕۆ دەی باشە",
        "start": 572060.0,
        "end": 575532.0,
        "audio": "content/segments/109/207.ogg"
    },
    {
        "ID": "208",
        "gender": "M",
        "age": "A",
        "character_name": "قوتابیەکان",
        "text": "چییە ئەوە چییە تەڵەبەی تازەی",
        "text_original": "چییە ئەوە چییە تەڵەبەی تازەی",
        "start": 575579.0,
        "end": 578066.0,
        "audio": "content/segments/109/208.ogg"
    },
    {
        "ID": "209",
        "gender": "M",
        "age": "A",
        "character_name": "موراقیب",
        "text": "تەلەبەیە چییە، تەلەبەیە",
        "text_original": "تەلەبەیە چییە، تەلەبەیە",
        "start": 578137.0,
        "end": 580627.0,
        "audio": "content/segments/109/209.ogg"
    },
    {
        "ID": "210",
        "gender": "NA",
        "age": "NA",
        "character_name": "NA",
        "text": "ئەها، ئێ ئێ",
        "text_original": "ئەها، ئێ ئێ",
        "start": 580695.0,
        "end": 583005.0,
        "audio": "content/segments/109/210.ogg"
    },
    {
        "ID": "211",
        "gender": "M",
        "age": "A",
        "character_name": "ئەحمەد",
        "text": "ئنجا تۆ وەری ئەگری",
        "text_original": "ئنجا تۆ وەری ئەگری",
        "start": 583005.0,
        "end": 584497.0,
        "audio": "content/segments/109/211.ogg"
    },
    {
        "ID": "212",
        "gender": "M",
        "age": "A",
        "character_name": "موراقیب",
        "text": "ئای لەوە ئەی چی، ئەی من، تەبعەن ئێستا مستەر لێرە نیە وەنیە",
        "text_original": "ئای لەوە ئەی چی، ئەی من، تەبعەن ئێستا مستەر لێرە نیە وەنیە",
        "start": 584535.0,
        "end": 588555.0,
        "audio": "content/segments/109/212.ogg"
    },
    {
        "ID": "213",
        "gender": "M",
        "age": "A",
        "character_name": "قوتابیەکان",
        "text": "وایە",
        "text_original": "وایە",
        "start": 588555.0,
        "end": 589005.0,
        "audio": "content/segments/109/213.ogg"
    },
    {
        "ID": "214",
        "gender": "M",
        "age": "A",
        "character_name": "موراقیب",
        "text": "جۆبگرن من دەرسی ئەمڕۆتان بۆ شەڕح ئەکەم",
        "text_original": "جۆبگرن من دەرسی ئەمڕۆتان بۆ شەڕح ئەکەم",
        "start": 589035.0,
        "end": 591172.0,
        "audio": "content/segments/109/214.ogg"
    },
    {
        "ID": "215",
        "gender": "M",
        "age": "A",
        "character_name": "قوتابیەکان",
        "text": "چیمان بۆ شەرح ئەکەی باسی چی ئەکەی مامۆستا، (پێکەنین)",
        "text_original": "چیمان بۆ شەرح ئەکەی باسی چی ئەکەی مامۆستا، (پێکەنین)",
        "start": 591192.0,
        "end": 592930.0,
        "audio": "content/segments/109/215.ogg"
    },
    {
        "ID": "216",
        "gender": "M",
        "age": "A",
        "character_name": "موراقیب",
        "text": "دەرسی ئەخلاقی سیاسی",
        "text_original": "دەرسی ئەخلاقی سیاسی",
        "start": 592930.0,
        "end": 594420.0,
        "audio": "content/segments/109/216.ogg"
    },
    {
        "ID": "217",
        "gender": "M",
        "age": "A",
        "character_name": "قوتابیەکان",
        "text": "(پێکەنین)",
        "text_original": "(پێکەنین)",
        "start": 594458.0,
        "end": 601304.0,
        "audio": "content/segments/109/217.ogg"
    },
    {
        "ID": "218",
        "gender": "M",
        "age": "A",
        "character_name": "موراقیب",
        "text": "دەرسی ئەخلاقی سیاسی",
        "text_original": "دەرسی ئەخلاقی سیاسی",
        "start": 601457.0,
        "end": 602652.0,
        "audio": "content/segments/109/218.ogg"
    },
    {
        "ID": "219",
        "gender": "NA",
        "age": "NA",
        "character_name": "NA",
        "text": "ئا",
        "text_original": "ئا",
        "start": 603652.0,
        "end": 604799.0,
        "audio": "content/segments/109/219.ogg"
    },
    {
        "ID": "220",
        "gender": "NA",
        "age": "NA",
        "character_name": "NA",
        "text": "ئەرێوەڵا",
        "text_original": "ئەرێوەڵا",
        "start": 604799.0,
        "end": 605916.0,
        "audio": "content/segments/109/220.ogg"
    },
    {
        "ID": "221",
        "gender": "M",
        "age": "A",
        "character_name": "قوتابیەکان",
        "text": "(ژاوە ژاو)",
        "text_original": "(ژاوە ژاو)",
        "start": 605938.0,
        "end": 609313.0,
        "audio": "content/segments/109/221.ogg"
    }
]