[
    {
        "ID": "2",
        "gender": "M",
        "age": "A",
        "character_name": "عەبدوڵا",
        "text": "کورە دە هەستە هەستە موراقیب لایبە بۆ خاتری خوا",
        "text_original": "کورە دە هەستە هەستە موراقیب لایبە بۆ خاتری خوا",
        "start": 12020.0,
        "end": 14419.0,
        "audio": "content/segments/111/2.ogg"
    },
    {
        "ID": "3",
        "gender": "M",
        "age": "A",
        "character_name": "عەبدوڵا",
        "text": "ئەم بۆگەنە فڕێیەرە دەرەوە",
        "text_original": "ئەم بۆگەنە فڕێیەرە دەرەوە",
        "start": 14440.0,
        "end": 15568.0,
        "audio": "content/segments/111/3.ogg"
    },
    {
        "ID": "4",
        "gender": "M",
        "age": "A",
        "character_name": "حیکمەت",
        "text": "خێرت دەگا، موراقیب جیان فڕێییە",
        "text_original": "خێرت دەگا، موراقیب جیان فڕێییە",
        "start": 15806.0,
        "end": 18151.0,
        "audio": "content/segments/111/4.ogg"
    },
    {
        "ID": "5",
        "gender": "M",
        "age": "A",
        "character_name": "یٔەحمەد",
        "text": "وەڵای ڕاسیٔەکا موراقیب",
        "text_original": "وەڵای ڕاسیٔەکا موراقیب",
        "start": 18230.0,
        "end": 19693.0,
        "audio": "content/segments/111/5.ogg"
    },
    {
        "ID": "6",
        "gender": "M",
        "age": "A",
        "character_name": "یٔەحمەد",
        "text": "خوا عەلیمە سلفەکەی کرد بە پشتی قەساب خانە",
        "text_original": "خوا عەلیمە سلفەکەی کرد بە پشتی قەساب خانە",
        "start": 19750.0,
        "end": 21818.0,
        "audio": "content/segments/111/6.ogg"
    },
    {
        "ID": "7",
        "gender": "M",
        "age": "A",
        "character_name": "ڕێبوار",
        "text": "ئێ دە هەستە کاکە فڕێییە",
        "text_original": "ئێ دە هەستە کاکە فڕێییە",
        "start": 21840.0,
        "end": 23418.0,
        "audio": "content/segments/111/7.ogg"
    },
    {
        "ID": "8",
        "gender": "M",
        "age": "A",
        "character_name": "موراقیب",
        "text": "ئەرێ دادە جیان لای ئەبەم، بەڵام بابزانین جارێ چی تیایە ئەم شتە",
        "text_original": "ئەرێ دادە جیان لای ئەبەم، بەڵام بابزانین جارێ چی تیایە ئەم شتە",
        "start": 23500.0,
        "end": 27103.0,
        "audio": "content/segments/111/8.ogg"
    },
    {
        "ID": "9",
        "gender": "M",
        "age": "A",
        "character_name": "ڕێبوار",
        "text": "نازانی چی تیایە، جلە کۆنە",
        "text_original": "نازانی چی تیایە، جلە کۆنە",
        "start": 27103.0,
        "end": 28956.0,
        "audio": "content/segments/111/9.ogg"
    },
    {
        "ID": "10",
        "gender": "M",
        "age": "A",
        "character_name": "سەباح",
        "text": "باوکم بیلای ئا ئەوە بۆگەنی جلە کۆن نییە",
        "text_original": "باوکم بیلای ئا ئەوە بۆگەنی جلە کۆن نییە",
        "start": 29579.0,
        "end": 33095.0,
        "audio": "content/segments/111/10.ogg"
    },
    {
        "ID": "11",
        "gender": "M",
        "age": "A",
        "character_name": "موراقیب",
        "text": "ئەی هی چییە",
        "text_original": "ئەی هی چییە",
        "start": 33236.0,
        "end": 34069.0,
        "audio": "content/segments/111/11.ogg"
    },
    {
        "ID": "12",
        "gender": "F",
        "age": "A",
        "character_name": "نەرمین",
        "text": "هەر ئەوە نییە",
        "text_original": "هەر ئەوە نییە",
        "start": 34100.0,
        "end": 35172.0,
        "audio": "content/segments/111/12.ogg"
    },
    {
        "ID": "13",
        "gender": "F",
        "age": "A",
        "character_name": "نەرمین",
        "text": "ئەو بۆگەنە تەنیا بۆگەنی چڵک و تەڕەشوع و ڕتووبەت نییە",
        "text_original": "ئەو بۆگەنە تەنیا بۆگەنی چڵک و تەڕەشوع و ڕتووبەت نییە",
        "start": 35475.0,
        "end": 39252.0,
        "audio": "content/segments/111/13.ogg"
    },
    {
        "ID": "14",
        "gender": "M",
        "age": "A",
        "character_name": "قوتابیەک",
        "text": "ئەی",
        "text_original": "ئەی",
        "start": 39261.0,
        "end": 39937.0,
        "audio": "content/segments/111/14.ogg"
    },
    {
        "ID": "15",
        "gender": "F",
        "age": "A",
        "character_name": "نەرمین",
        "text": "بۆن، بۆنی جەریمەشی لێیێ",
        "text_original": "بۆن، بۆنی جەریمەشی لێیێ",
        "start": 39947.0,
        "end": 42051.0,
        "audio": "content/segments/111/15.ogg"
    },
    {
        "ID": "16",
        "gender": "M",
        "age": "A",
        "character_name": "عومەر",
        "text": "چی چی",
        "text_original": "چی چی",
        "start": 42070.0,
        "end": 42917.0,
        "audio": "content/segments/111/16.ogg"
    },
    {
        "ID": "17",
        "gender": "F",
        "age": "A",
        "character_name": "نەرمین",
        "text": "بۆنی جەریمە جەریمە",
        "text_original": "بۆنی جەریمە جەریمە",
        "start": 42963.0,
        "end": 44199.0,
        "audio": "content/segments/111/17.ogg"
    },
    {
        "ID": "18",
        "gender": "M",
        "age": "A",
        "character_name": "ڕێبوار",
        "text": "بۆ ئەحە جیان جەریمەش بۆنی هەیە",
        "text_original": "بۆ ئەحە جیان جەریمەش بۆنی هەیە",
        "start": 44200.0,
        "end": 46241.0,
        "audio": "content/segments/111/18.ogg"
    },
    {
        "ID": "19",
        "gender": "M",
        "age": "A",
        "character_name": "ئەحمەد",
        "text": "وەڵای ڕێبوار گیان",
        "text_original": "وەڵای ڕێبوار گیان",
        "start": 46265.0,
        "end": 47279.0,
        "audio": "content/segments/111/19.ogg"
    },
    {
        "ID": "20",
        "gender": "M",
        "age": "A",
        "character_name": "موراقیب",
        "text": "ڕێبوار من نیم، ئەوەتا",
        "text_original": "ڕێبوار من نیم، ئەوەتا",
        "start": 47279.0,
        "end": 48289.0,
        "audio": "content/segments/111/20.ogg"
    },
    {
        "ID": "21",
        "gender": "M",
        "age": "A",
        "character_name": "مستەر",
        "text": "وەڵای ڕێبوار گیان، گوێبگرە جەریمە دوو نەوعە",
        "text_original": "وەڵای ڕێبوار گیان، گوێبگرە جەریمە دوو نەوعە",
        "start": 48289.0,
        "end": 50950.0,
        "audio": "content/segments/111/21.ogg"
    },
    {
        "ID": "22",
        "gender": "M",
        "age": "A",
        "character_name": "ئەحمەد",
        "text": "هەیە بۆنارە، هەیە بێ بۆنە",
        "text_original": "هەیە بۆنارە، هەیە بێ بۆنە",
        "start": 51245.0,
        "end": 53223.0,
        "audio": "content/segments/111/22.ogg"
    },
    {
        "ID": "23",
        "gender": "M",
        "age": "A",
        "character_name": "ئەحمەد",
        "text": "براڕۆ، (نارون)",
        "text_original": "براڕۆ، (نارون)",
        "start": 53258.0,
        "end": 53725.0,
        "audio": "content/segments/111/23.ogg"
    },
    {
        "ID": "24",
        "gender": "M",
        "age": "A",
        "character_name": "عومەر",
        "text": "کەواتە هەرچکەسێ بێ موجریمیشە و تەواو",
        "text_original": "کەواتە هەرچکەسێ بێ موجریمیشە و تەواو",
        "start": 53740.0,
        "end": 56027.0,
        "audio": "content/segments/111/24.ogg"
    },
    {
        "ID": "25",
        "gender": "NA",
        "age": "NA",
        "character_name": "NA",
        "text": "چۆن",
        "text_original": "چۆن",
        "start": 56228.0,
        "end": 58586.0,
        "audio": "content/segments/111/25.ogg"
    },
    {
        "ID": "26",
        "gender": "M",
        "age": "A",
        "character_name": "موراقیب",
        "text": "ئیحتیمالە ئەو جلانە جەریمەی تێکرابێ",
        "text_original": "ئیحتیمالە ئەو جلانە جەریمەی تێکرابێ",
        "start": 58628.0,
        "end": 61093.0,
        "audio": "content/segments/111/26.ogg"
    },
    {
        "ID": "27",
        "gender": "M",
        "age": "A",
        "character_name": "عەبدوڵا",
        "text": "پڤڤڤڤڤ، بەزاتی خوا ڕاستئەکەی، دە هەستە هەستە هەستە فڕێییە دەی",
        "text_original": "پڤڤڤڤڤ، بەزاتی خوا ڕاستئەکەی، دە هەستە هەستە هەستە فڕێییە دەی",
        "start": 61488.0,
        "end": 65866.0,
        "audio": "content/segments/111/27.ogg"
    },
    {
        "ID": "28",
        "gender": "M",
        "age": "A",
        "character_name": "حیکمەت",
        "text": "دە هەستە فڕێییە",
        "text_original": "دە هەستە فڕێییە",
        "start": 65876.0,
        "end": 66879.0,
        "audio": "content/segments/111/28.ogg"
    },
    {
        "ID": "29",
        "gender": "M",
        "age": "A",
        "character_name": "موراقیب",
        "text": "کورە دە یٔەو جلە چڵکنی و بۆگەنە",
        "text_original": "کورە دە یٔەو جلە چڵکنی و بۆگەنە",
        "start": 67063.0,
        "end": 68768.0,
        "audio": "content/segments/111/29.ogg"
    },
    {
        "ID": "30",
        "gender": "NA",
        "age": "NA",
        "character_name": "NA",
        "text": "ئەی جەنابھ موراقیب نی دە فڕێیبە",
        "text_original": "ئەی جەنابھ موراقیب نی دە فڕێیبە",
        "start": 68768.0,
        "end": 72119.0,
        "audio": "content/segments/111/30.ogg"
    },
    {
        "ID": "31",
        "gender": "M",
        "age": "A",
        "character_name": "موراقیب",
        "text": "خۆ جەنابم خزمەکاری باوکھ نیم من حەقم چیە بەسەرەوە",
        "text_original": "خۆ جەنابم خزمەکاری باوکھ نیم من حەقم چیە بەسەرەوە",
        "start": 72160.0,
        "end": 75028.0,
        "audio": "content/segments/111/31.ogg"
    },
    {
        "ID": "32",
        "gender": "M",
        "age": "A",
        "character_name": "موراقیب",
        "text": "هەستن خۆتان فڕێیبەن",
        "text_original": "هەستن خۆتان فڕێیبەن",
        "start": 75028.0,
        "end": 76264.0,
        "audio": "content/segments/111/32.ogg"
    },
    {
        "ID": "33",
        "gender": "F",
        "age": "A",
        "character_name": "ژنی2",
        "text": "(نارون)",
        "text_original": "(نارون)",
        "start": 76288.0,
        "end": 78470.0,
        "audio": "content/segments/111/33.ogg"
    },
    {
        "ID": "34",
        "gender": "M",
        "age": "A",
        "character_name": "موراقیب",
        "text": "ئەی چییە",
        "text_original": "ئەی چییە",
        "start": 78538.0,
        "end": 79341.0,
        "audio": "content/segments/111/34.ogg"
    },
    {
        "ID": "35",
        "gender": "F",
        "age": "A",
        "character_name": "ژنی2",
        "text": "براێتیە براتی",
        "text_original": "براێتیە براتی",
        "start": 79447.0,
        "end": 80425.0,
        "audio": "content/segments/111/35.ogg"
    },
    {
        "ID": "36",
        "gender": "M",
        "age": "A",
        "character_name": "موراقیب",
        "text": "برایەتیە دە، دادە جیان هەستە تۆ برای گەورەبە و فەرموو فڕێیبە",
        "text_original": "برایەتیە دە، دادە جیان هەستە تۆ برای گەورەبە و فەرموو فڕێیبە",
        "start": 80426.0,
        "end": 83948.0,
        "audio": "content/segments/111/36.ogg"
    },
    {
        "ID": "37",
        "gender": "M",
        "age": "A",
        "character_name": "موراقیب",
        "text": "دە فەرموون یەچێکتان فڕێیبەن دەی",
        "text_original": "دە فەرموون یەچێکتان فڕێیبەن دەی",
        "start": 83966.0,
        "end": 85258.0,
        "audio": "content/segments/111/37.ogg"
    },
    {
        "ID": "38",
        "gender": "M",
        "age": "A",
        "character_name": "عەبدوڵا",
        "text": "یٔەک یٔافەرم دە هەستە فڕێیبە و با چەپڵەکیشھ بۆ لێبەین دەی",
        "text_original": "یٔەک یٔافەرم دە هەستە فڕێیبە و با چەپڵەکیشھ بۆ لێبەین دەی",
        "start": 85284.0,
        "end": 88715.0,
        "audio": "content/segments/111/38.ogg"
    },
    {
        "ID": "39",
        "gender": "F",
        "age": "A",
        "character_name": "ژنی2",
        "text": "(نارون)",
        "text_original": "(نارون)",
        "start": 88777.0,
        "end": 91147.0,
        "audio": "content/segments/111/39.ogg"
    },
    {
        "ID": "40",
        "gender": "M",
        "age": "A",
        "character_name": "ئەحمەد",
        "text": "وەڵا ئافەرم مەخوازە، نەوەڵا نەتەوێ",
        "text_original": "وەڵا ئافەرم مەخوازە، نەوەڵا نەتەوێ",
        "start": 91248.0,
        "end": 93455.0,
        "audio": "content/segments/111/40.ogg"
    },
    {
        "ID": "41",
        "gender": "M",
        "age": "A",
        "character_name": "ئەحمەد",
        "text": "وەڵای باوکم چەپڵەی ئەو کاکە عەبەیە",
        "text_original": "وەڵای باوکم چەپڵەی ئەو کاکە عەبەیە",
        "start": 93550.0,
        "end": 95836.0,
        "audio": "content/segments/111/41.ogg"
    },
    {
        "ID": "42",
        "gender": "M",
        "age": "A",
        "character_name": "ئەحمەد",
        "text": "جاری وایە قوڕ یٔەکا بەسەری زەلام",
        "text_original": "جاری وایە قوڕ یٔەکا بەسەری زەلام",
        "start": 95866.0,
        "end": 97756.0,
        "audio": "content/segments/111/42.ogg"
    },
    {
        "ID": "43",
        "gender": "M",
        "age": "A",
        "character_name": "عەبدوڵا",
        "text": "زەلامەکە خۆی کەوتوە",
        "text_original": "زەلامەکە خۆی کەوتوە",
        "start": 98074.0,
        "end": 99404.0,
        "audio": "content/segments/111/43.ogg"
    },
    {
        "ID": "44",
        "gender": "M",
        "age": "A",
        "character_name": "موراقیب",
        "text": "وەڵای ڕاسئەکا، تۆ ئەگەر کابرایەچی زەڕ ناس و",
        "text_original": "وەڵای ڕاسئەکا، تۆ ئەگەر کابرایەچی زەڕ ناس و",
        "start": 99741.0,
        "end": 102853.0,
        "audio": "content/segments/111/44.ogg"
    },
    {
        "ID": "45",
        "gender": "M",
        "age": "A",
        "character_name": "موراقیب",
        "text": "بە تەجروبە و پیاوێچی یٔاقڵ بی",
        "text_original": "بە تەجروبە و پیاوێچی یٔاقڵ بی",
        "start": 103249.0,
        "end": 105264.0,
        "audio": "content/segments/111/45.ogg"
    },
    {
        "ID": "46",
        "gender": "M",
        "age": "A",
        "character_name": "موراقیب",
        "text": "چەپڵەی ئەو کاکە عەبەیە بۆت ئەبێ بە خێر و بەرەکەت",
        "text_original": "چەپڵەی ئەو کاکە عەبەیە بۆت ئەبێ بە خێر و بەرەکەت",
        "start": 105447.0,
        "end": 107699.0,
        "audio": "content/segments/111/46.ogg"
    },
    {
        "ID": "47",
        "gender": "M",
        "age": "A",
        "character_name": "عەبدوڵا",
        "text": "ئەگەر قەلەمون و یاعنیش و کاسلێسیش بی",
        "text_original": "ئەگەر قەلەمون و یاعنیش و کاسلێسیش بی",
        "start": 107829.0,
        "end": 111197.0,
        "audio": "content/segments/111/47.ogg"
    },
    {
        "ID": "48",
        "gender": "M",
        "age": "A",
        "character_name": "عەبدوڵا",
        "text": "ئەوا چەپڵەکەی من سەرت ئەکا بە قوڕا",
        "text_original": "ئەوا چەپڵەکەی من سەرت ئەکا بە قوڕا",
        "start": 111243.0,
        "end": 113126.0,
        "audio": "content/segments/111/48.ogg"
    },
    {
        "ID": "49",
        "gender": "M",
        "age": "A",
        "character_name": "ئەحمەد",
        "text": "ئێستا مەسەلەن ئاغا لەکام چەپڵانەیە",
        "text_original": "ئێستا مەسەلەن ئاغا لەکام چەپڵانەیە",
        "start": 113376.0,
        "end": 115495.0,
        "audio": "content/segments/111/49.ogg"
    },
    {
        "ID": "50",
        "gender": "M",
        "age": "A",
        "character_name": "عومەر",
        "text": "موهیم نیە لەهەرکامێکیان بم",
        "text_original": "موهیم نیە لەهەرکامێکیان بم",
        "start": 115586.0,
        "end": 117153.0,
        "audio": "content/segments/111/50.ogg"
    },
    {
        "ID": "51",
        "gender": "M",
        "age": "A",
        "character_name": "عومەر",
        "text": "موهیم ئەوەیە من ناچم بەلای ئەو جلە، جلە بۆگەن و پیسە",
        "text_original": "موهیم ئەوەیە من ناچم بەلای ئەو جلە، جلە بۆگەن و پیسە",
        "start": 117170.0,
        "end": 120212.0,
        "audio": "content/segments/111/51.ogg"
    },
    {
        "ID": "52",
        "gender": "M",
        "age": "A",
        "character_name": "عومەر",
        "text": "مراقیب هەستە خۆت لایبە و ببڕێتەوە",
        "text_original": "مراقیب هەستە خۆت لایبە و ببڕێتەوە",
        "start": 120382.0,
        "end": 121840.0,
        "audio": "content/segments/111/52.ogg"
    },
    {
        "ID": "53",
        "gender": "M",
        "age": "A",
        "character_name": "موراقیب",
        "text": "کۆرە دە بڕۆ ئاغەی بۆگەنی",
        "text_original": "کۆرە دە بڕۆ ئاغەی بۆگەنی",
        "start": 121869.0,
        "end": 123454.0,
        "audio": "content/segments/111/53.ogg"
    },
    {
        "ID": "54",
        "gender": "NA",
        "age": "NA",
        "character_name": "NA",
        "text": "هەستن هەستن هەستن",
        "text_original": "هەستن هەستن هەستن",
        "start": 123474.0,
        "end": 125836.0,
        "audio": "content/segments/111/54.ogg"
    },
    {
        "ID": "55",
        "gender": "NA",
        "age": "NA",
        "character_name": "NA",
        "text": "هەستن وا هەستن هەستن",
        "text_original": "هەستن وا هەستن هەستن",
        "start": 125846.0,
        "end": 127418.0,
        "audio": "content/segments/111/55.ogg"
    },
    {
        "ID": "56",
        "gender": "M",
        "age": "A",
        "character_name": "موراقیب",
        "text": "هەستن بۆگەنینە ئەوا هات",
        "text_original": "هەستن بۆگەنینە ئەوا هات",
        "start": 127494.0,
        "end": 129084.0,
        "audio": "content/segments/111/56.ogg"
    },
    {
        "ID": "57",
        "gender": "M",
        "age": "A",
        "character_name": "مستەر",
        "text": "ششش، باوکەڕۆ لەم بۆگەنە",
        "text_original": "ششش، باوکەڕۆ لەم بۆگەنە",
        "start": 130360.99999999999,
        "end": 134662.0,
        "audio": "content/segments/111/57.ogg"
    },
    {
        "ID": "58",
        "gender": "M",
        "age": "A",
        "character_name": "مستەر",
        "text": "ئەمە چییە ئەم بۆگەنە دانیشن دانیشن",
        "text_original": "ئەمە چییە ئەم بۆگەنە دانیشن دانیشن",
        "start": 137788.0,
        "end": 139789.0,
        "audio": "content/segments/111/58.ogg"
    },
    {
        "ID": "59",
        "gender": "M",
        "age": "A",
        "character_name": "مستەر",
        "text": "دانیشن باوکەڕۆ لەم بۆگەنە پیسە",
        "text_original": "دانیشن باوکەڕۆ لەم بۆگەنە پیسە",
        "start": 140115.0,
        "end": 142707.0,
        "audio": "content/segments/111/59.ogg"
    },
    {
        "ID": "60",
        "gender": "M",
        "age": "A",
        "character_name": "زاهیر",
        "text": "مستەر تو ئەو خوایە ئەمە تەحەمولمان زۆر نییە",
        "text_original": "مستەر تو ئەو خوایە ئەمە تەحەمولمان زۆر نییە",
        "start": 142888.0,
        "end": 145424.0,
        "audio": "content/segments/111/60.ogg"
    },
    {
        "ID": "61",
        "gender": "M",
        "age": "A",
        "character_name": "زاهیر",
        "text": "تەحەمولی ئەو هەموە بۆگەنیەی دەکەین",
        "text_original": "تەحەمولی ئەو هەموە بۆگەنیەی دەکەین",
        "start": 145424.0,
        "end": 147319.0,
        "audio": "content/segments/111/61.ogg"
    },
    {
        "ID": "62",
        "gender": "F",
        "age": "A",
        "character_name": "نەرمین",
        "text": "بۆنەکەی زۆر کەسکوونە",
        "text_original": "بۆنەکەی زۆر کەسکوونە",
        "start": 147471.0,
        "end": 149161.0,
        "audio": "content/segments/111/62.ogg"
    },
    {
        "ID": "63",
        "gender": "M",
        "age": "A",
        "character_name": "مستەر",
        "text": "ئایی، هەڵسە هەڵسە، هەڵسە موراقیب هەستە بیکە جونیەک و فڕێییە",
        "text_original": "ئایی، هەڵسە هەڵسە، هەڵسە موراقیب هەستە بیکە جونیەک و فڕێییە",
        "start": 149217.0,
        "end": 152974.0,
        "audio": "content/segments/111/63.ogg"
    },
    {
        "ID": "64",
        "gender": "NA",
        "age": "NA",
        "character_name": "NA",
        "text": "بەسەرچاو لایەبەین",
        "text_original": "بەسەرچاو لایەبەین",
        "start": 152993.0,
        "end": 155219.0,
        "audio": "content/segments/111/64.ogg"
    },
    {
        "ID": "65",
        "gender": "M",
        "age": "A",
        "character_name": "موراقیب",
        "text": "بەس جارێ نابێ بزانین هی چێیە",
        "text_original": "بەس جارێ نابێ بزانین هی چێیە",
        "start": 155219.0,
        "end": 157103.0,
        "audio": "content/segments/111/65.ogg"
    },
    {
        "ID": "66",
        "gender": "M",
        "age": "A",
        "character_name": "مستەر",
        "text": "چۆن نازانن هی چێیە بۆ نازان",
        "text_original": "چۆن نازانن هی چێیە بۆ نازان",
        "start": 157677.0,
        "end": 160423.0,
        "audio": "content/segments/111/66.ogg"
    },
    {
        "ID": "67",
        "gender": "M",
        "age": "A",
        "character_name": "مستەر",
        "text": "ئەوە جلە چڵکنە بۆگەنە پیسەکانی ساڵی دوو هەزار و چواری نەعلەتییە",
        "text_original": "ئەوە جلە چڵکنە بۆگەنە پیسەکانی ساڵی دوو هەزار و چواری نەعلەتییە",
        "start": 160737.0,
        "end": 165552.0,
        "audio": "content/segments/111/67.ogg"
    },
    {
        "ID": "68",
        "gender": "M",
        "age": "A",
        "character_name": "مستەر",
        "text": "بۆ نایناسنەوە هەستە لایبە فڕێییە هەڵسە",
        "text_original": "بۆ نایناسنەوە هەستە لایبە فڕێییە هەڵسە",
        "start": 165578.0,
        "end": 168250.0,
        "audio": "content/segments/111/68.ogg"
    },
    {
        "ID": "69",
        "gender": "NA",
        "age": "NA",
        "character_name": "NA",
        "text": "مامۆستا یانی ئەڤ جلێد درێژ یێت ساڵا دوحەزار و چارە",
        "text_original": "مامۆستا یانی ئەڤ جلێد درێژ یێت ساڵا دوحەزار و چارە",
        "start": 168477.0,
        "end": 173559.0,
        "audio": "content/segments/111/69.ogg"
    },
    {
        "ID": "70",
        "gender": "M",
        "age": "A",
        "character_name": "مستەر",
        "text": "ئا ئا، جلە چڵکنەکانی ساڵی دووهەزار و چوارە، کە پیسن",
        "text_original": "ئا ئا، جلە چڵکنەکانی ساڵی دووهەزار و چوارە، کە پیسن",
        "start": 173725.0,
        "end": 177864.0,
        "audio": "content/segments/111/70.ogg"
    },
    {
        "ID": "71",
        "gender": "M",
        "age": "A",
        "character_name": "عومەر",
        "text": "بۆچی میستەر گیان ساڵی دوو هەزار و چوار جلە چڵکنەکانی لێرە داناوە",
        "text_original": "بۆچی میستەر گیان ساڵی دوو هەزار و چوار جلە چڵکنەکانی لێرە داناوە",
        "start": 177987.0,
        "end": 182758.0,
        "audio": "content/segments/111/71.ogg"
    },
    {
        "ID": "72",
        "gender": "M",
        "age": "A",
        "character_name": "عەبدوڵا",
        "text": "ئەی سڵاو لە عەقڵه",
        "text_original": "ئەی سڵاو لە عەقڵه",
        "start": 182966.0,
        "end": 184520.0,
        "audio": "content/segments/111/72.ogg"
    },
    {
        "ID": "73",
        "gender": "M",
        "age": "A",
        "character_name": "عەبدوڵا",
        "text": "ئەی بۆ ئێرە ژوورە ساردەکەی تەئریخ نییە",
        "text_original": "ئەی بۆ ئێرە ژوورە ساردەکەی تەئریخ نییە",
        "start": 184870.0,
        "end": 187900.0,
        "audio": "content/segments/111/73.ogg"
    },
    {
        "ID": "74",
        "gender": "M",
        "age": "A",
        "character_name": "ئەحمەد",
        "text": "یاعنی مستەر ساڵی دووهەزا و چوار بەرەحمەت بێ یاخوا",
        "text_original": "یاعنی مستەر ساڵی دووهەزا و چوار بەرەحمەت بێ یاخوا",
        "start": 188116.0,
        "end": 191929.0,
        "audio": "content/segments/111/74.ogg"
    },
    {
        "ID": "75",
        "gender": "M",
        "age": "A",
        "character_name": "ئەحمەد",
        "text": "لێرە خۆی گۆڕیوە و چۆتە ژوورە گەرمەکەی تەئریخەوە",
        "text_original": "لێرە خۆی گۆڕیوە و چۆتە ژوورە گەرمەکەی تەئریخەوە",
        "start": 192025.0,
        "end": 194822.0,
        "audio": "content/segments/111/75.ogg"
    },
    {
        "ID": "76",
        "gender": "M",
        "age": "A",
        "character_name": "مستەر",
        "text": "ئەی تەبعەن تەبعەن ئەحە جیان تەبعەن",
        "text_original": "ئەی تەبعەن تەبعەن ئەحە جیان تەبعەن",
        "start": 194901.0,
        "end": 197829.0,
        "audio": "content/segments/111/76.ogg"
    },
    {
        "ID": "77",
        "gender": "M",
        "age": "A",
        "character_name": "عومەر",
        "text": "سبحان الله جەماعەت گوێتان لێیە",
        "text_original": "سبحان الله جەماعەت گوێتان لێیە",
        "start": 197909.0,
        "end": 200375.0,
        "audio": "content/segments/111/77.ogg"
    },
    {
        "ID": "78",
        "gender": "M",
        "age": "A",
        "character_name": "عومەر",
        "text": "دنیا وای لێهاتوە میستەر بە ئەحە ئەڵێ ئەحە جیان",
        "text_original": "دنیا وای لێهاتوە میستەر بە ئەحە ئەڵێ ئەحە جیان",
        "start": 200434.0,
        "end": 203391.0,
        "audio": "content/segments/111/78.ogg"
    },
    {
        "ID": "79",
        "gender": "M",
        "age": "A",
        "character_name": "ئەحمەد",
        "text": "ئینجا چییە با وام پێ بڵێ خۆمن لە خۆم ناگۆڕێم",
        "text_original": "ئینجا چییە با وام پێ بڵێ خۆمن لە خۆم ناگۆڕێم",
        "start": 203475.0,
        "end": 205948.0,
        "audio": "content/segments/111/79.ogg"
    },
    {
        "ID": "80",
        "gender": "M",
        "age": "A",
        "character_name": "مستەر",
        "text": "هەڵسە، هەڵسە هەڵسە مراقیب هەڵسە",
        "text_original": "هەڵسە، هەڵسە هەڵسە مراقیب هەڵسە",
        "start": 206155.0,
        "end": 208213.0,
        "audio": "content/segments/111/80.ogg"
    },
    {
        "ID": "81",
        "gender": "M",
        "age": "A",
        "character_name": "مستەر",
        "text": "هەڵسە وەرە ئەو جلە پیسانە کۆکەرەوە و فڕێیە",
        "text_original": "هەڵسە وەرە ئەو جلە پیسانە کۆکەرەوە و فڕێیە",
        "start": 208371.0,
        "end": 210648.0,
        "audio": "content/segments/111/81.ogg"
    },
    {
        "ID": "82",
        "gender": "M",
        "age": "A",
        "character_name": "مستەر",
        "text": "بەس وریابە ها، ئاگاھ لێبێ",
        "text_original": "بەس وریابە ها، ئاگاھ لێبێ",
        "start": 210765.0,
        "end": 213560.0,
        "audio": "content/segments/111/82.ogg"
    },
    {
        "ID": "83",
        "gender": "M",
        "age": "A",
        "character_name": "مستەر",
        "text": "نەک بە سوتفە بیکێشی بەسەری ساڵی دووهەزار و پێنج، هەڵسە دەی",
        "text_original": "نەک بە سوتفە بیکێشی بەسەری ساڵی دووهەزار و پێنج، هەڵسە دەی",
        "start": 213685.0,
        "end": 217870.0,
        "audio": "content/segments/111/83.ogg"
    },
    {
        "ID": "84",
        "gender": "M",
        "age": "A",
        "character_name": "موراقیب",
        "text": "بەخوا حیکمەتە",
        "text_original": "بەخوا حیکمەتە",
        "start": 218005.0,
        "end": 218958.0,
        "audio": "content/segments/111/84.ogg"
    },
    {
        "ID": "85",
        "gender": "M",
        "age": "A",
        "character_name": "حیکمەت",
        "text": "من",
        "text_original": "من",
        "start": 218958.0,
        "end": 219698.0,
        "audio": "content/segments/111/85.ogg"
    },
    {
        "ID": "86",
        "gender": "M",
        "age": "A",
        "character_name": "موراقیب",
        "text": "کورە تۆ کەی حیکمەتی، قسەکەی میستەر ئەڵێم",
        "text_original": "کورە تۆ کەی حیکمەتی، قسەکەی میستەر ئەڵێم",
        "start": 219745.0,
        "end": 222374.0,
        "audio": "content/segments/111/86.ogg"
    },
    {
        "ID": "87",
        "gender": "M",
        "age": "A",
        "character_name": "موراقیب",
        "text": "ئەڵێ بە سوتفە من ئەو جلانە هەڵگرم و",
        "text_original": "ئەڵێ بە سوتفە من ئەو جلانە هەڵگرم و",
        "start": 222510.0,
        "end": 224948.0,
        "audio": "content/segments/111/87.ogg"
    },
    {
        "ID": "88",
        "gender": "M",
        "age": "A",
        "character_name": "موراقیب",
        "text": "بییەم بەسەر و جوێلاچی دووهەزار و پێنجا",
        "text_original": "بییەم بەسەر و جوێلاچی دووهەزار و پێنجا",
        "start": 225260.0,
        "end": 227140.0,
        "audio": "content/segments/111/88.ogg"
    },
    {
        "ID": "89",
        "gender": "M",
        "age": "A",
        "character_name": "حیکمەت",
        "text": "باشە سوتفەی چی موستەحیلە موراقیب",
        "text_original": "باشە سوتفەی چی موستەحیلە موراقیب",
        "start": 227165.0,
        "end": 229184.0,
        "audio": "content/segments/111/89.ogg"
    },
    {
        "ID": "90",
        "gender": "M",
        "age": "A",
        "character_name": "موراقیب",
        "text": "کورە، سوتفەی ئەوەی من ئەم جلانەی دووهەزار و چوار کۆکەمەوە هەڵییەم",
        "text_original": "کورە، سوتفەی ئەوەی من ئەم جلانەی دووهەزار و چوار کۆکەمەوە هەڵییەم",
        "start": 229201.0,
        "end": 232776.0,
        "audio": "content/segments/111/90.ogg"
    },
    {
        "ID": "91",
        "gender": "M",
        "age": "A",
        "character_name": "موراقیب",
        "text": "بە سوتفە بەر سەری دوو هەزار و پێنج کەوێ",
        "text_original": "بە سوتفە بەر سەری دوو هەزار و پێنج کەوێ",
        "start": 233229.0,
        "end": 235629.0,
        "audio": "content/segments/111/91.ogg"
    },
    {
        "ID": "92",
        "gender": "M",
        "age": "A",
        "character_name": "عەبدوڵا",
        "text": "بەو خوایە مراقیب ڕاست ئەکااا",
        "text_original": "بەو خوایە مراقیب ڕاست ئەکااا",
        "start": 236619.0,
        "end": 239353.0,
        "audio": "content/segments/111/92.ogg"
    },
    {
        "ID": "93",
        "gender": "M",
        "age": "A",
        "character_name": "عەبدوڵا",
        "text": "ئەڵێ نەوەکا ساڵی دوو هەزار و پێنجیش",
        "text_original": "ئەڵێ نەوەکا ساڵی دوو هەزار و پێنجیش",
        "start": 239503.0,
        "end": 242342.0,
        "audio": "content/segments/111/93.ogg"
    },
    {
        "ID": "94",
        "gender": "M",
        "age": "A",
        "character_name": "عەبدوڵا",
        "text": "وەکو دووهەزار و چواری لێبێ",
        "text_original": "وەکو دووهەزار و چواری لێبێ",
        "start": 242498.0,
        "end": 244107.0,
        "audio": "content/segments/111/94.ogg"
    },
    {
        "ID": "95",
        "gender": "M",
        "age": "A",
        "character_name": "عومەر",
        "text": "نانا وەکو ئەوی لێناێت، ئەترسم وەکو ئەومان لێ بەسەر بێنێ",
        "text_original": "نانا وەکو ئەوی لێناێت، ئەترسم وەکو ئەومان لێ بەسەر بێنێ",
        "start": 244143.0,
        "end": 248371.0,
        "audio": "content/segments/111/95.ogg"
    },
    {
        "ID": "96",
        "gender": "M",
        "age": "A",
        "character_name": "سەباح",
        "text": "دە وەڵاهی موستەحیلە سوتفەی وا ڕوبا، لە فلیمی هندیشا شتیوا نابێ",
        "text_original": "دە وەڵاهی موستەحیلە سوتفەی وا ڕوبا، لە فلیمی هندیشا شتیوا نابێ",
        "start": 248467.0,
        "end": 253972.0,
        "audio": "content/segments/111/96.ogg"
    },
    {
        "ID": "97",
        "gender": "F",
        "age": "A",
        "character_name": "نەرمین",
        "text": "وەڵای وانیە، لە سوتفە و ڕێکەوتا هیچ شتێ موستەحیل نییە",
        "text_original": "وەڵای وانیە، لە سوتفە و ڕێکەوتا هیچ شتێ موستەحیل نییە",
        "start": 254073.0,
        "end": 257863.99999999997,
        "audio": "content/segments/111/97.ogg"
    },
    {
        "ID": "98",
        "gender": "M",
        "age": "A",
        "character_name": "ئەحمەد",
        "text": "فعلەن وایە، ئەم ساڵ بۆ نمونە قورعەیان کرد کە خەڵک بچێن بۆ حەج",
        "text_original": "فعلەن وایە، ئەم ساڵ بۆ نمونە قورعەیان کرد کە خەڵک بچێن بۆ حەج",
        "start": 257947.0,
        "end": 262486.0,
        "audio": "content/segments/111/98.ogg"
    },
    {
        "ID": "99",
        "gender": "M",
        "age": "A",
        "character_name": "ئەحمەد",
        "text": "کەچی باوانێکتە هەموو مۆزەفەکانی ئەوقاف",
        "text_original": "کەچی باوانێکتە هەموو مۆزەفەکانی ئەوقاف",
        "start": 262808.0,
        "end": 265953.0,
        "audio": "content/segments/111/99.ogg"
    },
    {
        "ID": "100",
        "gender": "M",
        "age": "A",
        "character_name": "ئەحمەد",
        "text": "هەر لە چایچیەکەوە هەتا سەری سەرەوە بەرکەوت",
        "text_original": "هەر لە چایچیەکەوە هەتا سەری سەرەوە بەرکەوت",
        "start": 266034.0,
        "end": 268679.0,
        "audio": "content/segments/111/100.ogg"
    },
    {
        "ID": "101",
        "gender": "M",
        "age": "A",
        "character_name": "ڕێبوار",
        "text": "بە جدیتە ئەحە",
        "text_original": "بە جدیتە ئەحە",
        "start": 268703.0,
        "end": 269825.0,
        "audio": "content/segments/111/101.ogg"
    },
    {
        "ID": "102",
        "gender": "M",
        "age": "A",
        "character_name": "ئەحمەد",
        "text": "نەوەڵا بە سوتفە بوو",
        "text_original": "نەوەڵا بە سوتفە بوو",
        "start": 269863.0,
        "end": 271085.0,
        "audio": "content/segments/111/102.ogg"
    },
    {
        "ID": "103",
        "gender": "M",
        "age": "A",
        "character_name": "موراقیب",
        "text": "ئەوە سوتفە نیە کاکە، ئەوە بە سوتفە دەستیان تێخستوە لە فایلەکە",
        "text_original": "ئەوە سوتفە نیە کاکە، ئەوە بە سوتفە دەستیان تێخستوە لە فایلەکە",
        "start": 271233.0,
        "end": 275169.0,
        "audio": "content/segments/111/103.ogg"
    },
    {
        "ID": "104",
        "gender": "F",
        "age": "A",
        "character_name": "نەرمین",
        "text": "دەک خوا بمکا بەقوربانی سوتفەی وا",
        "text_original": "دەک خوا بمکا بەقوربانی سوتفەی وا",
        "start": 275273.0,
        "end": 277631.0,
        "audio": "content/segments/111/104.ogg"
    },
    {
        "ID": "105",
        "gender": "M",
        "age": "A",
        "character_name": "مستەر",
        "text": "خوا نەکا، خوانەکا نەرمین خان",
        "text_original": "خوا نەکا، خوانەکا نەرمین خان",
        "start": 277755.0,
        "end": 280895.0,
        "audio": "content/segments/111/105.ogg"
    },
    {
        "ID": "106",
        "gender": "M",
        "age": "A",
        "character_name": "مستەر",
        "text": "بۆ ببی بە قوربانی سوتفەی وا",
        "text_original": "بۆ ببی بە قوربانی سوتفەی وا",
        "start": 281669.0,
        "end": 283871.0,
        "audio": "content/segments/111/106.ogg"
    },
    {
        "ID": "107",
        "gender": "M",
        "age": "A",
        "character_name": "مستەر",
        "text": "سوتفەی قوڕمساغ چییە خۆت یٔەکەی بە قوربانی",
        "text_original": "سوتفەی قوڕمساغ چییە خۆت یٔەکەی بە قوربانی",
        "start": 284138.0,
        "end": 286888.0,
        "audio": "content/segments/111/107.ogg"
    },
    {
        "ID": "108",
        "gender": "M",
        "age": "A",
        "character_name": "موراقیب",
        "text": "مستەر حەیفھ نەکرد، چۆن وا بەسوتفە ئەڵێی تۆ",
        "text_original": "مستەر حەیفھ نەکرد، چۆن وا بەسوتفە ئەڵێی تۆ",
        "start": 287064.0,
        "end": 289454.0,
        "audio": "content/segments/111/108.ogg"
    },
    {
        "ID": "109",
        "gender": "M",
        "age": "A",
        "character_name": "موراقیب",
        "text": "هیچ شتێک هەیە لە دنیایە بەقە سوتفە خۆش بێ",
        "text_original": "هیچ شتێک هەیە لە دنیایە بەقە سوتفە خۆش بێ",
        "start": 289480.0,
        "end": 291722.0,
        "audio": "content/segments/111/109.ogg"
    },
    {
        "ID": "110",
        "gender": "M",
        "age": "A",
        "character_name": "سەباح",
        "text": "موراقیب سوتفەی ناخۆشیش هەیە ئەزانی",
        "text_original": "موراقیب سوتفەی ناخۆشیش هەیە ئەزانی",
        "start": 291746.0,
        "end": 294038.0,
        "audio": "content/segments/111/110.ogg"
    },
    {
        "ID": "111",
        "gender": "M",
        "age": "A",
        "character_name": "مستەر",
        "text": "فیعلەن فیعلەن ڕاست ئەکا سەباح، شتی ناخۆشیش هەیە ئەزانن وەکو چی",
        "text_original": "فیعلەن فیعلەن ڕاست ئەکا سەباح، شتی ناخۆشیش هەیە ئەزانن وەکو چی",
        "start": 294065.0,
        "end": 299216.0,
        "audio": "content/segments/111/111.ogg"
    },
    {
        "ID": "112",
        "gender": "M",
        "age": "A",
        "character_name": "موراقیب",
        "text": "وەکو چی",
        "text_original": "وەکو چی",
        "start": 299226.0,
        "end": 299650.0,
        "audio": "content/segments/111/112.ogg"
    },
    {
        "ID": "113",
        "gender": "M",
        "age": "A",
        "character_name": "مستەر",
        "text": "وەکو ها، ئا ئەم ئاگاداریە کە من لە ژوری مودیر بینیم",
        "text_original": "وەکو ها، ئا ئەم ئاگاداریە کە من لە ژوری مودیر بینیم",
        "start": 299680.0,
        "end": 304403.0,
        "audio": "content/segments/111/113.ogg"
    },
    {
        "ID": "114",
        "gender": "M",
        "age": "A",
        "character_name": "حیکمەت",
        "text": "ئاگاداری چییە میستەر",
        "text_original": "ئاگاداری چییە میستەر",
        "start": 304580.0,
        "end": 306154.0,
        "audio": "content/segments/111/114.ogg"
    },
    {
        "ID": "115",
        "gender": "M",
        "age": "A",
        "character_name": "ڕێبوار",
        "text": "لەوانەیە کۆبونەوەی باوکان بێ",
        "text_original": "لەوانەیە کۆبونەوەی باوکان بێ",
        "start": 306295.0,
        "end": 308065.0,
        "audio": "content/segments/111/115.ogg"
    },
    {
        "ID": "116",
        "gender": "M",
        "age": "A",
        "character_name": "مستەر",
        "text": "نەخێر نەخێر، جوێبگرن با بۆتان بخوێنمەوە ئەها",
        "text_original": "نەخێر نەخێر، جوێبگرن با بۆتان بخوێنمەوە ئەها",
        "start": 308100.0,
        "end": 311832.0,
        "audio": "content/segments/111/116.ogg"
    },
    {
        "ID": "117",
        "gender": "M",
        "age": "A",
        "character_name": "مستەر",
        "text": "ئاماژە بە فەرمانی وەزارەتی پەروەردەی بەغا",
        "text_original": "ئاماژە بە فەرمانی وەزارەتی پەروەردەی بەغا",
        "start": 313380.0,
        "end": 317812.0,
        "audio": "content/segments/111/117.ogg"
    },
    {
        "ID": "118",
        "gender": "M",
        "age": "A",
        "character_name": "موراقیب",
        "text": "هی چوێیە",
        "text_original": "هی چوێیە",
        "start": 317911.0,
        "end": 318741.0,
        "audio": "content/segments/111/118.ogg"
    },
    {
        "ID": "119",
        "gender": "M",
        "age": "A",
        "character_name": "مستەر",
        "text": "بەغا",
        "text_original": "بەغا",
        "start": 318741.0,
        "end": 319576.0,
        "audio": "content/segments/111/119.ogg"
    },
    {
        "ID": "120",
        "gender": "M",
        "age": "A",
        "character_name": "مستەر",
        "text": "ئەڵێ چی، تکایە بەپەلە ناوی سیانی و چواری",
        "text_original": "ئەڵێ چی، تکایە بەپەلە ناوی سیانی و چواری",
        "start": 320666.0,
        "end": 324668.0,
        "audio": "content/segments/111/120.ogg"
    },
    {
        "ID": "121",
        "gender": "M",
        "age": "A",
        "character_name": "مستەر",
        "text": "دوو تەلەبەمان بۆ ڕەوانە بکەن، بۆ ئەوەی بەژداریان پێ بکەین",
        "text_original": "دوو تەلەبەمان بۆ ڕەوانە بکەن، بۆ ئەوەی بەژداریان پێ بکەین",
        "start": 324668.0,
        "end": 329039.0,
        "audio": "content/segments/111/121.ogg"
    },
    {
        "ID": "122",
        "gender": "M",
        "age": "A",
        "character_name": "مستەر",
        "text": "لە خولی ڕاهێنانی ماتماتیکا",
        "text_original": "لە خولی ڕاهێنانی ماتماتیکا",
        "start": 329063.0,
        "end": 331414.0,
        "audio": "content/segments/111/122.ogg"
    },
    {
        "ID": "123",
        "gender": "M",
        "age": "A",
        "character_name": "مستەر",
        "text": "تێبینی دوا مۆڵەت بۆ وەرگرتنی ناوەکان",
        "text_original": "تێبینی دوا مۆڵەت بۆ وەرگرتنی ناوەکان",
        "start": 332235.0,
        "end": 336254.0,
        "audio": "content/segments/111/123.ogg"
    },
    {
        "ID": "124",
        "gender": "M",
        "age": "A",
        "character_name": "مستەر",
        "text": "چێشتەنگاوی ڕۆژی شەممە، ڕێکەوتی هەشتی یەکی دووهەزار و پێنچ",
        "text_original": "چێشتەنگاوی ڕۆژی شەممە، ڕێکەوتی هەشتی یەکی دووهەزار و پێنچ",
        "start": 336371.0,
        "end": 341081.0,
        "audio": "content/segments/111/124.ogg"
    },
    {
        "ID": "125",
        "gender": "M",
        "age": "A",
        "character_name": "سەباح",
        "text": "دوا مۆڵەت کەییە میستەر",
        "text_original": "دوا مۆڵەت کەییە میستەر",
        "start": 341158.0,
        "end": 342880.0,
        "audio": "content/segments/111/125.ogg"
    },
    {
        "ID": "126",
        "gender": "M",
        "age": "A",
        "character_name": "مستەر",
        "text": "هەشتی یەکی دووهەزار و پێنچ",
        "text_original": "هەشتی یەکی دووهەزار و پێنچ",
        "start": 342912.0,
        "end": 345074.0,
        "audio": "content/segments/111/126.ogg"
    },
    {
        "ID": "127",
        "gender": "M",
        "age": "A",
        "character_name": "عەبدوڵا",
        "text": "دوور لەڕوی جەنابھ میستەر تڕحێێێو",
        "text_original": "دوور لەڕوی جەنابھ میستەر تڕحێێێو",
        "start": 345225.0,
        "end": 348217.0,
        "audio": "content/segments/111/127.ogg"
    },
    {
        "ID": "128",
        "gender": "M",
        "age": "A",
        "character_name": "عەبدوڵا",
        "text": "خۆ ئەمڕۆ پانزەی یەکە",
        "text_original": "خۆ ئەمڕۆ پانزەی یەکە",
        "start": 348461.0,
        "end": 350483.0,
        "audio": "content/segments/111/128.ogg"
    },
    {
        "ID": "129",
        "gender": "M",
        "age": "A",
        "character_name": "عەبدوڵا",
        "text": "حەفتەیێ بەسەر مۆڵەتەکا، دوا مۆڵەتەکا تێپەڕ بوە",
        "text_original": "حەفتەیێ بەسەر مۆڵەتەکا، دوا مۆڵەتەکا تێپەڕ بوە",
        "start": 350731.0,
        "end": 354118.0,
        "audio": "content/segments/111/129.ogg"
    },
    {
        "ID": "130",
        "gender": "M",
        "age": "A",
        "character_name": "موراقیب",
        "text": "ئنجا قەیچیەکا، موهیم ئەوەیە ئێمە تەبلیغ بوین",
        "text_original": "ئنجا قەیچیەکا، موهیم ئەوەیە ئێمە تەبلیغ بوین",
        "start": 354188.0,
        "end": 356694.0,
        "audio": "content/segments/111/130.ogg"
    },
    {
        "ID": "131",
        "gender": "M",
        "age": "A",
        "character_name": "عومەر",
        "text": "چۆن قەیچیەکا دەورەکە حەو زەمانە دەسی پێکردوە",
        "text_original": "چۆن قەیچیەکا دەورەکە حەو زەمانە دەسی پێکردوە",
        "start": 356704.0,
        "end": 360313.0,
        "audio": "content/segments/111/131.ogg"
    },
    {
        "ID": "132",
        "gender": "M",
        "age": "A",
        "character_name": "مستەر",
        "text": "نۆ نۆ نۆ نۆو، موشکیلە نیە نۆ پڕۆبلەم",
        "text_original": "نۆ نۆ نۆ نۆو، موشکیلە نیە نۆ پڕۆبلەم",
        "start": 360329.0,
        "end": 363841.0,
        "audio": "content/segments/111/132.ogg"
    },
    {
        "ID": "133",
        "gender": "M",
        "age": "A",
        "character_name": "مستەر",
        "text": "موهیم ئەوەیە ئێوە تەبلیغ بکرێن",
        "text_original": "موهیم ئەوەیە ئێوە تەبلیغ بکرێن",
        "start": 364083.0,
        "end": 366758.0,
        "audio": "content/segments/111/133.ogg"
    },
    {
        "ID": "134",
        "gender": "M",
        "age": "A",
        "character_name": "عەبدوڵا",
        "text": "کورە ئاخر م م، میستەر جیان تەبلیغی چی",
        "text_original": "کورە ئاخر م م، میستەر جیان تەبلیغی چی",
        "start": 367096.0,
        "end": 370009.0,
        "audio": "content/segments/111/134.ogg"
    },
    {
        "ID": "135",
        "gender": "M",
        "age": "A",
        "character_name": "عەبدوڵا",
        "text": "خۆ بە نۆ پڕۆبلمی تۆ نابێ",
        "text_original": "خۆ بە نۆ پڕۆبلمی تۆ نابێ",
        "start": 370249.0,
        "end": 372593.0,
        "audio": "content/segments/111/135.ogg"
    },
    {
        "ID": "136",
        "gender": "M",
        "age": "A",
        "character_name": "عەبدوڵا",
        "text": "ئێمە چۆن فریا ئەکەوین لەم حەفتەیا سێ تەڵەبە بنێرین",
        "text_original": "ئێمە چۆن فریا ئەکەوین لەم حەفتەیا سێ تەڵەبە بنێرین",
        "start": 372740.0,
        "end": 376091.0,
        "audio": "content/segments/111/136.ogg"
    },
    {
        "ID": "137",
        "gender": "M",
        "age": "A",
        "character_name": "موراقیب",
        "text": "ئەگەر نەی نێرین خۆمان مەسوول نابین",
        "text_original": "ئەگەر نەی نێرین خۆمان مەسوول نابین",
        "start": 376160.0,
        "end": 378328.0,
        "audio": "content/segments/111/137.ogg"
    },
    {
        "ID": "138",
        "gender": "M",
        "age": "A",
        "character_name": "موراقیب",
        "text": "چاوی خۆمان دەرئەهات خوێنی خۆمان لەسەر خۆمان",
        "text_original": "چاوی خۆمان دەرئەهات خوێنی خۆمان لەسەر خۆمان",
        "start": 378534.0,
        "end": 381124.0,
        "audio": "content/segments/111/138.ogg"
    },
    {
        "ID": "139",
        "gender": "M",
        "age": "A",
        "character_name": "حیکمەت",
        "text": "دە وەڵاهی ئەوە غەدرە موراقیب",
        "text_original": "دە وەڵاهی ئەوە غەدرە موراقیب",
        "start": 381137.0,
        "end": 383043.0,
        "audio": "content/segments/111/139.ogg"
    },
    {
        "ID": "140",
        "gender": "M",
        "age": "A",
        "character_name": "مستەر",
        "text": "ئاا، ئەمە غەدرە یا ئیمتیحانی مەلاکان",
        "text_original": "ئاا، ئەمە غەدرە یا ئیمتیحانی مەلاکان",
        "start": 383130.0,
        "end": 387159.0,
        "audio": "content/segments/111/140.ogg"
    },
    {
        "ID": "141",
        "gender": "M",
        "age": "A",
        "character_name": "زاهیر",
        "text": "میستەر چێهان ئیمتیحانی مەلاکان",
        "text_original": "میستەر چێهان ئیمتیحانی مەلاکان",
        "start": 387286.0,
        "end": 390086.0,
        "audio": "content/segments/111/141.ogg"
    },
    {
        "ID": "142",
        "gender": "M",
        "age": "A",
        "character_name": "ئەحمەد",
        "text": "بۆ کاک زاهیر نەو زانیوە",
        "text_original": "بۆ کاک زاهیر نەو زانیوە",
        "start": 390369.0,
        "end": 391800.0,
        "audio": "content/segments/111/142.ogg"
    },
    {
        "ID": "143",
        "gender": "M",
        "age": "A",
        "character_name": "زاهیر",
        "text": "نا بەقورئان",
        "text_original": "نا بەقورئان",
        "start": 391831.0,
        "end": 392522.0,
        "audio": "content/segments/111/143.ogg"
    },
    {
        "ID": "144",
        "gender": "M",
        "age": "A",
        "character_name": "ئەحمەد",
        "text": "ئا لەم بەینایە ئیمتیحانی مەلاکانیان کردوە",
        "text_original": "ئا لەم بەینایە ئیمتیحانی مەلاکانیان کردوە",
        "start": 392529.0,
        "end": 395280.0,
        "audio": "content/segments/111/144.ogg"
    },
    {
        "ID": "145",
        "gender": "M",
        "age": "A",
        "character_name": "ئەحمەد",
        "text": "لە کۆی دووسە مەلا پێنچ مەلا دەرچوە",
        "text_original": "لە کۆی دووسە مەلا پێنچ مەلا دەرچوە",
        "start": 395473.0,
        "end": 397774.0,
        "audio": "content/segments/111/145.ogg"
    },
    {
        "ID": "146",
        "gender": "M",
        "age": "A",
        "character_name": "ڕێبوار",
        "text": "یاعنی لە پێنچ کەس دووسە کەس دەرچوە ئەحە",
        "text_original": "یاعنی لە پێنچ کەس دووسە کەس دەرچوە ئەحە",
        "start": 397843.0,
        "end": 400375.0,
        "audio": "content/segments/111/146.ogg"
    },
    {
        "ID": "147",
        "gender": "M",
        "age": "A",
        "character_name": "ئەحمەد",
        "text": "هەتیوو ئەوە تۆ مێشکھ بزماری تیایە",
        "text_original": "هەتیوو ئەوە تۆ مێشکھ بزماری تیایە",
        "start": 400669.0,
        "end": 402704.0,
        "audio": "content/segments/111/147.ogg"
    },
    {
        "ID": "148",
        "gender": "M",
        "age": "A",
        "character_name": "ئەحمەد",
        "text": "من ئەڵێم لە دووسە کەس پێنج کەس",
        "text_original": "من ئەڵێم لە دووسە کەس پێنج کەس",
        "start": 402704.0,
        "end": 404585.0,
        "audio": "content/segments/111/148.ogg"
    },
    {
        "ID": "149",
        "gender": "M",
        "age": "A",
        "character_name": "مستەر",
        "text": "ئائا ڕاست ئەکا ئەحە، ئەحە ڕاست ئەکا",
        "text_original": "ئائا ڕاست ئەکا ئەحە، ئەحە ڕاست ئەکا",
        "start": 404656.0,
        "end": 407479.0,
        "audio": "content/segments/111/149.ogg"
    },
    {
        "ID": "150",
        "gender": "M",
        "age": "A",
        "character_name": "مستەر",
        "text": "مەلای وایان بوە لە سە ئەزانی چەنی وەرگرتوە",
        "text_original": "مەلای وایان بوە لە سە ئەزانی چەنی وەرگرتوە",
        "start": 407877.0,
        "end": 410694.0,
        "audio": "content/segments/111/150.ogg"
    },
    {
        "ID": "151",
        "gender": "NA",
        "age": "NA",
        "character_name": "NA",
        "text": "دوو دوە دوە دوە",
        "text_original": "دوو دوە دوە دوە",
        "start": 410702.0,
        "end": 412581.0,
        "audio": "content/segments/111/151.ogg"
    },
    {
        "ID": "152",
        "gender": "M",
        "age": "A",
        "character_name": "مستەر",
        "text": "دووی وەرگرتوە لە سە ڕاسئەکا",
        "text_original": "دووی وەرگرتوە لە سە ڕاسئەکا",
        "start": 412741.0,
        "end": 414354.0,
        "audio": "content/segments/111/152.ogg"
    },
    {
        "ID": "153",
        "gender": "M",
        "age": "A",
        "character_name": "موراقیب",
        "text": "ئەی دە کەواتە بۆ شانازی بە ئێمەوە ناکەی مستەر",
        "text_original": "ئەی دە کەواتە بۆ شانازی بە ئێمەوە ناکەی مستەر",
        "start": 414383.0,
        "end": 417492.0,
        "audio": "content/segments/111/153.ogg"
    },
    {
        "ID": "154",
        "gender": "M",
        "age": "A",
        "character_name": "عومەر",
        "text": "وەڵای ڕاست ئەکا میستەر",
        "text_original": "وەڵای ڕاست ئەکا میستەر",
        "start": 417634.0,
        "end": 419197.0,
        "audio": "content/segments/111/154.ogg"
    },
    {
        "ID": "155",
        "gender": "M",
        "age": "A",
        "character_name": "عومەر",
        "text": "هەرە خراپەکەمان ڕێبوارە",
        "text_original": "هەرە خراپەکەمان ڕێبوارە",
        "start": 419542.0,
        "end": 421380.0,
        "audio": "content/segments/111/155.ogg"
    },
    {
        "ID": "156",
        "gender": "M",
        "age": "A",
        "character_name": "عومەر",
        "text": "کە بە حەق دەستەوە لە فیزیا سی و چواری هێناوە",
        "text_original": "کە بە حەق دەستەوە لە فیزیا سی و چواری هێناوە",
        "start": 421528.0,
        "end": 424174.0,
        "audio": "content/segments/111/156.ogg"
    },
    {
        "ID": "157",
        "gender": "M",
        "age": "A",
        "character_name": "قوتابیەکان",
        "text": "(پێکەنین)",
        "text_original": "(پێکەنین)",
        "start": 424242.0,
        "end": 427571.0,
        "audio": "content/segments/111/157.ogg"
    },
    {
        "ID": "158",
        "gender": "M",
        "age": "A",
        "character_name": "مستەر",
        "text": "وای، بەسە بەسە بەسە پێمەکەنن، ڕاسئەکا ئێوە خراپ نین",
        "text_original": "وای، بەسە بەسە بەسە پێمەکەنن، ڕاسئەکا ئێوە خراپ نین",
        "start": 427646.0,
        "end": 431876.0,
        "audio": "content/segments/111/158.ogg"
    },
    {
        "ID": "159",
        "gender": "M",
        "age": "A",
        "character_name": "مستەر",
        "text": "بەڵام ئێوە بەعزە جارێ نازانن چۆن تەعامول ئەکەن لەگەڵ ئیدارا",
        "text_original": "بەڵام ئێوە بەعزە جارێ نازانن چۆن تەعامول ئەکەن لەگەڵ ئیدارا",
        "start": 432067.0,
        "end": 436681.0,
        "audio": "content/segments/111/159.ogg"
    },
    {
        "ID": "160",
        "gender": "M",
        "age": "A",
        "character_name": "عەبدوڵا",
        "text": "ئەرێ میستەر گیان بۆ خەتای ئێمەیە، هەمووی خەتەی ئیدارەکەیە",
        "text_original": "ئەرێ میستەر گیان بۆ خەتای ئێمەیە، هەمووی خەتەی ئیدارەکەیە",
        "start": 436723.0,
        "end": 441134.0,
        "audio": "content/segments/111/160.ogg"
    },
    {
        "ID": "161",
        "gender": "M",
        "age": "A",
        "character_name": "عەبدوڵا",
        "text": "لە هەرچی دەوراتی تەدریبیا هەیە، لە هەرچی خاریجا هەیە",
        "text_original": "لە هەرچی دەوراتی تەدریبیا هەیە، لە هەرچی خاریجا هەیە",
        "start": 441316.0,
        "end": 444440.0,
        "audio": "content/segments/111/161.ogg"
    },
    {
        "ID": "162",
        "gender": "M",
        "age": "A",
        "character_name": "عەبدوڵا",
        "text": "لە هەرچی کۆرساتا هەیە، غەدرمان لێ ئەکات و مەحرومان ئەکا",
        "text_original": "لە هەرچی کۆرساتا هەیە، غەدرمان لێ ئەکات و مەحرومان ئەکا",
        "start": 444440.0,
        "end": 448832.0,
        "audio": "content/segments/111/162.ogg"
    },
    {
        "ID": "163",
        "gender": "M",
        "age": "A",
        "character_name": "مستەر",
        "text": "کورە بابە ئێوە ئەبێ شکور بن",
        "text_original": "کورە بابە ئێوە ئەبێ شکور بن",
        "start": 448903.0,
        "end": 451381.0,
        "audio": "content/segments/111/163.ogg"
    },
    {
        "ID": "164",
        "gender": "M",
        "age": "A",
        "character_name": "مستەر",
        "text": "بەو خوایە هەنێ غەدر هەیە لە شوێنانی تر کە ئەکرێ",
        "text_original": "بەو خوایە هەنێ غەدر هەیە لە شوێنانی تر کە ئەکرێ",
        "start": 452212.0,
        "end": 455777.0,
        "audio": "content/segments/111/164.ogg"
    },
    {
        "ID": "165",
        "gender": "M",
        "age": "A",
        "character_name": "مستەر",
        "text": "ئەگەر بۆتان باس بکەم ئا ئێوە نیە بەو مناڵیەی خۆتان",
        "text_original": "ئەگەر بۆتان باس بکەم ئا ئێوە نیە بەو مناڵیەی خۆتان",
        "start": 455921.0,
        "end": 459958.0,
        "audio": "content/segments/111/165.ogg"
    },
    {
        "ID": "166",
        "gender": "M",
        "age": "A",
        "character_name": "مستەر",
        "text": "هەموو سەرتان سپی یٔەکەن",
        "text_original": "هەموو سەرتان سپی یٔەکەن",
        "start": 459958.0,
        "end": 461418.0,
        "audio": "content/segments/111/166.ogg"
    },
    {
        "ID": "167",
        "gender": "F",
        "age": "A",
        "character_name": "نەرمین",
        "text": "غەدری چی مستەر",
        "text_original": "غەدری چی مستەر",
        "start": 461587.0,
        "end": 462774.0,
        "audio": "content/segments/111/167.ogg"
    },
    {
        "ID": "168",
        "gender": "F",
        "age": "A",
        "character_name": "نەرمین",
        "text": "بۆ قابیلە لە دانانی چاودێرەکانی هەڵبژاردنا",
        "text_original": "بۆ قابیلە لە دانانی چاودێرەکانی هەڵبژاردنا",
        "start": 462999.0,
        "end": 465927.0,
        "audio": "content/segments/111/168.ogg"
    },
    {
        "ID": "169",
        "gender": "F",
        "age": "A",
        "character_name": "نەرمین",
        "text": "حەقی کوردیان حەپەلوش کردبێ",
        "text_original": "حەقی کوردیان حەپەلوش کردبێ",
        "start": 465993.0,
        "end": 467833.0,
        "audio": "content/segments/111/169.ogg"
    },
    {
        "ID": "170",
        "gender": "M",
        "age": "A",
        "character_name": "مستەر",
        "text": "نا نا، ئێجگار واش نا بێقەزابی وانا",
        "text_original": "نا نا، ئێجگار واش نا بێقەزابی وانا",
        "start": 467879.0,
        "end": 471623.0,
        "audio": "content/segments/111/170.ogg"
    },
    {
        "ID": "171",
        "gender": "M",
        "age": "A",
        "character_name": "زاهیر",
        "text": "ئێ باشە باش میستەر، قابیلە لەو ئوردنەی",
        "text_original": "ئێ باشە باش میستەر، قابیلە لەو ئوردنەی",
        "start": 471755.0,
        "end": 474810.0,
        "audio": "content/segments/111/171.ogg"
    },
    {
        "ID": "172",
        "gender": "M",
        "age": "A",
        "character_name": "زاهیر",
        "text": "کە یٔیجتیماع لەسەر وەزعی عێراق کرایە",
        "text_original": "کە یٔیجتیماع لەسەر وەزعی عێراق کرایە",
        "start": 474810.0,
        "end": 477211.0,
        "audio": "content/segments/111/172.ogg"
    },
    {
        "ID": "173",
        "gender": "M",
        "age": "A",
        "character_name": "زاهیر",
        "text": "فەرمووەچی گچکۆکەشیان لە کوردی نەکردبی",
        "text_original": "فەرمووەچی گچکۆکەشیان لە کوردی نەکردبی",
        "start": 477436.0,
        "end": 479975.0,
        "audio": "content/segments/111/173.ogg"
    },
    {
        "ID": "174",
        "gender": "M",
        "age": "A",
        "character_name": "مستەر",
        "text": "نەبابە نانا نا",
        "text_original": "نەبابە نانا نا",
        "start": 480109.0,
        "end": 483348.0,
        "audio": "content/segments/111/174.ogg"
    },
    {
        "ID": "175",
        "gender": "M",
        "age": "A",
        "character_name": "عەبدوڵا",
        "text": "ئەی قابیلە لەو کۆڕس و مۆڕس و شتا",
        "text_original": "ئەی قابیلە لەو کۆڕس و مۆڕس و شتا",
        "start": 483542.0,
        "end": 486581.0,
        "audio": "content/segments/111/175.ogg"
    },
    {
        "ID": "176",
        "gender": "M",
        "age": "A",
        "character_name": "عەبدوڵا",
        "text": "حا نوقوچکیان لە حەقی کورد گردبێ",
        "text_original": "حا نوقوچکیان لە حەقی کورد گردبێ",
        "start": 486592.0,
        "end": 488784.0,
        "audio": "content/segments/111/176.ogg"
    },
    {
        "ID": "177",
        "gender": "M",
        "age": "A",
        "character_name": "مستەر",
        "text": "مادام مادام ئافەرم عەبدوڵا باسی کۆڕسھ کرد",
        "text_original": "مادام مادام ئافەرم عەبدوڵا باسی کۆڕسھ کرد",
        "start": 489312.0,
        "end": 494135.0,
        "audio": "content/segments/111/177.ogg"
    },
    {
        "ID": "178",
        "gender": "M",
        "age": "A",
        "character_name": "مستەر",
        "text": "شەرتبێ ئەحە پێنچ دەرەجەی سلوکھ بۆ زیا کەم",
        "text_original": "شەرتبێ ئەحە پێنچ دەرەجەی سلوکھ بۆ زیا کەم",
        "start": 494438.0,
        "end": 497735.0,
        "audio": "content/segments/111/178.ogg"
    },
    {
        "ID": "179",
        "gender": "M",
        "age": "A",
        "character_name": "مستەر",
        "text": "مادام باسی کۆڕسھ کرد",
        "text_original": "مادام باسی کۆڕسھ کرد",
        "start": 498212.0,
        "end": 499643.0,
        "audio": "content/segments/111/179.ogg"
    },
    {
        "ID": "180",
        "gender": "F",
        "age": "A",
        "character_name": "ژنی2",
        "text": "میستەر",
        "text_original": "میستەر",
        "start": 499810.0,
        "end": 500285.0,
        "audio": "content/segments/111/180.ogg"
    },
    {
        "ID": "181",
        "gender": "M",
        "age": "A",
        "character_name": "مستەر",
        "text": "ها",
        "text_original": "ها",
        "start": 500285.0,
        "end": 500861.0,
        "audio": "content/segments/111/181.ogg"
    },
    {
        "ID": "182",
        "gender": "F",
        "age": "A",
        "character_name": "ژنی2",
        "text": "چما گەلم کۆڕس گەلەکی گرینگە",
        "text_original": "چما گەلم کۆڕس گەلەکی گرینگە",
        "start": 500901.0,
        "end": 502995.0,
        "audio": "content/segments/111/182.ogg"
    },
    {
        "ID": "183",
        "gender": "F",
        "age": "A",
        "character_name": "نەرمین",
        "text": "ئەی چۆن گرینگ نیە",
        "text_original": "ئەی چۆن گرینگ نیە",
        "start": 503070.0,
        "end": 504732.0,
        "audio": "content/segments/111/183.ogg"
    },
    {
        "ID": "184",
        "gender": "F",
        "age": "A",
        "character_name": "نەرمین",
        "text": "ئەمڕۆ کۆڕس بەقەد حوکمی زاکیەکەی قەیم ڕەواجی هەیە",
        "text_original": "ئەمڕۆ کۆڕس بەقەد حوکمی زاکیەکەی قەیم ڕەواجی هەیە",
        "start": 504805.0,
        "end": 508374.0,
        "audio": "content/segments/111/184.ogg"
    },
    {
        "ID": "185",
        "gender": "M",
        "age": "A",
        "character_name": "مستەر",
        "text": "ئااا، بگرە زیاتریش زیاتریش هینی",
        "text_original": "ئااا، بگرە زیاتریش زیاتریش هینی",
        "start": 508482.0,
        "end": 511574.0,
        "audio": "content/segments/111/185.ogg"
    },
    {
        "ID": "186",
        "gender": "M",
        "age": "A",
        "character_name": "مستەر",
        "text": "ئێ کەواتە دەرسی ئەمڕۆمان ئەکەین بە کۆڕس، باشە",
        "text_original": "ئێ کەواتە دەرسی ئەمڕۆمان ئەکەین بە کۆڕس، باشە",
        "start": 511711.0,
        "end": 516673.0,
        "audio": "content/segments/111/186.ogg"
    },
    {
        "ID": "187",
        "gender": "M",
        "age": "A",
        "character_name": "مستەر",
        "text": "چێ ئەزانێ کۆڕس لە چیا هەیە",
        "text_original": "چێ ئەزانێ کۆڕس لە چیا هەیە",
        "start": 516965.00000000006,
        "end": 520080.00000000006,
        "audio": "content/segments/111/187.ogg"
    },
    {
        "ID": "188",
        "gender": "M",
        "age": "A",
        "character_name": "قوتابیەکان",
        "text": "مستەر مستەر مستەر مستەر مستەر مستەر مستەر مستەر مستەر",
        "text_original": "مستەر مستەر مستەر مستەر مستەر مستەر مستەر مستەر مستەر",
        "start": 520134.0,
        "end": 524182.0,
        "audio": "content/segments/111/188.ogg"
    },
    {
        "ID": "189",
        "gender": "M",
        "age": "A",
        "character_name": "مستەر",
        "text": "ئادەی سەباح",
        "text_original": "ئادەی سەباح",
        "start": 524202.0,
        "end": 525164.0,
        "audio": "content/segments/111/189.ogg"
    },
    {
        "ID": "190",
        "gender": "M",
        "age": "A",
        "character_name": "سەباح",
        "text": "ئێ میستەر لە هینا هەیە، لە گۆرانیا",
        "text_original": "ئێ میستەر لە هینا هەیە، لە گۆرانیا",
        "start": 525209.0,
        "end": 527893.0,
        "audio": "content/segments/111/190.ogg"
    },
    {
        "ID": "191",
        "gender": "M",
        "age": "A",
        "character_name": "مستەر",
        "text": "ئافەرم، ئافەرم سەباح لە گۆرانیا هەیە",
        "text_original": "ئافەرم، ئافەرم سەباح لە گۆرانیا هەیە",
        "start": 528080.0,
        "end": 531249.0,
        "audio": "content/segments/111/191.ogg"
    },
    {
        "ID": "192",
        "gender": "M",
        "age": "A",
        "character_name": "مستەر",
        "text": "مەسەلەن، کابرا هاوار ئەکا ئەڵێ هۆ ڕێوی ڕێوی",
        "text_original": "مەسەلەن، کابرا هاوار ئەکا ئەڵێ هۆ ڕێوی ڕێوی",
        "start": 531427.0,
        "end": 535442.0,
        "audio": "content/segments/111/192.ogg"
    },
    {
        "ID": "193",
        "gender": "M",
        "age": "A",
        "character_name": "مستەر",
        "text": "جەماعەتەکەی تر جوابیانەوە ئەڵێن",
        "text_original": "جەماعەتەکەی تر جوابیانەوە ئەڵێن",
        "start": 535856.0,
        "end": 538390.0,
        "audio": "content/segments/111/193.ogg"
    },
    {
        "ID": "194",
        "gender": "M",
        "age": "A",
        "character_name": "قوتابیەکان",
        "text": "هۆۆۆۆۆو",
        "text_original": "هۆۆۆۆۆو",
        "start": 538541.0,
        "end": 539663.0,
        "audio": "content/segments/111/194.ogg"
    },
    {
        "ID": "195",
        "gender": "M",
        "age": "A",
        "character_name": "مستەر",
        "text": "لە دەشتی چۆڵا",
        "text_original": "لە دەشتی چۆڵا",
        "start": 539793.0,
        "end": 541150.0,
        "audio": "content/segments/111/195.ogg"
    },
    {
        "ID": "196",
        "gender": "M",
        "age": "A",
        "character_name": "قوتابیەکان",
        "text": "هۆۆۆو",
        "text_original": "هۆۆۆو",
        "start": 541293.0,
        "end": 542105.0,
        "audio": "content/segments/111/196.ogg"
    },
    {
        "ID": "197",
        "gender": "M",
        "age": "A",
        "character_name": "مستەر",
        "text": "ئەه، ئەوە یاعنی کۆڕس",
        "text_original": "ئەه، ئەوە یاعنی کۆڕس",
        "start": 542126.0,
        "end": 544753.0,
        "audio": "content/segments/111/197.ogg"
    },
    {
        "ID": "198",
        "gender": "M",
        "age": "A",
        "character_name": "حیکمەت",
        "text": "میستەر یاعنی ک کۆڕس ئەوەیە کە جواب ئاتەوە",
        "text_original": "میستەر یاعنی ک کۆڕس ئەوەیە کە جواب ئاتەوە",
        "start": 544791.0,
        "end": 547562.0,
        "audio": "content/segments/111/198.ogg"
    },
    {
        "ID": "199",
        "gender": "M",
        "age": "A",
        "character_name": "مستەر",
        "text": "ناا نا شەرت نیە، بەعزە جارێک کۆڕس ئێ جوابیش ئەیاتەوە",
        "text_original": "ناا نا شەرت نیە، بەعزە جارێک کۆڕس ئێ جوابیش ئەیاتەوە",
        "start": 547586.0,
        "end": 553991.0,
        "audio": "content/segments/111/199.ogg"
    },
    {
        "ID": "200",
        "gender": "M",
        "age": "A",
        "character_name": "مستەر",
        "text": "ئێی یا سوئال ئەکا",
        "text_original": "ئێی یا سوئال ئەکا",
        "start": 554410.0,
        "end": 555656.0,
        "audio": "content/segments/111/200.ogg"
    },
    {
        "ID": "201",
        "gender": "M",
        "age": "A",
        "character_name": "مستەر",
        "text": "مەسەلەن لە گۆرانی هینا کە ئەڵێ، کەی تۆم دیوە و کەی ئەهناسم",
        "text_original": "مەسەلەن لە گۆرانی هینا کە ئەڵێ، کەی تۆم دیوە و کەی ئەهناسم",
        "start": 555726.0,
        "end": 560884.0,
        "audio": "content/segments/111/201.ogg"
    },
    {
        "ID": "202",
        "gender": "M",
        "age": "A",
        "character_name": "قوتابیەکان",
        "text": "کەی کەی کەی",
        "text_original": "کەی کەی کەی",
        "start": 560946.0,
        "end": 562576.0,
        "audio": "content/segments/111/202.ogg"
    },
    {
        "ID": "203",
        "gender": "F",
        "age": "A",
        "character_name": "نەرمین",
        "text": "دڵارت چی و پەیمانی چی",
        "text_original": "دڵارت چی و پەیمانی چی",
        "start": 563038.0,
        "end": 565192.0,
        "audio": "content/segments/111/203.ogg"
    },
    {
        "ID": "204",
        "gender": "M",
        "age": "A",
        "character_name": "مستەر",
        "text": "حەی حەی حەی",
        "text_original": "حەی حەی حەی",
        "start": 565249.0,
        "end": 566962.0,
        "audio": "content/segments/111/204.ogg"
    },
    {
        "ID": "205",
        "gender": "M",
        "age": "A",
        "character_name": "مستەر",
        "text": "ئەھ چاوتان لێیە کۆڕس",
        "text_original": "ئەھ چاوتان لێیە کۆڕس",
        "start": 567030.0,
        "end": 568693.0,
        "audio": "content/segments/111/205.ogg"
    },
    {
        "ID": "206",
        "gender": "M",
        "age": "A",
        "character_name": "مستەر",
        "text": "یاعنی هەنێ جار کۆڕس سوئالە و هەنێ جار جوابە",
        "text_original": "یاعنی هەنێ جار کۆڕس سوئالە و هەنێ جار جوابە",
        "start": 568722.0,
        "end": 572065.0,
        "audio": "content/segments/111/206.ogg"
    },
    {
        "ID": "207",
        "gender": "M",
        "age": "A",
        "character_name": "مستەر",
        "text": "هەنێ جاریش گۆرانیەکە ئەڵێتەوە کۆرس",
        "text_original": "هەنێ جاریش گۆرانیەکە ئەڵێتەوە کۆرس",
        "start": 572210.0,
        "end": 574747.0,
        "audio": "content/segments/111/207.ogg"
    },
    {
        "ID": "208",
        "gender": "M",
        "age": "A",
        "character_name": "مستەر",
        "text": "یاعنی ئێستا کۆڕس لە چیترا هەیە",
        "text_original": "یاعنی ئێستا کۆڕس لە چیترا هەیە",
        "start": 574934.0,
        "end": 578610.0,
        "audio": "content/segments/111/208.ogg"
    },
    {
        "ID": "209",
        "gender": "F",
        "age": "A",
        "character_name": "نەرمین",
        "text": "مستەر مستەر مستەر مستەر",
        "text_original": "مستەر مستەر مستەر مستەر",
        "start": 578795.0,
        "end": 580158.0,
        "audio": "content/segments/111/209.ogg"
    },
    {
        "ID": "210",
        "gender": "M",
        "age": "A",
        "character_name": "مستەر",
        "text": "ئاا",
        "text_original": "ئاا",
        "start": 580254.0,
        "end": 581021.0,
        "audio": "content/segments/111/210.ogg"
    },
    {
        "ID": "211",
        "gender": "M",
        "age": "A",
        "character_name": "حیکمەت",
        "text": "لە جامیعە و مەکتەبا",
        "text_original": "لە جامیعە و مەکتەبا",
        "start": 581984.0,
        "end": 583533.0,
        "audio": "content/segments/111/211.ogg"
    },
    {
        "ID": "212",
        "gender": "M",
        "age": "A",
        "character_name": "مستەر",
        "text": "ئاافەرم ڕاسئەکا",
        "text_original": "ئاافەرم ڕاسئەکا",
        "start": 583560.0,
        "end": 585413.0,
        "audio": "content/segments/111/212.ogg"
    },
    {
        "ID": "213",
        "gender": "M",
        "age": "A",
        "character_name": "مستەر",
        "text": "مەسەلەن هەنێ تەلەبە ئەڵێ، ئەڵێ لە کۆرسی یەکەما بە پاڵ دەریان چانم",
        "text_original": "مەسەلەن هەنێ تەلەبە ئەڵێ، ئەڵێ لە کۆرسی یەکەما بە پاڵ دەریان چانم",
        "start": 585451.0,
        "end": 592488.0,
        "audio": "content/segments/111/213.ogg"
    },
    {
        "ID": "214",
        "gender": "M",
        "age": "A",
        "character_name": "مستەر",
        "text": "یاعنی مەرحەلەی یەکەمی شەش مانگی کۆڕسی یەکەمی تەواو کردوە و دەرچوە",
        "text_original": "یاعنی مەرحەلەی یەکەمی شەش مانگی کۆڕسی یەکەمی تەواو کردوە و دەرچوە",
        "start": 592504.0,
        "end": 597604.0,
        "audio": "content/segments/111/214.ogg"
    },
    {
        "ID": "215",
        "gender": "M",
        "age": "A",
        "character_name": "ئەحمەد",
        "text": "مستەر خۆزگە ژن هێنانیش بە کۆرس بوایە",
        "text_original": "مستەر خۆزگە ژن هێنانیش بە کۆرس بوایە",
        "start": 597776.0,
        "end": 600763.0,
        "audio": "content/segments/111/215.ogg"
    },
    {
        "ID": "216",
        "gender": "M",
        "age": "A",
        "character_name": "مستەر",
        "text": "ئێ هەیە لەوەشا هەیە کوڕم، بەڵام ئەو ئەزانی چۆنە",
        "text_original": "ئێ هەیە لەوەشا هەیە کوڕم، بەڵام ئەو ئەزانی چۆنە",
        "start": 600800.0,
        "end": 605053.0,
        "audio": "content/segments/111/216.ogg"
    },
    {
        "ID": "217",
        "gender": "M",
        "age": "A",
        "character_name": "مستەر",
        "text": "تەمرین و هین و مستەوا و بەعزە لیاقە و شتێکی هەیە",
        "text_original": "تەمرین و هین و مستەوا و بەعزە لیاقە و شتێکی هەیە",
        "start": 605244.0,
        "end": 609558.0,
        "audio": "content/segments/111/217.ogg"
    },
    {
        "ID": "218",
        "gender": "M",
        "age": "A",
        "character_name": "مستەر",
        "text": "یٔەبێ بۆی بەرز کەیتەوە",
        "text_original": "یٔەبێ بۆی بەرز کەیتەوە",
        "start": 609558.0,
        "end": 610897.0,
        "audio": "content/segments/111/218.ogg"
    },
    {
        "ID": "219",
        "gender": "M",
        "age": "A",
        "character_name": "عەبدوڵا",
        "text": "میستەر کۆرس لە حەب و دەرمان و گولاج و ئەدەواتی سەیدەلیشا هەیە",
        "text_original": "میستەر کۆرس لە حەب و دەرمان و گولاج و ئەدەواتی سەیدەلیشا هەیە",
        "start": 610970.0,
        "end": 616625.0,
        "audio": "content/segments/111/219.ogg"
    },
    {
        "ID": "220",
        "gender": "M",
        "age": "A",
        "character_name": "مستەر",
        "text": "ئا ئا، ئافەرم ڕاسئەکا ڕاسئەکا لەویشا هەیە",
        "text_original": "ئا ئا، ئافەرم ڕاسئەکا ڕاسئەکا لەویشا هەیە",
        "start": 616718.0,
        "end": 620012.0,
        "audio": "content/segments/111/220.ogg"
    },
    {
        "ID": "221",
        "gender": "M",
        "age": "A",
        "character_name": "مستەر",
        "text": "مەسەلەن دکتۆرەکە بە نەخۆشەکە ئەڵێ",
        "text_original": "مەسەلەن دکتۆرەکە بە نەخۆشەکە ئەڵێ",
        "start": 620341.0,
        "end": 623151.0,
        "audio": "content/segments/111/221.ogg"
    },
    {
        "ID": "222",
        "gender": "M",
        "age": "A",
        "character_name": "مستەر",
        "text": "ئەڵێ ئەم کۆڕسە دەرمانە کە تەواوو کرد",
        "text_original": "ئەڵێ ئەم کۆڕسە دەرمانە کە تەواوو کرد",
        "start": 623344.0,
        "end": 626058.0,
        "audio": "content/segments/111/222.ogg"
    },
    {
        "ID": "223",
        "gender": "M",
        "age": "A",
        "character_name": "مستەر",
        "text": "وەرەوە بۆ لام یاعنی سەری لێباتەوە",
        "text_original": "وەرەوە بۆ لام یاعنی سەری لێباتەوە",
        "start": 626156.0,
        "end": 629527.0,
        "audio": "content/segments/111/223.ogg"
    },
    {
        "ID": "224",
        "gender": "M",
        "age": "A",
        "character_name": "مستەر",
        "text": "یاعنی ئەو فەترەیە بەکارهێنانی شتێ ئەکا",
        "text_original": "یاعنی ئەو فەترەیە بەکارهێنانی شتێ ئەکا",
        "start": 629555.0,
        "end": 633184.0,
        "audio": "content/segments/111/224.ogg"
    },
    {
        "ID": "225",
        "gender": "M",
        "age": "A",
        "character_name": "موراقیب",
        "text": "ئەی مستەر، شتێک هەبوو ساڵان پێیان ئەوت کۆرسە دین",
        "text_original": "ئەی مستەر، شتێک هەبوو ساڵان پێیان ئەوت کۆرسە دین",
        "start": 633260.0,
        "end": 636650.0,
        "audio": "content/segments/111/225.ogg"
    },
    {
        "ID": "226",
        "gender": "M",
        "age": "A",
        "character_name": "موراقیب",
        "text": "ئەوە ئەو کۆرسەش هەر ئەو کۆرسەیە",
        "text_original": "ئەوە ئەو کۆرسەش هەر ئەو کۆرسەیە",
        "start": 637428.0,
        "end": 639031.0,
        "audio": "content/segments/111/226.ogg"
    },
    {
        "ID": "227",
        "gender": "M",
        "age": "A",
        "character_name": "مستەر",
        "text": "وەڵاهی ئەگەر بڵێم نازانم لەوانەیە لێم بکەن بە قسەیەک",
        "text_original": "وەڵاهی ئەگەر بڵێم نازانم لەوانەیە لێم بکەن بە قسەیەک",
        "start": 639201.0,
        "end": 642907.0,
        "audio": "content/segments/111/227.ogg"
    },
    {
        "ID": "228",
        "gender": "M",
        "age": "A",
        "character_name": "مستەر",
        "text": "بەڵام ئا ڕاسئەکەی ئافەرم، لەوانەیە هەر ئەو کۆڕسە بێ",
        "text_original": "بەڵام ئا ڕاسئەکەی ئافەرم، لەوانەیە هەر ئەو کۆڕسە بێ",
        "start": 643173.0,
        "end": 647224.0,
        "audio": "content/segments/111/228.ogg"
    },
    {
        "ID": "229",
        "gender": "M",
        "age": "A",
        "character_name": "مستەر",
        "text": "بەڵام تۆ ماڵی باوکھ ئاوا بێ، ئائەمەو لە چوێ بیرکەوتەوە",
        "text_original": "بەڵام تۆ ماڵی باوکھ ئاوا بێ، ئائەمەو لە چوێ بیرکەوتەوە",
        "start": 647385.0,
        "end": 651641.0,
        "audio": "content/segments/111/229.ogg"
    },
    {
        "ID": "230",
        "gender": "M",
        "age": "A",
        "character_name": "مستەر",
        "text": "ئەزانی ئەم کۆرسە دینەی کە تۆ باسھ کرد، هی زەمانی کەییە",
        "text_original": "ئەزانی ئەم کۆرسە دینەی کە تۆ باسھ کرد، هی زەمانی کەییە",
        "start": 651675.0,
        "end": 655153.0,
        "audio": "content/segments/111/230.ogg"
    },
    {
        "ID": "231",
        "gender": "M",
        "age": "A",
        "character_name": "مستەر",
        "text": "هی زەمانی ناپلیۆنە",
        "text_original": "هی زەمانی ناپلیۆنە",
        "start": 655310.0,
        "end": 657413.0,
        "audio": "content/segments/111/231.ogg"
    },
    {
        "ID": "232",
        "gender": "M",
        "age": "A",
        "character_name": "ئەحمەد",
        "text": "ئەرە بەدیین مستەر من بیرم هاتەوە",
        "text_original": "ئەرە بەدیین مستەر من بیرم هاتەوە",
        "start": 657628.0,
        "end": 659645.0,
        "audio": "content/segments/111/232.ogg"
    },
    {
        "ID": "233",
        "gender": "M",
        "age": "A",
        "character_name": "ئەحمەد",
        "text": "ئەزانی کۆرس عیلاقەی بە ناپلیۆنیشەوە هەیە",
        "text_original": "ئەزانی کۆرس عیلاقەی بە ناپلیۆنیشەوە هەیە",
        "start": 659929.0,
        "end": 662804.0,
        "audio": "content/segments/111/233.ogg"
    },
    {
        "ID": "234",
        "gender": "M",
        "age": "A",
        "character_name": "مستەر",
        "text": "چۆن چۆن چۆنی ئیلاقەی هەیە ئەحە",
        "text_original": "چۆن چۆن چۆنی ئیلاقەی هەیە ئەحە",
        "start": 662988.0,
        "end": 665200.0,
        "audio": "content/segments/111/234.ogg"
    },
    {
        "ID": "235",
        "gender": "M",
        "age": "A",
        "character_name": "ئەحمەد",
        "text": "ئاخر چاک هەیەتی با من عەرزھ کەم",
        "text_original": "ئاخر چاک هەیەتی با من عەرزھ کەم",
        "start": 665255.0,
        "end": 667392.0,
        "audio": "content/segments/111/235.ogg"
    },
    {
        "ID": "236",
        "gender": "M",
        "age": "A",
        "character_name": "ئەحمەد",
        "text": "ناپلوێن کە شەڕی واترلۆی کرد دۆڕا، چیان لێکرد",
        "text_original": "ناپلوێن کە شەڕی واترلۆی کرد دۆڕا، چیان لێکرد",
        "start": 667775.0,
        "end": 671317.0,
        "audio": "content/segments/111/236.ogg"
    },
    {
        "ID": "237",
        "gender": "M",
        "age": "A",
        "character_name": "مستەر",
        "text": "نەفیان کرد",
        "text_original": "نەفیان کرد",
        "start": 671989.0,
        "end": 672938.0,
        "audio": "content/segments/111/237.ogg"
    },
    {
        "ID": "238",
        "gender": "F",
        "age": "A",
        "character_name": "نەرمین",
        "text": "بۆ چوێ نەفیان کرد مستەر",
        "text_original": "بۆ چوێ نەفیان کرد مستەر",
        "start": 673078.0,
        "end": 674604.0,
        "audio": "content/segments/111/238.ogg"
    },
    {
        "ID": "239",
        "gender": "M",
        "age": "A",
        "character_name": "مستەر",
        "text": "نەفیان کرد بۆ جزیرەی کۆڕسیکا لەسەر هێلانە",
        "text_original": "نەفیان کرد بۆ جزیرەی کۆڕسیکا لەسەر هێلانە",
        "start": 674818.0,
        "end": 678269.0,
        "audio": "content/segments/111/239.ogg"
    },
    {
        "ID": "240",
        "gender": "M",
        "age": "A",
        "character_name": "مستەر",
        "text": "ئافەرم ڕاسئەکەی کۆڕس هیکا تەواوە، ئەها لە ناپلیۆنیشا هەیە",
        "text_original": "ئافەرم ڕاسئەکەی کۆڕس هیکا تەواوە، ئەها لە ناپلیۆنیشا هەیە",
        "start": 678269.0,
        "end": 683856.0,
        "audio": "content/segments/111/240.ogg"
    },
    {
        "ID": "241",
        "gender": "M",
        "age": "A",
        "character_name": "موراقیب",
        "text": "ئااا کەواتە ئەم کۆڕسە لە هەموو شتێکا هەیە و",
        "text_original": "ئااا کەواتە ئەم کۆڕسە لە هەموو شتێکا هەیە و",
        "start": 684454.0,
        "end": 686873.0,
        "audio": "content/segments/111/241.ogg"
    },
    {
        "ID": "242",
        "gender": "M",
        "age": "A",
        "character_name": "موراقیب",
        "text": "بەتایبەتی زۆر یارمەتی لێقەوماوانیشی یاوە",
        "text_original": "بەتایبەتی زۆر یارمەتی لێقەوماوانیشی یاوە",
        "start": 686873.0,
        "end": 689331.0,
        "audio": "content/segments/111/242.ogg"
    },
    {
        "ID": "243",
        "gender": "M",
        "age": "A",
        "character_name": "عەبدوڵا",
        "text": "ئەشەو بیلا ڕاست ئەکەی کۆڕس یارمەتی هەموو لێقەوماویچی یاوە",
        "text_original": "ئەشەو بیلا ڕاست ئەکەی کۆڕس یارمەتی هەموو لێقەوماویچی یاوە",
        "start": 689765.0,
        "end": 694070.0,
        "audio": "content/segments/111/243.ogg"
    },
    {
        "ID": "244",
        "gender": "M",
        "age": "A",
        "character_name": "عەبدوڵا",
        "text": "ئیلا کورد نەبێ کە ئا ئەمەنە ئیستیفادەی لە هیچ کۆڕسێ نەکردوە",
        "text_original": "ئیلا کورد نەبێ کە ئا ئەمەنە ئیستیفادەی لە هیچ کۆڕسێ نەکردوە",
        "start": 694216.0,
        "end": 697832.0,
        "audio": "content/segments/111/244.ogg"
    },
    {
        "ID": "245",
        "gender": "M",
        "age": "A",
        "character_name": "مستەر",
        "text": "ئێ، تەواو تەواو",
        "text_original": "ئێ، تەواو تەواو",
        "start": 697895.0,
        "end": 699656.0,
        "audio": "content/segments/111/245.ogg"
    },
    {
        "ID": "246",
        "gender": "M",
        "age": "A",
        "character_name": "مستەر",
        "text": "دە یەڵا هەستە مراقیب هەستە جەرەسەکەیان بۆ لێیە دەی",
        "text_original": "دە یەڵا هەستە مراقیب هەستە جەرەسەکەیان بۆ لێیە دەی",
        "start": 699925.0,
        "end": 702121.0,
        "audio": "content/segments/111/246.ogg"
    },
    {
        "ID": "247",
        "gender": "M",
        "age": "A",
        "character_name": "موراقیب",
        "text": "ئاخر جارێ جەرەسی چی لێبەم",
        "text_original": "ئاخر جارێ جەرەسی چی لێبەم",
        "start": 702219.0,
        "end": 703616.0,
        "audio": "content/segments/111/247.ogg"
    },
    {
        "ID": "248",
        "gender": "NA",
        "age": "NA",
        "character_name": "NA",
        "text": "نەکەی نەکەی",
        "text_original": "نەکەی نەکەی",
        "start": 703616.0,
        "end": 705804.0,
        "audio": "content/segments/111/248.ogg"
    },
    {
        "ID": "249",
        "gender": "NA",
        "age": "NA",
        "character_name": "NA",
        "text": "بۆ",
        "text_original": "بۆ",
        "start": 705804.0,
        "end": 707109.0,
        "audio": "content/segments/111/249.ogg"
    },
    {
        "ID": "250",
        "gender": "NA",
        "age": "NA",
        "character_name": "NA",
        "text": "نەکەی نەکەی ڕاپۆرت تێک ئاچێ",
        "text_original": "نەکەی نەکەی ڕاپۆرت تێک ئاچێ",
        "start": 707182.0,
        "end": 709294.0,
        "audio": "content/segments/111/250.ogg"
    },
    {
        "ID": "251",
        "gender": "M",
        "age": "A",
        "character_name": "مستەر",
        "text": "نەکەی دەستی لێ نەیەی",
        "text_original": "نەکەی دەستی لێ نەیەی",
        "start": 709294.0,
        "end": 710196.0,
        "audio": "content/segments/111/251.ogg"
    },
    {
        "ID": "252",
        "gender": "M",
        "age": "A",
        "character_name": "موراقیب",
        "text": "نە بابە",
        "text_original": "نە بابە",
        "start": 710196.0,
        "end": 710865.0,
        "audio": "content/segments/111/252.ogg"
    },
    {
        "ID": "253",
        "gender": "M",
        "age": "A",
        "character_name": "مستەر",
        "text": "ئەی",
        "text_original": "ئەی",
        "start": 710865.0,
        "end": 711277.0,
        "audio": "content/segments/111/253.ogg"
    },
    {
        "ID": "254",
        "gender": "M",
        "age": "A",
        "character_name": "موراقیب",
        "text": "دەبا برۆین",
        "text_original": "دەبا برۆین",
        "start": 711277.0,
        "end": 711816.0,
        "audio": "content/segments/111/254.ogg"
    }
]