[
    {
        "ID": "2",
        "gender": "M",
        "age": "A",
        "character_name": "ئەحمەد",
        "text": "ئەی باوکە ڕۆ، ڕەق بومەوە",
        "text_original": "ئەی باوکە ڕۆ، ڕەق بومەوە",
        "start": 12255.0,
        "end": 14516.0,
        "audio": "content/segments/114/2.ogg"
    },
    {
        "ID": "3",
        "gender": "M",
        "age": "A",
        "character_name": "سەباح",
        "text": "باوکم بە قەبری باوکم",
        "text_original": "باوکم بە قەبری باوکم",
        "start": 16216.000000000002,
        "end": 17835.0,
        "audio": "content/segments/114/3.ogg"
    },
    {
        "ID": "4",
        "gender": "M",
        "age": "A",
        "character_name": "سەباح",
        "text": "ئەڵێن لە زەمانی زەعیم سدیقەوە تا ئێستایە",
        "text_original": "ئەڵێن لە زەمانی زەعیم سدیقەوە تا ئێستایە",
        "start": 18233.0,
        "end": 21012.0,
        "audio": "content/segments/114/4.ogg"
    },
    {
        "ID": "5",
        "gender": "M",
        "age": "A",
        "character_name": "سەباح",
        "text": "سەرمای وا نەهاتوە بەم شارەیا",
        "text_original": "سەرمای وا نەهاتوە بەم شارەیا",
        "start": 21012.0,
        "end": 23116.0,
        "audio": "content/segments/114/5.ogg"
    },
    {
        "ID": "6",
        "gender": "M",
        "age": "A",
        "character_name": "ئەحمەد",
        "text": "کاک حیکمەت گیان، بەقوربانم تۆزێ فوو بکەرە دەسم بەساقە",
        "text_original": "کاک حیکمەت گیان، بەقوربانم تۆزێ فوو بکەرە دەسم بەساقە",
        "start": 24256.0,
        "end": 26709.0,
        "audio": "content/segments/114/6.ogg"
    },
    {
        "ID": "7",
        "gender": "M",
        "age": "A",
        "character_name": "حیکمەت",
        "text": "پێم نیە، بەشی خۆم ناکا",
        "text_original": "پێم نیە، بەشی خۆم ناکا",
        "start": 26710.0,
        "end": 27991.0,
        "audio": "content/segments/114/7.ogg"
    },
    {
        "ID": "8",
        "gender": "M",
        "age": "A",
        "character_name": "ئەحمەد",
        "text": "دە ئەزانی چی بکە، دە باشە",
        "text_original": "دە ئەزانی چی بکە، دە باشە",
        "start": 28006.0,
        "end": 29612.0,
        "audio": "content/segments/114/8.ogg"
    },
    {
        "ID": "9",
        "gender": "M",
        "age": "A",
        "character_name": "ئەحمەد",
        "text": "دە بڕۆ بۆ ئیدارە، بەڵکو سۆباێکمان بەنێ",
        "text_original": "دە بڕۆ بۆ ئیدارە، بەڵکو سۆباێکمان بەنێ",
        "start": 29612.0,
        "end": 31822.0,
        "audio": "content/segments/114/9.ogg"
    },
    {
        "ID": "10",
        "gender": "M",
        "age": "A",
        "character_name": "ئەحمەد",
        "text": "بە قوڕعان ئاوا بڕوا لەسەرما هەموومان ئەبین بە مۆتە",
        "text_original": "بە قوڕعان ئاوا بڕوا لەسەرما هەموومان ئەبین بە مۆتە",
        "start": 32031.0,
        "end": 35028.0,
        "audio": "content/segments/114/10.ogg"
    },
    {
        "ID": "11",
        "gender": "M",
        "age": "A",
        "character_name": "ئەحمەد",
        "text": "هینە بڵێم ئەبین بە چلورە",
        "text_original": "هینە بڵێم ئەبین بە چلورە",
        "start": 35088.0,
        "end": 36366.0,
        "audio": "content/segments/114/11.ogg"
    },
    {
        "ID": "12",
        "gender": "M",
        "age": "A",
        "character_name": "حیکمەت",
        "text": "کاک ئەحە ناچم",
        "text_original": "کاک ئەحە ناچم",
        "start": 36421.0,
        "end": 37464.0,
        "audio": "content/segments/114/12.ogg"
    },
    {
        "ID": "13",
        "gender": "M",
        "age": "A",
        "character_name": "حیکمەت",
        "text": "وەڵاهی ئینسان، پەنجەرەی ماڵی جەنگیز خان بشکێنێ",
        "text_original": "وەڵاهی ئینسان، پەنجەرەی ماڵی جەنگیز خان بشکێنێ",
        "start": 37809.0,
        "end": 41657.0,
        "audio": "content/segments/114/13.ogg"
    },
    {
        "ID": "14",
        "gender": "M",
        "age": "A",
        "character_name": "حیکمەت",
        "text": "زۆر زۆر چاکترە، بەقەدەر ئەوە موهیم نییە",
        "text_original": "زۆر زۆر چاکترە، بەقەدەر ئەوە موهیم نییە",
        "start": 41940.0,
        "end": 43976.0,
        "audio": "content/segments/114/14.ogg"
    },
    {
        "ID": "15",
        "gender": "M",
        "age": "A",
        "character_name": "حیکمەت",
        "text": "کە بچیە بەردەمی ژوری مدیر",
        "text_original": "کە بچیە بەردەمی ژوری مدیر",
        "start": 43976.0,
        "end": 45484.0,
        "audio": "content/segments/114/15.ogg"
    },
    {
        "ID": "16",
        "gender": "M",
        "age": "A",
        "character_name": "حیکمەت",
        "text": "بە تایبەت کە بچی داوای نەوت و سۆپا بکەی",
        "text_original": "بە تایبەت کە بچی داوای نەوت و سۆپا بکەی",
        "start": 45684.0,
        "end": 49606.0,
        "audio": "content/segments/114/16.ogg"
    },
    {
        "ID": "17",
        "gender": "M",
        "age": "A",
        "character_name": "حیکمەت",
        "text": "نیانە کاکە نیانە، کە نەبێ چی بکەن",
        "text_original": "نیانە کاکە نیانە، کە نەبێ چی بکەن",
        "start": 49788.0,
        "end": 52147.0,
        "audio": "content/segments/114/17.ogg"
    },
    {
        "ID": "18",
        "gender": "M",
        "age": "A",
        "character_name": "ڕێبوار",
        "text": "چیان نییە ئاغا، نەوتیان نییە",
        "text_original": "چیان نییە ئاغا، نەوتیان نییە",
        "start": 52215.0,
        "end": 54123.0,
        "audio": "content/segments/114/18.ogg"
    },
    {
        "ID": "19",
        "gender": "M",
        "age": "A",
        "character_name": "ڕێبوار",
        "text": "من بەو بێ ئەقڵیەی خۆمەوە باوڕ ناکەم، تۆ چۆن باوەڕ ئەکەی ئاغا",
        "text_original": "من بەو بێ ئەقڵیەی خۆمەوە باوڕ ناکەم، تۆ چۆن باوەڕ ئەکەی ئاغا",
        "start": 54288.0,
        "end": 58022.0,
        "audio": "content/segments/114/19.ogg"
    },
    {
        "ID": "20",
        "gender": "M",
        "age": "A",
        "character_name": "عومەر",
        "text": "ئێ وا دیارە مەسەلەکە بێ ئەقڵ و ئاقڵی نییە",
        "text_original": "ئێ وا دیارە مەسەلەکە بێ ئەقڵ و ئاقڵی نییە",
        "start": 58344.0,
        "end": 61147.0,
        "audio": "content/segments/114/20.ogg"
    },
    {
        "ID": "21",
        "gender": "M",
        "age": "A",
        "character_name": "عومەر",
        "text": "لە نەبوونی هیچ ناکرێ",
        "text_original": "لە نەبوونی هیچ ناکرێ",
        "start": 61725.0,
        "end": 63552.0,
        "audio": "content/segments/114/21.ogg"
    },
    {
        "ID": "22",
        "gender": "M",
        "age": "A",
        "character_name": "عومەر",
        "text": "دە فەرموو فەرموو، چەوەنەرێکم لەو ئەرزە بۆ دەربێنە، دەی",
        "text_original": "دە فەرموو فەرموو، چەوەنەرێکم لەو ئەرزە بۆ دەربێنە، دەی",
        "start": 63975.0,
        "end": 67377.0,
        "audio": "content/segments/114/22.ogg"
    },
    {
        "ID": "23",
        "gender": "M",
        "age": "A",
        "character_name": "سەباح",
        "text": "چی، چەوەنەر",
        "text_original": "چی، چەوەنەر",
        "start": 67467.0,
        "end": 68429.0,
        "audio": "content/segments/114/23.ogg"
    },
    {
        "ID": "24",
        "gender": "M",
        "age": "A",
        "character_name": "عومەر",
        "text": "ئاه",
        "text_original": "ئاه",
        "start": 68457.0,
        "end": 69220.0,
        "audio": "content/segments/114/24.ogg"
    },
    {
        "ID": "25",
        "gender": "M",
        "age": "A",
        "character_name": "سەباح",
        "text": "ئەی هین نابێ، شێلم",
        "text_original": "ئەی هین نابێ، شێلم",
        "start": 69247.0,
        "end": 70616.0,
        "audio": "content/segments/114/25.ogg"
    },
    {
        "ID": "26",
        "gender": "M",
        "age": "A",
        "character_name": "عومەر",
        "text": "با شێلمیش بێ",
        "text_original": "با شێلمیش بێ",
        "start": 70929.0,
        "end": 72067.0,
        "audio": "content/segments/114/26.ogg"
    },
    {
        "ID": "27",
        "gender": "M",
        "age": "A",
        "character_name": "عومەر",
        "text": "بە شەرتێ، بە شەرتێ هاڵاوی لێ هەڵسێ",
        "text_original": "بە شەرتێ، بە شەرتێ هاڵاوی لێ هەڵسێ",
        "start": 72489.0,
        "end": 74776.0,
        "audio": "content/segments/114/27.ogg"
    },
    {
        "ID": "28",
        "gender": "M",
        "age": "A",
        "character_name": "ئەحمەد",
        "text": "دە زانا گیان، دە تۆ بڕۆ بۆ ئیدارە",
        "text_original": "دە زانا گیان، دە تۆ بڕۆ بۆ ئیدارە",
        "start": 74869.0,
        "end": 76878.0,
        "audio": "content/segments/114/28.ogg"
    },
    {
        "ID": "29",
        "gender": "M",
        "age": "A",
        "character_name": "ئەحمەد",
        "text": "بەڵکو شەرمێ لەو سەرو هەیئەتە و بکەن سۆباێکمان بەنێ",
        "text_original": "بەڵکو شەرمێ لەو سەرو هەیئەتە و بکەن سۆباێکمان بەنێ",
        "start": 76878.0,
        "end": 79909.0,
        "audio": "content/segments/114/29.ogg"
    },
    {
        "ID": "30",
        "gender": "M",
        "age": "A",
        "character_name": "زانا",
        "text": "من",
        "text_original": "من",
        "start": 79942.0,
        "end": 80512.0,
        "audio": "content/segments/114/30.ogg"
    },
    {
        "ID": "31",
        "gender": "M",
        "age": "A",
        "character_name": "عومەر",
        "text": "ئەحە، بەخوا بێ ئەقڵی هەتیوو، توخوا ئەوە سەروو هەیئەتە",
        "text_original": "ئەحە، بەخوا بێ ئەقڵی هەتیوو، توخوا ئەوە سەروو هەیئەتە",
        "start": 81074.0,
        "end": 85031.0,
        "audio": "content/segments/114/31.ogg"
    },
    {
        "ID": "32",
        "gender": "M",
        "age": "A",
        "character_name": "عومەر",
        "text": "ئەڵێی بە دە کەس هێناوتن ئەئاوا، ئاوا گوشیویانە",
        "text_original": "ئەڵێی بە دە کەس هێناوتن ئەئاوا، ئاوا گوشیویانە",
        "start": 85226.0,
        "end": 88980.0,
        "audio": "content/segments/114/32.ogg"
    },
    {
        "ID": "33",
        "gender": "M",
        "age": "A",
        "character_name": "عومەر",
        "text": "یٔەوە کەی سەروو هەییٔەتە",
        "text_original": "یٔەوە کەی سەروو هەییٔەتە",
        "start": 89013.0,
        "end": 90087.0,
        "audio": "content/segments/114/33.ogg"
    },
    {
        "ID": "34",
        "gender": "M",
        "age": "A",
        "character_name": "عەبدوڵا",
        "text": "وەی، وەی، وەی، وەی، وەی، وەی، چیم بە خۆم کرد",
        "text_original": "وەی، وەی، وەی، وەی، وەی، وەی، چیم بە خۆم کرد",
        "start": 90148.0,
        "end": 91965.0,
        "audio": "content/segments/114/34.ogg"
    },
    {
        "ID": "35",
        "gender": "M",
        "age": "A",
        "character_name": "عەبدوڵا",
        "text": "چ پەنێکم بەخۆما، کورە فریام کەون بۆ خاتری خوا",
        "text_original": "چ پەنێکم بەخۆما، کورە فریام کەون بۆ خاتری خوا",
        "start": 91965.0,
        "end": 94302.0,
        "audio": "content/segments/114/35.ogg"
    },
    {
        "ID": "36",
        "gender": "M",
        "age": "A",
        "character_name": "عەبدوڵا",
        "text": "فریام کەون، یا بەتانیێک یا ئاگرێک شتێک، هەر ڕەق بومەوە ڕەق بەخوا",
        "text_original": "فریام کەون، یا بەتانیێک یا ئاگرێک شتێک، هەر ڕەق بومەوە ڕەق بەخوا",
        "start": 94322.0,
        "end": 97813.0,
        "audio": "content/segments/114/36.ogg"
    },
    {
        "ID": "37",
        "gender": "M",
        "age": "A",
        "character_name": "حیکمەت",
        "text": "پەنی چیو بەخۆوا کاکە عەبە",
        "text_original": "پەنی چیو بەخۆوا کاکە عەبە",
        "start": 97857.0,
        "end": 99513.0,
        "audio": "content/segments/114/37.ogg"
    },
    {
        "ID": "38",
        "gender": "M",
        "age": "A",
        "character_name": "عەبدوڵا",
        "text": "کورە کاکە بە ناخێری جیانم من، هەر مەپرسە مەپرسە، زۆر",
        "text_original": "کورە کاکە بە ناخێری جیانم من، هەر مەپرسە مەپرسە، زۆر",
        "start": 99537.0,
        "end": 102651.0,
        "audio": "content/segments/114/38.ogg"
    },
    {
        "ID": "39",
        "gender": "M",
        "age": "A",
        "character_name": "ئەحمەد",
        "text": "کاکە عەبە، ناشێ چووبی بۆ ئەزمەڕ و لەوێ قونە خلیسکێنە و کردبێ",
        "text_original": "کاکە عەبە، ناشێ چووبی بۆ ئەزمەڕ و لەوێ قونە خلیسکێنە و کردبێ",
        "start": 102687.0,
        "end": 106595.0,
        "audio": "content/segments/114/39.ogg"
    },
    {
        "ID": "40",
        "gender": "M",
        "age": "A",
        "character_name": "عەبدوڵا",
        "text": "کورە نەبابە، یٔەو دەس و پلە کەی هی",
        "text_original": "کورە نەبابە، یٔەو دەس و پلە کەی هی",
        "start": 106595.0,
        "end": 108046.0,
        "audio": "content/segments/114/40.ogg"
    },
    {
        "ID": "41",
        "gender": "M",
        "age": "A",
        "character_name": "عەبدوڵا",
        "text": "قنە خلیسکێنێی سەر زوقم و بەفرە",
        "text_original": "قنە خلیسکێنێی سەر زوقم و بەفرە",
        "start": 108046.0,
        "end": 109718.0,
        "audio": "content/segments/114/41.ogg"
    },
    {
        "ID": "42",
        "gender": "NA",
        "age": "NA",
        "character_name": "NA",
        "text": "کورە بابە تۆ ئەڵێی",
        "text_original": "کورە بابە تۆ ئەڵێی",
        "start": 109903.0,
        "end": 111430.0,
        "audio": "content/segments/114/42.ogg"
    },
    {
        "ID": "43",
        "gender": "M",
        "age": "A",
        "character_name": "ئەحمەد",
        "text": "لە شەرە تۆپەڵ هاتویتەتەوە، دەستھ بەوا ساردە",
        "text_original": "لە شەرە تۆپەڵ هاتویتەتەوە، دەستھ بەوا ساردە",
        "start": 111430.0,
        "end": 113458.0,
        "audio": "content/segments/114/43.ogg"
    },
    {
        "ID": "44",
        "gender": "M",
        "age": "A",
        "character_name": "عەبدوڵا",
        "text": "نەبابە شەڕە تۆپەڵی چی، بە ناخێری جیانم",
        "text_original": "نەبابە شەڕە تۆپەڵی چی، بە ناخێری جیانم",
        "start": 113458.0,
        "end": 115636.0,
        "audio": "content/segments/114/44.ogg"
    },
    {
        "ID": "45",
        "gender": "M",
        "age": "A",
        "character_name": "عەبدوڵا",
        "text": "لە واعەی بەیانیەوە سەرکەوتومەتە سەربانەکە",
        "text_original": "لە واعەی بەیانیەوە سەرکەوتومەتە سەربانەکە",
        "start": 115926.0,
        "end": 118145.0,
        "audio": "content/segments/114/45.ogg"
    },
    {
        "ID": "46",
        "gender": "M",
        "age": "A",
        "character_name": "عەبدوڵا",
        "text": "ئائە بەم شیشە خەریچی سەهۆڵ شکاننم، هەتا هەتا خەریچی سەهۆڵ شکاننم",
        "text_original": "ئائە بەم شیشە خەریچی سەهۆڵ شکاننم، هەتا هەتا خەریچی سەهۆڵ شکاننم",
        "start": 118258.0,
        "end": 122197.0,
        "audio": "content/segments/114/46.ogg"
    },
    {
        "ID": "47",
        "gender": "M",
        "age": "A",
        "character_name": "زاهیر",
        "text": "جا باشە کاکە عەبە، توخوا خوا غەزەبی لێ گرتووی",
        "text_original": "جا باشە کاکە عەبە، توخوا خوا غەزەبی لێ گرتووی",
        "start": 122221.0,
        "end": 126070.0,
        "audio": "content/segments/114/47.ogg"
    },
    {
        "ID": "48",
        "gender": "M",
        "age": "A",
        "character_name": "زاهیر",
        "text": "ئاخر ئەم ڕۆژە ڕۆژی سەربانە",
        "text_original": "ئاخر ئەم ڕۆژە ڕۆژی سەربانە",
        "start": 126131.0,
        "end": 128175.00000000001,
        "audio": "content/segments/114/48.ogg"
    },
    {
        "ID": "49",
        "gender": "M",
        "age": "A",
        "character_name": "عەبدوڵا",
        "text": "کاک زایر خۆتم لێمەکە بە عالیم و فەیلەسوف",
        "text_original": "کاک زایر خۆتم لێمەکە بە عالیم و فەیلەسوف",
        "start": 128280.0,
        "end": 130765.99999999999,
        "audio": "content/segments/114/49.ogg"
    },
    {
        "ID": "50",
        "gender": "M",
        "age": "A",
        "character_name": "عەبدوڵا",
        "text": "کاک زایر ئاومان نییە ئاو، ئاو لە تەنچیەکەیا نییە بە فت",
        "text_original": "کاک زایر ئاومان نییە ئاو، ئاو لە تەنچیەکەیا نییە بە فت",
        "start": 130847.00000000001,
        "end": 135350.0,
        "audio": "content/segments/114/50.ogg"
    },
    {
        "ID": "51",
        "gender": "M",
        "age": "A",
        "character_name": "ئەحمەد",
        "text": "ئێ کاکە عەبە گیان، ئەم شارە هەمووی ئاوی نییە",
        "text_original": "ئێ کاکە عەبە گیان، ئەم شارە هەمووی ئاوی نییە",
        "start": 135372.0,
        "end": 138076.0,
        "audio": "content/segments/114/51.ogg"
    },
    {
        "ID": "52",
        "gender": "M",
        "age": "A",
        "character_name": "ئەحمەد",
        "text": "باوەڕ ناکەم لەم شارەیا ئەم بەیانیە یەکێ دەم و چاوی شتبێ",
        "text_original": "باوەڕ ناکەم لەم شارەیا ئەم بەیانیە یەکێ دەم و چاوی شتبێ",
        "start": 138206.0,
        "end": 141379.0,
        "audio": "content/segments/114/52.ogg"
    },
    {
        "ID": "53",
        "gender": "M",
        "age": "A",
        "character_name": "ئەحمەد",
        "text": "ئەها، تۆ سەیریان کە، ئەها بزانە یەک، ئەها ئەوەتا ئەها ئە",
        "text_original": "ئەها، تۆ سەیریان کە، ئەها بزانە یەک، ئەها ئەوەتا ئەها ئە",
        "start": 141414.0,
        "end": 144750.0,
        "audio": "content/segments/114/53.ogg"
    },
    {
        "ID": "54",
        "gender": "M",
        "age": "A",
        "character_name": "ئەحمەد",
        "text": "بزان، بزانە دەم و چاوی شوتوە",
        "text_original": "بزان، بزانە دەم و چاوی شوتوە",
        "start": 144760.0,
        "end": 146246.0,
        "audio": "content/segments/114/54.ogg"
    },
    {
        "ID": "55",
        "gender": "M",
        "age": "A",
        "character_name": "موراقیب",
        "text": "چلەی زستان ئاگرھ بۆ دێنم، وەزع وا بڕوا ئەمساڵ ناخوێنم",
        "text_original": "چلەی زستان ئاگرھ بۆ دێنم، وەزع وا بڕوا ئەمساڵ ناخوێنم",
        "start": 147602.0,
        "end": 154729.0,
        "audio": "content/segments/114/55.ogg"
    },
    {
        "ID": "56",
        "gender": "M",
        "age": "A",
        "character_name": "قوتابیەکان",
        "text": "وڵاتمان پڕە لە نەوت و بەنزین، کەچی لە سەرما هەر هەڵە لەرزین",
        "text_original": "وڵاتمان پڕە لە نەوت و بەنزین، کەچی لە سەرما هەر هەڵە لەرزین",
        "start": 155398.0,
        "end": 163143.0,
        "audio": "content/segments/114/56.ogg"
    },
    {
        "ID": "57",
        "gender": "M",
        "age": "A",
        "character_name": "موراقیب",
        "text": "جوێشی مەدەنێ، قەت نەیکەن بەخەم",
        "text_original": "جوێشی مەدەنێ، قەت نەیکەن بەخەم",
        "start": 163806.0,
        "end": 167590.0,
        "audio": "content/segments/114/57.ogg"
    },
    {
        "ID": "58",
        "gender": "M",
        "age": "A",
        "character_name": "موراقیب",
        "text": "مقەبا خۆش بێ، قەت پەکتان ناخەم",
        "text_original": "مقەبا خۆش بێ، قەت پەکتان ناخەم",
        "start": 167755.0,
        "end": 171601.0,
        "audio": "content/segments/114/58.ogg"
    },
    {
        "ID": "59",
        "gender": "M",
        "age": "A",
        "character_name": "قوتابیەکان",
        "text": "یٔینسانی قەپات، تەنها لێرەیە، کارەباکەشمان پێنچ ئەستێرەیە",
        "text_original": "یٔینسانی قەپات، تەنها لێرەیە، کارەباکەشمان پێنچ ئەستێرەیە",
        "start": 171743.0,
        "end": 179964.0,
        "audio": "content/segments/114/59.ogg"
    },
    {
        "ID": "60",
        "gender": "M",
        "age": "A",
        "character_name": "موراقیب",
        "text": "نا شکور مابن با ئەویش نابڕێ، زوو ملی ئەشکێ، ئەوەی بەرز ئافڕێ",
        "text_original": "نا شکور مابن با ئەویش نابڕێ، زوو ملی ئەشکێ، ئەوەی بەرز ئافڕێ",
        "start": 180134.0,
        "end": 188027.0,
        "audio": "content/segments/114/60.ogg"
    },
    {
        "ID": "61",
        "gender": "M",
        "age": "A",
        "character_name": "موراقیب",
        "text": "نا شکور مابن با ئەویش نابڕێ، زوو ملی ئەشکێ، ئەوەی بەرز ئافڕێ",
        "text_original": "نا شکور مابن با ئەویش نابڕێ، زوو ملی ئەشکێ، ئەوەی بەرز ئافڕێ",
        "start": 188295.0,
        "end": 196230.0,
        "audio": "content/segments/114/61.ogg"
    },
    {
        "ID": "62",
        "gender": "M",
        "age": "A",
        "character_name": "موراقیب",
        "text": "چاوی لێتانە دایچی وەتەن",
        "text_original": "چاوی لێتانە دایچی وەتەن",
        "start": 196265.0,
        "end": 198413.0,
        "audio": "content/segments/114/62.ogg"
    },
    {
        "ID": "63",
        "gender": "M",
        "age": "A",
        "character_name": "مستەر",
        "text": "ئەوە چییە، ئەوە چییە",
        "text_original": "ئەوە چییە، ئەوە چییە",
        "start": 199308.0,
        "end": 200729.0,
        "audio": "content/segments/114/63.ogg"
    },
    {
        "ID": "64",
        "gender": "M",
        "age": "A",
        "character_name": "موراقیب",
        "text": "ئەرێ ئەوە ئێوە بەشەرن، بۆ پێم ناڵێن ئەوە مستەر هاو",
        "text_original": "ئەرێ ئەوە ئێوە بەشەرن، بۆ پێم ناڵێن ئەوە مستەر هاو",
        "start": 201036.0,
        "end": 203931.0,
        "audio": "content/segments/114/64.ogg"
    },
    {
        "ID": "65",
        "gender": "M",
        "age": "A",
        "character_name": "موراقیب",
        "text": "دەیەڵا هەستن دەی",
        "text_original": "دەیەڵا هەستن دەی",
        "start": 204013.0,
        "end": 204927.0,
        "audio": "content/segments/114/65.ogg"
    },
    {
        "ID": "66",
        "gender": "M",
        "age": "A",
        "character_name": "مستەر",
        "text": "هەڵمەستن",
        "text_original": "هەڵمەستن",
        "start": 204927.0,
        "end": 205703.0,
        "audio": "content/segments/114/66.ogg"
    },
    {
        "ID": "67",
        "gender": "M",
        "age": "A",
        "character_name": "موراقیب",
        "text": "هەستن",
        "text_original": "هەستن",
        "start": 205703.0,
        "end": 206327.0,
        "audio": "content/segments/114/67.ogg"
    },
    {
        "ID": "68",
        "gender": "M",
        "age": "A",
        "character_name": "مستەر",
        "text": "هەڵمەستن",
        "text_original": "هەڵمەستن",
        "start": 206355.0,
        "end": 207138.0,
        "audio": "content/segments/114/68.ogg"
    },
    {
        "ID": "69",
        "gender": "M",
        "age": "A",
        "character_name": "مستەر",
        "text": "ئەمە چییە، دەی دەی دەی بەردەوام بن دەی، بەردەوام بن",
        "text_original": "ئەمە چییە، دەی دەی دەی بەردەوام بن دەی، بەردەوام بن",
        "start": 208212.0,
        "end": 211102.0,
        "audio": "content/segments/114/69.ogg"
    },
    {
        "ID": "70",
        "gender": "M",
        "age": "A",
        "character_name": "موراقیب",
        "text": "لەسەر چی بەردەوام بین ئەو گۆرانی و شتەکە",
        "text_original": "لەسەر چی بەردەوام بین ئەو گۆرانی و شتەکە",
        "start": 211245.0,
        "end": 213504.0,
        "audio": "content/segments/114/70.ogg"
    },
    {
        "ID": "71",
        "gender": "M",
        "age": "A",
        "character_name": "عەبدوڵا",
        "text": "مستەر، ئئئئ، شعرەکەیو بە دڵە یا لەحنەکەی",
        "text_original": "مستەر، ئئئئ، شعرەکەیو بە دڵە یا لەحنەکەی",
        "start": 214095.0,
        "end": 218092.0,
        "audio": "content/segments/114/71.ogg"
    },
    {
        "ID": "72",
        "gender": "M",
        "age": "A",
        "character_name": "مستەر",
        "text": "وەڵا هیچیانم بە دڵ نییە",
        "text_original": "وەڵا هیچیانم بە دڵ نییە",
        "start": 218178.0,
        "end": 219848.0,
        "audio": "content/segments/114/72.ogg"
    },
    {
        "ID": "73",
        "gender": "M",
        "age": "A",
        "character_name": "موراقیب",
        "text": "ئەی کەواتە لەسەر چی بەردەوام بین",
        "text_original": "ئەی کەواتە لەسەر چی بەردەوام بین",
        "start": 219920.0,
        "end": 221527.0,
        "audio": "content/segments/114/73.ogg"
    },
    {
        "ID": "74",
        "gender": "M",
        "age": "A",
        "character_name": "مستەر",
        "text": "لەسەر ئەم لەرزین و چۆکە چۆک و بەزم و ڕەزمەتان ئەی",
        "text_original": "لەسەر ئەم لەرزین و چۆکە چۆک و بەزم و ڕەزمەتان ئەی",
        "start": 221564.0,
        "end": 224886.0,
        "audio": "content/segments/114/74.ogg"
    },
    {
        "ID": "75",
        "gender": "M",
        "age": "A",
        "character_name": "موراقیب",
        "text": "بۆ، بۆچی باشە",
        "text_original": "بۆ، بۆچی باشە",
        "start": 224975.0,
        "end": 225972.0,
        "audio": "content/segments/114/75.ogg"
    },
    {
        "ID": "76",
        "gender": "M",
        "age": "A",
        "character_name": "مستەر",
        "text": "ئەوە بۆ ڕیازە باشە، ڕیازەیەکی زۆر زۆر چاکە و ئیستیفادەی لێ",
        "text_original": "ئەوە بۆ ڕیازە باشە، ڕیازەیەکی زۆر زۆر چاکە و ئیستیفادەی لێ",
        "start": 225987.0,
        "end": 229608.0,
        "audio": "content/segments/114/76.ogg"
    },
    {
        "ID": "77",
        "gender": "M",
        "age": "A",
        "character_name": "عومەر",
        "text": "ئەوە ڕاست ئەکا میستەر، بۆیە نەوت تەوزیع ناکەن",
        "text_original": "ئەوە ڕاست ئەکا میستەر، بۆیە نەوت تەوزیع ناکەن",
        "start": 230206.0,
        "end": 233269.0,
        "audio": "content/segments/114/77.ogg"
    },
    {
        "ID": "78",
        "gender": "M",
        "age": "A",
        "character_name": "عومەر",
        "text": "بۆیی ڕاکەین بە دوایا و چەوریمان دابەزێ، ئا کۆرستڕۆڵمان نەمێنێ",
        "text_original": "بۆیی ڕاکەین بە دوایا و چەوریمان دابەزێ، ئا کۆرستڕۆڵمان نەمێنێ",
        "start": 233269.0,
        "end": 237749.0,
        "audio": "content/segments/114/78.ogg"
    },
    {
        "ID": "79",
        "gender": "M",
        "age": "A",
        "character_name": "مستەر",
        "text": "دانیشن دانیشن، دەی دانیشن، دانیشن",
        "text_original": "دانیشن دانیشن، دەی دانیشن، دانیشن",
        "start": 238040.0,
        "end": 240437.0,
        "audio": "content/segments/114/79.ogg"
    },
    {
        "ID": "80",
        "gender": "M",
        "age": "A",
        "character_name": "سەباح",
        "text": "ئاغا جیان، خەتای ئەم بێ نەوتیە بێ بەرنامەیەکەیە، بێ بەرنامەن",
        "text_original": "ئاغا جیان، خەتای ئەم بێ نەوتیە بێ بەرنامەیەکەیە، بێ بەرنامەن",
        "start": 241490.0,
        "end": 246483.0,
        "audio": "content/segments/114/80.ogg"
    },
    {
        "ID": "81",
        "gender": "M",
        "age": "A",
        "character_name": "مستەر",
        "text": "نا شکور مەبن، نا شکور مەبن",
        "text_original": "نا شکور مەبن، نا شکور مەبن",
        "start": 246524.0,
        "end": 249177.0,
        "audio": "content/segments/114/81.ogg"
    },
    {
        "ID": "82",
        "gender": "M",
        "age": "A",
        "character_name": "مستەر",
        "text": "ئەگەر ئێوە بونایە لە جیاتی ئەو تەلەبە داماوانەی",
        "text_original": "ئەگەر ئێوە بونایە لە جیاتی ئەو تەلەبە داماوانەی",
        "start": 249494.0,
        "end": 252267.0,
        "audio": "content/segments/114/82.ogg"
    },
    {
        "ID": "83",
        "gender": "M",
        "age": "A",
        "character_name": "مستەر",
        "text": "دێکانی بناری قەندیل، چیتان ئەکرد پێم ناڵێن",
        "text_original": "دێکانی بناری قەندیل، چیتان ئەکرد پێم ناڵێن",
        "start": 252297.0,
        "end": 255712.0,
        "audio": "content/segments/114/83.ogg"
    },
    {
        "ID": "84",
        "gender": "M",
        "age": "A",
        "character_name": "عەبدوڵا",
        "text": "ئێمە بوینایە لەباتی ئەوان، ڕێکو پێک ئەچوینە ناو مەکتەبەکانی",
        "text_original": "ئێمە بوینایە لەباتی ئەوان، ڕێکو پێک ئەچوینە ناو مەکتەبەکانی",
        "start": 255737.0,
        "end": 258745.0,
        "audio": "content/segments/114/84.ogg"
    },
    {
        "ID": "85",
        "gender": "M",
        "age": "A",
        "character_name": "عەبدوڵا",
        "text": "سەنگەسەر و ژاراوە",
        "text_original": "سەنگەسەر و ژاراوە",
        "start": 258745.0,
        "end": 259692.0,
        "audio": "content/segments/114/85.ogg"
    },
    {
        "ID": "86",
        "gender": "M",
        "age": "A",
        "character_name": "مستەر",
        "text": "وەڵا وتیان سەنگەسەر و ژاراوە خۆیان وەزعیان زۆر باشە",
        "text_original": "وەڵا وتیان سەنگەسەر و ژاراوە خۆیان وەزعیان زۆر باشە",
        "start": 259773.00000000003,
        "end": 263177.0,
        "audio": "content/segments/114/86.ogg"
    },
    {
        "ID": "87",
        "gender": "M",
        "age": "A",
        "character_name": "مستەر",
        "text": "تۆ ئیفتراحیان بۆ ئەکەی میوان بچێتە سەریان",
        "text_original": "تۆ ئیفتراحیان بۆ ئەکەی میوان بچێتە سەریان",
        "start": 263177.0,
        "end": 265365.0,
        "audio": "content/segments/114/87.ogg"
    },
    {
        "ID": "88",
        "gender": "M",
        "age": "A",
        "character_name": "عەبدوڵا",
        "text": "ئیفتراحی من نییە مستەر، ڕەئی هەموو خەڵکەکە وایە",
        "text_original": "ئیفتراحی من نییە مستەر، ڕەئی هەموو خەڵکەکە وایە",
        "start": 265391.0,
        "end": 268602.0,
        "audio": "content/segments/114/88.ogg"
    },
    {
        "ID": "89",
        "gender": "M",
        "age": "A",
        "character_name": "عەبدوڵا",
        "text": "ڕەئی هەموو تەلەبەکانە",
        "text_original": "ڕەئی هەموو تەلەبەکانە",
        "start": 268602.0,
        "end": 269818.0,
        "audio": "content/segments/114/89.ogg"
    },
    {
        "ID": "90",
        "gender": "M",
        "age": "A",
        "character_name": "عەبدوڵا",
        "text": "ئێستا حالیەن ئەو خەڵکانەیان هێناوەتە مەکتەبەکابی",
        "text_original": "ئێستا حالیەن ئەو خەڵکانەیان هێناوەتە مەکتەبەکابی",
        "start": 269887.0,
        "end": 272389.0,
        "audio": "content/segments/114/90.ogg"
    },
    {
        "ID": "91",
        "gender": "M",
        "age": "A",
        "character_name": "عەبدوڵا",
        "text": "سەنگەسەر و ژاراوەوە",
        "text_original": "سەنگەسەر و ژاراوەوە",
        "start": 272389.0,
        "end": 273330.0,
        "audio": "content/segments/114/91.ogg"
    },
    {
        "ID": "92",
        "gender": "M",
        "age": "A",
        "character_name": "زانا",
        "text": "بەڕاستی واقعێکی تاڵە میستەر",
        "text_original": "بەڕاستی واقعێکی تاڵە میستەر",
        "start": 273424.0,
        "end": 276051.0,
        "audio": "content/segments/114/92.ogg"
    },
    {
        "ID": "93",
        "gender": "M",
        "age": "A",
        "character_name": "ئەحمەد",
        "text": "ڕاستە، ڕاستە واقیعێکی تاڵە و هین و ئەوانە",
        "text_original": "ڕاستە، ڕاستە واقیعێکی تاڵە و هین و ئەوانە",
        "start": 276204.0,
        "end": 279201.0,
        "audio": "content/segments/114/93.ogg"
    },
    {
        "ID": "94",
        "gender": "M",
        "age": "A",
        "character_name": "ئەحمەد",
        "text": "بەس زانە، ئەتوانی شەکری پێوە بکەین",
        "text_original": "بەس زانە، ئەتوانی شەکری پێوە بکەین",
        "start": 279471.0,
        "end": 281778.0,
        "audio": "content/segments/114/94.ogg"
    },
    {
        "ID": "95",
        "gender": "M",
        "age": "A",
        "character_name": "مستەر",
        "text": "شەکر بە چیەوە بکەین ناشیرین، شەکر بە چیەوە ئەکەی",
        "text_original": "شەکر بە چیەوە بکەین ناشیرین، شەکر بە چیەوە ئەکەی",
        "start": 281837.0,
        "end": 285237.0,
        "audio": "content/segments/114/95.ogg"
    },
    {
        "ID": "96",
        "gender": "M",
        "age": "A",
        "character_name": "ئەحمەد",
        "text": "بەم واقعە تاڵەوە مستەر",
        "text_original": "بەم واقعە تاڵەوە مستەر",
        "start": 285271.0,
        "end": 286921.0,
        "audio": "content/segments/114/96.ogg"
    },
    {
        "ID": "97",
        "gender": "M",
        "age": "A",
        "character_name": "مستەر",
        "text": "ئەرێ بۆ ئێوە هەر، هەر سەروی خۆتان ئەبینن",
        "text_original": "ئەرێ بۆ ئێوە هەر، هەر سەروی خۆتان ئەبینن",
        "start": 287167.0,
        "end": 290799.0,
        "audio": "content/segments/114/97.ogg"
    },
    {
        "ID": "98",
        "gender": "M",
        "age": "A",
        "character_name": "مستەر",
        "text": "باشە بۆ نایەن سەیرێکی متەوەسەکەی ئەوەی چەمچەماڵ بکەن ئەوەی کچان",
        "text_original": "باشە بۆ نایەن سەیرێکی متەوەسەکەی ئەوەی چەمچەماڵ بکەن ئەوەی کچان",
        "start": 291271.0,
        "end": 295855.0,
        "audio": "content/segments/114/98.ogg"
    },
    {
        "ID": "99",
        "gender": "M",
        "age": "A",
        "character_name": "حیکمەت",
        "text": "متەوەستەی چوێ میستەر",
        "text_original": "متەوەستەی چوێ میستەر",
        "start": 295905.0,
        "end": 297426.0,
        "audio": "content/segments/114/99.ogg"
    },
    {
        "ID": "100",
        "gender": "M",
        "age": "A",
        "character_name": "مستەر",
        "text": "کچان",
        "text_original": "کچان",
        "start": 297990.0,
        "end": 298432.0,
        "audio": "content/segments/114/100.ogg"
    },
    {
        "ID": "101",
        "gender": "M",
        "age": "A",
        "character_name": "حیکمەت",
        "text": "بۆ چیەتی",
        "text_original": "بۆ چیەتی",
        "start": 298486.0,
        "end": 299477.0,
        "audio": "content/segments/114/101.ogg"
    },
    {
        "ID": "102",
        "gender": "M",
        "age": "A",
        "character_name": "مستەر",
        "text": "ئەو داماوانە هەتا ئێستا بیخەیتە سەر یەک",
        "text_original": "ئەو داماوانە هەتا ئێستا بیخەیتە سەر یەک",
        "start": 299773.0,
        "end": 302595.0,
        "audio": "content/segments/114/102.ogg"
    },
    {
        "ID": "103",
        "gender": "M",
        "age": "A",
        "character_name": "مستەر",
        "text": "هەمووی شەش دەرسیان نەخوێندوە",
        "text_original": "هەمووی شەش دەرسیان نەخوێندوە",
        "start": 302608.0,
        "end": 304125.0,
        "audio": "content/segments/114/103.ogg"
    },
    {
        "ID": "104",
        "gender": "M",
        "age": "A",
        "character_name": "زاهیر",
        "text": "خەتای خۆیانە میستەر جیان، خەتای خۆیانە",
        "text_original": "خەتای خۆیانە میستەر جیان، خەتای خۆیانە",
        "start": 304247.0,
        "end": 306759.0,
        "audio": "content/segments/114/104.ogg"
    },
    {
        "ID": "105",
        "gender": "M",
        "age": "A",
        "character_name": "زاهیر",
        "text": "ئەگەر ئەوان نێن لە مەکتەبەکانا ئەو قاعە چاکە دروست بکەن",
        "text_original": "ئەگەر ئەوان نێن لە مەکتەبەکانا ئەو قاعە چاکە دروست بکەن",
        "start": 307015.0,
        "end": 310354.0,
        "audio": "content/segments/114/105.ogg"
    },
    {
        "ID": "106",
        "gender": "M",
        "age": "A",
        "character_name": "زاهیر",
        "text": "ئیتر ئەوانیش ناچن بێن، کۆبونەوەی کۆڕی جەماوەری و",
        "text_original": "ئیتر ئەوانیش ناچن بێن، کۆبونەوەی کۆڕی جەماوەری و",
        "start": 310767.0,
        "end": 313836.0,
        "audio": "content/segments/114/106.ogg"
    },
    {
        "ID": "107",
        "gender": "M",
        "age": "A",
        "character_name": "زاهیر",
        "text": "یٔەوشتانەی تیا بکەن",
        "text_original": "یٔەوشتانەی تیا بکەن",
        "start": 313836.0,
        "end": 314824.0,
        "audio": "content/segments/114/107.ogg"
    },
    {
        "ID": "108",
        "gender": "M",
        "age": "A",
        "character_name": "عومەر",
        "text": "ئەی لە خوا بەزیاد بێ یاخوا، شکور ئێمە قاعەی وامان نییە",
        "text_original": "ئەی لە خوا بەزیاد بێ یاخوا، شکور ئێمە قاعەی وامان نییە",
        "start": 314997.0,
        "end": 318604.0,
        "audio": "content/segments/114/108.ogg"
    },
    {
        "ID": "109",
        "gender": "M",
        "age": "A",
        "character_name": "عومەر",
        "text": "هەتا خوێندنمان لێ تێک با",
        "text_original": "هەتا خوێندنمان لێ تێک با",
        "start": 318630.0,
        "end": 320085.0,
        "audio": "content/segments/114/109.ogg"
    },
    {
        "ID": "110",
        "gender": "M",
        "age": "A",
        "character_name": "ڕێبوار",
        "text": "باشە میستەر جیان، نەئەکرا ئەو قاعە جوانە",
        "text_original": "باشە میستەر جیان، نەئەکرا ئەو قاعە جوانە",
        "start": 320329.0,
        "end": 323281.0,
        "audio": "content/segments/114/110.ogg"
    },
    {
        "ID": "111",
        "gender": "M",
        "age": "A",
        "character_name": "ڕێبوار",
        "text": "بەرن لە شوێنێچیکە دروستی بکەن و بۆی سەر لەو تەلەبانەش تێک نەچێ",
        "text_original": "بەرن لە شوێنێچیکە دروستی بکەن و بۆی سەر لەو تەلەبانەش تێک نەچێ",
        "start": 323454.0,
        "end": 326762.0,
        "audio": "content/segments/114/111.ogg"
    },
    {
        "ID": "112",
        "gender": "M",
        "age": "A",
        "character_name": "مستەر",
        "text": "ئەرێ جوێتان لێیە کاک نا ڕێبوار ئیفتراحی چیمان بۆ ئەکا",
        "text_original": "ئەرێ جوێتان لێیە کاک نا ڕێبوار ئیفتراحی چیمان بۆ ئەکا",
        "start": 327206.0,
        "end": 331248.0,
        "audio": "content/segments/114/112.ogg"
    },
    {
        "ID": "113",
        "gender": "M",
        "age": "A",
        "character_name": "مستەر",
        "text": "توخوا جوێتان لێیە، ئەوە قسەیە تۆ ئەیکەی",
        "text_original": "توخوا جوێتان لێیە، ئەوە قسەیە تۆ ئەیکەی",
        "start": 331981.0,
        "end": 334313.0,
        "audio": "content/segments/114/113.ogg"
    },
    {
        "ID": "114",
        "gender": "M",
        "age": "A",
        "character_name": "موراقیب",
        "text": "کورە مستەر، ڕێبوار خۆی چییە تا ئیفتراحی جوانی هەبێ",
        "text_original": "کورە مستەر، ڕێبوار خۆی چییە تا ئیفتراحی جوانی هەبێ",
        "start": 334381.0,
        "end": 337707.0,
        "audio": "content/segments/114/114.ogg"
    },
    {
        "ID": "115",
        "gender": "M",
        "age": "A",
        "character_name": "موراقیب",
        "text": "بەساقەو بم هەستە برۆ زۆپاێکمان بۆ بێنە",
        "text_original": "بەساقەو بم هەستە برۆ زۆپاێکمان بۆ بێنە",
        "start": 338038.0,
        "end": 340290.0,
        "audio": "content/segments/114/115.ogg"
    },
    {
        "ID": "116",
        "gender": "M",
        "age": "A",
        "character_name": "موراقیب",
        "text": "بابە بەوە چۆن ئیدارە ئەکەین، هەستە",
        "text_original": "بابە بەوە چۆن ئیدارە ئەکەین، هەستە",
        "start": 340304.0,
        "end": 342296.0,
        "audio": "content/segments/114/116.ogg"
    },
    {
        "ID": "117",
        "gender": "M",
        "age": "A",
        "character_name": "مستەر",
        "text": "زۆپای چی، زۆپای چی ئەوە ئیشی من نییە",
        "text_original": "زۆپای چی، زۆپای چی ئەوە ئیشی من نییە",
        "start": 342391.0,
        "end": 345886.0,
        "audio": "content/segments/114/117.ogg"
    },
    {
        "ID": "118",
        "gender": "M",
        "age": "A",
        "character_name": "موراقیب",
        "text": "ئەی لەوە، بۆچی ئیشی تۆ نییە",
        "text_original": "ئەی لەوە، بۆچی ئیشی تۆ نییە",
        "start": 346247.0,
        "end": 348319.0,
        "audio": "content/segments/114/118.ogg"
    },
    {
        "ID": "119",
        "gender": "M",
        "age": "A",
        "character_name": "موراقیب",
        "text": "وەڵای ئیشی تۆیە ئێستە سبلیتێکت بۆ بێناینایە",
        "text_original": "وەڵای ئیشی تۆیە ئێستە سبلیتێکت بۆ بێناینایە",
        "start": 348668.0,
        "end": 351328.0,
        "audio": "content/segments/114/119.ogg"
    },
    {
        "ID": "120",
        "gender": "M",
        "age": "A",
        "character_name": "موراقیب",
        "text": "بە تاقە شەمسی یٔیشکا، دە هەستە کاکە بڕۆ شتێکمان بۆ پەیاکە",
        "text_original": "بە تاقە شەمسی یٔیشکا، دە هەستە کاکە بڕۆ شتێکمان بۆ پەیاکە",
        "start": 351328.0,
        "end": 355047.0,
        "audio": "content/segments/114/120.ogg"
    },
    {
        "ID": "121",
        "gender": "M",
        "age": "A",
        "character_name": "مستەر",
        "text": "چۆن شتیوا ئەبێ مراقیب، ئەوە ئیشی من نییە و نایکەم",
        "text_original": "چۆن شتیوا ئەبێ مراقیب، ئەوە ئیشی من نییە و نایکەم",
        "start": 355583.0,
        "end": 358947.0,
        "audio": "content/segments/114/121.ogg"
    },
    {
        "ID": "122",
        "gender": "M",
        "age": "A",
        "character_name": "عەبدوڵا",
        "text": "کورە میستەر، یٔیشی من نییە، یٔیشی من نییە، چی ئەکەی تۆ",
        "text_original": "کورە میستەر، یٔیشی من نییە، یٔیشی من نییە، چی ئەکەی تۆ",
        "start": 358995.0,
        "end": 361562.0,
        "audio": "content/segments/114/122.ogg"
    },
    {
        "ID": "123",
        "gender": "M",
        "age": "A",
        "character_name": "عەبدوڵا",
        "text": "بۆ یٔیشی تۆ نییە مدیری ئاوەکەی، ئاوەکە",
        "text_original": "بۆ یٔیشی تۆ نییە مدیری ئاوەکەی، ئاوەکە",
        "start": 361562.0,
        "end": 365383.0,
        "audio": "content/segments/114/123.ogg"
    },
    {
        "ID": "124",
        "gender": "M",
        "age": "A",
        "character_name": "عەبدوڵا",
        "text": "لەم بەینەیا چوو بوو بۆ دەشتی هەولێر",
        "text_original": "لەم بەینەیا چوو بوو بۆ دەشتی هەولێر",
        "start": 365683.0,
        "end": 366897.0,
        "audio": "content/segments/114/124.ogg"
    },
    {
        "ID": "125",
        "gender": "M",
        "age": "A",
        "character_name": "عەبدوڵا",
        "text": "لەگەڵ دەستیا تەنچیەک ئاویشی بردبوو، یەک تەنکەری کامل",
        "text_original": "لەگەڵ دەستیا تەنچیەک ئاویشی بردبوو، یەک تەنکەری کامل",
        "start": 366897.0,
        "end": 369592.0,
        "audio": "content/segments/114/125.ogg"
    },
    {
        "ID": "126",
        "gender": "M",
        "age": "A",
        "character_name": "عەبدوڵا",
        "text": "بۆ ئیشی تۆ نییە",
        "text_original": "بۆ ئیشی تۆ نییە",
        "start": 369917.0,
        "end": 370696.0,
        "audio": "content/segments/114/126.ogg"
    },
    {
        "ID": "127",
        "gender": "M",
        "age": "A",
        "character_name": "مستەر",
        "text": "ئێ ئەوە کوڕم مەسەلە ئاو عەزیزە لەو مەنتیقەیە، ئەمە لە لایەک",
        "text_original": "ئێ ئەوە کوڕم مەسەلە ئاو عەزیزە لەو مەنتیقەیە، ئەمە لە لایەک",
        "start": 370696.0,
        "end": 374462.0,
        "audio": "content/segments/114/127.ogg"
    },
    {
        "ID": "128",
        "gender": "M",
        "age": "A",
        "character_name": "مستەر",
        "text": "لە لایەکی تر، من، ئیشی من ئەوەیە تەنها مەنهەجەکەتان پێ تەواو کەم",
        "text_original": "لە لایەکی تر، من، ئیشی من ئەوەیە تەنها مەنهەجەکەتان پێ تەواو کەم",
        "start": 374462.0,
        "end": 378088.0,
        "audio": "content/segments/114/128.ogg"
    },
    {
        "ID": "129",
        "gender": "M",
        "age": "A",
        "character_name": "مستەر",
        "text": "زۆپا و نەوت و بەنزین و گازۆیل و ئەمانە، هیچی ئیشی من نییە",
        "text_original": "زۆپا و نەوت و بەنزین و گازۆیل و ئەمانە، هیچی ئیشی من نییە",
        "start": 378553.0,
        "end": 382247.0,
        "audio": "content/segments/114/129.ogg"
    },
    {
        "ID": "130",
        "gender": "M",
        "age": "A",
        "character_name": "عومەر",
        "text": "میستەر گیان، یاعنی دەستی لێ بشۆین",
        "text_original": "میستەر گیان، یاعنی دەستی لێ بشۆین",
        "start": 382372.0,
        "end": 384473.0,
        "audio": "content/segments/114/130.ogg"
    },
    {
        "ID": "131",
        "gender": "M",
        "age": "A",
        "character_name": "مستەر",
        "text": "من ئەوە ناڵێم، ناڵێم دەستی لێ بشۆن",
        "text_original": "من ئەوە ناڵێم، ناڵێم دەستی لێ بشۆن",
        "start": 384720.0,
        "end": 387282.0,
        "audio": "content/segments/114/131.ogg"
    },
    {
        "ID": "132",
        "gender": "M",
        "age": "A",
        "character_name": "مستەر",
        "text": "بەڵام یٔیعتیماد بکەنە سەر خۆتان",
        "text_original": "بەڵام یٔیعتیماد بکەنە سەر خۆتان",
        "start": 387610.0,
        "end": 389510.0,
        "audio": "content/segments/114/132.ogg"
    },
    {
        "ID": "133",
        "gender": "M",
        "age": "A",
        "character_name": "زاهیر",
        "text": "توانای خۆمان هەر ئەو مقڵیە قۆڕەیە و هیچی کە",
        "text_original": "توانای خۆمان هەر ئەو مقڵیە قۆڕەیە و هیچی کە",
        "start": 389543.0,
        "end": 392368.0,
        "audio": "content/segments/114/133.ogg"
    },
    {
        "ID": "134",
        "gender": "M",
        "age": "A",
        "character_name": "موراقیب",
        "text": "ئەی تەبعەن هەر ئەوەیە، ئەی چی بکەین لەوە زیاتر",
        "text_original": "ئەی تەبعەن هەر ئەوەیە، ئەی چی بکەین لەوە زیاتر",
        "start": 392712.0,
        "end": 395486.0,
        "audio": "content/segments/114/134.ogg"
    },
    {
        "ID": "135",
        "gender": "M",
        "age": "A",
        "character_name": "مستەر",
        "text": "باشە ئەزانی چۆن",
        "text_original": "باشە ئەزانی چۆن",
        "start": 395758.0,
        "end": 396824.0,
        "audio": "content/segments/114/135.ogg"
    },
    {
        "ID": "136",
        "gender": "M",
        "age": "A",
        "character_name": "مستەر",
        "text": "بۆ تەلەبەیەکتان بە نوێنەرایەتی هەر هەمووتان ناچێ بۆ ئیدارە و",
        "text_original": "بۆ تەلەبەیەکتان بە نوێنەرایەتی هەر هەمووتان ناچێ بۆ ئیدارە و",
        "start": 397871.0,
        "end": 401681.0,
        "audio": "content/segments/114/136.ogg"
    },
    {
        "ID": "137",
        "gender": "M",
        "age": "A",
        "character_name": "مستەر",
        "text": "لەوێ داوای زۆپایێک کا و ئا",
        "text_original": "لەوێ داوای زۆپایێک کا و ئا",
        "start": 401681.0,
        "end": 403136.0,
        "audio": "content/segments/114/137.ogg"
    },
    {
        "ID": "138",
        "gender": "M",
        "age": "A",
        "character_name": "ڕێبوار",
        "text": "میستەر بۆ من نەچم",
        "text_original": "میستەر بۆ من نەچم",
        "start": 403232.0,
        "end": 404249.0,
        "audio": "content/segments/114/138.ogg"
    },
    {
        "ID": "139",
        "gender": "M",
        "age": "A",
        "character_name": "مستەر",
        "text": "نا نا نا نا، نا دانیشە",
        "text_original": "نا نا نا نا، نا دانیشە",
        "start": 404300.0,
        "end": 405534.0,
        "audio": "content/segments/114/139.ogg"
    },
    {
        "ID": "140",
        "gender": "M",
        "age": "A",
        "character_name": "مستەر",
        "text": "بەخوا تۆ بچی داوای بەردی سەرشکانیش کەی ناتدەنێ، نەوەڵا تۆ",
        "text_original": "بەخوا تۆ بچی داوای بەردی سەرشکانیش کەی ناتدەنێ، نەوەڵا تۆ",
        "start": 405589.0,
        "end": 409236.0,
        "audio": "content/segments/114/140.ogg"
    },
    {
        "ID": "141",
        "gender": "M",
        "age": "A",
        "character_name": "مستەر",
        "text": "بە ڕەئی من، زانا تۆ بچی باشە",
        "text_original": "بە ڕەئی من، زانا تۆ بچی باشە",
        "start": 409327.0,
        "end": 411043.0,
        "audio": "content/segments/114/141.ogg"
    },
    {
        "ID": "142",
        "gender": "M",
        "age": "A",
        "character_name": "زانا",
        "text": "وەڵاهی میستەر جیان، بەڕاستی من ڕووم نایە",
        "text_original": "وەڵاهی میستەر جیان، بەڕاستی من ڕووم نایە",
        "start": 411137.0,
        "end": 414007.0,
        "audio": "content/segments/114/142.ogg"
    },
    {
        "ID": "143",
        "gender": "M",
        "age": "A",
        "character_name": "مستەر",
        "text": "چی",
        "text_original": "چی",
        "start": 414140.0,
        "end": 414925.0,
        "audio": "content/segments/114/143.ogg"
    },
    {
        "ID": "144",
        "gender": "M",
        "age": "A",
        "character_name": "مستەر",
        "text": "بۆ لە ڕوو نایە زانا چییە خۆ ناچی سواڵیان لێ بکەی",
        "text_original": "بۆ لە ڕوو نایە زانا چییە خۆ ناچی سواڵیان لێ بکەی",
        "start": 415491.0,
        "end": 419173.0,
        "audio": "content/segments/114/144.ogg"
    },
    {
        "ID": "145",
        "gender": "M",
        "age": "A",
        "character_name": "سەباح",
        "text": "وەڵا خۆ ئەگەر سواڵیش بێ، زۆر زۆر تەبیعیە",
        "text_original": "وەڵا خۆ ئەگەر سواڵیش بێ، زۆر زۆر تەبیعیە",
        "start": 419517.0,
        "end": 422422.0,
        "audio": "content/segments/114/145.ogg"
    },
    {
        "ID": "146",
        "gender": "M",
        "age": "A",
        "character_name": "سەباح",
        "text": "میستەر، بە قەبری باوکم یٔەم سەری ساڵە",
        "text_original": "میستەر، بە قەبری باوکم یٔەم سەری ساڵە",
        "start": 422635.0,
        "end": 424993.0,
        "audio": "content/segments/114/146.ogg"
    },
    {
        "ID": "147",
        "gender": "M",
        "age": "A",
        "character_name": "سەباح",
        "text": "بابە نوئیلێکم دیت سواڵی یٔەکرد",
        "text_original": "بابە نوئیلێکم دیت سواڵی یٔەکرد",
        "start": 425016.0,
        "end": 427113.0,
        "audio": "content/segments/114/147.ogg"
    },
    {
        "ID": "148",
        "gender": "M",
        "age": "A",
        "character_name": "قوتابیەکان",
        "text": "(پێکەنین)",
        "text_original": "(پێکەنین)",
        "start": 427184.0,
        "end": 427635.0,
        "audio": "content/segments/114/148.ogg"
    },
    {
        "ID": "149",
        "gender": "M",
        "age": "A",
        "character_name": "مستەر",
        "text": "ماڵتان بە قوڕ جیرێ یاخوا",
        "text_original": "ماڵتان بە قوڕ جیرێ یاخوا",
        "start": 427644.0,
        "end": 428870.0,
        "audio": "content/segments/114/149.ogg"
    },
    {
        "ID": "150",
        "gender": "M",
        "age": "A",
        "character_name": "مستەر",
        "text": "تەبیعەتی بابە نوێلیەکانیشتان تێکئاوە بێقەزابن یاخوا",
        "text_original": "تەبیعەتی بابە نوێلیەکانیشتان تێکئاوە بێقەزابن یاخوا",
        "start": 428902.0,
        "end": 431945.0,
        "audio": "content/segments/114/150.ogg"
    },
    {
        "ID": "151",
        "gender": "M",
        "age": "A",
        "character_name": "حیکمەت",
        "text": "میستەر جیان بەقوربان، جەوی ئێرە هەروایە، خەتای کەسی تیا نییە",
        "text_original": "میستەر جیان بەقوربان، جەوی ئێرە هەروایە، خەتای کەسی تیا نییە",
        "start": 431987.0,
        "end": 436965.0,
        "audio": "content/segments/114/151.ogg"
    },
    {
        "ID": "152",
        "gender": "M",
        "age": "A",
        "character_name": "مستەر",
        "text": "حەی حەی حەی، لەمەیانا لەگەڵھ نیم، کاک نا حیکمەت",
        "text_original": "حەی حەی حەی، لەمەیانا لەگەڵھ نیم، کاک نا حیکمەت",
        "start": 437031.0,
        "end": 440149.0,
        "audio": "content/segments/114/152.ogg"
    },
    {
        "ID": "153",
        "gender": "M",
        "age": "A",
        "character_name": "مستەر",
        "text": "تێ ئەگەیت",
        "text_original": "تێ ئەگەیت",
        "start": 440359.0,
        "end": 441113.0,
        "audio": "content/segments/114/153.ogg"
    },
    {
        "ID": "154",
        "gender": "M",
        "age": "A",
        "character_name": "مستەر",
        "text": "هەستە کاک زایر",
        "text_original": "هەستە کاک زایر",
        "start": 441253.0,
        "end": 442151.0,
        "audio": "content/segments/114/154.ogg"
    },
    {
        "ID": "155",
        "gender": "M",
        "age": "A",
        "character_name": "زاهیر",
        "text": "بەڵێ",
        "text_original": "بەڵێ",
        "start": 442151.0,
        "end": 442843.0,
        "audio": "content/segments/114/155.ogg"
    },
    {
        "ID": "156",
        "gender": "M",
        "age": "A",
        "character_name": "مستەر",
        "text": "تۆ بڕۆ بۆ ئیدارە کاکە، دەبڕۆ دەی",
        "text_original": "تۆ بڕۆ بۆ ئیدارە کاکە، دەبڕۆ دەی",
        "start": 442986.0,
        "end": 444840.0,
        "audio": "content/segments/114/156.ogg"
    },
    {
        "ID": "157",
        "gender": "M",
        "age": "A",
        "character_name": "زاهیر",
        "text": "بۆ چی",
        "text_original": "بۆ چی",
        "start": 444850.0,
        "end": 445540.0,
        "audio": "content/segments/114/157.ogg"
    },
    {
        "ID": "158",
        "gender": "M",
        "age": "A",
        "character_name": "مستەر",
        "text": "بۆ ئەو زۆپایە",
        "text_original": "بۆ ئەو زۆپایە",
        "start": 445769.0,
        "end": 446774.0,
        "audio": "content/segments/114/158.ogg"
    },
    {
        "ID": "159",
        "gender": "M",
        "age": "A",
        "character_name": "زاهیر",
        "text": "مستەر گیان داوای لێبوردن ئەکەم، من ناچم بەخوا",
        "text_original": "مستەر گیان داوای لێبوردن ئەکەم، من ناچم بەخوا",
        "start": 446947.0,
        "end": 449338.0,
        "audio": "content/segments/114/159.ogg"
    },
    {
        "ID": "160",
        "gender": "M",
        "age": "A",
        "character_name": "زانا",
        "text": "میستەر، لەوە ئەترسێ هەتا یێتەوە جێگاکەی بگرن",
        "text_original": "میستەر، لەوە ئەترسێ هەتا یێتەوە جێگاکەی بگرن",
        "start": 449575.0,
        "end": 453348.0,
        "audio": "content/segments/114/160.ogg"
    },
    {
        "ID": "161",
        "gender": "M",
        "age": "A",
        "character_name": "عەبدوڵا",
        "text": "نا هەقی نییە کاکە زایر، ناهەقی نییە",
        "text_original": "نا هەقی نییە کاکە زایر، ناهەقی نییە",
        "start": 453496.0,
        "end": 455905.0,
        "audio": "content/segments/114/161.ogg"
    },
    {
        "ID": "162",
        "gender": "M",
        "age": "A",
        "character_name": "عەبدوڵا",
        "text": "بە هیچ کلۆژێ سیقە نەماوە تەواو",
        "text_original": "بە هیچ کلۆژێ سیقە نەماوە تەواو",
        "start": 455941.0,
        "end": 458054.0,
        "audio": "content/segments/114/162.ogg"
    },
    {
        "ID": "163",
        "gender": "M",
        "age": "A",
        "character_name": "موراقیب",
        "text": "ئای لەوە مستەر، جا باشە تۆ تێمناگەیێنی کاکە عەبە",
        "text_original": "ئای لەوە مستەر، جا باشە تۆ تێمناگەیێنی کاکە عەبە",
        "start": 458924.0,
        "end": 462531.0,
        "audio": "content/segments/114/163.ogg"
    },
    {
        "ID": "164",
        "gender": "M",
        "age": "A",
        "character_name": "موراقیب",
        "text": "جێگاکەی کاک زایر چییە و چێ تەماحی تێ ئەکا ئەو جێگایە",
        "text_original": "جێگاکەی کاک زایر چییە و چێ تەماحی تێ ئەکا ئەو جێگایە",
        "start": 462561.0,
        "end": 465731.0,
        "audio": "content/segments/114/164.ogg"
    },
    {
        "ID": "165",
        "gender": "M",
        "age": "A",
        "character_name": "مستەر",
        "text": "نازانم نازانم، چێ تەماح یٔەکا",
        "text_original": "نازانم نازانم، چێ تەماح یٔەکا",
        "start": 465816.0,
        "end": 468010.0,
        "audio": "content/segments/114/165.ogg"
    },
    {
        "ID": "166",
        "gender": "M",
        "age": "A",
        "character_name": "مستەر",
        "text": "قابیلە لێی ببێ بە جێگاکەی قەرقەشەندی ها",
        "text_original": "قابیلە لێی ببێ بە جێگاکەی قەرقەشەندی ها",
        "start": 468089.0,
        "end": 471779.0,
        "audio": "content/segments/114/166.ogg"
    },
    {
        "ID": "167",
        "gender": "M",
        "age": "A",
        "character_name": "سەباح",
        "text": "قەرقەشەندی قەرقەشەندی، میستەر قەرقەشەندی چێیە",
        "text_original": "قەرقەشەندی قەرقەشەندی، میستەر قەرقەشەندی چێیە",
        "start": 472347.0,
        "end": 476975.0,
        "audio": "content/segments/114/167.ogg"
    },
    {
        "ID": "168",
        "gender": "M",
        "age": "A",
        "character_name": "مستەر",
        "text": "ڕۆلە جیان، ئەوا قەرقەشەندی وەختی خۆی قازیێ بوو",
        "text_original": "ڕۆلە جیان، ئەوا قەرقەشەندی وەختی خۆی قازیێ بوو",
        "start": 477181.0,
        "end": 481226.0,
        "audio": "content/segments/114/168.ogg"
    },
    {
        "ID": "169",
        "gender": "M",
        "age": "A",
        "character_name": "مستەر",
        "text": "زۆر بە توانا و زۆر لێهاتوو و زۆر زیرەک بوو",
        "text_original": "زۆر بە توانا و زۆر لێهاتوو و زۆر زیرەک بوو",
        "start": 481226.0,
        "end": 483836.0,
        "audio": "content/segments/114/169.ogg"
    },
    {
        "ID": "170",
        "gender": "M",
        "age": "A",
        "character_name": "مستەر",
        "text": "چوو داماوە سە، هەتا سەفەرێکی کرد و هاتەوە",
        "text_original": "چوو داماوە سە، هەتا سەفەرێکی کرد و هاتەوە",
        "start": 484479.0,
        "end": 487480.0,
        "audio": "content/segments/114/170.ogg"
    },
    {
        "ID": "171",
        "gender": "M",
        "age": "A",
        "character_name": "مستەر",
        "text": "تا سێ هەزار دیناریان لێ نەسەند، نەیان خستەوە سەر جێگا",
        "text_original": "تا سێ هەزار دیناریان لێ نەسەند، نەیان خستەوە سەر جێگا",
        "start": 487693.0,
        "end": 491110.0,
        "audio": "content/segments/114/171.ogg"
    },
    {
        "ID": "172",
        "gender": "M",
        "age": "A",
        "character_name": "مستەر",
        "text": "نەیان هێشت بچێتەوە جێگاکەی خۆی",
        "text_original": "نەیان هێشت بچێتەوە جێگاکەی خۆی",
        "start": 491110.0,
        "end": 492765.0,
        "audio": "content/segments/114/172.ogg"
    },
    {
        "ID": "173",
        "gender": "M",
        "age": "A",
        "character_name": "موراقیب",
        "text": "مستەر، سێ هەزار دینار یەعنی سێ هەزار دیناری زەمانی خۆی یا",
        "text_original": "مستەر، سێ هەزار دینار یەعنی سێ هەزار دیناری زەمانی خۆی یا",
        "start": 493174.0,
        "end": 497727.0,
        "audio": "content/segments/114/173.ogg"
    },
    {
        "ID": "174",
        "gender": "NA",
        "age": "NA",
        "character_name": "NA",
        "text": "ئەوەی خۆمان",
        "text_original": "ئەوەی خۆمان",
        "start": 497756.0,
        "end": 498866.0,
        "audio": "content/segments/114/174.ogg"
    },
    {
        "ID": "175",
        "gender": "M",
        "age": "A",
        "character_name": "مستەر",
        "text": "نا نا، هی ئەو زەمانە قابیلە داوای سێ هەزار دینار",
        "text_original": "نا نا، هی ئەو زەمانە قابیلە داوای سێ هەزار دینار",
        "start": 498893.0,
        "end": 502504.0,
        "audio": "content/segments/114/175.ogg"
    },
    {
        "ID": "176",
        "gender": "M",
        "age": "A",
        "character_name": "مستەر",
        "text": "لەم قاوەیە علوجەیان لێ کردبێ، نانا هی زەمانی خۆی",
        "text_original": "لەم قاوەیە علوجەیان لێ کردبێ، نانا هی زەمانی خۆی",
        "start": 502601.0,
        "end": 505877.0,
        "audio": "content/segments/114/176.ogg"
    },
    {
        "ID": "177",
        "gender": "M",
        "age": "A",
        "character_name": "عومەر",
        "text": "میستەر جیان بە قوربانھ بم و خوا لە مستەریەتی و کەم نەکا",
        "text_original": "میستەر جیان بە قوربانھ بم و خوا لە مستەریەتی و کەم نەکا",
        "start": 506169.0,
        "end": 509845.0,
        "audio": "content/segments/114/177.ogg"
    },
    {
        "ID": "178",
        "gender": "M",
        "age": "A",
        "character_name": "عومەر",
        "text": "دەرسەکەمان بۆ شەرحکە و با نەجاتمان بێ",
        "text_original": "دەرسەکەمان بۆ شەرحکە و با نەجاتمان بێ",
        "start": 510208.0,
        "end": 512325.00000000006,
        "audio": "content/segments/114/178.ogg"
    },
    {
        "ID": "179",
        "gender": "M",
        "age": "A",
        "character_name": "عەبدوڵا",
        "text": "کاکە دەرسەکەمان بۆ شەرح کا، ئێمەش لەگەڵ ئەوەیاین",
        "text_original": "کاکە دەرسەکەمان بۆ شەرح کا، ئێمەش لەگەڵ ئەوەیاین",
        "start": 512368.00000000006,
        "end": 515355.0,
        "audio": "content/segments/114/179.ogg"
    },
    {
        "ID": "180",
        "gender": "M",
        "age": "A",
        "character_name": "عەبدوڵا",
        "text": "بەڵام نابێ بزانین لەسەر چ مەنهەجێکە",
        "text_original": "بەڵام نابێ بزانین لەسەر چ مەنهەجێکە",
        "start": 515618.00000000006,
        "end": 517669.0,
        "audio": "content/segments/114/180.ogg"
    },
    {
        "ID": "181",
        "gender": "M",
        "age": "A",
        "character_name": "عومەر",
        "text": "کاکە عەبە جیان، موهیم نییە لەسەر هەر مەنهەجێ بێ",
        "text_original": "کاکە عەبە جیان، موهیم نییە لەسەر هەر مەنهەجێ بێ",
        "start": 517743.00000000006,
        "end": 520462.0,
        "audio": "content/segments/114/181.ogg"
    },
    {
        "ID": "182",
        "gender": "M",
        "age": "A",
        "character_name": "عومەر",
        "text": "لەسەر هەرچیێ بێ شتێک بێ بەکەڵک بێ و",
        "text_original": "لەسەر هەرچیێ بێ شتێک بێ بەکەڵک بێ و",
        "start": 520621.0,
        "end": 522799.0,
        "audio": "content/segments/114/182.ogg"
    },
    {
        "ID": "183",
        "gender": "M",
        "age": "A",
        "character_name": "عومەر",
        "text": "ئائەم سەرمایەمان لە بیبڕێتەوە، ئەی چۆن",
        "text_original": "ئائەم سەرمایەمان لە بیبڕێتەوە، ئەی چۆن",
        "start": 522799.0,
        "end": 524919.0,
        "audio": "content/segments/114/183.ogg"
    },
    {
        "ID": "184",
        "gender": "M",
        "age": "A",
        "character_name": "مستەر",
        "text": "یاعنی ئەتەوێ مەوزوعی گەرم و گورھ بۆ باسکەم ئاغا",
        "text_original": "یاعنی ئەتەوێ مەوزوعی گەرم و گورھ بۆ باسکەم ئاغا",
        "start": 524972.0,
        "end": 530598.0,
        "audio": "content/segments/114/184.ogg"
    },
    {
        "ID": "185",
        "gender": "M",
        "age": "A",
        "character_name": "عومەر",
        "text": "نا، ئەوەنە گەرمیش نا کە شتێ بسوتێ",
        "text_original": "نا، ئەوەنە گەرمیش نا کە شتێ بسوتێ",
        "start": 530778.0,
        "end": 533099.0,
        "audio": "content/segments/114/185.ogg"
    },
    {
        "ID": "186",
        "gender": "M",
        "age": "A",
        "character_name": "مستەر",
        "text": "باشە باشە باشە، ئێستە تێگەیشتم",
        "text_original": "باشە باشە باشە، ئێستە تێگەیشتم",
        "start": 533204.0,
        "end": 535336.0,
        "audio": "content/segments/114/186.ogg"
    },
    {
        "ID": "187",
        "gender": "M",
        "age": "A",
        "character_name": "مستەر",
        "text": "باشە ئەڵێن چی، ئەگەر باسی هینتان بۆ بکەم",
        "text_original": "باشە ئەڵێن چی، ئەگەر باسی هینتان بۆ بکەم",
        "start": 536241.0,
        "end": 540714.0,
        "audio": "content/segments/114/187.ogg"
    },
    {
        "ID": "188",
        "gender": "M",
        "age": "A",
        "character_name": "قوتابیەکان",
        "text": "چی، چی",
        "text_original": "چی، چی",
        "start": 540759.0,
        "end": 541772.0,
        "audio": "content/segments/114/188.ogg"
    },
    {
        "ID": "189",
        "gender": "M",
        "age": "A",
        "character_name": "مستەر",
        "text": "باسی باسی، باسی ڕێکەوتن نامەکەی جەزایر",
        "text_original": "باسی باسی، باسی ڕێکەوتن نامەکەی جەزایر",
        "start": 541866.0,
        "end": 545916.0,
        "audio": "content/segments/114/189.ogg"
    },
    {
        "ID": "191",
        "gender": "M",
        "age": "A",
        "character_name": "مستەر",
        "text": "چییە",
        "text_original": "چییە",
        "start": 564952.0,
        "end": 565493.0,
        "audio": "content/segments/114/191.ogg"
    },
    {
        "ID": "192",
        "gender": "M",
        "age": "A",
        "character_name": "حیکمەت",
        "text": "وەڵا پاش باران، کەپەنک",
        "text_original": "وەڵا پاش باران، کەپەنک",
        "start": 567489.0,
        "end": 569348.0,
        "audio": "content/segments/114/192.ogg"
    },
    {
        "ID": "193",
        "gender": "M",
        "age": "A",
        "character_name": "مستەر",
        "text": "خۆ بە قسەی ئێوە نابێ، ئەم بۆڵە بۆڵەتان لە چییە",
        "text_original": "خۆ بە قسەی ئێوە نابێ، ئەم بۆڵە بۆڵەتان لە چییە",
        "start": 569921.0,
        "end": 573151.0,
        "audio": "content/segments/114/193.ogg"
    },
    {
        "ID": "194",
        "gender": "M",
        "age": "A",
        "character_name": "مستەر",
        "text": "چونکە قانونیەن ئەو ڕێکەوتنامەیە تا ئێستا مەحفولی ماوە",
        "text_original": "چونکە قانونیەن ئەو ڕێکەوتنامەیە تا ئێستا مەحفولی ماوە",
        "start": 573310.0,
        "end": 577526.0,
        "audio": "content/segments/114/194.ogg"
    },
    {
        "ID": "195",
        "gender": "M",
        "age": "A",
        "character_name": "عەبدوڵا",
        "text": "کورە میستەر جیان، قانونی مەحفولی چی ماوە",
        "text_original": "کورە میستەر جیان، قانونی مەحفولی چی ماوە",
        "start": 577596.0,
        "end": 580420.0,
        "audio": "content/segments/114/195.ogg"
    },
    {
        "ID": "196",
        "gender": "M",
        "age": "A",
        "character_name": "عەبدوڵا",
        "text": "ڕوبعە قەڕنێکی بەسەرا ڕۆیوە، ئەسڵەن هەر ئێکس پایەر بوە",
        "text_original": "ڕوبعە قەڕنێکی بەسەرا ڕۆیوە، ئەسڵەن هەر ئێکس پایەر بوە",
        "start": 580574.0,
        "end": 583441.0,
        "audio": "content/segments/114/196.ogg"
    },
    {
        "ID": "197",
        "gender": "M",
        "age": "A",
        "character_name": "مستەر",
        "text": "ئێکس پایەری چی ئینکار مەبە، ئینکار مەبە",
        "text_original": "ئێکس پایەری چی ئینکار مەبە، ئینکار مەبە",
        "start": 583477.0,
        "end": 586567.0,
        "audio": "content/segments/114/197.ogg"
    },
    {
        "ID": "198",
        "gender": "M",
        "age": "A",
        "character_name": "موراقیب",
        "text": "بۆ ئەگەر ئینکار بین چی ئەبێ، چۆن ئینکاری ناوێ",
        "text_original": "بۆ ئەگەر ئینکار بین چی ئەبێ، چۆن ئینکاری ناوێ",
        "start": 586577.0,
        "end": 589100.0,
        "audio": "content/segments/114/198.ogg"
    },
    {
        "ID": "199",
        "gender": "M",
        "age": "A",
        "character_name": "مستەر",
        "text": "ئەزانی چۆن، کوڕم ئێوە قوڕ بەسەر و داماون، ئێوە کەستان نییە",
        "text_original": "ئەزانی چۆن، کوڕم ئێوە قوڕ بەسەر و داماون، ئێوە کەستان نییە",
        "start": 589128.0,
        "end": 593876.0,
        "audio": "content/segments/114/199.ogg"
    },
    {
        "ID": "200",
        "gender": "M",
        "age": "A",
        "character_name": "مستەر",
        "text": "لەبەر ئەوە دەفتەرەکانتان دەربێنن، با ئەو ڕێکەوتنە",
        "text_original": "لەبەر ئەوە دەفتەرەکانتان دەربێنن، با ئەو ڕێکەوتنە",
        "start": 594187.0,
        "end": 596969.0,
        "audio": "content/segments/114/200.ogg"
    },
    {
        "ID": "201",
        "gender": "M",
        "age": "A",
        "character_name": "مستەر",
        "text": "ئەو ڕێکەوتنامەیەتان بەجوانی بۆ شەڕح کەم و بینوسن",
        "text_original": "ئەو ڕێکەوتنامەیەتان بەجوانی بۆ شەڕح کەم و بینوسن",
        "start": 596969.0,
        "end": 600190.0,
        "audio": "content/segments/114/201.ogg"
    },
    {
        "ID": "202",
        "gender": "M",
        "age": "A",
        "character_name": "عومەر",
        "text": "ئاخر دەفتەری چی دەربێنین، میستەر گیان",
        "text_original": "ئاخر دەفتەری چی دەربێنین، میستەر گیان",
        "start": 600692.0,
        "end": 602697.0,
        "audio": "content/segments/114/202.ogg"
    },
    {
        "ID": "203",
        "gender": "M",
        "age": "A",
        "character_name": "مستەر",
        "text": "ئەوە چییە، لەگەڵ ئێوەم نییە",
        "text_original": "ئەوە چییە، لەگەڵ ئێوەم نییە",
        "start": 602739.0,
        "end": 604193.0,
        "audio": "content/segments/114/203.ogg"
    },
    {
        "ID": "204",
        "gender": "M",
        "age": "A",
        "character_name": "مستەر",
        "text": "بۆ دەفتەرەکان دەرناێنن",
        "text_original": "بۆ دەفتەرەکان دەرناێنن",
        "start": 605038.0,
        "end": 606476.0,
        "audio": "content/segments/114/204.ogg"
    },
    {
        "ID": "205",
        "gender": "M",
        "age": "A",
        "character_name": "سەباح",
        "text": "باشە چی تیا بنوسین",
        "text_original": "باشە چی تیا بنوسین",
        "start": 606499.0,
        "end": 608456.0,
        "audio": "content/segments/114/205.ogg"
    },
    {
        "ID": "206",
        "gender": "M",
        "age": "A",
        "character_name": "مستەر",
        "text": "کورە ڕۆڵە جیان، چۆن چی تیا ئەنوسن",
        "text_original": "کورە ڕۆڵە جیان، چۆن چی تیا ئەنوسن",
        "start": 608704.0,
        "end": 610743.0,
        "audio": "content/segments/114/206.ogg"
    },
    {
        "ID": "207",
        "gender": "M",
        "age": "A",
        "character_name": "مستەر",
        "text": "یٔەو ڕێکەوتنامەیە زۆر زۆر موهیمە",
        "text_original": "یٔەو ڕێکەوتنامەیە زۆر زۆر موهیمە",
        "start": 610743.0,
        "end": 613311.0,
        "audio": "content/segments/114/207.ogg"
    },
    {
        "ID": "208",
        "gender": "M",
        "age": "A",
        "character_name": "موراقیب",
        "text": "ئاخر موهیمیەکەی لە چیایە",
        "text_original": "ئاخر موهیمیەکەی لە چیایە",
        "start": 613478.0,
        "end": 614827.0,
        "audio": "content/segments/114/208.ogg"
    },
    {
        "ID": "209",
        "gender": "M",
        "age": "A",
        "character_name": "ئەحمەد",
        "text": "ئا، نازانم مهیمیەکەی لە چیایە",
        "text_original": "ئا، نازانم مهیمیەکەی لە چیایە",
        "start": 614877.0,
        "end": 616436.0,
        "audio": "content/segments/114/209.ogg"
    },
    {
        "ID": "210",
        "gender": "M",
        "age": "A",
        "character_name": "مستەر",
        "text": "موهیمیەکەی ئەزانی بۆ",
        "text_original": "موهیمیەکەی ئەزانی بۆ",
        "start": 616452.0,
        "end": 617774.0,
        "audio": "content/segments/114/210.ogg"
    },
    {
        "ID": "211",
        "gender": "M",
        "age": "A",
        "character_name": "مستەر",
        "text": "عیلاقەی بە مەسایلی حدودی بەینی، عێراق و ئێرانەوە هەیە",
        "text_original": "عیلاقەی بە مەسایلی حدودی بەینی، عێراق و ئێرانەوە هەیە",
        "start": 617808.0,
        "end": 621631.0,
        "audio": "content/segments/114/211.ogg"
    },
    {
        "ID": "212",
        "gender": "M",
        "age": "A",
        "character_name": "موراقیب",
        "text": "ئەنجا ئەوە کوا موهیمە، حدودی ئێران و عێراق",
        "text_original": "ئەنجا ئەوە کوا موهیمە، حدودی ئێران و عێراق",
        "start": 621642.0,
        "end": 624638.0,
        "audio": "content/segments/114/212.ogg"
    },
    {
        "ID": "213",
        "gender": "M",
        "age": "A",
        "character_name": "مستەر",
        "text": "چۆن موهیم نییە",
        "text_original": "چۆن موهیم نییە",
        "start": 624682.0,
        "end": 625726.0,
        "audio": "content/segments/114/213.ogg"
    },
    {
        "ID": "214",
        "gender": "M",
        "age": "A",
        "character_name": "موراقیب",
        "text": "یاعنی نییە حدود ئەمەنە موهیمە",
        "text_original": "یاعنی نییە حدود ئەمەنە موهیمە",
        "start": 625742.0,
        "end": 627800.0,
        "audio": "content/segments/114/214.ogg"
    },
    {
        "ID": "215",
        "gender": "M",
        "age": "A",
        "character_name": "مستەر",
        "text": "ئارەوەڵا، بەتەئچید لەلای من زۆر زۆر موهیمە",
        "text_original": "ئارەوەڵا، بەتەئچید لەلای من زۆر زۆر موهیمە",
        "start": 627851.0,
        "end": 630570.0,
        "audio": "content/segments/114/215.ogg"
    },
    {
        "ID": "216",
        "gender": "M",
        "age": "A",
        "character_name": "موراقیب",
        "text": "زۆر موهیمە، وەنیە",
        "text_original": "زۆر موهیمە، وەنیە",
        "start": 630672.0,
        "end": 631724.0,
        "audio": "content/segments/114/216.ogg"
    },
    {
        "ID": "217",
        "gender": "M",
        "age": "A",
        "character_name": "مستەر",
        "text": "بەڵێ",
        "text_original": "بەڵێ",
        "start": 631767.0,
        "end": 632017.0,
        "audio": "content/segments/114/217.ogg"
    },
    {
        "ID": "218",
        "gender": "M",
        "age": "A",
        "character_name": "موراقیب",
        "text": "مقەدەسیشە لای تۆ",
        "text_original": "مقەدەسیشە لای تۆ",
        "start": 632018.0,
        "end": 632912.0,
        "audio": "content/segments/114/218.ogg"
    },
    {
        "ID": "219",
        "gender": "M",
        "age": "A",
        "character_name": "مستەر",
        "text": "بەڵێ، ئەرەوەڵا",
        "text_original": "بەڵێ، ئەرەوەڵا",
        "start": 632929.0,
        "end": 633714.0,
        "audio": "content/segments/114/219.ogg"
    },
    {
        "ID": "220",
        "gender": "M",
        "age": "A",
        "character_name": "موراقیب",
        "text": "ئەی باشە ئەگەر ئەوەنە موهیم و موقەدەسە، کاتی خۆی مستەر جیان",
        "text_original": "ئەی باشە ئەگەر ئەوەنە موهیم و موقەدەسە، کاتی خۆی مستەر جیان",
        "start": 633747.0,
        "end": 638753.0,
        "audio": "content/segments/114/220.ogg"
    },
    {
        "ID": "221",
        "gender": "M",
        "age": "A",
        "character_name": "موراقیب",
        "text": "کە نەخشەتان دیاری کردوو، کە لەم ڕۆژهەڵاتی ناوەڕاستە ئاوا",
        "text_original": "کە نەخشەتان دیاری کردوو، کە لەم ڕۆژهەڵاتی ناوەڕاستە ئاوا",
        "start": 638980.0,
        "end": 642925.0,
        "audio": "content/segments/114/221.ogg"
    },
    {
        "ID": "222",
        "gender": "M",
        "age": "A",
        "character_name": "موراقیب",
        "text": "ماڵتان جیا کردەوە و حدود، بۆ ئیمانی حدودەکانتان دەرهێنا",
        "text_original": "ماڵتان جیا کردەوە و حدود، بۆ ئیمانی حدودەکانتان دەرهێنا",
        "start": 642925.0,
        "end": 646761.0,
        "audio": "content/segments/114/222.ogg"
    },
    {
        "ID": "223",
        "gender": "M",
        "age": "A",
        "character_name": "موراقیب",
        "text": "حسابیشتان بۆ خەڵکەکەی نەکرد",
        "text_original": "حسابیشتان بۆ خەڵکەکەی نەکرد",
        "start": 646767.0,
        "end": 648314.0,
        "audio": "content/segments/114/223.ogg"
    },
    {
        "ID": "224",
        "gender": "M",
        "age": "A",
        "character_name": "مستەر",
        "text": "ئیمانی چێمان دەرهێناوە مراقیب",
        "text_original": "ئیمانی چێمان دەرهێناوە مراقیب",
        "start": 648327.0,
        "end": 650564.0,
        "audio": "content/segments/114/224.ogg"
    },
    {
        "ID": "225",
        "gender": "M",
        "age": "A",
        "character_name": "موراقیب",
        "text": "ئیمانی حدودی ئەم ناوچەیە",
        "text_original": "ئیمانی حدودی ئەم ناوچەیە",
        "start": 650564.0,
        "end": 652880.0,
        "audio": "content/segments/114/225.ogg"
    }
]