[
    {
        "ID": "2",
        "gender": "M",
        "age": "A",
        "character_name": "مستەر",
        "text": "دانیشن",
        "text_original": "دانیشن",
        "start": 140969.0,
        "end": 141856.0,
        "audio": "content/segments/117/2.ogg"
    },
    {
        "ID": "4",
        "gender": "M",
        "age": "A",
        "character_name": "مستەر",
        "text": "هەمووتان یەک دەقیقە بۆ جیانی پاکی مامۆستا سمکۆ هەستنە سەر پێ",
        "text_original": "هەمووتان یەک دەقیقە بۆ جیانی پاکی مامۆستا سمکۆ هەستنە سەر پێ",
        "start": 186527.0,
        "end": 191204.0,
        "audio": "content/segments/117/4.ogg"
    },
    {
        "ID": "6",
        "gender": "M",
        "age": "A",
        "character_name": "مستەر",
        "text": "دانیشن دانیشن",
        "text_original": "دانیشن دانیشن",
        "start": 197216.0,
        "end": 198518.0,
        "audio": "content/segments/117/6.ogg"
    },
    {
        "ID": "7",
        "gender": "M",
        "age": "A",
        "character_name": "مستەر",
        "text": "دانیشن",
        "text_original": "دانیشن",
        "start": 199248.0,
        "end": 200039.0,
        "audio": "content/segments/117/7.ogg"
    },
    {
        "ID": "8",
        "gender": "M",
        "age": "A",
        "character_name": "مستەر",
        "text": "ئەم دەرسە باسی چیتان بۆ بکەم",
        "text_original": "ئەم دەرسە باسی چیتان بۆ بکەم",
        "start": 202097.0,
        "end": 204014.0,
        "audio": "content/segments/117/8.ogg"
    },
    {
        "ID": "9",
        "gender": "M",
        "age": "A",
        "character_name": "قوتابیەکان",
        "text": "میستە میستەر میستەر میستەر میستەر میستەر",
        "text_original": "میستە میستەر میستەر میستەر میستەر میستەر",
        "start": 204152.0,
        "end": 206797.0,
        "audio": "content/segments/117/9.ogg"
    },
    {
        "ID": "10",
        "gender": "M",
        "age": "A",
        "character_name": "مستەر",
        "text": "هێواش، هێواش",
        "text_original": "هێواش، هێواش",
        "start": 206811.0,
        "end": 207802.0,
        "audio": "content/segments/117/10.ogg"
    },
    {
        "ID": "11",
        "gender": "M",
        "age": "A",
        "character_name": "مستەر",
        "text": "چیە ئێوە هەردووکتان، عەبدوڵا لەگەڵ عومەرا سەرتان ناوە بەیەکەوە",
        "text_original": "چیە ئێوە هەردووکتان، عەبدوڵا لەگەڵ عومەرا سەرتان ناوە بەیەکەوە",
        "start": 207857.0,
        "end": 211602.0,
        "audio": "content/segments/117/11.ogg"
    },
    {
        "ID": "12",
        "gender": "M",
        "age": "A",
        "character_name": "مستەر",
        "text": "باسی چی ئەکەن، چییە ئەوە",
        "text_original": "باسی چی ئەکەن، چییە ئەوە",
        "start": 211612.0,
        "end": 212720.0,
        "audio": "content/segments/117/12.ogg"
    },
    {
        "ID": "13",
        "gender": "M",
        "age": "A",
        "character_name": "عومەر",
        "text": "وەڵای میستەر گیان، لەسەر سوئالەکەی جەنابه",
        "text_original": "وەڵای میستەر گیان، لەسەر سوئالەکەی جەنابه",
        "start": 212759.0,
        "end": 215006.0,
        "audio": "content/segments/117/13.ogg"
    },
    {
        "ID": "14",
        "gender": "M",
        "age": "A",
        "character_name": "عومەر",
        "text": "ئەمەوێ ڕەئێکی کاکە عەبدوڵا وەرگرم",
        "text_original": "ئەمەوێ ڕەئێکی کاکە عەبدوڵا وەرگرم",
        "start": 215365.0,
        "end": 217137.0,
        "audio": "content/segments/117/14.ogg"
    },
    {
        "ID": "15",
        "gender": "M",
        "age": "A",
        "character_name": "مستەر",
        "text": "ڕەئی ئەو وەرئەگری، بۆ",
        "text_original": "ڕەئی ئەو وەرئەگری، بۆ",
        "start": 217203.0,
        "end": 218517.0,
        "audio": "content/segments/117/15.ogg"
    },
    {
        "ID": "16",
        "gender": "M",
        "age": "A",
        "character_name": "عومەر",
        "text": "وەڵای بۆ ئەوە ئەمەوێ ڕەئی وەرگرم، بۆ ئەوەی بەقسەی نەکەم",
        "text_original": "وەڵای بۆ ئەوە ئەمەوێ ڕەئی وەرگرم، بۆ ئەوەی بەقسەی نەکەم",
        "start": 218970.0,
        "end": 222600.0,
        "audio": "content/segments/117/16.ogg"
    },
    {
        "ID": "17",
        "gender": "M",
        "age": "A",
        "character_name": "مستەر",
        "text": "بەخوا سەیرە، جوێت لێیە موراقیب",
        "text_original": "بەخوا سەیرە، جوێت لێیە موراقیب",
        "start": 222892.0,
        "end": 224763.0,
        "audio": "content/segments/117/17.ogg"
    },
    {
        "ID": "18",
        "gender": "M",
        "age": "A",
        "character_name": "مستەر",
        "text": "ئەڵێ ڕەئی عەبدوڵا وەرئەگرم بۆ وەی بەقسەی نەکەم، ئەمە چەنی بە",
        "text_original": "ئەڵێ ڕەئی عەبدوڵا وەرئەگرم بۆ وەی بەقسەی نەکەم، ئەمە چەنی بە",
        "start": 224884.0,
        "end": 228254.0,
        "audio": "content/segments/117/18.ogg"
    },
    {
        "ID": "19",
        "gender": "M",
        "age": "A",
        "character_name": "موراقیب",
        "text": "مستەر گیان جوتی بە پێنسە، ئەزانی چییە",
        "text_original": "مستەر گیان جوتی بە پێنسە، ئەزانی چییە",
        "start": 228306.0,
        "end": 231309.0,
        "audio": "content/segments/117/19.ogg"
    },
    {
        "ID": "20",
        "gender": "M",
        "age": "A",
        "character_name": "موراقیب",
        "text": "ئاغا ئەیەوێ عەیب نەبێ کاکە عەبە بکا بە مستەشاری خۆی، ئەوەیە",
        "text_original": "ئاغا ئەیەوێ عەیب نەبێ کاکە عەبە بکا بە مستەشاری خۆی، ئەوەیە",
        "start": 231793.0,
        "end": 235499.0,
        "audio": "content/segments/117/20.ogg"
    },
    {
        "ID": "21",
        "gender": "M",
        "age": "A",
        "character_name": "مستەر",
        "text": "یاعنی مستەشار لەلای ئێوە ئەوەیە کە ڕەئی وەرئەگرن و بەقسەی ناکەن",
        "text_original": "یاعنی مستەشار لەلای ئێوە ئەوەیە کە ڕەئی وەرئەگرن و بەقسەی ناکەن",
        "start": 235532.0,
        "end": 240542.0,
        "audio": "content/segments/117/21.ogg"
    },
    {
        "ID": "22",
        "gender": "M",
        "age": "A",
        "character_name": "ئەحمەد",
        "text": "ئەی تەبعەن میستەر گیان",
        "text_original": "ئەی تەبعەن میستەر گیان",
        "start": 240598.0,
        "end": 241786.0,
        "audio": "content/segments/117/22.ogg"
    },
    {
        "ID": "23",
        "gender": "M",
        "age": "A",
        "character_name": "مستەر",
        "text": "چۆن",
        "text_original": "چۆن",
        "start": 241842.0,
        "end": 242254.0,
        "audio": "content/segments/117/23.ogg"
    },
    {
        "ID": "24",
        "gender": "M",
        "age": "A",
        "character_name": "ئەحمەد",
        "text": "ئێستا بۆ نمونە من باوکم لای دایکم مستەشارە",
        "text_original": "ئێستا بۆ نمونە من باوکم لای دایکم مستەشارە",
        "start": 242299.0,
        "end": 245025.0,
        "audio": "content/segments/117/24.ogg"
    },
    {
        "ID": "25",
        "gender": "M",
        "age": "A",
        "character_name": "مستەر",
        "text": "ئێ",
        "text_original": "ئێ",
        "start": 245046.0,
        "end": 245517.0,
        "audio": "content/segments/117/25.ogg"
    },
    {
        "ID": "26",
        "gender": "M",
        "age": "A",
        "character_name": "ئەحمەد",
        "text": "هەموو بەیانیێ دایکم پێی ئەڵێ پیاوەکە گیان حەزھ لە چییە",
        "text_original": "هەموو بەیانیێ دایکم پێی ئەڵێ پیاوەکە گیان حەزھ لە چییە",
        "start": 245540.0,
        "end": 248455.0,
        "audio": "content/segments/117/26.ogg"
    },
    {
        "ID": "27",
        "gender": "M",
        "age": "A",
        "character_name": "ئەحمەد",
        "text": "ئێوارە بۆو لێنێم",
        "text_original": "ئێوارە بۆو لێنێم",
        "start": 248455.0,
        "end": 249585.0,
        "audio": "content/segments/117/27.ogg"
    },
    {
        "ID": "28",
        "gender": "M",
        "age": "A",
        "character_name": "ئەحمەد",
        "text": "ئێ باوکیشم ئەڵێ حەزم لە قبوڵی برنج و فاسۆلیایە بە گۆشتەوە",
        "text_original": "ئێ باوکیشم ئەڵێ حەزم لە قبوڵی برنج و فاسۆلیایە بە گۆشتەوە",
        "start": 249716.0,
        "end": 254036.0,
        "audio": "content/segments/117/28.ogg"
    },
    {
        "ID": "29",
        "gender": "M",
        "age": "A",
        "character_name": "مستەر",
        "text": "ئێ",
        "text_original": "ئێ",
        "start": 254175.0,
        "end": 254469.0,
        "audio": "content/segments/117/29.ogg"
    },
    {
        "ID": "30",
        "gender": "M",
        "age": "A",
        "character_name": "ئەحمەد",
        "text": "ئێ کە ئێوارە باوکم یێتەوە یەک مەنجەڵ پەڵپینەی بۆ دائەنێ",
        "text_original": "ئێ کە ئێوارە باوکم یێتەوە یەک مەنجەڵ پەڵپینەی بۆ دائەنێ",
        "start": 254475.0,
        "end": 258063.0,
        "audio": "content/segments/117/30.ogg"
    },
    {
        "ID": "31",
        "gender": "M",
        "age": "A",
        "character_name": "حیکمەت",
        "text": "ئەحە جیان، ئەی باوکت توڕە نابێ",
        "text_original": "ئەحە جیان، ئەی باوکت توڕە نابێ",
        "start": 258363.0,
        "end": 260333.00000000003,
        "audio": "content/segments/117/31.ogg"
    },
    {
        "ID": "32",
        "gender": "M",
        "age": "A",
        "character_name": "ئەحمەد",
        "text": "چۆن ئەتوانێ توڕە بێ، لە بیست و چوار لاوە زەرەر ئەکا",
        "text_original": "چۆن ئەتوانێ توڕە بێ، لە بیست و چوار لاوە زەرەر ئەکا",
        "start": 260399.0,
        "end": 263050.0,
        "audio": "content/segments/117/32.ogg"
    },
    {
        "ID": "33",
        "gender": "M",
        "age": "A",
        "character_name": "ئەحمەد",
        "text": "موستەشار چۆن ئەبێ توڕە بێ",
        "text_original": "موستەشار چۆن ئەبێ توڕە بێ",
        "start": 263137.0,
        "end": 264601.0,
        "audio": "content/segments/117/33.ogg"
    },
    {
        "ID": "34",
        "gender": "M",
        "age": "A",
        "character_name": "عەبدوڵا",
        "text": "بابابا مستەشار، مستەشار توڕە ئەبێ",
        "text_original": "بابابا مستەشار، مستەشار توڕە ئەبێ",
        "start": 264619.0,
        "end": 267557.0,
        "audio": "content/segments/117/34.ogg"
    },
    {
        "ID": "35",
        "gender": "M",
        "age": "A",
        "character_name": "عەبدوڵا",
        "text": "بەڵام لەوانەی خوار خۆیەوە توڕە ئەبێ",
        "text_original": "بەڵام لەوانەی خوار خۆیەوە توڕە ئەبێ",
        "start": 267836.0,
        "end": 269801.0,
        "audio": "content/segments/117/35.ogg"
    },
    {
        "ID": "36",
        "gender": "M",
        "age": "A",
        "character_name": "جەمیل",
        "text": "دە کەواتە وەزعەکە لەماڵی ئێمە لەناو قوچە جەماعەت",
        "text_original": "دە کەواتە وەزعەکە لەماڵی ئێمە لەناو قوچە جەماعەت",
        "start": 270225.0,
        "end": 273928.0,
        "audio": "content/segments/117/36.ogg"
    },
    {
        "ID": "37",
        "gender": "M",
        "age": "A",
        "character_name": "سەباح",
        "text": "بۆ لەماڵی ئێوە دایکھ مستەشارە",
        "text_original": "بۆ لەماڵی ئێوە دایکھ مستەشارە",
        "start": 274239.0,
        "end": 276750.0,
        "audio": "content/segments/117/37.ogg"
    },
    {
        "ID": "38",
        "gender": "M",
        "age": "A",
        "character_name": "جەمیل",
        "text": "ئا، چونچێکونێ هەموو جارێ کەباوکم لە دایکم توڕە ئەبێ",
        "text_original": "ئا، چونچێکونێ هەموو جارێ کەباوکم لە دایکم توڕە ئەبێ",
        "start": 276771.0,
        "end": 282284.0,
        "audio": "content/segments/117/38.ogg"
    },
    {
        "ID": "39",
        "gender": "M",
        "age": "A",
        "character_name": "جەمیل",
        "text": "ئەویش بە تاکە نەعل بەرئەبێتە ئێمە",
        "text_original": "ئەویش بە تاکە نەعل بەرئەبێتە ئێمە",
        "start": 282442.0,
        "end": 284589.0,
        "audio": "content/segments/117/39.ogg"
    },
    {
        "ID": "40",
        "gender": "M",
        "age": "A",
        "character_name": "مستەر",
        "text": "ئاهە، کەواتە لەمەوە بۆمان دەرکەو موشتەمەعی ماڵی جەمیل",
        "text_original": "ئاهە، کەواتە لەمەوە بۆمان دەرکەو موشتەمەعی ماڵی جەمیل",
        "start": 284752.0,
        "end": 289952.0,
        "audio": "content/segments/117/40.ogg"
    },
    {
        "ID": "41",
        "gender": "M",
        "age": "A",
        "character_name": "مستەر",
        "text": "موشتەمەعێکی پاتریاکی نییە، بەڵکو موشتەمەعێکی ماتریاچیە",
        "text_original": "موشتەمەعێکی پاتریاکی نییە، بەڵکو موشتەمەعێکی ماتریاچیە",
        "start": 289952.0,
        "end": 294501.0,
        "audio": "content/segments/117/41.ogg"
    },
    {
        "ID": "42",
        "gender": "M",
        "age": "A",
        "character_name": "ڕێبوار",
        "text": "وەڵا هیچ تێنەگەشتوم",
        "text_original": "وەڵا هیچ تێنەگەشتوم",
        "start": 294739.0,
        "end": 296074.0,
        "audio": "content/segments/117/42.ogg"
    },
    {
        "ID": "43",
        "gender": "M",
        "age": "A",
        "character_name": "ڕێبوار",
        "text": "ئەرێ ئەحە تێناگەم مشتەمەع یانی چی",
        "text_original": "ئەرێ ئەحە تێناگەم مشتەمەع یانی چی",
        "start": 296225.0,
        "end": 299304.0,
        "audio": "content/segments/117/43.ogg"
    },
    {
        "ID": "44",
        "gender": "M",
        "age": "A",
        "character_name": "ئەحمەد",
        "text": "کورە مردو مرێ منیش چوزانم ئەگەر بمزانیایە بیڵێمەوە",
        "text_original": "کورە مردو مرێ منیش چوزانم ئەگەر بمزانیایە بیڵێمەوە",
        "start": 299503.0,
        "end": 302610.0,
        "audio": "content/segments/117/44.ogg"
    },
    {
        "ID": "45",
        "gender": "M",
        "age": "A",
        "character_name": "ڕێبوار",
        "text": "بێزم ئەها لەبەردەمی تۆیا دانیشم",
        "text_original": "بێزم ئەها لەبەردەمی تۆیا دانیشم",
        "start": 302613.0,
        "end": 304055.0,
        "audio": "content/segments/117/45.ogg"
    },
    {
        "ID": "46",
        "gender": "M",
        "age": "A",
        "character_name": "ڕێبوار",
        "text": "ئەی ئەچویتە بەردەمی چێ",
        "text_original": "ئەی ئەچویتە بەردەمی چێ",
        "start": 304065.0,
        "end": 305314.0,
        "audio": "content/segments/117/46.ogg"
    },
    {
        "ID": "47",
        "gender": "M",
        "age": "A",
        "character_name": "ئەحمەد",
        "text": "کوڕە ئەچومە بەردەمی مستەر ئەمو بیکە لەڕایی خوا",
        "text_original": "کوڕە ئەچومە بەردەمی مستەر ئەمو بیکە لەڕایی خوا",
        "start": 305354.0,
        "end": 308955.0,
        "audio": "content/segments/117/47.ogg"
    },
    {
        "ID": "48",
        "gender": "M",
        "age": "A",
        "character_name": "ئەحمەد",
        "text": "وەختەکە مەکوژە و دەرسەکەمان بۆ شەرح کە",
        "text_original": "وەختەکە مەکوژە و دەرسەکەمان بۆ شەرح کە",
        "start": 309027.0,
        "end": 311041.0,
        "audio": "content/segments/117/48.ogg"
    },
    {
        "ID": "49",
        "gender": "M",
        "age": "A",
        "character_name": "عومەر",
        "text": "ئەی ئافەرم ئەحە، وەڵای بمزانیایە ئاوای لەباتی ئەو عەبەیە نییە",
        "text_original": "ئەی ئافەرم ئەحە، وەڵای بمزانیایە ئاوای لەباتی ئەو عەبەیە نییە",
        "start": 311102.0,
        "end": 315218.0,
        "audio": "content/segments/117/49.ogg"
    },
    {
        "ID": "50",
        "gender": "M",
        "age": "A",
        "character_name": "عومەر",
        "text": "تۆم دەکرد بە مستەشاری خۆم",
        "text_original": "تۆم دەکرد بە مستەشاری خۆم",
        "start": 315261.0,
        "end": 316648.0,
        "audio": "content/segments/117/50.ogg"
    },
    {
        "ID": "51",
        "gender": "NA",
        "age": "NA",
        "character_name": "NA",
        "text": "بۆ، بۆ",
        "text_original": "بۆ، بۆ",
        "start": 316890.0,
        "end": 319697.0,
        "audio": "content/segments/117/51.ogg"
    },
    {
        "ID": "52",
        "gender": "M",
        "age": "A",
        "character_name": "عەبدوڵڵە",
        "text": "من بۆ تۆمە بۆ خاتری خوا چی ئەکەی بە مستەشاری خۆو، سومعەی باش نییە",
        "text_original": "من بۆ تۆمە بۆ خاتری خوا چی ئەکەی بە مستەشاری خۆو، سومعەی باش نییە",
        "start": 319709.0,
        "end": 324019.0,
        "audio": "content/segments/117/52.ogg"
    },
    {
        "ID": "53",
        "gender": "M",
        "age": "A",
        "character_name": "عومەر",
        "text": "تخوا بەڕاس",
        "text_original": "تخوا بەڕاس",
        "start": 324026.0,
        "end": 324494.0,
        "audio": "content/segments/117/53.ogg"
    },
    {
        "ID": "54",
        "gender": "M",
        "age": "A",
        "character_name": "عەبدوڵڵە",
        "text": "بەخوا",
        "text_original": "بەخوا",
        "start": 324496.0,
        "end": 325271.0,
        "audio": "content/segments/117/54.ogg"
    },
    {
        "ID": "55",
        "gender": "M",
        "age": "A",
        "character_name": "ئەحمەد",
        "text": "ئنجا قەیچێکە سومعەم باش نیە، سوعمە چیە",
        "text_original": "ئنجا قەیچێکە سومعەم باش نیە، سوعمە چیە",
        "start": 325447.0,
        "end": 327642.0,
        "audio": "content/segments/117/55.ogg"
    },
    {
        "ID": "56",
        "gender": "M",
        "age": "A",
        "character_name": "ئەحمەد",
        "text": "خۆ زەمانی زوو ئەوەی سومعەی خراپ نەبوایە، نەیان ئەکرد بە مستەشار",
        "text_original": "خۆ زەمانی زوو ئەوەی سومعەی خراپ نەبوایە، نەیان ئەکرد بە مستەشار",
        "start": 327981.0,
        "end": 330960.0,
        "audio": "content/segments/117/56.ogg"
    },
    {
        "ID": "57",
        "gender": "M",
        "age": "A",
        "character_name": "زاهیر",
        "text": "ئاخر کاچێ ئەوانە مستەشاری ئەنفال بوون",
        "text_original": "ئاخر کاچێ ئەوانە مستەشاری ئەنفال بوون",
        "start": 331266.0,
        "end": 335304.0,
        "audio": "content/segments/117/57.ogg"
    },
    {
        "ID": "58",
        "gender": "M",
        "age": "A",
        "character_name": "زاهیر",
        "text": "مەوزوعەکەی ئاغای جودایە",
        "text_original": "مەوزوعەکەی ئاغای جودایە",
        "start": 335326.0,
        "end": 336894.0,
        "audio": "content/segments/117/58.ogg"
    },
    {
        "ID": "59",
        "gender": "M",
        "age": "A",
        "character_name": "جەمیل",
        "text": "میستەر میستەر، تخوا پێش ئەوەی بچینە دنیای فەرق و جیاوازیەوە",
        "text_original": "میستەر میستەر، تخوا پێش ئەوەی بچینە دنیای فەرق و جیاوازیەوە",
        "start": 337282.0,
        "end": 341101.0,
        "audio": "content/segments/117/59.ogg"
    },
    {
        "ID": "60",
        "gender": "M",
        "age": "A",
        "character_name": "جەمیل",
        "text": "بۆمان شەرح ناکەی بزانین ئەو موستەشارانەی زەمانی سەدامی دیکتاتۆر",
        "text_original": "بۆمان شەرح ناکەی بزانین ئەو موستەشارانەی زەمانی سەدامی دیکتاتۆر",
        "start": 341269.0,
        "end": 345635.0,
        "audio": "content/segments/117/60.ogg"
    },
    {
        "ID": "61",
        "gender": "M",
        "age": "A",
        "character_name": "جەمیل",
        "text": "موستەشاری چی بوون",
        "text_original": "موستەشاری چی بوون",
        "start": 345635.0,
        "end": 346885.0,
        "audio": "content/segments/117/61.ogg"
    },
    {
        "ID": "62",
        "gender": "M",
        "age": "A",
        "character_name": "زاهیر",
        "text": "ئای عەجایب، ئەدی ئەمن نارێم مستەشاری ئەنفال بوون",
        "text_original": "ئای عەجایب، ئەدی ئەمن نارێم مستەشاری ئەنفال بوون",
        "start": 346900.0,
        "end": 350804.0,
        "audio": "content/segments/117/62.ogg"
    },
    {
        "ID": "63",
        "gender": "M",
        "age": "A",
        "character_name": "موراقیب",
        "text": "ئەی لەو ئەقڵە",
        "text_original": "ئەی لەو ئەقڵە",
        "start": 351489.0,
        "end": 352676.0,
        "audio": "content/segments/117/63.ogg"
    },
    {
        "ID": "64",
        "gender": "M",
        "age": "A",
        "character_name": "موراقیب",
        "text": "بۆچی سەدام حسێن لەسەر قسەی ئەم مستەشارە جوانانە",
        "text_original": "بۆچی سەدام حسێن لەسەر قسەی ئەم مستەشارە جوانانە",
        "start": 352778.0,
        "end": 355704.0,
        "audio": "content/segments/117/64.ogg"
    },
    {
        "ID": "65",
        "gender": "M",
        "age": "A",
        "character_name": "موراقیب",
        "text": "کوردوستان و چوێتی داگیر کرد",
        "text_original": "کوردوستان و چوێتی داگیر کرد",
        "start": 355809.0,
        "end": 357209.0,
        "audio": "content/segments/117/65.ogg"
    },
    {
        "ID": "66",
        "gender": "M",
        "age": "A",
        "character_name": "زاهیر",
        "text": "نانا، نا نەخێر، ئەمن ئەوها نارێم",
        "text_original": "نانا، نا نەخێر، ئەمن ئەوها نارێم",
        "start": 357249.0,
        "end": 358869.0,
        "audio": "content/segments/117/66.ogg"
    },
    {
        "ID": "67",
        "gender": "M",
        "age": "A",
        "character_name": "جەمیل",
        "text": "ئەی مستەشاری چی بوون",
        "text_original": "ئەی مستەشاری چی بوون",
        "start": 358953.0,
        "end": 360459.0,
        "audio": "content/segments/117/67.ogg"
    },
    {
        "ID": "68",
        "gender": "M",
        "age": "A",
        "character_name": "مستەر",
        "text": "من پێت ئەڵێم، ئەوانە بەس بە عینوان موستەشار بوون",
        "text_original": "من پێت ئەڵێم، ئەوانە بەس بە عینوان موستەشار بوون",
        "start": 360890.0,
        "end": 365416.0,
        "audio": "content/segments/117/68.ogg"
    },
    {
        "ID": "69",
        "gender": "M",
        "age": "A",
        "character_name": "مستەر",
        "text": "ناوێکی تر نەبوو موناسبیان بێ، لەبەر ئەوە ئەو ناوەیان لێ نابوون و",
        "text_original": "ناوێکی تر نەبوو موناسبیان بێ، لەبەر ئەوە ئەو ناوەیان لێ نابوون و",
        "start": 365507.0,
        "end": 369507.0,
        "audio": "content/segments/117/69.ogg"
    },
    {
        "ID": "70",
        "gender": "M",
        "age": "A",
        "character_name": "مستەر",
        "text": "ئیشەکەش پەلە بوو، ئەیانویست زوو زوو نەجاتی یەن ئەی",
        "text_original": "ئیشەکەش پەلە بوو، ئەیانویست زوو زوو نەجاتی یەن ئەی",
        "start": 369535.0,
        "end": 372797.0,
        "audio": "content/segments/117/70.ogg"
    },
    {
        "ID": "71",
        "gender": "M",
        "age": "A",
        "character_name": "موراقیب",
        "text": "ئاھ مستەر جیان، باسی پەلەو کرد، بەپەلە سوئالێکم بۆ هات",
        "text_original": "ئاھ مستەر جیان، باسی پەلەو کرد، بەپەلە سوئالێکم بۆ هات",
        "start": 372824.0,
        "end": 375749.0,
        "audio": "content/segments/117/71.ogg"
    },
    {
        "ID": "72",
        "gender": "M",
        "age": "A",
        "character_name": "موراقیب",
        "text": "ئادەی",
        "text_original": "ئادەی",
        "start": 375762.0,
        "end": 376105.0,
        "audio": "content/segments/117/72.ogg"
    },
    {
        "ID": "73",
        "gender": "M",
        "age": "A",
        "character_name": "موراقیب",
        "text": "ئەوە بڵێین مستەشاری زوو",
        "text_original": "ئەوە بڵێین مستەشاری زوو",
        "start": 376105.0,
        "end": 377762.0,
        "audio": "content/segments/117/73.ogg"
    },
    {
        "ID": "74",
        "gender": "M",
        "age": "A",
        "character_name": "مستەر",
        "text": "ئا",
        "text_original": "ئا",
        "start": 377800.0,
        "end": 378264.0,
        "audio": "content/segments/117/74.ogg"
    },
    {
        "ID": "75",
        "gender": "M",
        "age": "A",
        "character_name": "موراقیب",
        "text": "هەر ئەبوو هینێک بکەن، پێنج ژن بێنن",
        "text_original": "هەر ئەبوو هینێک بکەن، پێنج ژن بێنن",
        "start": 378297.0,
        "end": 380668.0,
        "audio": "content/segments/117/75.ogg"
    },
    {
        "ID": "76",
        "gender": "M",
        "age": "A",
        "character_name": "مستەر",
        "text": "نا نا، ئەوە هین بوو عیلاقەی بە عەدەدی فەوجەکە و دەسکەوتیانەوە بوو",
        "text_original": "نا نا، ئەوە هین بوو عیلاقەی بە عەدەدی فەوجەکە و دەسکەوتیانەوە بوو",
        "start": 380680.0,
        "end": 385151.0,
        "audio": "content/segments/117/76.ogg"
    },
    {
        "ID": "77",
        "gender": "M",
        "age": "A",
        "character_name": "مستەر",
        "text": "شەرت نەبوو، شەرت شتی وا هین نەبوو",
        "text_original": "شەرت نەبوو، شەرت شتی وا هین نەبوو",
        "start": 385171.0,
        "end": 386830.0,
        "audio": "content/segments/117/77.ogg"
    },
    {
        "ID": "78",
        "gender": "M",
        "age": "A",
        "character_name": "ئەحمەد",
        "text": "فەلەبەر ئەوە ئەیانوو فڵانە بڕۆ تۆ مستەشاری",
        "text_original": "فەلەبەر ئەوە ئەیانوو فڵانە بڕۆ تۆ مستەشاری",
        "start": 386853.0,
        "end": 389854.0,
        "audio": "content/segments/117/78.ogg"
    },
    {
        "ID": "79",
        "gender": "M",
        "age": "A",
        "character_name": "حیکمەت",
        "text": "ئەویش چوە بە ئارەزووی خۆی، چی خوا پێی ناخۆشە کردویەتی",
        "text_original": "ئەویش چوە بە ئارەزووی خۆی، چی خوا پێی ناخۆشە کردویەتی",
        "start": 390268.0,
        "end": 394388.0,
        "audio": "content/segments/117/79.ogg"
    },
    {
        "ID": "80",
        "gender": "M",
        "age": "A",
        "character_name": "مستەر",
        "text": "نەخێر، وانیە حیکمەت وەکو تۆ بۆی",
        "text_original": "نەخێر، وانیە حیکمەت وەکو تۆ بۆی",
        "start": 394470.0,
        "end": 397171.0,
        "audio": "content/segments/117/80.ogg"
    },
    {
        "ID": "81",
        "gender": "M",
        "age": "A",
        "character_name": "مستەر",
        "text": "بەعزێکیان ئینسانی باش بوون، خەڵکی چاکیشیان تیابوو",
        "text_original": "بەعزێکیان ئینسانی باش بوون، خەڵکی چاکیشیان تیابوو",
        "start": 397500.0,
        "end": 400806.0,
        "audio": "content/segments/117/81.ogg"
    },
    {
        "ID": "82",
        "gender": "M",
        "age": "A",
        "character_name": "عومەر",
        "text": "فیعلەن فیعلەن میستەر جیان",
        "text_original": "فیعلەن فیعلەن میستەر جیان",
        "start": 400902.0,
        "end": 402613.0,
        "audio": "content/segments/117/82.ogg"
    },
    {
        "ID": "83",
        "gender": "M",
        "age": "A",
        "character_name": "عومەر",
        "text": "مستەشاری باشیشیان تیابوو، مستەشاری خراپیشیان تیابوو",
        "text_original": "مستەشاری باشیشیان تیابوو، مستەشاری خراپیشیان تیابوو",
        "start": 403159.0,
        "end": 406281.0,
        "audio": "content/segments/117/83.ogg"
    },
    {
        "ID": "84",
        "gender": "M",
        "age": "A",
        "character_name": "عومەر",
        "text": "ئێ چەمیش بێ چەقەڵ نابێ",
        "text_original": "ئێ چەمیش بێ چەقەڵ نابێ",
        "start": 406480.0,
        "end": 408427.0,
        "audio": "content/segments/117/84.ogg"
    },
    {
        "ID": "85",
        "gender": "M",
        "age": "A",
        "character_name": "جەمیل",
        "text": "ئەی ئەگەر چەمەکە فول فول بوو بوو لە چەقەڵ",
        "text_original": "ئەی ئەگەر چەمەکە فول فول بوو بوو لە چەقەڵ",
        "start": 408802.0,
        "end": 411749.0,
        "audio": "content/segments/117/85.ogg"
    },
    {
        "ID": "86",
        "gender": "M",
        "age": "A",
        "character_name": "موراقیب",
        "text": "ئێ ئەو کاتە ئێمەش بە مستەر ئەڵێین، ئا مستەر جیان باییە بیگۆڕە",
        "text_original": "ئێ ئەو کاتە ئێمەش بە مستەر ئەڵێین، ئا مستەر جیان باییە بیگۆڕە",
        "start": 411905.0,
        "end": 415518.0,
        "audio": "content/segments/117/86.ogg"
    },
    {
        "ID": "87",
        "gender": "M",
        "age": "A",
        "character_name": "مستەر",
        "text": "وەڵای نایگۆڕم",
        "text_original": "وەڵای نایگۆڕم",
        "start": 415605.0,
        "end": 416390.0,
        "audio": "content/segments/117/87.ogg"
    },
    {
        "ID": "88",
        "gender": "M",
        "age": "A",
        "character_name": "موراقیب",
        "text": "کورە بیگۆڕی باشترە",
        "text_original": "کورە بیگۆڕی باشترە",
        "start": 416390.0,
        "end": 417359.0,
        "audio": "content/segments/117/88.ogg"
    },
    {
        "ID": "89",
        "gender": "M",
        "age": "A",
        "character_name": "مستەر",
        "text": "نایگۆڕم، چونکە مەوزوعی ئەو مستەشارە",
        "text_original": "نایگۆڕم، چونکە مەوزوعی ئەو مستەشارە",
        "start": 417395.0,
        "end": 419862.0,
        "audio": "content/segments/117/89.ogg"
    },
    {
        "ID": "90",
        "gender": "M",
        "age": "A",
        "character_name": "عەبدوڵا",
        "text": "ئا ئا، مەوزوعێچی مەسیریە، مەوزوعی ئەو مستەشارە",
        "text_original": "ئا ئا، مەوزوعێچی مەسیریە، مەوزوعی ئەو مستەشارە",
        "start": 419881.0,
        "end": 422362.0,
        "audio": "content/segments/117/90.ogg"
    },
    {
        "ID": "91",
        "gender": "M",
        "age": "A",
        "character_name": "مستەر",
        "text": "نەء",
        "text_original": "نەء",
        "start": 422381.0,
        "end": 423048.0,
        "audio": "content/segments/117/91.ogg"
    },
    {
        "ID": "92",
        "gender": "M",
        "age": "A",
        "character_name": "عومەر",
        "text": "ئاو زۆر ئەکێشێ",
        "text_original": "ئاو زۆر ئەکێشێ",
        "start": 423385.0,
        "end": 424314.0,
        "audio": "content/segments/117/92.ogg"
    },
    {
        "ID": "93",
        "gender": "M",
        "age": "A",
        "character_name": "مستەر",
        "text": "نەخێر، ئەوەش نیە",
        "text_original": "نەخێر، ئەوەش نیە",
        "start": 424332.0,
        "end": 425478.0,
        "audio": "content/segments/117/93.ogg"
    },
    {
        "ID": "94",
        "gender": "M",
        "age": "A",
        "character_name": "سەباح",
        "text": "میستەر دەرەجەی زۆری لەسەرە",
        "text_original": "میستەر دەرەجەی زۆری لەسەرە",
        "start": 425500.0,
        "end": 427468.0,
        "audio": "content/segments/117/94.ogg"
    },
    {
        "ID": "95",
        "gender": "M",
        "age": "A",
        "character_name": "مستەر",
        "text": "نەخێر دەرەجەش نیە، ئەزانن بۆ نایگۆڕم",
        "text_original": "نەخێر دەرەجەش نیە، ئەزانن بۆ نایگۆڕم",
        "start": 427479.0,
        "end": 429972.0,
        "audio": "content/segments/117/95.ogg"
    },
    {
        "ID": "96",
        "gender": "M",
        "age": "A",
        "character_name": "مستەر",
        "text": "چونکە ئێوە هەمووتان لەو مەوزوعە",
        "text_original": "چونکە ئێوە هەمووتان لەو مەوزوعە",
        "start": 430449.0,
        "end": 432765.0,
        "audio": "content/segments/117/96.ogg"
    },
    {
        "ID": "97",
        "gender": "M",
        "age": "A",
        "character_name": "مستەر",
        "text": "لە مەوزوعی مستەشارا، قۆڵن قۆڵ",
        "text_original": "لە مەوزوعی مستەشارا، قۆڵن قۆڵ",
        "start": 432785.0,
        "end": 435147.0,
        "audio": "content/segments/117/97.ogg"
    },
    {
        "ID": "98",
        "gender": "M",
        "age": "A",
        "character_name": "ڕێبوار",
        "text": "قۆڵن پاو",
        "text_original": "قۆڵن پاو",
        "start": 435175.0,
        "end": 436149.0,
        "audio": "content/segments/117/98.ogg"
    },
    {
        "ID": "99",
        "gender": "M",
        "age": "A",
        "character_name": "مستەر",
        "text": "نەخێر، (ناڕوون)",
        "text_original": "نەخێر، (ناڕوون)",
        "start": 436368.0,
        "end": 439244.0,
        "audio": "content/segments/117/99.ogg"
    },
    {
        "ID": "100",
        "gender": "M",
        "age": "A",
        "character_name": "مستەر",
        "text": "هەڵسە هەڵسە، بزانم",
        "text_original": "هەڵسە هەڵسە، بزانم",
        "start": 439713.0,
        "end": 442000.0,
        "audio": "content/segments/117/100.ogg"
    }
]