[
    {
        "ID": "2",
        "gender": "M",
        "age": "A",
        "character_name": "ئەحمەد",
        "text": "وەی باوکەڕۆ، باوکەڕۆ",
        "text_original": "وەی باوکەڕۆ، باوکەڕۆ",
        "start": 13750.0,
        "end": 16042.000000000002,
        "audio": "content/segments/118/2.ogg"
    },
    {
        "ID": "3",
        "gender": "M",
        "age": "A",
        "character_name": "موراقیب",
        "text": "چییە وە",
        "text_original": "چییە وە",
        "start": 16842.0,
        "end": 17529.0,
        "audio": "content/segments/118/3.ogg"
    },
    {
        "ID": "4",
        "gender": "M",
        "age": "A",
        "character_name": "موراقیب",
        "text": "دە بەسە تۆزێ غیرەتھ بێ، مردوو مرێ",
        "text_original": "دە بەسە تۆزێ غیرەتھ بێ، مردوو مرێ",
        "start": 17530.0,
        "end": 19696.0,
        "audio": "content/segments/118/4.ogg"
    },
    {
        "ID": "5",
        "gender": "M",
        "age": "A",
        "character_name": "ئەحمەد",
        "text": "کورە غیرەتی چی، بۆخاتری خوا من ئاگرم تێبەربوو وەڵای موراقیب",
        "text_original": "کورە غیرەتی چی، بۆخاتری خوا من ئاگرم تێبەربوو وەڵای موراقیب",
        "start": 19912.0,
        "end": 23388.0,
        "audio": "content/segments/118/5.ogg"
    },
    {
        "ID": "6",
        "gender": "M",
        "age": "A",
        "character_name": "عومەر",
        "text": "شەکر شەکر، کڵۆیێ شەکر ڕەحمەتی خواتان",
        "text_original": "شەکر شەکر، کڵۆیێ شەکر ڕەحمەتی خواتان",
        "start": 23449.0,
        "end": 25393.0,
        "audio": "content/segments/118/6.ogg"
    },
    {
        "ID": "7",
        "gender": "M",
        "age": "A",
        "character_name": "ڕێبوار",
        "text": "کورە شەکری چی، شەکری چی کاکە",
        "text_original": "کورە شەکری چی، شەکری چی کاکە",
        "start": 25420.0,
        "end": 27671.0,
        "audio": "content/segments/118/7.ogg"
    },
    {
        "ID": "8",
        "gender": "M",
        "age": "A",
        "character_name": "ڕێبوار",
        "text": "پەرداخێ ئاوی ساردی بۆ بێنن، هەڵی قوڕێنێ تەواو",
        "text_original": "پەرداخێ ئاوی ساردی بۆ بێنن، هەڵی قوڕێنێ تەواو",
        "start": 27724.0,
        "end": 30180.0,
        "audio": "content/segments/118/8.ogg"
    },
    {
        "ID": "9",
        "gender": "M",
        "age": "A",
        "character_name": "موراقیب",
        "text": "بەقسەی ئەو مەکە ئاو خراپە",
        "text_original": "بەقسەی ئەو مەکە ئاو خراپە",
        "start": 30180.0,
        "end": 32064.0,
        "audio": "content/segments/118/9.ogg"
    },
    {
        "ID": "10",
        "gender": "M",
        "age": "A",
        "character_name": "موراقیب",
        "text": "تیژیەکە هەمووی ئەباتە ناو مەعیدە و ڕیخۆڵەکانتەوە",
        "text_original": "تیژیەکە هەمووی ئەباتە ناو مەعیدە و ڕیخۆڵەکانتەوە",
        "start": 32064.0,
        "end": 34873.0,
        "audio": "content/segments/118/10.ogg"
    },
    {
        "ID": "11",
        "gender": "M",
        "age": "A",
        "character_name": "ئەحمەد",
        "text": "ئەی باوکەڕۆ ، توخوا فریام کەون فریا بەساقەتان بم",
        "text_original": "ئەی باوکەڕۆ ، توخوا فریام کەون فریا بەساقەتان بم",
        "start": 34943.0,
        "end": 38713.0,
        "audio": "content/segments/118/11.ogg"
    },
    {
        "ID": "12",
        "gender": "M",
        "age": "A",
        "character_name": "عومەر",
        "text": "بەو خوایە ناحەقھ ناگرم ئەحە، لە دوپشکە ڕەشە پیستر بوو",
        "text_original": "بەو خوایە ناحەقھ ناگرم ئەحە، لە دوپشکە ڕەشە پیستر بوو",
        "start": 38740.0,
        "end": 41822.0,
        "audio": "content/segments/118/12.ogg"
    },
    {
        "ID": "13",
        "gender": "M",
        "age": "A",
        "character_name": "موراقیب",
        "text": "ئەزانی چیبکە ئئ، یەک گاز لە پەنجەی خۆو بگرە بە قایمی",
        "text_original": "ئەزانی چیبکە ئئ، یەک گاز لە پەنجەی خۆو بگرە بە قایمی",
        "start": 42026.0,
        "end": 46243.0,
        "audio": "content/segments/118/13.ogg"
    },
    {
        "ID": "14",
        "gender": "M",
        "age": "A",
        "character_name": "موراقیب",
        "text": "بیرت ئەچێتەوە",
        "text_original": "بیرت ئەچێتەوە",
        "start": 46243.0,
        "end": 47080.0,
        "audio": "content/segments/118/14.ogg"
    },
    {
        "ID": "15",
        "gender": "M",
        "age": "A",
        "character_name": "ئەحمەد",
        "text": "ئەها بەو خوایە گاز لە کلکی کەریش بگرم",
        "text_original": "ئەها بەو خوایە گاز لە کلکی کەریش بگرم",
        "start": 47244.0,
        "end": 49534.0,
        "audio": "content/segments/118/15.ogg"
    },
    {
        "ID": "16",
        "gender": "M",
        "age": "A",
        "character_name": "ئەحمەد",
        "text": "باوەڕ ناکەم ئیسفادەی هەبێ",
        "text_original": "باوەڕ ناکەم ئیسفادەی هەبێ",
        "start": 49534.0,
        "end": 51036.0,
        "audio": "content/segments/118/16.ogg"
    },
    {
        "ID": "17",
        "gender": "M",
        "age": "A",
        "character_name": "ئەحمەد",
        "text": "موراقیب نییە، ئەڵێی مەنجەڵی بوخار تەقیوەتەوە لە دەما",
        "text_original": "موراقیب نییە، ئەڵێی مەنجەڵی بوخار تەقیوەتەوە لە دەما",
        "start": 51556.0,
        "end": 54738.0,
        "audio": "content/segments/118/17.ogg"
    },
    {
        "ID": "18",
        "gender": "M",
        "age": "A",
        "character_name": "ڕێبوار",
        "text": "کوڕە ئەحە جیان، پێنج دەقیقە تەحەمول بکە",
        "text_original": "کوڕە ئەحە جیان، پێنج دەقیقە تەحەمول بکە",
        "start": 54770.0,
        "end": 57252.0,
        "audio": "content/segments/118/18.ogg"
    },
    {
        "ID": "19",
        "gender": "M",
        "age": "A",
        "character_name": "ڕێبوار",
        "text": "تونیەکەی نامێنێ بەساقەھ بم",
        "text_original": "تونیەکەی نامێنێ بەساقەھ بم",
        "start": 57252.0,
        "end": 58990.0,
        "audio": "content/segments/118/19.ogg"
    },
    {
        "ID": "20",
        "gender": "M",
        "age": "A",
        "character_name": "عەبدوڵا",
        "text": "باشن شکور",
        "text_original": "باشن شکور",
        "start": 61166.0,
        "end": 61981.0,
        "audio": "content/segments/118/20.ogg"
    },
    {
        "ID": "21",
        "gender": "M",
        "age": "A",
        "character_name": "قوتابیەکان",
        "text": "سەرچاوان",
        "text_original": "سەرچاوان",
        "start": 61996.0,
        "end": 62778.0,
        "audio": "content/segments/118/21.ogg"
    },
    {
        "ID": "22",
        "gender": "M",
        "age": "A",
        "character_name": "عەبدوڵا",
        "text": "خێرە",
        "text_original": "خێرە",
        "start": 62793.0,
        "end": 63370.0,
        "audio": "content/segments/118/22.ogg"
    },
    {
        "ID": "23",
        "gender": "M",
        "age": "A",
        "character_name": "عومەر",
        "text": "وەڵا ئەحە داماوەکەیە دیسان",
        "text_original": "وەڵا ئەحە داماوەکەیە دیسان",
        "start": 63953.0,
        "end": 65438.0,
        "audio": "content/segments/118/23.ogg"
    },
    {
        "ID": "24",
        "gender": "M",
        "age": "A",
        "character_name": "عەبدوڵا",
        "text": "چی لێ هاتوە",
        "text_original": "چی لێ هاتوە",
        "start": 65507.99999999999,
        "end": 66385.0,
        "audio": "content/segments/118/24.ogg"
    },
    {
        "ID": "25",
        "gender": "M",
        "age": "A",
        "character_name": "موراقیب",
        "text": "ئەزانی چی",
        "text_original": "ئەزانی چی",
        "start": 66909.0,
        "end": 67926.0,
        "audio": "content/segments/118/25.ogg"
    },
    {
        "ID": "26",
        "gender": "M",
        "age": "A",
        "character_name": "زانا",
        "text": "دیسان چی",
        "text_original": "دیسان چی",
        "start": 68193.0,
        "end": 69014.0,
        "audio": "content/segments/118/26.ogg"
    },
    {
        "ID": "27",
        "gender": "M",
        "age": "A",
        "character_name": "موراقیب",
        "text": "کاکە گیان، ئەحەیە لێی قەوماوە، ئەزانی چی",
        "text_original": "کاکە گیان، ئەحەیە لێی قەوماوە، ئەزانی چی",
        "start": 69687.0,
        "end": 72334.0,
        "audio": "content/segments/118/27.ogg"
    },
    {
        "ID": "28",
        "gender": "M",
        "age": "A",
        "character_name": "زاهیر",
        "text": "پارەی تەزویریان بەسەرا تەوزیع کردوە",
        "text_original": "پارەی تەزویریان بەسەرا تەوزیع کردوە",
        "start": 72480.0,
        "end": 74600.0,
        "audio": "content/segments/118/28.ogg"
    },
    {
        "ID": "29",
        "gender": "M",
        "age": "A",
        "character_name": "موراقیب",
        "text": "نەوەڵا",
        "text_original": "نەوەڵا",
        "start": 74601.0,
        "end": 75451.0,
        "audio": "content/segments/118/29.ogg"
    },
    {
        "ID": "30",
        "gender": "M",
        "age": "A",
        "character_name": "زاهیر",
        "text": "ئەیی، ڕێزلێنانەکەیان بڕیوە",
        "text_original": "ئەیی، ڕێزلێنانەکەیان بڕیوە",
        "start": 75623.0,
        "end": 77843.0,
        "audio": "content/segments/118/30.ogg"
    },
    {
        "ID": "31",
        "gender": "M",
        "age": "A",
        "character_name": "موراقیب",
        "text": "نانا ئەوەش نییە، بیبەری تونی خواردوە",
        "text_original": "نانا ئەوەش نییە، بیبەری تونی خواردوە",
        "start": 77863.0,
        "end": 80043.0,
        "audio": "content/segments/118/31.ogg"
    },
    {
        "ID": "32",
        "gender": "M",
        "age": "A",
        "character_name": "سەباح",
        "text": "کورە بابە بیبەری تیژی پێ تێکچوە و خواردویەتی و تەواو",
        "text_original": "کورە بابە بیبەری تیژی پێ تێکچوە و خواردویەتی و تەواو",
        "start": 80043.0,
        "end": 84176.0,
        "audio": "content/segments/118/32.ogg"
    },
    {
        "ID": "33",
        "gender": "M",
        "age": "A",
        "character_name": "عەبدوڵا",
        "text": "ئەی عەمرھ نەمێنێ",
        "text_original": "ئەی عەمرھ نەمێنێ",
        "start": 84371.0,
        "end": 85683.0,
        "audio": "content/segments/118/33.ogg"
    },
    {
        "ID": "34",
        "gender": "M",
        "age": "A",
        "character_name": "عەبدوڵا",
        "text": "بە زاتێ زاتی خوایە، وام زانی فیشەکی بیکێسی بەرکەوتوە",
        "text_original": "بە زاتێ زاتی خوایە، وام زانی فیشەکی بیکێسی بەرکەوتوە",
        "start": 85683.0,
        "end": 88687.0,
        "audio": "content/segments/118/34.ogg"
    },
    {
        "ID": "35",
        "gender": "M",
        "age": "A",
        "character_name": "عەبدوڵا",
        "text": "بیبەرێچی تونھ خواردوە، ئاواو لێهاتوە",
        "text_original": "بیبەرێچی تونھ خواردوە، ئاواو لێهاتوە",
        "start": 88781.0,
        "end": 90134.0,
        "audio": "content/segments/118/35.ogg"
    },
    {
        "ID": "36",
        "gender": "M",
        "age": "A",
        "character_name": "موراقیب",
        "text": "بێ قەزابی کاکە عەبە",
        "text_original": "بێ قەزابی کاکە عەبە",
        "start": 90150.0,
        "end": 92151.0,
        "audio": "content/segments/118/36.ogg"
    },
    {
        "ID": "37",
        "gender": "M",
        "age": "A",
        "character_name": "موراقیب",
        "text": "بۆچی تۆ وائەزانی لە غیرەتا هەموو کەس خۆم و خۆتین",
        "text_original": "بۆچی تۆ وائەزانی لە غیرەتا هەموو کەس خۆم و خۆتین",
        "start": 92618.0,
        "end": 95856.0,
        "audio": "content/segments/118/37.ogg"
    },
    {
        "ID": "38",
        "gender": "M",
        "age": "A",
        "character_name": "عەبدوڵا",
        "text": "توو شەرەفھ مراقیب، عەیب نیە بۆ من و تۆ",
        "text_original": "توو شەرەفھ مراقیب، عەیب نیە بۆ من و تۆ",
        "start": 95881.0,
        "end": 98372.0,
        "audio": "content/segments/118/38.ogg"
    },
    {
        "ID": "39",
        "gender": "M",
        "age": "A",
        "character_name": "عەبدوڵا",
        "text": "لە سڵفێکا بین لەگەڵ ئا ئەم بێ غیرەتانە",
        "text_original": "لە سڵفێکا بین لەگەڵ ئا ئەم بێ غیرەتانە",
        "start": 98483.0,
        "end": 100526.0,
        "audio": "content/segments/118/39.ogg"
    },
    {
        "ID": "40",
        "gender": "M",
        "age": "A",
        "character_name": "عومەر",
        "text": "بە جەمع قسە مەکە عەبدوڵا، بە جەمع قسە مەکە",
        "text_original": "بە جەمع قسە مەکە عەبدوڵا، بە جەمع قسە مەکە",
        "start": 100761.0,
        "end": 103276.0,
        "audio": "content/segments/118/40.ogg"
    },
    {
        "ID": "41",
        "gender": "M",
        "age": "A",
        "character_name": "ڕێبوار",
        "text": "ڕاست ئەکا بە جەمع قسە مەکە، بە موسەنا قسە بکە",
        "text_original": "ڕاست ئەکا بە جەمع قسە مەکە، بە موسەنا قسە بکە",
        "start": 103429.0,
        "end": 105916.0,
        "audio": "content/segments/118/41.ogg"
    },
    {
        "ID": "42",
        "gender": "M",
        "age": "A",
        "character_name": "ڕێبوار",
        "text": "با تەعلیقەکە هەر شمولی من و کاکە عەبە جیان بکا",
        "text_original": "با تەعلیقەکە هەر شمولی من و کاکە عەبە جیان بکا",
        "start": 105984.0,
        "end": 108391.0,
        "audio": "content/segments/118/42.ogg"
    },
    {
        "ID": "43",
        "gender": "M",
        "age": "A",
        "character_name": "زانا",
        "text": "حە، یاعنی پێو قبوڵە لە بێورێیا خۆو بخەیتە ڕیزی ئەحەوە",
        "text_original": "حە، یاعنی پێو قبوڵە لە بێورێیا خۆو بخەیتە ڕیزی ئەحەوە",
        "start": 108471.0,
        "end": 111620.0,
        "audio": "content/segments/118/43.ogg"
    },
    {
        "ID": "44",
        "gender": "M",
        "age": "A",
        "character_name": "ڕێبوار",
        "text": "بەڵێ، لە پێناوی ڕەفاقەتا هەموو شت دروستە",
        "text_original": "بەڵێ، لە پێناوی ڕەفاقەتا هەموو شت دروستە",
        "start": 111620.0,
        "end": 113721.0,
        "audio": "content/segments/118/44.ogg"
    },
    {
        "ID": "45",
        "gender": "M",
        "age": "A",
        "character_name": "موراقیب",
        "text": "یاڵا وسبن دەنگە دەنگ مەکەن",
        "text_original": "یاڵا وسبن دەنگە دەنگ مەکەن",
        "start": 114854.0,
        "end": 116181.0,
        "audio": "content/segments/118/45.ogg"
    },
    {
        "ID": "46",
        "gender": "M",
        "age": "A",
        "character_name": "موراقیب",
        "text": "(ناڕوون)",
        "text_original": "(ناڕوون)",
        "start": 116181.0,
        "end": 117101.0,
        "audio": "content/segments/118/46.ogg"
    },
    {
        "ID": "47",
        "gender": "M",
        "age": "A",
        "character_name": "موراقیب",
        "text": "هاستن دەی هەستن",
        "text_original": "هاستن دەی هەستن",
        "start": 117101.0,
        "end": 117968.0,
        "audio": "content/segments/118/47.ogg"
    },
    {
        "ID": "48",
        "gender": "M",
        "age": "A",
        "character_name": "مستەر",
        "text": "چییە دیسان چییە چیتان لێ قەوماوە",
        "text_original": "چییە دیسان چییە چیتان لێ قەوماوە",
        "start": 120038.0,
        "end": 122252.0,
        "audio": "content/segments/118/48.ogg"
    },
    {
        "ID": "49",
        "gender": "M",
        "age": "A",
        "character_name": "مستەر",
        "text": "چیتانە",
        "text_original": "چیتانە",
        "start": 122297.0,
        "end": 123017.0,
        "audio": "content/segments/118/49.ogg"
    },
    {
        "ID": "50",
        "gender": "M",
        "age": "A",
        "character_name": "عومەر",
        "text": "جا چیمان لێ نەقەڵمێ مستەر گیان لەوە زیاتر",
        "text_original": "جا چیمان لێ نەقەڵمێ مستەر گیان لەوە زیاتر",
        "start": 123051.0,
        "end": 125459.0,
        "audio": "content/segments/118/50.ogg"
    },
    {
        "ID": "51",
        "gender": "M",
        "age": "A",
        "character_name": "مستەر",
        "text": "بۆ",
        "text_original": "بۆ",
        "start": 126725.0,
        "end": 127320.0,
        "audio": "content/segments/118/51.ogg"
    },
    {
        "ID": "52",
        "gender": "M",
        "age": "A",
        "character_name": "مستەر",
        "text": "لێقەومانەکەتان قا، دانیشە دانیشە",
        "text_original": "لێقەومانەکەتان قا، دانیشە دانیشە",
        "start": 127356.0,
        "end": 130269.0,
        "audio": "content/segments/118/52.ogg"
    },
    {
        "ID": "53",
        "gender": "M",
        "age": "A",
        "character_name": "مستەر",
        "text": "قابیلە مەخزەنی شەکر و چا و برنج و ڕۆنی ئێکسپایەرتان گیرا بێ",
        "text_original": "قابیلە مەخزەنی شەکر و چا و برنج و ڕۆنی ئێکسپایەرتان گیرا بێ",
        "start": 131013.0,
        "end": 135984.0,
        "audio": "content/segments/118/53.ogg"
    },
    {
        "ID": "54",
        "gender": "M",
        "age": "A",
        "character_name": "مستەر",
        "text": "مەغزەنی بۆری و مۆریتان سوتا بێ",
        "text_original": "مەغزەنی بۆری و مۆریتان سوتا بێ",
        "start": 136000.0,
        "end": 138249.0,
        "audio": "content/segments/118/54.ogg"
    },
    {
        "ID": "55",
        "gender": "M",
        "age": "A",
        "character_name": "مستەر",
        "text": "چییە، لێقەومانەکەتان چییە",
        "text_original": "چییە، لێقەومانەکەتان چییە",
        "start": 138465.0,
        "end": 139958.0,
        "audio": "content/segments/118/55.ogg"
    },
    {
        "ID": "56",
        "gender": "M",
        "age": "A",
        "character_name": "موراقیب",
        "text": "قابیلە لەگەڵ تلیاک فرۆش و هین فرۆشا جیرابین لەسەرمان بکەوێ",
        "text_original": "قابیلە لەگەڵ تلیاک فرۆش و هین فرۆشا جیرابین لەسەرمان بکەوێ",
        "start": 139993.0,
        "end": 144153.0,
        "audio": "content/segments/118/56.ogg"
    },
    {
        "ID": "57",
        "gender": "M",
        "age": "A",
        "character_name": "مستەر",
        "text": "ئێ ئاخر دەباشە دەی، دەبزانم چییە دەی",
        "text_original": "ئێ ئاخر دەباشە دەی، دەبزانم چییە دەی",
        "start": 144994.0,
        "end": 147262.0,
        "audio": "content/segments/118/57.ogg"
    },
    {
        "ID": "58",
        "gender": "M",
        "age": "A",
        "character_name": "مستەر",
        "text": "ئەم لێقەومانەتان چییە",
        "text_original": "ئەم لێقەومانەتان چییە",
        "start": 147273.0,
        "end": 148743.0,
        "audio": "content/segments/118/58.ogg"
    },
    {
        "ID": "59",
        "gender": "M",
        "age": "A",
        "character_name": "عەبدوڵا",
        "text": "وەڵا میستەر لێمان نەقەوماوە",
        "text_original": "وەڵا میستەر لێمان نەقەوماوە",
        "start": 148999.0,
        "end": 150603.0,
        "audio": "content/segments/118/59.ogg"
    },
    {
        "ID": "60",
        "gender": "M",
        "age": "A",
        "character_name": "عەبدوڵا",
        "text": "ئەحەیە بیبەرێچی تونی خواردوە و",
        "text_original": "ئەحەیە بیبەرێچی تونی خواردوە و",
        "start": 150603.0,
        "end": 152137.0,
        "audio": "content/segments/118/60.ogg"
    },
    {
        "ID": "61",
        "gender": "M",
        "age": "A",
        "character_name": "عەبدوڵا",
        "text": "سەری دنیای لەخۆی هێناوەتەوە یەک",
        "text_original": "سەری دنیای لەخۆی هێناوەتەوە یەک",
        "start": 152137.0,
        "end": 153638.0,
        "audio": "content/segments/118/61.ogg"
    },
    {
        "ID": "62",
        "gender": "M",
        "age": "A",
        "character_name": "مستەر",
        "text": "بیبەری تونھ خواردوە، عەمر کورت",
        "text_original": "بیبەری تونھ خواردوە، عەمر کورت",
        "start": 153670.0,
        "end": 155972.0,
        "audio": "content/segments/118/62.ogg"
    },
    {
        "ID": "63",
        "gender": "M",
        "age": "A",
        "character_name": "مستەر",
        "text": "جا ئەمەو بۆ کرد ها",
        "text_original": "جا ئەمەو بۆ کرد ها",
        "start": 156599.0,
        "end": 158096.0,
        "audio": "content/segments/118/63.ogg"
    },
    {
        "ID": "64",
        "gender": "M",
        "age": "A",
        "character_name": "موراقیب",
        "text": "کورە مستەر ئەزانی چییە کاکە، لەگەڵ بیبەری شیرینا لێی تێک چوە",
        "text_original": "کورە مستەر ئەزانی چییە کاکە، لەگەڵ بیبەری شیرینا لێی تێک چوە",
        "start": 158151.0,
        "end": 162120.0,
        "audio": "content/segments/118/64.ogg"
    },
    {
        "ID": "65",
        "gender": "M",
        "age": "A",
        "character_name": "موراقیب",
        "text": "ئەوە خۆ کفری نەکردوە، دە تەواو بیبڕەوە تۆش",
        "text_original": "ئەوە خۆ کفری نەکردوە، دە تەواو بیبڕەوە تۆش",
        "start": 162213.0,
        "end": 164782.0,
        "audio": "content/segments/118/65.ogg"
    },
    {
        "ID": "66",
        "gender": "M",
        "age": "A",
        "character_name": "مستەر",
        "text": "باشە ئەڵێم، یەعنی ئێوە ناتوانن بیبەری تیژ و بیبەری شیرین",
        "text_original": "باشە ئەڵێم، یەعنی ئێوە ناتوانن بیبەری تیژ و بیبەری شیرین",
        "start": 164820.0,
        "end": 170912.0,
        "audio": "content/segments/118/66.ogg"
    },
    {
        "ID": "67",
        "gender": "M",
        "age": "A",
        "character_name": "مستەر",
        "text": "لێک جیا کەنەوە",
        "text_original": "لێک جیا کەنەوە",
        "start": 170912.0,
        "end": 172079.0,
        "audio": "content/segments/118/67.ogg"
    },
    {
        "ID": "68",
        "gender": "M",
        "age": "A",
        "character_name": "عومەر",
        "text": "نە بەسەری تۆ",
        "text_original": "نە بەسەری تۆ",
        "start": 172120.0,
        "end": 173181.0,
        "audio": "content/segments/118/68.ogg"
    },
    {
        "ID": "69",
        "gender": "M",
        "age": "A",
        "character_name": "مستەر",
        "text": "ئاااای مەعەل ئەسەف، من حسابێکی ترم بۆ کردبون، بۆ ئێوە",
        "text_original": "ئاااای مەعەل ئەسەف، من حسابێکی ترم بۆ کردبون، بۆ ئێوە",
        "start": 173596.0,
        "end": 179144.0,
        "audio": "content/segments/118/69.ogg"
    },
    {
        "ID": "70",
        "gender": "M",
        "age": "A",
        "character_name": "موراقیب",
        "text": "مستەر جیان، هیچ حیسابێکمان بۆ مەکە",
        "text_original": "مستەر جیان، هیچ حیسابێکمان بۆ مەکە",
        "start": 179203.0,
        "end": 181239.0,
        "audio": "content/segments/118/70.ogg"
    },
    {
        "ID": "71",
        "gender": "M",
        "age": "A",
        "character_name": "موراقیب",
        "text": "ئەسڵەن ئێمە نەک بیبەری شیرین و تیژ جیا ناکەینەوە",
        "text_original": "ئەسڵەن ئێمە نەک بیبەری شیرین و تیژ جیا ناکەینەوە",
        "start": 181473.0,
        "end": 184324.0,
        "audio": "content/segments/118/71.ogg"
    },
    {
        "ID": "72",
        "gender": "M",
        "age": "A",
        "character_name": "موراقیب",
        "text": "ئێمە تا ئێستا فەرق لەبەینی دیموکراسیەت و فەوزایا ناکەین",
        "text_original": "ئێمە تا ئێستا فەرق لەبەینی دیموکراسیەت و فەوزایا ناکەین",
        "start": 184354.0,
        "end": 188802.0,
        "audio": "content/segments/118/72.ogg"
    },
    {
        "ID": "73",
        "gender": "M",
        "age": "A",
        "character_name": "مستەر",
        "text": "توو سەری من ئاوان ئێوە",
        "text_original": "توو سەری من ئاوان ئێوە",
        "start": 188871.0,
        "end": 191024.0,
        "audio": "content/segments/118/73.ogg"
    },
    {
        "ID": "74",
        "gender": "M",
        "age": "A",
        "character_name": "عەبدوڵا",
        "text": "بەسەری تۆ میستەر تا ئێستا، ئێمە لە فرە میمبەری وا تێگەیشتوین",
        "text_original": "بەسەری تۆ میستەر تا ئێستا، ئێمە لە فرە میمبەری وا تێگەیشتوین",
        "start": 191256.0,
        "end": 194366.0,
        "audio": "content/segments/118/74.ogg"
    },
    {
        "ID": "75",
        "gender": "M",
        "age": "A",
        "character_name": "عەبدوڵا",
        "text": "یائنی دەستەکەنی",
        "text_original": "یائنی دەستەکەنی",
        "start": 194366.0,
        "end": 195477.0,
        "audio": "content/segments/118/75.ogg"
    },
    {
        "ID": "76",
        "gender": "M",
        "age": "A",
        "character_name": "موراقیب",
        "text": "بەسەری مستەر، هەرچکەسێ سمێڵی سور بوو",
        "text_original": "بەسەری مستەر، هەرچکەسێ سمێڵی سور بوو",
        "start": 195973.0,
        "end": 198903.0,
        "audio": "content/segments/118/76.ogg"
    },
    {
        "ID": "77",
        "gender": "M",
        "age": "A",
        "character_name": "موراقیب",
        "text": "ئێمە پێی ئەڵێین، هەمزە ئاغا وێڵکەم",
        "text_original": "ئێمە پێی ئەڵێین، هەمزە ئاغا وێڵکەم",
        "start": 198986.0,
        "end": 201102.0,
        "audio": "content/segments/118/77.ogg"
    },
    {
        "ID": "78",
        "gender": "M",
        "age": "A",
        "character_name": "مستەر",
        "text": "ئۆو، ئۆو، دەی خوا ڕەحمتان پێ بکا خوا",
        "text_original": "ئۆو، ئۆو، دەی خوا ڕەحمتان پێ بکا خوا",
        "start": 201199.0,
        "end": 204917.0,
        "audio": "content/segments/118/78.ogg"
    },
    {
        "ID": "79",
        "gender": "M",
        "age": "A",
        "character_name": "مستەر",
        "text": "وەرە وەرە ئەحمە، ها بگرە",
        "text_original": "وەرە وەرە ئەحمە، ها بگرە",
        "start": 204936.0,
        "end": 206556.0,
        "audio": "content/segments/118/79.ogg"
    },
    {
        "ID": "80",
        "gender": "M",
        "age": "A",
        "character_name": "مستەر",
        "text": "ها بیگرە، ئائەمە بخە هینتەوە، بیخە دەمتەوە ئەو دەنکە نوقڵە",
        "text_original": "ها بیگرە، ئائەمە بخە هینتەوە، بیخە دەمتەوە ئەو دەنکە نوقڵە",
        "start": 207029.0,
        "end": 210512.0,
        "audio": "content/segments/118/80.ogg"
    },
    {
        "ID": "81",
        "gender": "M",
        "age": "A",
        "character_name": "مستەر",
        "text": "بیگرە دەی، ئائەوە",
        "text_original": "بیگرە دەی، ئائەوە",
        "start": 210512.0,
        "end": 212068.0,
        "audio": "content/segments/118/81.ogg"
    },
    {
        "ID": "82",
        "gender": "M",
        "age": "A",
        "character_name": "مستەر",
        "text": "ئێستە فەورەن فەورەن، چاکت ئەکاتەوە باشە",
        "text_original": "ئێستە فەورەن فەورەن، چاکت ئەکاتەوە باشە",
        "start": 212809.0,
        "end": 215940.0,
        "audio": "content/segments/118/82.ogg"
    },
    {
        "ID": "83",
        "gender": "M",
        "age": "A",
        "character_name": "عومەر",
        "text": "وەڵای ئەحە ئەحە، هەتا ماوی ئەبێ دوعای خێر بۆ میستەر بکەی",
        "text_original": "وەڵای ئەحە ئەحە، هەتا ماوی ئەبێ دوعای خێر بۆ میستەر بکەی",
        "start": 216183.0,
        "end": 220206.0,
        "audio": "content/segments/118/83.ogg"
    },
    {
        "ID": "84",
        "gender": "M",
        "age": "A",
        "character_name": "عەبدوڵا",
        "text": "براڕۆ براڕۆ کوڕینە، ئەم میستەرە چەن موهیمە",
        "text_original": "براڕۆ براڕۆ کوڕینە، ئەم میستەرە چەن موهیمە",
        "start": 220349.0,
        "end": 224434.0,
        "audio": "content/segments/118/84.ogg"
    },
    {
        "ID": "85",
        "gender": "M",
        "age": "A",
        "character_name": "عەبدوڵا",
        "text": "وەڵای سەری چوێرە باری لا دەسئەکەوێ",
        "text_original": "وەڵای سەری چوێرە باری لا دەسئەکەوێ",
        "start": 224689.0,
        "end": 226721.0,
        "audio": "content/segments/118/85.ogg"
    },
    {
        "ID": "86",
        "gender": "M",
        "age": "A",
        "character_name": "ڕێبوار",
        "text": "کلیلی هەموو موشکیلەکانە ئەم میستەرە",
        "text_original": "کلیلی هەموو موشکیلەکانە ئەم میستەرە",
        "start": 226751.0,
        "end": 229016.0,
        "audio": "content/segments/118/86.ogg"
    },
    {
        "ID": "87",
        "gender": "M",
        "age": "A",
        "character_name": "زاهیر",
        "text": "کورە نەک ئەوە، کانگای سۆز و مهرەبانیە",
        "text_original": "کورە نەک ئەوە، کانگای سۆز و مهرەبانیە",
        "start": 229109.0,
        "end": 231770.0,
        "audio": "content/segments/118/87.ogg"
    },
    {
        "ID": "88",
        "gender": "M",
        "age": "A",
        "character_name": "ئەحمەد",
        "text": "ئەک بەقوربانی خۆت و ئەو چیقلاتەیەو بم مستەر",
        "text_original": "ئەک بەقوربانی خۆت و ئەو چیقلاتەیەو بم مستەر",
        "start": 231829.0,
        "end": 234931.0,
        "audio": "content/segments/118/88.ogg"
    },
    {
        "ID": "89",
        "gender": "M",
        "age": "A",
        "character_name": "ئەحمەد",
        "text": "ئەزانی موراقیب عەلەمم تیا نەما",
        "text_original": "ئەزانی موراقیب عەلەمم تیا نەما",
        "start": 235039.0,
        "end": 236999.0,
        "audio": "content/segments/118/89.ogg"
    },
    {
        "ID": "90",
        "gender": "M",
        "age": "A",
        "character_name": "مستەر",
        "text": "ئەی ڕۆڵە جیان پێم نەوتی فەورەن چاکت ئەکات، ئای",
        "text_original": "ئەی ڕۆڵە جیان پێم نەوتی فەورەن چاکت ئەکات، ئای",
        "start": 237025.0,
        "end": 241062.0,
        "audio": "content/segments/118/90.ogg"
    },
    {
        "ID": "91",
        "gender": "M",
        "age": "A",
        "character_name": "عومەر",
        "text": "نەم وت ئەحە، هەتا ماوی ئەبێ مەمنونی ئائەو میستەرە بی",
        "text_original": "نەم وت ئەحە، هەتا ماوی ئەبێ مەمنونی ئائەو میستەرە بی",
        "start": 241143.0,
        "end": 245258.0,
        "audio": "content/segments/118/91.ogg"
    },
    {
        "ID": "92",
        "gender": "M",
        "age": "A",
        "character_name": "ئەحمەد",
        "text": "نقوڵ نقوڵ نەبوو بابە، ئێکسیلی حەیات بوو",
        "text_original": "نقوڵ نقوڵ نەبوو بابە، ئێکسیلی حەیات بوو",
        "start": 245493.0,
        "end": 247909.0,
        "audio": "content/segments/118/92.ogg"
    },
    {
        "ID": "93",
        "gender": "M",
        "age": "A",
        "character_name": "عەبدوڵا",
        "text": "ئەی قور بەسەرھ ئەحە، ئەگەر ئا ئەو نوقڵە",
        "text_original": "ئەی قور بەسەرھ ئەحە، ئەگەر ئا ئەو نوقڵە",
        "start": 247923.0,
        "end": 250650.0,
        "audio": "content/segments/118/93.ogg"
    },
    {
        "ID": "94",
        "gender": "M",
        "age": "A",
        "character_name": "عەبدوڵا",
        "text": "لە حەشیشە جیرۆدەتری مستەری نەکردی",
        "text_original": "لە حەشیشە جیرۆدەتری مستەری نەکردی",
        "start": 250983.0,
        "end": 253036.0,
        "audio": "content/segments/118/94.ogg"
    },
    {
        "ID": "95",
        "gender": "M",
        "age": "A",
        "character_name": "عەبدوڵا",
        "text": "بەناوی خۆمەوە بانگم مەکە",
        "text_original": "بەناوی خۆمەوە بانگم مەکە",
        "start": 253036.0,
        "end": 254252.0,
        "audio": "content/segments/118/95.ogg"
    },
    {
        "ID": "96",
        "gender": "M",
        "age": "A",
        "character_name": "موراقیب",
        "text": "ئەزانی چییە",
        "text_original": "ئەزانی چییە",
        "start": 254393.0,
        "end": 255538.0,
        "audio": "content/segments/118/96.ogg"
    },
    {
        "ID": "97",
        "gender": "M",
        "age": "A",
        "character_name": "موراقیب",
        "text": "هەتا ماوە ئەو ئەحەیە، ئەبێ بەتەمای ئەو نوقڵەی مستەر بێ",
        "text_original": "هەتا ماوە ئەو ئەحەیە، ئەبێ بەتەمای ئەو نوقڵەی مستەر بێ",
        "start": 256062.0,
        "end": 259235.0,
        "audio": "content/segments/118/97.ogg"
    },
    {
        "ID": "98",
        "gender": "M",
        "age": "A",
        "character_name": "موراقیب",
        "text": "تازە حسابت فت، ڕۆڵە",
        "text_original": "تازە حسابت فت، ڕۆڵە",
        "start": 259235.0,
        "end": 261387.99999999997,
        "audio": "content/segments/118/98.ogg"
    },
    {
        "ID": "99",
        "gender": "M",
        "age": "A",
        "character_name": "قوتابیەکان",
        "text": "(پێکەنین)",
        "text_original": "(پێکەنین)",
        "start": 261422.00000000003,
        "end": 261927.00000000003,
        "audio": "content/segments/118/99.ogg"
    },
    {
        "ID": "100",
        "gender": "M",
        "age": "A",
        "character_name": "عومەر",
        "text": "بۆ یاعنی ئیتر لەمەولا فێری ئەبێ",
        "text_original": "بۆ یاعنی ئیتر لەمەولا فێری ئەبێ",
        "start": 261927.00000000003,
        "end": 263923.0,
        "audio": "content/segments/118/100.ogg"
    },
    {
        "ID": "101",
        "gender": "M",
        "age": "A",
        "character_name": "موراقیب",
        "text": "فێر ئەبێ",
        "text_original": "فێر ئەبێ",
        "start": 263952.0,
        "end": 264842.0,
        "audio": "content/segments/118/101.ogg"
    },
    {
        "ID": "102",
        "gender": "M",
        "age": "A",
        "character_name": "مستەر",
        "text": "باشە، باشە هەی بێسفەتینە بۆ ئەوەنە سپڵەن",
        "text_original": "باشە، باشە هەی بێسفەتینە بۆ ئەوەنە سپڵەن",
        "start": 264871.0,
        "end": 269850.0,
        "audio": "content/segments/118/102.ogg"
    },
    {
        "ID": "103",
        "gender": "M",
        "age": "A",
        "character_name": "مستەر",
        "text": "ئەوە من بەرەو ڕوو دانیشتووم، ئێستا ئەم هەموو قسە قۆڕانە ئەکەن",
        "text_original": "ئەوە من بەرەو ڕوو دانیشتووم، ئێستا ئەم هەموو قسە قۆڕانە ئەکەن",
        "start": 270443.0,
        "end": 274303.0,
        "audio": "content/segments/118/103.ogg"
    },
    {
        "ID": "104",
        "gender": "M",
        "age": "A",
        "character_name": "مستەر",
        "text": "ئەبێ لە پاشملە چەنێک دیعایەی قۆڕ و",
        "text_original": "ئەبێ لە پاشملە چەنێک دیعایەی قۆڕ و",
        "start": 274567.0,
        "end": 277572.0,
        "audio": "content/segments/118/104.ogg"
    },
    {
        "ID": "105",
        "gender": "M",
        "age": "A",
        "character_name": "مستەر",
        "text": "غەیبەتی هھه، هینم بۆ هەڵبەسن ها",
        "text_original": "غەیبەتی هھه، هینم بۆ هەڵبەسن ها",
        "start": 277711.0,
        "end": 279852.0,
        "audio": "content/segments/118/105.ogg"
    },
    {
        "ID": "106",
        "gender": "M",
        "age": "A",
        "character_name": "ئەحمەد",
        "text": "جا مستەر گیان، چەنێ دیعایە ئەکەن با بیکەن",
        "text_original": "جا مستەر گیان، چەنێ دیعایە ئەکەن با بیکەن",
        "start": 279913.0,
        "end": 283047.0,
        "audio": "content/segments/118/106.ogg"
    },
    {
        "ID": "107",
        "gender": "M",
        "age": "A",
        "character_name": "ئەحمەد",
        "text": "یەک توری قەڵپ ناهێنێ لای من",
        "text_original": "یەک توری قەڵپ ناهێنێ لای من",
        "start": 283071.0,
        "end": 284806.0,
        "audio": "content/segments/118/107.ogg"
    },
    {
        "ID": "108",
        "gender": "M",
        "age": "A",
        "character_name": "ئەحمەد",
        "text": "قوە نییە تۆم لەبەر چاو بخا",
        "text_original": "قوە نییە تۆم لەبەر چاو بخا",
        "start": 285094.0,
        "end": 286836.0,
        "audio": "content/segments/118/108.ogg"
    },
    {
        "ID": "109",
        "gender": "M",
        "age": "A",
        "character_name": "موراقیب",
        "text": "ئەها نوقڵەکە چۆن تەئسیری تێکرد",
        "text_original": "ئەها نوقڵەکە چۆن تەئسیری تێکرد",
        "start": 286900.0,
        "end": 289095.0,
        "audio": "content/segments/118/109.ogg"
    },
    {
        "ID": "110",
        "gender": "M",
        "age": "A",
        "character_name": "قوتابیەکان",
        "text": "(ژاوە ژاو)",
        "text_original": "(ژاوە ژاو)",
        "start": 289141.0,
        "end": 290908.0,
        "audio": "content/segments/118/110.ogg"
    },
    {
        "ID": "111",
        "gender": "M",
        "age": "A",
        "character_name": "زانا",
        "text": "میستەر پێو نییە سەرو دەنکمان بەیتێ",
        "text_original": "میستەر پێو نییە سەرو دەنکمان بەیتێ",
        "start": 290944.0,
        "end": 293315.0,
        "audio": "content/segments/118/111.ogg"
    },
    {
        "ID": "112",
        "gender": "M",
        "age": "A",
        "character_name": "مستەر",
        "text": "نا نا نا نا نا نا، هەڵیگرن بۆ دەرسەکەی کە",
        "text_original": "نا نا نا نا نا نا، هەڵیگرن بۆ دەرسەکەی کە",
        "start": 293385.0,
        "end": 296715.0,
        "audio": "content/segments/118/112.ogg"
    },
    {
        "ID": "113",
        "gender": "M",
        "age": "A",
        "character_name": "مستەر",
        "text": "لە دەرسەکەی داهاتوا بۆتان یێنم، باشە",
        "text_original": "لە دەرسەکەی داهاتوا بۆتان یێنم، باشە",
        "start": 296731.0,
        "end": 298961.0,
        "audio": "content/segments/118/113.ogg"
    },
    {
        "ID": "114",
        "gender": "M",
        "age": "A",
        "character_name": "سەباح",
        "text": "وەڵا من شەخسی خۆم نایخۆم",
        "text_original": "وەڵا من شەخسی خۆم نایخۆم",
        "start": 299036.0,
        "end": 300989.0,
        "audio": "content/segments/118/114.ogg"
    },
    {
        "ID": "115",
        "gender": "M",
        "age": "A",
        "character_name": "عومەر",
        "text": "بەخوا منیش نامەوێ، ئەترسم لەدوایا بۆم تەرک نەیرێ",
        "text_original": "بەخوا منیش نامەوێ، ئەترسم لەدوایا بۆم تەرک نەیرێ",
        "start": 301111.0,
        "end": 304432.0,
        "audio": "content/segments/118/115.ogg"
    },
    {
        "ID": "116",
        "gender": "M",
        "age": "A",
        "character_name": "عەبدوڵا",
        "text": "ئەوە من هەر نامەوێ",
        "text_original": "ئەوە من هەر نامەوێ",
        "start": 304432.0,
        "end": 305745.0,
        "audio": "content/segments/118/116.ogg"
    },
    {
        "ID": "117",
        "gender": "M",
        "age": "A",
        "character_name": "مستەر",
        "text": "ئینجا با ڕابێن لەسەر ئەو نوقڵە، خەتەرەکەی لە چیایە پێم ناڵێن",
        "text_original": "ئینجا با ڕابێن لەسەر ئەو نوقڵە، خەتەرەکەی لە چیایە پێم ناڵێن",
        "start": 305786.0,
        "end": 310105.0,
        "audio": "content/segments/118/117.ogg"
    },
    {
        "ID": "118",
        "gender": "M",
        "age": "A",
        "character_name": "مستەر",
        "text": "لەسەر ئەو نوقڵەی من ڕابێن باشترە، یا لەسەر سوێنی درۆ",
        "text_original": "لەسەر ئەو نوقڵەی من ڕابێن باشترە، یا لەسەر سوێنی درۆ",
        "start": 310707.0,
        "end": 314684.0,
        "audio": "content/segments/118/118.ogg"
    },
    {
        "ID": "119",
        "gender": "M",
        "age": "A",
        "character_name": "مستەر",
        "text": "یا لەسەر خەفەت خواردن بۆ وەزعی کەرکوک",
        "text_original": "یا لەسەر خەفەت خواردن بۆ وەزعی کەرکوک",
        "start": 314804.0,
        "end": 317952.0,
        "audio": "content/segments/118/119.ogg"
    },
    {
        "ID": "120",
        "gender": "M",
        "age": "A",
        "character_name": "مستەر",
        "text": "یان لەسەر خواردنی پارەی میلەت، کامیان باشترە",
        "text_original": "یان لەسەر خواردنی پارەی میلەت، کامیان باشترە",
        "start": 318078.0,
        "end": 321530.0,
        "audio": "content/segments/118/120.ogg"
    },
    {
        "ID": "121",
        "gender": "M",
        "age": "A",
        "character_name": "موراقیب",
        "text": "ئێستا باوکم نوقڵەکەی تۆ باشترە، وەنیە ئەحە",
        "text_original": "ئێستا باوکم نوقڵەکەی تۆ باشترە، وەنیە ئەحە",
        "start": 321530.0,
        "end": 324085.0,
        "audio": "content/segments/118/121.ogg"
    },
    {
        "ID": "122",
        "gender": "M",
        "age": "A",
        "character_name": "ئەحمەد",
        "text": "ئەرەوەڵا",
        "text_original": "ئەرەوەڵا",
        "start": 324103.0,
        "end": 324949.0,
        "audio": "content/segments/118/122.ogg"
    },
    {
        "ID": "123",
        "gender": "M",
        "age": "A",
        "character_name": "ئەحمەد",
        "text": "ئینجا سەلامەتیشە ئئ، مراقیب",
        "text_original": "ئینجا سەلامەتیشە ئئ، مراقیب",
        "start": 325163.0,
        "end": 327544.0,
        "audio": "content/segments/118/123.ogg"
    },
    {
        "ID": "124",
        "gender": "M",
        "age": "A",
        "character_name": "موراقیب",
        "text": "چۆن",
        "text_original": "چۆن",
        "start": 327544.0,
        "end": 327855.0,
        "audio": "content/segments/118/124.ogg"
    },
    {
        "ID": "125",
        "gender": "M",
        "age": "A",
        "character_name": "ئەحمەد",
        "text": "جۆ بگرە، ئەوەنە سەلامەتە، هینیشە کورە ناوی چییە",
        "text_original": "جۆ بگرە، ئەوەنە سەلامەتە، هینیشە کورە ناوی چییە",
        "start": 327865.0,
        "end": 331387.0,
        "audio": "content/segments/118/125.ogg"
    },
    {
        "ID": "126",
        "gender": "M",
        "age": "A",
        "character_name": "ئەحمەد",
        "text": "ئەقڵی ئینسان ئەکاتەوە",
        "text_original": "ئەقڵی ئینسان ئەکاتەوە",
        "start": 331419.0,
        "end": 332805.0,
        "audio": "content/segments/118/126.ogg"
    },
    {
        "ID": "127",
        "gender": "M",
        "age": "A",
        "character_name": "موراقیب",
        "text": "چۆن چۆنی",
        "text_original": "چۆن چۆنی",
        "start": 332819.0,
        "end": 333489.0,
        "audio": "content/segments/118/127.ogg"
    },
    {
        "ID": "128",
        "gender": "M",
        "age": "A",
        "character_name": "ئەحمەد",
        "text": "بەسەری تۆ لەوەتی من ئەم نوقڵەم خواردوە",
        "text_original": "بەسەری تۆ لەوەتی من ئەم نوقڵەم خواردوە",
        "start": 333489.0,
        "end": 335761.0,
        "audio": "content/segments/118/128.ogg"
    },
    {
        "ID": "129",
        "gender": "M",
        "age": "A",
        "character_name": "موراقیب",
        "text": "ئێ",
        "text_original": "ئێ",
        "start": 335781.0,
        "end": 336115.0,
        "audio": "content/segments/118/129.ogg"
    },
    {
        "ID": "130",
        "gender": "M",
        "age": "A",
        "character_name": "ئەحمەد",
        "text": "وا، وا هەست ئەکەم ئەحەیەکی تربم",
        "text_original": "وا، وا هەست ئەکەم ئەحەیەکی تربم",
        "start": 336115.0,
        "end": 338232.0,
        "audio": "content/segments/118/130.ogg"
    },
    {
        "ID": "131",
        "gender": "M",
        "age": "A",
        "character_name": "سەباح",
        "text": "وا هەست ئەکەی ئەحەیەچی چۆن چۆنی بی",
        "text_original": "وا هەست ئەکەی ئەحەیەچی چۆن چۆنی بی",
        "start": 338901.0,
        "end": 340993.0,
        "audio": "content/segments/118/131.ogg"
    },
    {
        "ID": "132",
        "gender": "M",
        "age": "A",
        "character_name": "ئەحمەد",
        "text": "یاعنی وا هەسئەکەم، یاعنی فڕم بەسەر ئەحە کۆنەکەوە نەماوە",
        "text_original": "یاعنی وا هەسئەکەم، یاعنی فڕم بەسەر ئەحە کۆنەکەوە نەماوە",
        "start": 341026.0,
        "end": 344501.0,
        "audio": "content/segments/118/132.ogg"
    },
    {
        "ID": "133",
        "gender": "M",
        "age": "A",
        "character_name": "عومەر",
        "text": "باوەڕ کە ئەحە، بە موو فەرقھ نەکردوە",
        "text_original": "باوەڕ کە ئەحە، بە موو فەرقھ نەکردوە",
        "start": 344588.0,
        "end": 347466.0,
        "audio": "content/segments/118/133.ogg"
    },
    {
        "ID": "134",
        "gender": "M",
        "age": "A",
        "character_name": "عومەر",
        "text": "هەر ئەحە کۆنەکەی جارانی",
        "text_original": "هەر ئەحە کۆنەکەی جارانی",
        "start": 347476.0,
        "end": 348908.0,
        "audio": "content/segments/118/134.ogg"
    },
    {
        "ID": "135",
        "gender": "M",
        "age": "A",
        "character_name": "ئەحمەد",
        "text": "کورە بابە من شکڵ ناڵێم، من لە ناوەڕۆکا",
        "text_original": "کورە بابە من شکڵ ناڵێم، من لە ناوەڕۆکا",
        "start": 348989.0,
        "end": 351807.0,
        "audio": "content/segments/118/135.ogg"
    },
    {
        "ID": "136",
        "gender": "M",
        "age": "A",
        "character_name": "ئەحمەد",
        "text": "ئەڵێم لە ناوەرۆکا گۆڕاوم",
        "text_original": "ئەڵێم لە ناوەرۆکا گۆڕاوم",
        "start": 351877.0,
        "end": 353672.0,
        "audio": "content/segments/118/136.ogg"
    },
    {
        "ID": "137",
        "gender": "M",
        "age": "A",
        "character_name": "موراقیب",
        "text": "وەڵای بە قسەی من ئەکەی، نەگۆڕێی باشترە",
        "text_original": "وەڵای بە قسەی من ئەکەی، نەگۆڕێی باشترە",
        "start": 354747.0,
        "end": 356986.0,
        "audio": "content/segments/118/137.ogg"
    },
    {
        "ID": "138",
        "gender": "M",
        "age": "A",
        "character_name": "ڕێبوار",
        "text": "بۆچی کاک مراقیب گۆڕان خراپە",
        "text_original": "بۆچی کاک مراقیب گۆڕان خراپە",
        "start": 357089.0,
        "end": 359389.0,
        "audio": "content/segments/118/138.ogg"
    },
    {
        "ID": "139",
        "gender": "M",
        "age": "A",
        "character_name": "موراقیب",
        "text": "ئەزانی بۆچی ئەڵێم، بۆستە یەک دەقە",
        "text_original": "ئەزانی بۆچی ئەڵێم، بۆستە یەک دەقە",
        "start": 359434.0,
        "end": 361216.0,
        "audio": "content/segments/118/139.ogg"
    },
    {
        "ID": "140",
        "gender": "M",
        "age": "A",
        "character_name": "موراقیب",
        "text": "ئەی تۆ خەبەرەکەی تۆنی بلێرھ نەبیستوە",
        "text_original": "ئەی تۆ خەبەرەکەی تۆنی بلێرھ نەبیستوە",
        "start": 361216.0,
        "end": 363040.0,
        "audio": "content/segments/118/140.ogg"
    },
    {
        "ID": "141",
        "gender": "M",
        "age": "A",
        "character_name": "ڕێبوار",
        "text": "ناوەڵا",
        "text_original": "ناوەڵا",
        "start": 363048.0,
        "end": 363782.0,
        "audio": "content/segments/118/141.ogg"
    },
    {
        "ID": "142",
        "gender": "M",
        "age": "A",
        "character_name": "موراقیب",
        "text": "ئەوە ئەڵێ، تۆنی بلێرهەژدە ساڵە",
        "text_original": "ئەوە ئەڵێ، تۆنی بلێرهەژدە ساڵە",
        "start": 363937.0,
        "end": 366572.0,
        "audio": "content/segments/118/142.ogg"
    },
    {
        "ID": "143",
        "gender": "M",
        "age": "A",
        "character_name": "موراقیب",
        "text": "هەر یەک جوت قۆنەرەی لە پیایە و نایگۆڕیوە",
        "text_original": "هەر یەک جوت قۆنەرەی لە پیایە و نایگۆڕیوە",
        "start": 366632.0,
        "end": 368882.0,
        "audio": "content/segments/118/143.ogg"
    },
    {
        "ID": "144",
        "gender": "M",
        "age": "A",
        "character_name": "سەباح",
        "text": "هەژدە ساڵە یەک جوت پێلاوی لە پیایە، یاعنی چی",
        "text_original": "هەژدە ساڵە یەک جوت پێلاوی لە پیایە، یاعنی چی",
        "start": 369193.0,
        "end": 372295.0,
        "audio": "content/segments/118/144.ogg"
    },
    {
        "ID": "145",
        "gender": "M",
        "age": "A",
        "character_name": "زانا",
        "text": "یاعنی ئئ ئەڵێم ئەبێ چ بۆیاغچیێ بۆیاغی بۆ کردبێ مامە سەباح",
        "text_original": "یاعنی ئئ ئەڵێم ئەبێ چ بۆیاغچیێ بۆیاغی بۆ کردبێ مامە سەباح",
        "start": 372504.0,
        "end": 376504.0,
        "audio": "content/segments/118/145.ogg"
    },
    {
        "ID": "146",
        "gender": "M",
        "age": "A",
        "character_name": "سەباح",
        "text": "کوڕم زانا، من ئەوە ناڵێم، نەمویست ئەوە بڵێم",
        "text_original": "کوڕم زانا، من ئەوە ناڵێم، نەمویست ئەوە بڵێم",
        "start": 376560.0,
        "end": 379384.0,
        "audio": "content/segments/118/146.ogg"
    },
    {
        "ID": "147",
        "gender": "M",
        "age": "A",
        "character_name": "سەباح",
        "text": "ئەڵێم ئێمە باسی ناخی ئەحەمان ئەکرد",
        "text_original": "ئەڵێم ئێمە باسی ناخی ئەحەمان ئەکرد",
        "start": 379423.0,
        "end": 382009.0,
        "audio": "content/segments/118/147.ogg"
    },
    {
        "ID": "148",
        "gender": "M",
        "age": "A",
        "character_name": "سەباح",
        "text": "بۆچی هاتە سەر پێڵاوەکەی تۆنی بلێر",
        "text_original": "بۆچی هاتە سەر پێڵاوەکەی تۆنی بلێر",
        "start": 382314.0,
        "end": 384676.0,
        "audio": "content/segments/118/148.ogg"
    },
    {
        "ID": "149",
        "gender": "M",
        "age": "A",
        "character_name": "عەبدوڵا",
        "text": "ئەزانی چۆنە، ئەگەر فەلسەفیەن لێچی بەیتەوانێ",
        "text_original": "ئەزانی چۆنە، ئەگەر فەلسەفیەن لێچی بەیتەوانێ",
        "start": 384845.0,
        "end": 387134.0,
        "audio": "content/segments/118/149.ogg"
    },
    {
        "ID": "150",
        "gender": "M",
        "age": "A",
        "character_name": "عەبدوڵا",
        "text": "فەرقێک نیە لە بەینی فکری ئەحە و پێڵاوەکانی تۆنی بلێرا",
        "text_original": "فەرقێک نیە لە بەینی فکری ئەحە و پێڵاوەکانی تۆنی بلێرا",
        "start": 387134.0,
        "end": 390908.0,
        "audio": "content/segments/118/150.ogg"
    },
    {
        "ID": "151",
        "gender": "M",
        "age": "A",
        "character_name": "عومەر",
        "text": "توخوا ئەمە وەزعە میستەر",
        "text_original": "توخوا ئەمە وەزعە میستەر",
        "start": 391204.0,
        "end": 392720.0,
        "audio": "content/segments/118/151.ogg"
    },
    {
        "ID": "152",
        "gender": "M",
        "age": "A",
        "character_name": "مستەر",
        "text": "نە بەسەری تۆ وەزع نییە، نەوەڵا ئەوە وەزع نییە",
        "text_original": "نە بەسەری تۆ وەزع نییە، نەوەڵا ئەوە وەزع نییە",
        "start": 393263.0,
        "end": 396312.0,
        "audio": "content/segments/118/152.ogg"
    },
    {
        "ID": "153",
        "gender": "M",
        "age": "A",
        "character_name": "زاهیر",
        "text": "ئەی باشە بۆ تەدەخول ناکەی، میستەر جیان",
        "text_original": "ئەی باشە بۆ تەدەخول ناکەی، میستەر جیان",
        "start": 396351.0,
        "end": 398469.0,
        "audio": "content/segments/118/153.ogg"
    },
    {
        "ID": "154",
        "gender": "M",
        "age": "A",
        "character_name": "مستەر",
        "text": "کاک زایر، ئەمەوێ بزانم وەزعەکە بەرەو چۆ ئەڕوا، پەلە مەکە",
        "text_original": "کاک زایر، ئەمەوێ بزانم وەزعەکە بەرەو چۆ ئەڕوا، پەلە مەکە",
        "start": 398769.0,
        "end": 403907.0,
        "audio": "content/segments/118/154.ogg"
    },
    {
        "ID": "155",
        "gender": "M",
        "age": "A",
        "character_name": "موراقیب",
        "text": "یەعنی تۆ بەتەمای ئێمەی",
        "text_original": "یەعنی تۆ بەتەمای ئێمەی",
        "start": 403946.0,
        "end": 405512.0,
        "audio": "content/segments/118/155.ogg"
    },
    {
        "ID": "156",
        "gender": "M",
        "age": "A",
        "character_name": "موراقیب",
        "text": "ئەم وەزعە بەرەو چۆ بەری مستەر، ئای داماو",
        "text_original": "ئەم وەزعە بەرەو چۆ بەری مستەر، ئای داماو",
        "start": 405512.0,
        "end": 408885.0,
        "audio": "content/segments/118/156.ogg"
    },
    {
        "ID": "157",
        "gender": "M",
        "age": "A",
        "character_name": "مستەر",
        "text": "ئەگەر بخوێن و هەوڵ بەن و سەعی بکەن",
        "text_original": "ئەگەر بخوێن و هەوڵ بەن و سەعی بکەن",
        "start": 408976.0,
        "end": 412748.0,
        "audio": "content/segments/118/157.ogg"
    },
    {
        "ID": "158",
        "gender": "M",
        "age": "A",
        "character_name": "مستەر",
        "text": "دوور نییە، دوور نییە مەسەلەن ئائەو ڕێبوارە قەلەمونە نییە",
        "text_original": "دوور نییە، دوور نییە مەسەلەن ئائەو ڕێبوارە قەلەمونە نییە",
        "start": 413106.0,
        "end": 417197.0,
        "audio": "content/segments/118/158.ogg"
    },
    {
        "ID": "159",
        "gender": "M",
        "age": "A",
        "character_name": "مستەر",
        "text": "ببێ بە موهەندیسێ",
        "text_original": "ببێ بە موهەندیسێ",
        "start": 417243.0,
        "end": 418514.0,
        "audio": "content/segments/118/159.ogg"
    },
    {
        "ID": "160",
        "gender": "M",
        "age": "A",
        "character_name": "مستەر",
        "text": "یا ئائەم ئەحە گەمژەیە ببێ بە دکتۆرێ",
        "text_original": "یا ئائەم ئەحە گەمژەیە ببێ بە دکتۆرێ",
        "start": 418604.0,
        "end": 421055.0,
        "audio": "content/segments/118/160.ogg"
    },
    {
        "ID": "161",
        "gender": "M",
        "age": "A",
        "character_name": "ئەحمەد",
        "text": "وەڵا مستەر من حەزم لە دکتۆری نییە",
        "text_original": "وەڵا مستەر من حەزم لە دکتۆری نییە",
        "start": 421106.0,
        "end": 422939.0,
        "audio": "content/segments/118/161.ogg"
    },
    {
        "ID": "162",
        "gender": "M",
        "age": "A",
        "character_name": "مستەر",
        "text": "بۆ",
        "text_original": "بۆ",
        "start": 423125.0,
        "end": 423422.0,
        "audio": "content/segments/118/162.ogg"
    },
    {
        "ID": "163",
        "gender": "M",
        "age": "A",
        "character_name": "ئەحمەد",
        "text": "بابە دکتۆری وا هەیە ئەچێ تەیارە خانەی لەندەن ئەتەقێنێتەوە",
        "text_original": "بابە دکتۆری وا هەیە ئەچێ تەیارە خانەی لەندەن ئەتەقێنێتەوە",
        "start": 423432.0,
        "end": 426354.0,
        "audio": "content/segments/118/163.ogg"
    },
    {
        "ID": "164",
        "gender": "M",
        "age": "A",
        "character_name": "مستەر",
        "text": "کوڕە کوڕم هەموویان وا نین، تۆ بۆ ئەوەنە بێ ئەقڵی",
        "text_original": "کوڕە کوڕم هەموویان وا نین، تۆ بۆ ئەوەنە بێ ئەقڵی",
        "start": 426400.0,
        "end": 429428.0,
        "audio": "content/segments/118/164.ogg"
    },
    {
        "ID": "165",
        "gender": "M",
        "age": "A",
        "character_name": "مستەر",
        "text": "بۆ ئەوەنە بێ ئەقڵی، لەوانەیە لەسێ و چوار ملوێن دکتۆرا",
        "text_original": "بۆ ئەوەنە بێ ئەقڵی، لەوانەیە لەسێ و چوار ملوێن دکتۆرا",
        "start": 429506.0,
        "end": 433183.0,
        "audio": "content/segments/118/165.ogg"
    },
    {
        "ID": "166",
        "gender": "M",
        "age": "A",
        "character_name": "مستەر",
        "text": "دکتۆرێکی وای لێ هەڵکەوێ خۆی بتەقێنێتەوە",
        "text_original": "دکتۆرێکی وای لێ هەڵکەوێ خۆی بتەقێنێتەوە",
        "start": 433183.0,
        "end": 435437.0,
        "audio": "content/segments/118/166.ogg"
    },
    {
        "ID": "167",
        "gender": "M",
        "age": "A",
        "character_name": "مستەر",
        "text": "دوای ئەوە وتویانە چەم بێ چەقەڵ نابێ، تێئەگەی",
        "text_original": "دوای ئەوە وتویانە چەم بێ چەقەڵ نابێ، تێئەگەی",
        "start": 435437.0,
        "end": 439667.0,
        "audio": "content/segments/118/167.ogg"
    },
    {
        "ID": "168",
        "gender": "M",
        "age": "A",
        "character_name": "مستەر",
        "text": "چەم بێ چی نابێت",
        "text_original": "چەم بێ چی نابێت",
        "start": 440262.0,
        "end": 441372.0,
        "audio": "content/segments/118/168.ogg"
    },
    {
        "ID": "169",
        "gender": "M",
        "age": "A",
        "character_name": "قوتابیەکان",
        "text": "چەقەڵ",
        "text_original": "چەقەڵ",
        "start": 441473.0,
        "end": 442436.0,
        "audio": "content/segments/118/169.ogg"
    },
    {
        "ID": "170",
        "gender": "M",
        "age": "A",
        "character_name": "مستەر",
        "text": "چەم بێ چی نابێت",
        "text_original": "چەم بێ چی نابێت",
        "start": 442650.0,
        "end": 443892.0,
        "audio": "content/segments/118/170.ogg"
    },
    {
        "ID": "171",
        "gender": "M",
        "age": "A",
        "character_name": "قوتابیەکان",
        "text": "چەقەڵ",
        "text_original": "چەقەڵ",
        "start": 443913.0,
        "end": 444742.0,
        "audio": "content/segments/118/171.ogg"
    },
    {
        "ID": "172",
        "gender": "M",
        "age": "A",
        "character_name": "موراقیب",
        "text": "ئەرێ بەسە کاکە ئەوەنە باسی چەقەڵ مەکەن بەقوربان",
        "text_original": "ئەرێ بەسە کاکە ئەوەنە باسی چەقەڵ مەکەن بەقوربان",
        "start": 444753.0,
        "end": 447573.0,
        "audio": "content/segments/118/172.ogg"
    },
    {
        "ID": "173",
        "gender": "M",
        "age": "A",
        "character_name": "موراقیب",
        "text": "باسی مەکەن، وانیە زانە جیان",
        "text_original": "باسی مەکەن، وانیە زانە جیان",
        "start": 447759.0,
        "end": 449356.0,
        "audio": "content/segments/118/173.ogg"
    },
    {
        "ID": "174",
        "gender": "M",
        "age": "A",
        "character_name": "زانا",
        "text": "بەڵێ بەڵێ",
        "text_original": "بەڵێ بەڵێ",
        "start": 449371.0,
        "end": 449811.0,
        "audio": "content/segments/118/174.ogg"
    },
    {
        "ID": "175",
        "gender": "M",
        "age": "A",
        "character_name": "موراقیب",
        "text": "ئەزانی بۆ، بە چەقەڵا حیکایەتە کۆنەکانمان بیرئەکەوێتەوە",
        "text_original": "ئەزانی بۆ، بە چەقەڵا حیکایەتە کۆنەکانمان بیرئەکەوێتەوە",
        "start": 449825.0,
        "end": 453182.0,
        "audio": "content/segments/118/175.ogg"
    },
    {
        "ID": "176",
        "gender": "M",
        "age": "A",
        "character_name": "موراقیب",
        "text": "بەسە ئیتر",
        "text_original": "بەسە ئیتر",
        "start": 453182.0,
        "end": 453937.0,
        "audio": "content/segments/118/176.ogg"
    },
    {
        "ID": "177",
        "gender": "M",
        "age": "A",
        "character_name": "ئەحمەد",
        "text": "ئێ بۆ مەراقیب، وەڵای خۆ ئەو حیقایەتە کۆنانە خراپ نەبوو",
        "text_original": "ئێ بۆ مەراقیب، وەڵای خۆ ئەو حیقایەتە کۆنانە خراپ نەبوو",
        "start": 453958.0,
        "end": 457126.0,
        "audio": "content/segments/118/177.ogg"
    },
    {
        "ID": "178",
        "gender": "M",
        "age": "A",
        "character_name": "ئەحمەد",
        "text": "ئێستاش من حەقایەتی ئەو پاشا عادلەم وەکو ئاو دۆ لەبەرە",
        "text_original": "ئێستاش من حەقایەتی ئەو پاشا عادلەم وەکو ئاو دۆ لەبەرە",
        "start": 457362.0,
        "end": 460786.0,
        "audio": "content/segments/118/178.ogg"
    },
    {
        "ID": "179",
        "gender": "M",
        "age": "A",
        "character_name": "سەباح",
        "text": "کام پاشا",
        "text_original": "کام پاشا",
        "start": 460813.0,
        "end": 461870.0,
        "audio": "content/segments/118/179.ogg"
    },
    {
        "ID": "180",
        "gender": "M",
        "age": "A",
        "character_name": "ئەحمەد",
        "text": "ئەو پاشایە ئەڵێن لە زەمانی ئەوا ئەمەنە دنیا ئەمین و ئومان بوە",
        "text_original": "ئەو پاشایە ئەڵێن لە زەمانی ئەوا ئەمەنە دنیا ئەمین و ئومان بوە",
        "start": 462046.0,
        "end": 466477.0,
        "audio": "content/segments/118/180.ogg"
    },
    {
        "ID": "181",
        "gender": "M",
        "age": "A",
        "character_name": "ئەحمەد",
        "text": "هیچ کەس دەرگای ماڵەکانی خۆی دانائەخست",
        "text_original": "هیچ کەس دەرگای ماڵەکانی خۆی دانائەخست",
        "start": 466682.0,
        "end": 468935.0,
        "audio": "content/segments/118/181.ogg"
    },
    {
        "ID": "182",
        "gender": "M",
        "age": "A",
        "character_name": "زاهیر",
        "text": "دەرگای سەلاجەش",
        "text_original": "دەرگای سەلاجەش",
        "start": 468989.0,
        "end": 470056.0,
        "audio": "content/segments/118/182.ogg"
    },
    {
        "ID": "183",
        "gender": "M",
        "age": "A",
        "character_name": "ئەحمەد",
        "text": "چییە کاک زایر، ڕائەبوێری",
        "text_original": "چییە کاک زایر، ڕائەبوێری",
        "start": 470144.0,
        "end": 471752.0,
        "audio": "content/segments/118/183.ogg"
    },
    {
        "ID": "184",
        "gender": "M",
        "age": "A",
        "character_name": "ئەحمەد",
        "text": "ئەگەر ئەو جقلاتەی مستەر جیانم نەئەخوارد",
        "text_original": "ئەگەر ئەو جقلاتەی مستەر جیانم نەئەخوارد",
        "start": 471951.0,
        "end": 474567.0,
        "audio": "content/segments/118/184.ogg"
    },
    {
        "ID": "185",
        "gender": "M",
        "age": "A",
        "character_name": "ئەحمەد",
        "text": "ئەمزانی چۆن جوابم ئەیایتەوە",
        "text_original": "ئەمزانی چۆن جوابم ئەیایتەوە",
        "start": 474576.0,
        "end": 476086.0,
        "audio": "content/segments/118/185.ogg"
    },
    {
        "ID": "186",
        "gender": "M",
        "age": "A",
        "character_name": "زاهیر",
        "text": "ئەحە جیان ڕانابوێرم، من خەفەت بۆ ئەم زەمانەی خۆمان ئەخۆم",
        "text_original": "ئەحە جیان ڕانابوێرم، من خەفەت بۆ ئەم زەمانەی خۆمان ئەخۆم",
        "start": 476208.0,
        "end": 479407.0,
        "audio": "content/segments/118/186.ogg"
    },
    {
        "ID": "187",
        "gender": "M",
        "age": "A",
        "character_name": "زاهیر",
        "text": "بە ڕۆژی نێوڕۆ جانتای ژنان ئەفڕێنن",
        "text_original": "بە ڕۆژی نێوڕۆ جانتای ژنان ئەفڕێنن",
        "start": 479618.0,
        "end": 481612.0,
        "audio": "content/segments/118/187.ogg"
    },
    {
        "ID": "188",
        "gender": "M",
        "age": "A",
        "character_name": "مستەر",
        "text": "چی جانتا لە ژنان ئەفڕێنن",
        "text_original": "چی جانتا لە ژنان ئەفڕێنن",
        "start": 481985.0,
        "end": 484668.0,
        "audio": "content/segments/118/188.ogg"
    },
    {
        "ID": "189",
        "gender": "M",
        "age": "A",
        "character_name": "مستەر",
        "text": "ئەی پۆلیس لە چوێن",
        "text_original": "ئەی پۆلیس لە چوێن",
        "start": 484840.0,
        "end": 486077.0,
        "audio": "content/segments/118/189.ogg"
    },
    {
        "ID": "190",
        "gender": "M",
        "age": "A",
        "character_name": "موراقیب",
        "text": "ئەزانی چی مستەر گیان، زۆربەی زۆری پۆلیس ئیسقالەی کرد",
        "text_original": "ئەزانی چی مستەر گیان، زۆربەی زۆری پۆلیس ئیسقالەی کرد",
        "start": 486105.0,
        "end": 489051.0,
        "audio": "content/segments/118/190.ogg"
    },
    {
        "ID": "191",
        "gender": "M",
        "age": "A",
        "character_name": "موراقیب",
        "text": "وازی هێنا",
        "text_original": "وازی هێنا",
        "start": 489051.0,
        "end": 489840.0,
        "audio": "content/segments/118/191.ogg"
    },
    {
        "ID": "192",
        "gender": "M",
        "age": "A",
        "character_name": "مستەر",
        "text": "ئەی باشە خۆ ئێوە، ئێوە بەوە مەشهور بون کە پۆلیستان زۆر بوو",
        "text_original": "ئەی باشە خۆ ئێوە، ئێوە بەوە مەشهور بون کە پۆلیستان زۆر بوو",
        "start": 489959.0,
        "end": 494415.0,
        "audio": "content/segments/118/192.ogg"
    },
    {
        "ID": "193",
        "gender": "M",
        "age": "A",
        "character_name": "مستەر",
        "text": "بەوە بەناوبانگ بوون",
        "text_original": "بەوە بەناوبانگ بوون",
        "start": 494415.0,
        "end": 495470.0,
        "audio": "content/segments/118/193.ogg"
    },
    {
        "ID": "194",
        "gender": "M",
        "age": "A",
        "character_name": "مستەر",
        "text": "خەریک بوو ئەم وڵاتە ئەبوو بە پۆلیساریۆ",
        "text_original": "خەریک بوو ئەم وڵاتە ئەبوو بە پۆلیساریۆ",
        "start": 495553.0,
        "end": 497827.0,
        "audio": "content/segments/118/194.ogg"
    },
    {
        "ID": "195",
        "gender": "M",
        "age": "A",
        "character_name": "عەبدوڵا",
        "text": "ئەوەنەتان لێ خوێنین، ئەوەنەتان لێ خوێنین، نەما نا نەما",
        "text_original": "ئەوەنەتان لێ خوێنین، ئەوەنەتان لێ خوێنین، نەما نا نەما",
        "start": 497859.0,
        "end": 501697.0,
        "audio": "content/segments/118/195.ogg"
    },
    {
        "ID": "196",
        "gender": "M",
        "age": "A",
        "character_name": "مستەر",
        "text": "باشە ڕۆڵە، بەچی ئەژین",
        "text_original": "باشە ڕۆڵە، بەچی ئەژین",
        "start": 501857.0,
        "end": 504016.0,
        "audio": "content/segments/118/196.ogg"
    },
    {
        "ID": "197",
        "gender": "M",
        "age": "A",
        "character_name": "مستەر",
        "text": "نە بەنزینتان هەبێ و، نە پۆلیستان هەبێ و",
        "text_original": "نە بەنزینتان هەبێ و، نە پۆلیستان هەبێ و",
        "start": 504042.0,
        "end": 507302.0,
        "audio": "content/segments/118/197.ogg"
    },
    {
        "ID": "198",
        "gender": "M",
        "age": "A",
        "character_name": "مستەر",
        "text": "نە قیسمی داخیلیتان هەبێ، چۆن ئیدارە ئەکەن، چۆن ئەژین",
        "text_original": "نە قیسمی داخیلیتان هەبێ، چۆن ئیدارە ئەکەن، چۆن ئەژین",
        "start": 507359.0,
        "end": 510763.0,
        "audio": "content/segments/118/198.ogg"
    },
    {
        "ID": "199",
        "gender": "M",
        "age": "A",
        "character_name": "ئەحمەد",
        "text": "مستەر هەمانە، قسمی داخلیمان زۆرە",
        "text_original": "مستەر هەمانە، قسمی داخلیمان زۆرە",
        "start": 510868.0,
        "end": 512890.0,
        "audio": "content/segments/118/199.ogg"
    },
    {
        "ID": "200",
        "gender": "M",
        "age": "A",
        "character_name": "ئەحمەد",
        "text": "لە ڕانیەش قسمی داخلیمان هەیە",
        "text_original": "لە ڕانیەش قسمی داخلیمان هەیە",
        "start": 513211.0,
        "end": 514870.0,
        "audio": "content/segments/118/200.ogg"
    },
    {
        "ID": "201",
        "gender": "M",
        "age": "A",
        "character_name": "مستەر",
        "text": "لە ڕانیە بۆ چێ",
        "text_original": "لە ڕانیە بۆ چێ",
        "start": 514902.00000000006,
        "end": 516255.0,
        "audio": "content/segments/118/201.ogg"
    },
    {
        "ID": "202",
        "gender": "M",
        "age": "A",
        "character_name": "موراقیب",
        "text": "بۆ تەلەبەکانی زانکۆی کۆیە",
        "text_original": "بۆ تەلەبەکانی زانکۆی کۆیە",
        "start": 516529.0,
        "end": 518620.0,
        "audio": "content/segments/118/202.ogg"
    },
    {
        "ID": "203",
        "gender": "M",
        "age": "A",
        "character_name": "مستەر",
        "text": "عەجیب، یاعنی تەلەبەی زانکۆی کۆیە",
        "text_original": "عەجیب، یاعنی تەلەبەی زانکۆی کۆیە",
        "start": 519023.0,
        "end": 522740.0,
        "audio": "content/segments/118/203.ogg"
    },
    {
        "ID": "204",
        "gender": "M",
        "age": "A",
        "character_name": "مستەر",
        "text": "لە کۆیەن محازەڕەکەی ئەفەوتێ و",
        "text_original": "لە کۆیەن محازەڕەکەی ئەفەوتێ و",
        "start": 523158.0,
        "end": 525502.0,
        "audio": "content/segments/118/204.ogg"
    },
    {
        "ID": "205",
        "gender": "M",
        "age": "A",
        "character_name": "مستەر",
        "text": "لە ڕانیەش دەس و دەمووچاوی ئەشوا",
        "text_original": "لە ڕانیەش دەس و دەمووچاوی ئەشوا",
        "start": 525588.0,
        "end": 527474.0,
        "audio": "content/segments/118/205.ogg"
    },
    {
        "ID": "206",
        "gender": "M",
        "age": "A",
        "character_name": "عەبدوڵا",
        "text": "میستەر، ئا ئەمە موهیمە ئەمە، ئەها سەیریکە",
        "text_original": "میستەر، ئا ئەمە موهیمە ئەمە، ئەها سەیریکە",
        "start": 527770.0,
        "end": 530786.0,
        "audio": "content/segments/118/206.ogg"
    },
    {
        "ID": "207",
        "gender": "M",
        "age": "A",
        "character_name": "مستەر",
        "text": "چییە",
        "text_original": "چییە",
        "start": 530793.0,
        "end": 531251.0,
        "audio": "content/segments/118/207.ogg"
    },
    {
        "ID": "208",
        "gender": "M",
        "age": "A",
        "character_name": "عەبدوڵا",
        "text": "بزانە لە جەزایر چیان کردوە",
        "text_original": "بزانە لە جەزایر چیان کردوە",
        "start": 531283.0,
        "end": 533051.0,
        "audio": "content/segments/118/208.ogg"
    },
    {
        "ID": "209",
        "gender": "M",
        "age": "A",
        "character_name": "عەبدوڵا",
        "text": "ئەها",
        "text_original": "ئەها",
        "start": 533708.0,
        "end": 534433.0,
        "audio": "content/segments/118/209.ogg"
    },
    {
        "ID": "210",
        "gender": "M",
        "age": "A",
        "character_name": "عەبدوڵا",
        "text": "هەشتا و یەک هینیان دروست کردوە",
        "text_original": "هەشتا و یەک هینیان دروست کردوە",
        "start": 534872.0,
        "end": 536544.0,
        "audio": "content/segments/118/210.ogg"
    },
    {
        "ID": "211",
        "gender": "M",
        "age": "A",
        "character_name": "ڕێبوار",
        "text": "قوتابخانەی شەش پۆلی",
        "text_original": "قوتابخانەی شەش پۆلی",
        "start": 537231.0,
        "end": 538589.0,
        "audio": "content/segments/118/211.ogg"
    },
    {
        "ID": "212",
        "gender": "M",
        "age": "A",
        "character_name": "عەبدوڵا",
        "text": "کورە قوتابخانەی شەش پۆلی چی و شتی چی",
        "text_original": "کورە قوتابخانەی شەش پۆلی چی و شتی چی",
        "start": 538678.0,
        "end": 541085.0,
        "audio": "content/segments/118/212.ogg"
    },
    {
        "ID": "213",
        "gender": "M",
        "age": "A",
        "character_name": "عەبدوڵا",
        "text": "هەشتا و یەک سجنی چوار، چوار نەفەری",
        "text_original": "هەشتا و یەک سجنی چوار، چوار نەفەری",
        "start": 541240.0,
        "end": 544201.0,
        "audio": "content/segments/118/213.ogg"
    },
    {
        "ID": "214",
        "gender": "M",
        "age": "A",
        "character_name": "عەبدوڵا",
        "text": "چوار هۆدەیان دروست کردوە، لەماوەی سێ مانگا",
        "text_original": "چوار هۆدەیان دروست کردوە، لەماوەی سێ مانگا",
        "start": 544227.0,
        "end": 546231.0,
        "audio": "content/segments/118/214.ogg"
    },
    {
        "ID": "215",
        "gender": "M",
        "age": "A",
        "character_name": "موراقیب",
        "text": "مستەر بە شەرەفم ئەوە وەزع نییە",
        "text_original": "مستەر بە شەرەفم ئەوە وەزع نییە",
        "start": 546458.0,
        "end": 548609.0,
        "audio": "content/segments/118/215.ogg"
    },
    {
        "ID": "216",
        "gender": "M",
        "age": "A",
        "character_name": "موراقیب",
        "text": "کاکە با ئێمە کۆنفرانسێکی نێودەوڵەتی ببەستین کەواتە",
        "text_original": "کاکە با ئێمە کۆنفرانسێکی نێودەوڵەتی ببەستین کەواتە",
        "start": 549061.0,
        "end": 551849.0,
        "audio": "content/segments/118/216.ogg"
    },
    {
        "ID": "217",
        "gender": "M",
        "age": "A",
        "character_name": "مستەر",
        "text": "کورە کۆنفڕانسی نێودەوڵەتی خۆ گاڵتە نییە",
        "text_original": "کورە کۆنفڕانسی نێودەوڵەتی خۆ گاڵتە نییە",
        "start": 551849.0,
        "end": 554390.0,
        "audio": "content/segments/118/217.ogg"
    },
    {
        "ID": "218",
        "gender": "M",
        "age": "A",
        "character_name": "مستەر",
        "text": "کۆنفراسی نێو دەو ڵەتی بە ئێوە ئەجیرێت",
        "text_original": "کۆنفراسی نێو دەو ڵەتی بە ئێوە ئەجیرێت",
        "start": 554410.0,
        "end": 557745.0,
        "audio": "content/segments/118/218.ogg"
    },
    {
        "ID": "219",
        "gender": "M",
        "age": "A",
        "character_name": "موراقیب",
        "text": "ئەرێ بۆ ئێمەو بە، زۆر سەیری کۆنفرانسی نێودەوڵەتی هیچ نییە",
        "text_original": "ئەرێ بۆ ئێمەو بە، زۆر سەیری کۆنفرانسی نێودەوڵەتی هیچ نییە",
        "start": 557835.0,
        "end": 561463.0,
        "audio": "content/segments/118/219.ogg"
    },
    {
        "ID": "220",
        "gender": "M",
        "age": "A",
        "character_name": "موراقیب",
        "text": "حەو هەش کەس کۆئەبینەوە و هەموو ناسیاو شتی یەکتری و",
        "text_original": "حەو هەش کەس کۆئەبینەوە و هەموو ناسیاو شتی یەکتری و",
        "start": 561822.0,
        "end": 565058.0,
        "audio": "content/segments/118/220.ogg"
    },
    {
        "ID": "221",
        "gender": "M",
        "age": "A",
        "character_name": "موراقیب",
        "text": "لە حەوشەکەی دواوە دوسێیەک کورسی لەم سپیانە دائەنێین و",
        "text_original": "لە حەوشەکەی دواوە دوسێیەک کورسی لەم سپیانە دائەنێین و",
        "start": 565211.0,
        "end": 568453.0,
        "audio": "content/segments/118/221.ogg"
    },
    {
        "ID": "222",
        "gender": "M",
        "age": "A",
        "character_name": "مستەر",
        "text": "بڕۆ ئەوە کۆنفڕاسی نێودەوڵەتی",
        "text_original": "بڕۆ ئەوە کۆنفڕاسی نێودەوڵەتی",
        "start": 568492.0,
        "end": 570307.0,
        "audio": "content/segments/118/222.ogg"
    },
    {
        "ID": "223",
        "gender": "M",
        "age": "A",
        "character_name": "مستەر",
        "text": "ئەی باشە ئاخر چێ بڕواتان پێ ئەکا",
        "text_original": "ئەی باشە ئاخر چێ بڕواتان پێ ئەکا",
        "start": 570357.0,
        "end": 573171.0,
        "audio": "content/segments/118/223.ogg"
    },
    {
        "ID": "224",
        "gender": "M",
        "age": "A",
        "character_name": "موراقیب",
        "text": "کەس",
        "text_original": "کەس",
        "start": 573265.0,
        "end": 574015.0,
        "audio": "content/segments/118/224.ogg"
    },
    {
        "ID": "225",
        "gender": "M",
        "age": "A",
        "character_name": "سەباح",
        "text": "کەس نەڵێ کورد مردوە، کورد زیندوە",
        "text_original": "کەس نەڵێ کورد مردوە، کورد زیندوە",
        "start": 574118.0,
        "end": 577194.0,
        "audio": "content/segments/118/225.ogg"
    },
    {
        "ID": "226",
        "gender": "M",
        "age": "A",
        "character_name": "مستەر",
        "text": "بەس بەس بەس بەس، زینوێتیەکەی ئێوە لە چوێیایە، پێم ناڵێی",
        "text_original": "بەس بەس بەس بەس، زینوێتیەکەی ئێوە لە چوێیایە، پێم ناڵێی",
        "start": 577252.0,
        "end": 580850.0,
        "audio": "content/segments/118/226.ogg"
    },
    {
        "ID": "227",
        "gender": "M",
        "age": "A",
        "character_name": "مستەر",
        "text": "ئێوە هەتا ئێستا، نەتان توانیوە شتێ دروسکەن",
        "text_original": "ئێوە هەتا ئێستا، نەتان توانیوە شتێ دروسکەن",
        "start": 581262.0,
        "end": 585598.0,
        "audio": "content/segments/118/227.ogg"
    },
    {
        "ID": "228",
        "gender": "M",
        "age": "A",
        "character_name": "مستەر",
        "text": "ئیتر ئەمە چییە، زیندوی چی و شتی چی",
        "text_original": "ئیتر ئەمە چییە، زیندوی چی و شتی چی",
        "start": 585657.0,
        "end": 588021.0,
        "audio": "content/segments/118/228.ogg"
    },
    {
        "ID": "229",
        "gender": "M",
        "age": "A",
        "character_name": "ئەحمەد",
        "text": "باشە مستەر، ئەگەر ئئئ، خۆمان شتێ بدۆزینەوە و",
        "text_original": "باشە مستەر، ئەگەر ئئئ، خۆمان شتێ بدۆزینەوە و",
        "start": 588044.0,
        "end": 591417.0,
        "audio": "content/segments/118/229.ogg"
    },
    {
        "ID": "230",
        "gender": "M",
        "age": "A",
        "character_name": "ئەحمەد",
        "text": "ئیختراحی خۆمان بێ، ئیمتیحانمان ناکەی",
        "text_original": "ئیختراحی خۆمان بێ، ئیمتیحانمان ناکەی",
        "start": 591417.0,
        "end": 594289.0,
        "audio": "content/segments/118/230.ogg"
    },
    {
        "ID": "231",
        "gender": "M",
        "age": "A",
        "character_name": "مستەر",
        "text": "بەو خوایە ئەگەر شتێچی وام پێبڵێن لەو بابەتە",
        "text_original": "بەو خوایە ئەگەر شتێچی وام پێبڵێن لەو بابەتە",
        "start": 594422.0,
        "end": 598193.0,
        "audio": "content/segments/118/231.ogg"
    },
    {
        "ID": "232",
        "gender": "M",
        "age": "A",
        "character_name": "مستەر",
        "text": "ئەها نە ئیمتیحانتان ئەکەم نە هیچ و هەمووشتان دەرئەچێنم",
        "text_original": "ئەها نە ئیمتیحانتان ئەکەم نە هیچ و هەمووشتان دەرئەچێنم",
        "start": 598582.0,
        "end": 602215.0,
        "audio": "content/segments/118/232.ogg"
    },
    {
        "ID": "233",
        "gender": "M",
        "age": "A",
        "character_name": "ئەحمەد",
        "text": "دە وەرن کوڕینە، بابە با بیر بکەینەوە",
        "text_original": "دە وەرن کوڕینە، بابە با بیر بکەینەوە",
        "start": 602258.0,
        "end": 604678.0,
        "audio": "content/segments/118/233.ogg"
    },
    {
        "ID": "234",
        "gender": "M",
        "age": "A",
        "character_name": "سەباح",
        "text": "باشە ئەحە جنێویش حسێبە",
        "text_original": "باشە ئەحە جنێویش حسێبە",
        "start": 604734.0,
        "end": 607111.0,
        "audio": "content/segments/118/234.ogg"
    },
    {
        "ID": "235",
        "gender": "M",
        "age": "A",
        "character_name": "مستەر",
        "text": "نا نا نا نا نا نا، جنێو حسێب نییە چونکە جنێو ئیختراح نییە",
        "text_original": "نا نا نا نا نا نا، جنێو حسێب نییە چونکە جنێو ئیختراح نییە",
        "start": 608205.0,
        "end": 613400.0,
        "audio": "content/segments/118/235.ogg"
    },
    {
        "ID": "236",
        "gender": "M",
        "age": "A",
        "character_name": "مستەر",
        "text": "ئیختیراح ئەوەیە کە شتێ بێت، ئیستیفادەی بۆ بەشەریەت هەبێ",
        "text_original": "ئیختیراح ئەوەیە کە شتێ بێت، ئیستیفادەی بۆ بەشەریەت هەبێ",
        "start": 613882.0,
        "end": 618562.0,
        "audio": "content/segments/118/236.ogg"
    },
    {
        "ID": "237",
        "gender": "M",
        "age": "A",
        "character_name": "موراقیب",
        "text": "ئەی باشە مستەر، ئێمە چ ئیسفادەیەکمان لە بەشەریەت کردوە",
        "text_original": "ئەی باشە مستەر، ئێمە چ ئیسفادەیەکمان لە بەشەریەت کردوە",
        "start": 618649.0,
        "end": 622892.0,
        "audio": "content/segments/118/237.ogg"
    },
    {
        "ID": "238",
        "gender": "M",
        "age": "A",
        "character_name": "موراقیب",
        "text": "تا خۆمان بۆ بەشەریەت هیلاک بکەین",
        "text_original": "تا خۆمان بۆ بەشەریەت هیلاک بکەین",
        "start": 622892.0,
        "end": 624605.0,
        "audio": "content/segments/118/238.ogg"
    },
    {
        "ID": "239",
        "gender": "M",
        "age": "A",
        "character_name": "عەبدوڵا",
        "text": "ئەی ئافەرم، ڕەحمە لە ئەژداو ئاباو",
        "text_original": "ئەی ئافەرم، ڕەحمە لە ئەژداو ئاباو",
        "start": 624632.0,
        "end": 627367.0,
        "audio": "content/segments/118/239.ogg"
    },
    {
        "ID": "240",
        "gender": "M",
        "age": "A",
        "character_name": "عەبدوڵا",
        "text": "ئەشەو بیلا باش لەبنی کولەکەکەو با، دەستھ خۆشبێ",
        "text_original": "ئەشەو بیلا باش لەبنی کولەکەکەو با، دەستھ خۆشبێ",
        "start": 627367.0,
        "end": 631241.0,
        "audio": "content/segments/118/240.ogg"
    },
    {
        "ID": "241",
        "gender": "M",
        "age": "A",
        "character_name": "مستەر",
        "text": "قابیلە نەزانم عەبە جیان",
        "text_original": "قابیلە نەزانم عەبە جیان",
        "start": 631527.0,
        "end": 633728.0,
        "audio": "content/segments/118/241.ogg"
    },
    {
        "ID": "242",
        "gender": "M",
        "age": "A",
        "character_name": "مستەر",
        "text": "ئێوە هەر میلەتەکەی هەزار ساڵ لەمەو پێشن، ئێوە هەر ئەوەن",
        "text_original": "ئێوە هەر میلەتەکەی هەزار ساڵ لەمەو پێشن، ئێوە هەر ئەوەن",
        "start": 633999.0,
        "end": 638185.0,
        "audio": "content/segments/118/242.ogg"
    },
    {
        "ID": "243",
        "gender": "M",
        "age": "A",
        "character_name": "موراقیب",
        "text": "نانا نەنە مستەر، هێجگار وانا، کاکە زۆر زۆر فەرقمان کردوە",
        "text_original": "نانا نەنە مستەر، هێجگار وانا، کاکە زۆر زۆر فەرقمان کردوە",
        "start": 638202.0,
        "end": 641905.0,
        "audio": "content/segments/118/243.ogg"
    },
    {
        "ID": "244",
        "gender": "M",
        "age": "A",
        "character_name": "موراقیب",
        "text": "زۆر زۆرمان فەرق کردوە",
        "text_original": "زۆر زۆرمان فەرق کردوە",
        "start": 642843.0,
        "end": 644042.0,
        "audio": "content/segments/118/244.ogg"
    },
    {
        "ID": "245",
        "gender": "M",
        "age": "A",
        "character_name": "مستەر",
        "text": "مەسەلەن چۆن چۆنی، ئادەی بزانم ئەم فەرقە چۆن چۆنیە",
        "text_original": "مەسەلەن چۆن چۆنی، ئادەی بزانم ئەم فەرقە چۆن چۆنیە",
        "start": 644211.0,
        "end": 646820.0,
        "audio": "content/segments/118/245.ogg"
    },
    {
        "ID": "246",
        "gender": "M",
        "age": "A",
        "character_name": "موراقیب",
        "text": "مەسەلەن دە ساڵێ لەمەوپێش",
        "text_original": "مەسەلەن دە ساڵێ لەمەوپێش",
        "start": 646842.0,
        "end": 649499.0,
        "audio": "content/segments/118/246.ogg"
    },
    {
        "ID": "247",
        "gender": "M",
        "age": "A",
        "character_name": "موراقیب",
        "text": "پارشێوان بە تەپڵ خەبەریان ئەکردینەوە",
        "text_original": "پارشێوان بە تەپڵ خەبەریان ئەکردینەوە",
        "start": 649720.0,
        "end": 651923.0,
        "audio": "content/segments/118/247.ogg"
    },
    {
        "ID": "248",
        "gender": "M",
        "age": "A",
        "character_name": "موراقیب",
        "text": "ئەیانوو ڕەحمەتی خواتان لێ بێ هەستن پارشێوە",
        "text_original": "ئەیانوو ڕەحمەتی خواتان لێ بێ هەستن پارشێوە",
        "start": 651953.0,
        "end": 654842.0,
        "audio": "content/segments/118/248.ogg"
    },
    {
        "ID": "249",
        "gender": "M",
        "age": "A",
        "character_name": "مستەر",
        "text": "ئەی ئێسا، ئەی ئێسا",
        "text_original": "ئەی ئێسا، ئەی ئێسا",
        "start": 654900.0,
        "end": 656331.0,
        "audio": "content/segments/118/249.ogg"
    },
    {
        "ID": "250",
        "gender": "M",
        "age": "A",
        "character_name": "موراقیب",
        "text": "ئێستا لە سایەی تەکنەلۆجیاوە ئێمەش ئیسفادەمان لێ کردوە",
        "text_original": "ئێستا لە سایەی تەکنەلۆجیاوە ئێمەش ئیسفادەمان لێ کردوە",
        "start": 656344.0,
        "end": 659662.0,
        "audio": "content/segments/118/250.ogg"
    },
    {
        "ID": "251",
        "gender": "M",
        "age": "A",
        "character_name": "موراقیب",
        "text": "نیوە شەو بە مۆبایل بە نوکە، خەبەرمان ئەکەنەوە",
        "text_original": "نیوە شەو بە مۆبایل بە نوکە، خەبەرمان ئەکەنەوە",
        "start": 659691.0,
        "end": 663188.0,
        "audio": "content/segments/118/251.ogg"
    },
    {
        "ID": "252",
        "gender": "M",
        "age": "A",
        "character_name": "موراقیب",
        "text": "ئەڵێن هەسن، یاریەکەی بەرازیلە",
        "text_original": "ئەڵێن هەسن، یاریەکەی بەرازیلە",
        "start": 663193.0,
        "end": 664957.0,
        "audio": "content/segments/118/252.ogg"
    },
    {
        "ID": "253",
        "gender": "M",
        "age": "A",
        "character_name": "مستەر",
        "text": "هەستە لە خەو چییە",
        "text_original": "هەستە لە خەو چییە",
        "start": 665085.0,
        "end": 666406.0,
        "audio": "content/segments/118/253.ogg"
    },
    {
        "ID": "254",
        "gender": "M",
        "age": "A",
        "character_name": "موراقیب",
        "text": "هەستە لە خەو یاریەکەی بەرازیلە",
        "text_original": "هەستە لە خەو یاریەکەی بەرازیلە",
        "start": 666540.0,
        "end": 668690.0,
        "audio": "content/segments/118/254.ogg"
    }
]