[
    {
        "ID": "2",
        "gender": "M",
        "age": "A",
        "character_name": "عومەر",
        "text": "شلی کە",
        "text_original": "شلی کە",
        "start": 7490.0,
        "end": 8252.0,
        "audio": "content/segments/119/2.ogg"
    },
    {
        "ID": "3",
        "gender": "M",
        "age": "A",
        "character_name": "عومەر",
        "text": "ئەڵێم شلی کە",
        "text_original": "ئەڵێم شلی کە",
        "start": 8320.0,
        "end": 9623.0,
        "audio": "content/segments/119/3.ogg"
    },
    {
        "ID": "4",
        "gender": "M",
        "age": "A",
        "character_name": "عومەر",
        "text": "شلی دەی",
        "text_original": "شلی دەی",
        "start": 11570.0,
        "end": 12755.0,
        "audio": "content/segments/119/4.ogg"
    },
    {
        "ID": "5",
        "gender": "M",
        "age": "A",
        "character_name": "عەبدوڵا",
        "text": "ئاغا، ئاغا بەسە گوناحت ئەگا",
        "text_original": "ئاغا، ئاغا بەسە گوناحت ئەگا",
        "start": 13260.0,
        "end": 15238.0,
        "audio": "content/segments/119/5.ogg"
    },
    {
        "ID": "6",
        "gender": "M",
        "age": "A",
        "character_name": "ئەحمەد",
        "text": "کاکە عەبە عیلاقەو نەبێ بەسەریەوە کاکە",
        "text_original": "کاکە عەبە عیلاقەو نەبێ بەسەریەوە کاکە",
        "start": 15400.0,
        "end": 17339.0,
        "audio": "content/segments/119/6.ogg"
    },
    {
        "ID": "7",
        "gender": "M",
        "age": "A",
        "character_name": "ئەحمەد",
        "text": "ئەمە شتێکی ناوخۆی خۆیانە",
        "text_original": "ئەمە شتێکی ناوخۆی خۆیانە",
        "start": 17339.0,
        "end": 18884.0,
        "audio": "content/segments/119/7.ogg"
    },
    {
        "ID": "8",
        "gender": "M",
        "age": "A",
        "character_name": "حیکمەت",
        "text": "ئێ باشە ئەگەر ناوخۆی خۆیانە، با بیباتە دەرەوە",
        "text_original": "ئێ باشە ئەگەر ناوخۆی خۆیانە، با بیباتە دەرەوە",
        "start": 18920.0,
        "end": 21506.0,
        "audio": "content/segments/119/8.ogg"
    },
    {
        "ID": "9",
        "gender": "M",
        "age": "A",
        "character_name": "حیکمەت",
        "text": "ئەمەنەی تێهەڵە تا خوا ئەڵێ بەس",
        "text_original": "ئەمەنەی تێهەڵە تا خوا ئەڵێ بەس",
        "start": 21510.0,
        "end": 23064.0,
        "audio": "content/segments/119/9.ogg"
    },
    {
        "ID": "10",
        "gender": "M",
        "age": "A",
        "character_name": "عومەر",
        "text": "شلی کە ئەڵێم، لەگەڵ تۆم نییە",
        "text_original": "شلی کە ئەڵێم، لەگەڵ تۆم نییە",
        "start": 23110.0,
        "end": 24714.0,
        "audio": "content/segments/119/10.ogg"
    },
    {
        "ID": "11",
        "gender": "M",
        "age": "A",
        "character_name": "عەبدوڵا",
        "text": "ئاغا، وازی لێ یێنی باشە",
        "text_original": "ئاغا، وازی لێ یێنی باشە",
        "start": 24760.0,
        "end": 26548.0,
        "audio": "content/segments/119/11.ogg"
    },
    {
        "ID": "12",
        "gender": "M",
        "age": "A",
        "character_name": "عەبدوڵا",
        "text": "وازی لێ ناینی، منیش تەدەخول ئەکەم، ئەوە با پێو بڵێم",
        "text_original": "وازی لێ ناینی، منیش تەدەخول ئەکەم، ئەوە با پێو بڵێم",
        "start": 26600.0,
        "end": 28768.0,
        "audio": "content/segments/119/12.ogg"
    },
    {
        "ID": "13",
        "gender": "M",
        "age": "A",
        "character_name": "ئەحمەد",
        "text": "کاکە عەبە، نەم وت تۆ عیلاقەو نەبێ برا",
        "text_original": "کاکە عەبە، نەم وت تۆ عیلاقەو نەبێ برا",
        "start": 28817.0,
        "end": 31534.0,
        "audio": "content/segments/119/13.ogg"
    },
    {
        "ID": "14",
        "gender": "M",
        "age": "A",
        "character_name": "ئەحمەد",
        "text": "ئەمە شتێکی ناوخۆی خۆیانە کاکە",
        "text_original": "ئەمە شتێکی ناوخۆی خۆیانە کاکە",
        "start": 31564.0,
        "end": 33785.0,
        "audio": "content/segments/119/14.ogg"
    },
    {
        "ID": "15",
        "gender": "M",
        "age": "A",
        "character_name": "سەباح",
        "text": "ئەترسم مشکیلەکەیان مشکیلەیەکی حدودی بێ",
        "text_original": "ئەترسم مشکیلەکەیان مشکیلەیەکی حدودی بێ",
        "start": 33826.0,
        "end": 36917.0,
        "audio": "content/segments/119/15.ogg"
    },
    {
        "ID": "16",
        "gender": "M",
        "age": "A",
        "character_name": "عومەر",
        "text": "موشکیلەی حدودی نییە کاک نا سەباح",
        "text_original": "موشکیلەی حدودی نییە کاک نا سەباح",
        "start": 36994.0,
        "end": 39600.0,
        "audio": "content/segments/119/16.ogg"
    },
    {
        "ID": "17",
        "gender": "M",
        "age": "A",
        "character_name": "عومەر",
        "text": "ئەم هەتیوە قەرز چوێرە، پارە سویسری بوە سویسری",
        "text_original": "ئەم هەتیوە قەرز چوێرە، پارە سویسری بوە سویسری",
        "start": 39638.0,
        "end": 42780.0,
        "audio": "content/segments/119/17.ogg"
    },
    {
        "ID": "18",
        "gender": "M",
        "age": "A",
        "character_name": "عومەر",
        "text": "ئەزانی تا ئێستا چەن ساڵ ئەکا",
        "text_original": "ئەزانی تا ئێستا چەن ساڵ ئەکا",
        "start": 42828.0,
        "end": 44435.0,
        "audio": "content/segments/119/18.ogg"
    },
    {
        "ID": "19",
        "gender": "M",
        "age": "A",
        "character_name": "ئەحمەد",
        "text": "هی زەمانی کابرا",
        "text_original": "هی زەمانی کابرا",
        "start": 44458.0,
        "end": 45610.0,
        "audio": "content/segments/119/19.ogg"
    },
    {
        "ID": "20",
        "gender": "M",
        "age": "A",
        "character_name": "عومەر",
        "text": "ئەرێوەڵای لەو وەختەوە بوو، پانزە دینارم لایەتی",
        "text_original": "ئەرێوەڵای لەو وەختەوە بوو، پانزە دینارم لایەتی",
        "start": 45634.0,
        "end": 48375.0,
        "audio": "content/segments/119/20.ogg"
    },
    {
        "ID": "21",
        "gender": "M",
        "age": "A",
        "character_name": "عومەر",
        "text": "هەر ئەڵێ ئمڕۆ نا سبەینێ ئەتدەمەوە",
        "text_original": "هەر ئەڵێ ئمڕۆ نا سبەینێ ئەتدەمەوە",
        "start": 48599.0,
        "end": 50754.0,
        "audio": "content/segments/119/21.ogg"
    },
    {
        "ID": "22",
        "gender": "M",
        "age": "A",
        "character_name": "سەباح",
        "text": "یەعنی پانزە دیناری وەختی پارەکە کە سویسری بوە",
        "text_original": "یەعنی پانزە دیناری وەختی پارەکە کە سویسری بوە",
        "start": 50790.0,
        "end": 54027.0,
        "audio": "content/segments/119/22.ogg"
    },
    {
        "ID": "23",
        "gender": "M",
        "age": "A",
        "character_name": "سەباح",
        "text": "لەلای بوە تا ئێستا نەییاوە",
        "text_original": "لەلای بوە تا ئێستا نەییاوە",
        "start": 54035.0,
        "end": 55260.0,
        "audio": "content/segments/119/23.ogg"
    },
    {
        "ID": "24",
        "gender": "M",
        "age": "A",
        "character_name": "عومەر",
        "text": "نە وەڵاهی",
        "text_original": "نە وەڵاهی",
        "start": 55312.0,
        "end": 55970.0,
        "audio": "content/segments/119/24.ogg"
    },
    {
        "ID": "25",
        "gender": "M",
        "age": "A",
        "character_name": "عەبدوڵا",
        "text": "ئێ دە قەیچیەکا ئاغا جیان، ئەزانی چۆنە",
        "text_original": "ئێ دە قەیچیەکا ئاغا جیان، ئەزانی چۆنە",
        "start": 56004.0,
        "end": 58384.0,
        "audio": "content/segments/119/25.ogg"
    },
    {
        "ID": "26",
        "gender": "M",
        "age": "A",
        "character_name": "عەبدوڵا",
        "text": "با تەئجیلی کا، خۆ لە قەراری سەو چل موهیمتر نییە",
        "text_original": "با تەئجیلی کا، خۆ لە قەراری سەو چل موهیمتر نییە",
        "start": 58384.0,
        "end": 60895.0,
        "audio": "content/segments/119/26.ogg"
    },
    {
        "ID": "27",
        "gender": "M",
        "age": "A",
        "character_name": "عومەر",
        "text": "کورە کاکە عەبدوڵا، سەو چل و مەو چلی چی",
        "text_original": "کورە کاکە عەبدوڵا، سەو چل و مەو چلی چی",
        "start": 60992.0,
        "end": 64039.0,
        "audio": "content/segments/119/27.ogg"
    },
    {
        "ID": "28",
        "gender": "NA",
        "age": "NA",
        "character_name": "NA",
        "text": "خوا ئەکا میستەر یێ شەربێ بە شەرتی خوا، شکاتی لێ ئەکەم لای میستەر",
        "text_original": "خوا ئەکا میستەر یێ شەربێ بە شەرتی خوا، شکاتی لێ ئەکەم لای میستەر",
        "start": 64071.0,
        "end": 68045.0,
        "audio": "content/segments/119/28.ogg"
    },
    {
        "ID": "29",
        "gender": "M",
        "age": "A",
        "character_name": "ئەحمەد",
        "text": "(پێکەنین)",
        "text_original": "(پێکەنین)",
        "start": 68058.0,
        "end": 69789.0,
        "audio": "content/segments/119/29.ogg"
    },
    {
        "ID": "30",
        "gender": "M",
        "age": "A",
        "character_name": "ئەحمەد",
        "text": "شکاتی چی لەم وڵاتە کاول بوەی ئێمەیا",
        "text_original": "شکاتی چی لەم وڵاتە کاول بوەی ئێمەیا",
        "start": 69925.0,
        "end": 73077.0,
        "audio": "content/segments/119/30.ogg"
    },
    {
        "ID": "31",
        "gender": "M",
        "age": "A",
        "character_name": "ئەحمەد",
        "text": "بەسەری تۆ نەتیجەکەی بە عەکسەوەیە",
        "text_original": "بەسەری تۆ نەتیجەکەی بە عەکسەوەیە",
        "start": 73154.0,
        "end": 74761.0,
        "audio": "content/segments/119/31.ogg"
    },
    {
        "ID": "32",
        "gender": "M",
        "age": "A",
        "character_name": "عەبدوڵا",
        "text": "ئەشەو بیلا قسەی ئەحمەها، خوا ئاگای لێیە",
        "text_original": "ئەشەو بیلا قسەی ئەحمەها، خوا ئاگای لێیە",
        "start": 74827.0,
        "end": 77279.0,
        "audio": "content/segments/119/32.ogg"
    },
    {
        "ID": "33",
        "gender": "M",
        "age": "A",
        "character_name": "عەبدوڵا",
        "text": "مدیرێک لەو گەرەکەی لای هینەوانێ شکاتیان لێ کردبوو",
        "text_original": "مدیرێک لەو گەرەکەی لای هینەوانێ شکاتیان لێ کردبوو",
        "start": 77384.0,
        "end": 79922.0,
        "audio": "content/segments/119/33.ogg"
    },
    {
        "ID": "34",
        "gender": "M",
        "age": "A",
        "character_name": "عەبدوڵا",
        "text": "وتوبیان ئەم مدیرە مەکتەبەکەی کردوە بە جێگای قاز و مراوی و",
        "text_original": "وتوبیان ئەم مدیرە مەکتەبەکەی کردوە بە جێگای قاز و مراوی و",
        "start": 79926.0,
        "end": 83379.0,
        "audio": "content/segments/119/34.ogg"
    },
    {
        "ID": "35",
        "gender": "M",
        "age": "A",
        "character_name": "ئەحمەد",
        "text": "ئا ئا کاکە عەبە، لە داخی شکاتەکە نییە",
        "text_original": "ئا ئا کاکە عەبە، لە داخی شکاتەکە نییە",
        "start": 83425.0,
        "end": 86545.0,
        "audio": "content/segments/119/35.ogg"
    },
    {
        "ID": "36",
        "gender": "M",
        "age": "A",
        "character_name": "ئەحمەد",
        "text": "مدیرەکەیان کرد بە موفەتیش",
        "text_original": "مدیرەکەیان کرد بە موفەتیش",
        "start": 86659.0,
        "end": 87917.0,
        "audio": "content/segments/119/36.ogg"
    },
    {
        "ID": "37",
        "gender": "M",
        "age": "A",
        "character_name": "عومەر",
        "text": "یەعنی فەسڵیان کرد",
        "text_original": "یەعنی فەسڵیان کرد",
        "start": 87956.0,
        "end": 89093.0,
        "audio": "content/segments/119/37.ogg"
    },
    {
        "ID": "38",
        "gender": "M",
        "age": "A",
        "character_name": "سەباح",
        "text": "لایان برد",
        "text_original": "لایان برد",
        "start": 89115.0,
        "end": 89895.0,
        "audio": "content/segments/119/38.ogg"
    },
    {
        "ID": "39",
        "gender": "M",
        "age": "A",
        "character_name": "ئەحمەد",
        "text": "کورە لابردنی چی، گەورەیان کرد گەورە",
        "text_original": "کورە لابردنی چی، گەورەیان کرد گەورە",
        "start": 89908.0,
        "end": 92302.0,
        "audio": "content/segments/119/39.ogg"
    },
    {
        "ID": "40",
        "gender": "M",
        "age": "A",
        "character_name": "زاهیر",
        "text": "ئەزانی چی بکە ئاغا جیان",
        "text_original": "ئەزانی چی بکە ئاغا جیان",
        "start": 92367.0,
        "end": 93504.0,
        "audio": "content/segments/119/40.ogg"
    },
    {
        "ID": "41",
        "gender": "M",
        "age": "A",
        "character_name": "عومەر",
        "text": "ها",
        "text_original": "ها",
        "start": 93514.0,
        "end": 93937.0,
        "audio": "content/segments/119/41.ogg"
    },
    {
        "ID": "42",
        "gender": "M",
        "age": "A",
        "character_name": "زاهیر",
        "text": "واز لە ڕێبوار بێنە و گەردنی ئازاکە و تەواو",
        "text_original": "واز لە ڕێبوار بێنە و گەردنی ئازاکە و تەواو",
        "start": 94287.0,
        "end": 96549.0,
        "audio": "content/segments/119/42.ogg"
    },
    {
        "ID": "43",
        "gender": "M",
        "age": "A",
        "character_name": "عومەر",
        "text": "کورە بەو خوایەی خوایەتی ئەکا، گەردنی ئازا ناکەم",
        "text_original": "کورە بەو خوایەی خوایەتی ئەکا، گەردنی ئازا ناکەم",
        "start": 96596.0,
        "end": 99390.0,
        "audio": "content/segments/119/43.ogg"
    },
    {
        "ID": "44",
        "gender": "M",
        "age": "A",
        "character_name": "عومەر",
        "text": "گەردنی مار و دوپشک پێوەی یا",
        "text_original": "گەردنی مار و دوپشک پێوەی یا",
        "start": 99424.0,
        "end": 101313.0,
        "audio": "content/segments/119/44.ogg"
    },
    {
        "ID": "45",
        "gender": "M",
        "age": "A",
        "character_name": "عومەر",
        "text": "خوا ئەکا میستەر یێ",
        "text_original": "خوا ئەکا میستەر یێ",
        "start": 101388.0,
        "end": 102557.0,
        "audio": "content/segments/119/45.ogg"
    },
    {
        "ID": "46",
        "gender": "M",
        "age": "A",
        "character_name": "عەبدوڵا",
        "text": "ئێێ، میستەر یێت کە میستەر هاو شکاتی لێبکە",
        "text_original": "ئێێ، میستەر یێت کە میستەر هاو شکاتی لێبکە",
        "start": 102640.0,
        "end": 105867.0,
        "audio": "content/segments/119/46.ogg"
    },
    {
        "ID": "47",
        "gender": "M",
        "age": "A",
        "character_name": "عەبدوڵا",
        "text": "بزانە لەبری ئەوەی لایبەرێ، نایخاتە جێگاکەی مراقیب",
        "text_original": "بزانە لەبری ئەوەی لایبەرێ، نایخاتە جێگاکەی مراقیب",
        "start": 106098.0,
        "end": 108702.0,
        "audio": "content/segments/119/47.ogg"
    },
    {
        "ID": "48",
        "gender": "M",
        "age": "A",
        "character_name": "ئەحمەد",
        "text": "کاکە عەبە کاکە عەبە، ئنجا ئێستا کێ ئیشی خۆی ئەکا",
        "text_original": "کاکە عەبە کاکە عەبە، ئنجا ئێستا کێ ئیشی خۆی ئەکا",
        "start": 108725.0,
        "end": 112193.0,
        "audio": "content/segments/119/48.ogg"
    },
    {
        "ID": "49",
        "gender": "M",
        "age": "A",
        "character_name": "ئەحمەد",
        "text": "بەسەری تۆ نییە، من زابتێک ئەناسم، زابتە زابت",
        "text_original": "بەسەری تۆ نییە، من زابتێک ئەناسم، زابتە زابت",
        "start": 112446.0,
        "end": 115392.0,
        "audio": "content/segments/119/49.ogg"
    },
    {
        "ID": "50",
        "gender": "M",
        "age": "A",
        "character_name": "عەبدوڵا",
        "text": "ئێ",
        "text_original": "ئێ",
        "start": 115407.0,
        "end": 115760.0,
        "audio": "content/segments/119/50.ogg"
    },
    {
        "ID": "51",
        "gender": "M",
        "age": "A",
        "character_name": "حیکمەت",
        "text": "چیە",
        "text_original": "چیە",
        "start": 115770.0,
        "end": 116020.0,
        "audio": "content/segments/119/51.ogg"
    },
    {
        "ID": "52",
        "gender": "M",
        "age": "A",
        "character_name": "ئەحمەد",
        "text": "کەچی لە شوێنێک خەریکی نانەوایە",
        "text_original": "کەچی لە شوێنێک خەریکی نانەوایە",
        "start": 116061.0,
        "end": 117828.0,
        "audio": "content/segments/119/52.ogg"
    },
    {
        "ID": "53",
        "gender": "M",
        "age": "A",
        "character_name": "حیکمەت",
        "text": "کاکە ئەحە جیان، نا هەقی مەگرە مەسرەفەکە زۆر گرانە",
        "text_original": "کاکە ئەحە جیان، نا هەقی مەگرە مەسرەفەکە زۆر گرانە",
        "start": 117985.0,
        "end": 121625.0,
        "audio": "content/segments/119/53.ogg"
    },
    {
        "ID": "54",
        "gender": "M",
        "age": "A",
        "character_name": "حیکمەت",
        "text": "نا هەقی مەگرە",
        "text_original": "نا هەقی مەگرە",
        "start": 121728.0,
        "end": 122383.0,
        "audio": "content/segments/119/54.ogg"
    },
    {
        "ID": "55",
        "gender": "M",
        "age": "A",
        "character_name": "ئەحمەد",
        "text": "کاک حیکمەت ڕاسئەکەی برا، وەڵا گرانیە و ئەزانم",
        "text_original": "کاک حیکمەت ڕاسئەکەی برا، وەڵا گرانیە و ئەزانم",
        "start": 122405.0,
        "end": 125035.0,
        "audio": "content/segments/119/55.ogg"
    },
    {
        "ID": "56",
        "gender": "M",
        "age": "A",
        "character_name": "ئەحمەد",
        "text": "ئا وش وس ئەوە موراقیببە، لایبە مەوزوعەکە لابە، لایبە لایبە",
        "text_original": "ئا وش وس ئەوە موراقیببە، لایبە مەوزوعەکە لابە، لایبە لایبە",
        "start": 125100.0,
        "end": 128044.99999999999,
        "audio": "content/segments/119/56.ogg"
    },
    {
        "ID": "57",
        "gender": "M",
        "age": "A",
        "character_name": "موراقیب",
        "text": "سەلااام",
        "text_original": "سەلااام",
        "start": 128437.99999999999,
        "end": 129497.00000000001,
        "audio": "content/segments/119/57.ogg"
    },
    {
        "ID": "58",
        "gender": "M",
        "age": "A",
        "character_name": "قوتابیەکان",
        "text": "سەلااام بەخێرێی",
        "text_original": "سەلااام بەخێرێی",
        "start": 129517.0,
        "end": 131971.0,
        "audio": "content/segments/119/58.ogg"
    },
    {
        "ID": "59",
        "gender": "M",
        "age": "A",
        "character_name": "موراقیب",
        "text": "ئەحواڵتان باشە",
        "text_original": "ئەحواڵتان باشە",
        "start": 131988.0,
        "end": 132956.0,
        "audio": "content/segments/119/59.ogg"
    },
    {
        "ID": "60",
        "gender": "M",
        "age": "A",
        "character_name": "موراقیب",
        "text": "ها بگرن بەقوربان",
        "text_original": "ها بگرن بەقوربان",
        "start": 133078.0,
        "end": 134097.0,
        "audio": "content/segments/119/60.ogg"
    },
    {
        "ID": "61",
        "gender": "M",
        "age": "A",
        "character_name": "ئەحمەد",
        "text": "ئای دەسھ خۆشبێ",
        "text_original": "ئای دەسھ خۆشبێ",
        "start": 134178.0,
        "end": 135223.0,
        "audio": "content/segments/119/61.ogg"
    },
    {
        "ID": "62",
        "gender": "M",
        "age": "A",
        "character_name": "موراقیب",
        "text": "ها کاکە جیان، دەی فەرموو",
        "text_original": "ها کاکە جیان، دەی فەرموو",
        "start": 135231.0,
        "end": 136877.0,
        "audio": "content/segments/119/62.ogg"
    },
    {
        "ID": "63",
        "gender": "M",
        "age": "A",
        "character_name": "موراقیب",
        "text": "ها کاک، کاکە زانا، کاک زایر فەرموو",
        "text_original": "ها کاک، کاکە زانا، کاک زایر فەرموو",
        "start": 137516.0,
        "end": 140614.0,
        "audio": "content/segments/119/63.ogg"
    },
    {
        "ID": "64",
        "gender": "NA",
        "age": "NA",
        "character_name": "NA",
        "text": "ئەو دەسانەت نەڕزێ",
        "text_original": "ئەو دەسانەت نەڕزێ",
        "start": 141488.0,
        "end": 143336.0,
        "audio": "content/segments/119/64.ogg"
    },
    {
        "ID": "65",
        "gender": "M",
        "age": "A",
        "character_name": "موراقیب",
        "text": "ها",
        "text_original": "ها",
        "start": 143454.0,
        "end": 144177.0,
        "audio": "content/segments/119/65.ogg"
    },
    {
        "ID": "66",
        "gender": "M",
        "age": "A",
        "character_name": "موراقیب",
        "text": "هەر گلەی بکەن",
        "text_original": "هەر گلەی بکەن",
        "start": 145009.0,
        "end": 146232.0,
        "audio": "content/segments/119/66.ogg"
    },
    {
        "ID": "67",
        "gender": "M",
        "age": "A",
        "character_name": "موراقیب",
        "text": "هەر گلەیمان لێ بکەن، فەرموو",
        "text_original": "هەر گلەیمان لێ بکەن، فەرموو",
        "start": 147470.0,
        "end": 149157.0,
        "audio": "content/segments/119/67.ogg"
    },
    {
        "ID": "68",
        "gender": "M",
        "age": "A",
        "character_name": "ئەحمەد",
        "text": "بەڕاسی مراقیب پیاوی",
        "text_original": "بەڕاسی مراقیب پیاوی",
        "start": 150618.0,
        "end": 152041.0,
        "audio": "content/segments/119/68.ogg"
    },
    {
        "ID": "69",
        "gender": "M",
        "age": "A",
        "character_name": "موراقیب",
        "text": "بۆ",
        "text_original": "بۆ",
        "start": 152322.0,
        "end": 152572.0,
        "audio": "content/segments/119/69.ogg"
    },
    {
        "ID": "70",
        "gender": "M",
        "age": "A",
        "character_name": "ئەحمەد",
        "text": "ئەشهەدو لە کاتی چاکا فریامان ئەکەوی",
        "text_original": "ئەشهەدو لە کاتی چاکا فریامان ئەکەوی",
        "start": 152572.0,
        "end": 154023.0,
        "audio": "content/segments/119/70.ogg"
    },
    {
        "ID": "71",
        "gender": "M",
        "age": "A",
        "character_name": "سەباح",
        "text": "کورە باوکم ئەوە موراقیب نییە، ئەوە فریشتەیە ڕەحمەتە",
        "text_original": "کورە باوکم ئەوە موراقیب نییە، ئەوە فریشتەیە ڕەحمەتە",
        "start": 154034.0,
        "end": 157149.0,
        "audio": "content/segments/119/71.ogg"
    },
    {
        "ID": "72",
        "gender": "M",
        "age": "A",
        "character_name": "سەباح",
        "text": "ئاگات لێیە چۆن مشورمان ئەخوا",
        "text_original": "ئاگات لێیە چۆن مشورمان ئەخوا",
        "start": 157169.0,
        "end": 159084.0,
        "audio": "content/segments/119/72.ogg"
    },
    {
        "ID": "73",
        "gender": "M",
        "age": "A",
        "character_name": "موراقیب",
        "text": "ئائائا، بەم قسە زلانە هەڵم نەخەڵەتێنن",
        "text_original": "ئائائا، بەم قسە زلانە هەڵم نەخەڵەتێنن",
        "start": 159188.0,
        "end": 161401.0,
        "audio": "content/segments/119/73.ogg"
    },
    {
        "ID": "74",
        "gender": "M",
        "age": "A",
        "character_name": "موراقیب",
        "text": "ئەمە یەکی هەزار دینار کەوتوە لەسەرتان",
        "text_original": "ئەمە یەکی هەزار دینار کەوتوە لەسەرتان",
        "start": 161463.0,
        "end": 163425.0,
        "audio": "content/segments/119/74.ogg"
    },
    {
        "ID": "75",
        "gender": "M",
        "age": "A",
        "character_name": "عومەر",
        "text": "ئەشهەدو بیلا تۆڵەکەی ناگا، جا زانا گیان هەزار دینار چییە",
        "text_original": "ئەشهەدو بیلا تۆڵەکەی ناگا، جا زانا گیان هەزار دینار چییە",
        "start": 163488.0,
        "end": 166581.0,
        "audio": "content/segments/119/75.ogg"
    },
    {
        "ID": "76",
        "gender": "M",
        "age": "A",
        "character_name": "عەبدوڵا",
        "text": "ئەشەو بیلا تۆڵەگەی ناگاتێ ئاغا",
        "text_original": "ئەشەو بیلا تۆڵەگەی ناگاتێ ئاغا",
        "start": 166632.0,
        "end": 168526.0,
        "audio": "content/segments/119/76.ogg"
    },
    {
        "ID": "77",
        "gender": "M",
        "age": "A",
        "character_name": "عەبدوڵا",
        "text": "کورە هەزار دینار بۆ بتڵێ ئاو",
        "text_original": "کورە هەزار دینار بۆ بتڵێ ئاو",
        "start": 168888.0,
        "end": 170760.0,
        "audio": "content/segments/119/77.ogg"
    },
    {
        "ID": "78",
        "gender": "M",
        "age": "A",
        "character_name": "عەبدوڵا",
        "text": "خۆی هەمووی سەو پەنجا دینار نەکەوتوە لەسەری",
        "text_original": "خۆی هەمووی سەو پەنجا دینار نەکەوتوە لەسەری",
        "start": 171233.0,
        "end": 173348.0,
        "audio": "content/segments/119/78.ogg"
    },
    {
        "ID": "79",
        "gender": "M",
        "age": "A",
        "character_name": "عەبدوڵا",
        "text": "ئەمە تۆڵەگەی ناگاتێ",
        "text_original": "ئەمە تۆڵەگەی ناگاتێ",
        "start": 173377.0,
        "end": 174414.0,
        "audio": "content/segments/119/79.ogg"
    },
    {
        "ID": "80",
        "gender": "M",
        "age": "A",
        "character_name": "موراقیب",
        "text": "ئەی کوڕی باش حسابی حانوتەکە ناکەی",
        "text_original": "ئەی کوڕی باش حسابی حانوتەکە ناکەی",
        "start": 174498.0,
        "end": 176699.0,
        "audio": "content/segments/119/80.ogg"
    },
    {
        "ID": "81",
        "gender": "M",
        "age": "A",
        "character_name": "موراقیب",
        "text": "کرێی حانوت و بە سێ دەفتەر و یەک کتێب دەس ماچکردن، ئنجا بۆم دەرچوە",
        "text_original": "کرێی حانوت و بە سێ دەفتەر و یەک کتێب دەس ماچکردن، ئنجا بۆم دەرچوە",
        "start": 176836.0,
        "end": 181139.0,
        "audio": "content/segments/119/81.ogg"
    },
    {
        "ID": "82",
        "gender": "M",
        "age": "A",
        "character_name": "زانا",
        "text": "ئای خوا فرسەتھ با مراقیب، باشە ئەم پارەیە بە چی دەرەهێنیتەوە",
        "text_original": "ئای خوا فرسەتھ با مراقیب، باشە ئەم پارەیە بە چی دەرەهێنیتەوە",
        "start": 181168.0,
        "end": 184859.0,
        "audio": "content/segments/119/82.ogg"
    },
    {
        "ID": "83",
        "gender": "M",
        "age": "A",
        "character_name": "عەبدوڵا",
        "text": "بە قاچ و قوچ و ئەملاولا",
        "text_original": "بە قاچ و قوچ و ئەملاولا",
        "start": 184878.0,
        "end": 186456.0,
        "audio": "content/segments/119/83.ogg"
    },
    {
        "ID": "84",
        "gender": "M",
        "age": "A",
        "character_name": "موراقیب",
        "text": "وەی وەی قاچ و قوچی ئێوە، یەچێ نەزانێ ئەڵێ چی ئێوە",
        "text_original": "وەی وەی قاچ و قوچی ئێوە، یەچێ نەزانێ ئەڵێ چی ئێوە",
        "start": 186698.0,
        "end": 190110.0,
        "audio": "content/segments/119/84.ogg"
    },
    {
        "ID": "85",
        "gender": "M",
        "age": "A",
        "character_name": "موراقیب",
        "text": "ئاخر چڵیتینە ئێوە بە هەر هەمووتان",
        "text_original": "ئاخر چڵیتینە ئێوە بە هەر هەمووتان",
        "start": 190343.0,
        "end": 192288.0,
        "audio": "content/segments/119/85.ogg"
    },
    {
        "ID": "86",
        "gender": "M",
        "age": "A",
        "character_name": "موراقیب",
        "text": "بیست و پێنج هەزارتان پێ هەڵناسوڕێ",
        "text_original": "بیست و پێنج هەزارتان پێ هەڵناسوڕێ",
        "start": 192288.0,
        "end": 193808.0,
        "audio": "content/segments/119/86.ogg"
    },
    {
        "ID": "87",
        "gender": "M",
        "age": "A",
        "character_name": "زانا",
        "text": "ئەی کەواتە بۆ خۆو خستۆتە ژێر ئەو دارە شکستەوە داماو",
        "text_original": "ئەی کەواتە بۆ خۆو خستۆتە ژێر ئەو دارە شکستەوە داماو",
        "start": 193887.0,
        "end": 196769.0,
        "audio": "content/segments/119/87.ogg"
    },
    {
        "ID": "88",
        "gender": "M",
        "age": "A",
        "character_name": "زاهیر",
        "text": "کاکە گیان لەبەر ئەوەی خۆشی ئەوێی خۆش، خۆ بە دەس خۆی نیە",
        "text_original": "کاکە گیان لەبەر ئەوەی خۆشی ئەوێی خۆش، خۆ بە دەس خۆی نیە",
        "start": 196870.0,
        "end": 199932.0,
        "audio": "content/segments/119/88.ogg"
    },
    {
        "ID": "89",
        "gender": "M",
        "age": "A",
        "character_name": "موراقیب",
        "text": "کورە ڕاسئەکا کاکە، من سوتاوم بۆ ئێوە",
        "text_original": "کورە ڕاسئەکا کاکە، من سوتاوم بۆ ئێوە",
        "start": 199970.0,
        "end": 202401.0,
        "audio": "content/segments/119/89.ogg"
    },
    {
        "ID": "90",
        "gender": "M",
        "age": "A",
        "character_name": "حیکمەت",
        "text": "ئێ باشە کاکە جیان زۆر باشە، خۆشی ئەوێین ماڵی ئاوا بێ",
        "text_original": "ئێ باشە کاکە جیان زۆر باشە، خۆشی ئەوێین ماڵی ئاوا بێ",
        "start": 202740.0,
        "end": 207569.0,
        "audio": "content/segments/119/90.ogg"
    },
    {
        "ID": "91",
        "gender": "M",
        "age": "A",
        "character_name": "حیکمەت",
        "text": "بەڵام خۆ ئەبێ ئەم خۆشەویستیەش نەختێ عەقڵی تیا بێ",
        "text_original": "بەڵام خۆ ئەبێ ئەم خۆشەویستیەش نەختێ عەقڵی تیا بێ",
        "start": 207805.0,
        "end": 211660.0,
        "audio": "content/segments/119/91.ogg"
    },
    {
        "ID": "92",
        "gender": "M",
        "age": "A",
        "character_name": "عەبدوڵا",
        "text": "ئەشەو بیلا حیکمەت ناوەکەھ لە خەساراوە",
        "text_original": "ئەشەو بیلا حیکمەت ناوەکەھ لە خەساراوە",
        "start": 212161.0,
        "end": 214471.0,
        "audio": "content/segments/119/92.ogg"
    },
    {
        "ID": "93",
        "gender": "M",
        "age": "A",
        "character_name": "عەبدوڵا",
        "text": "ئەرێ لە مەسائیلی خۆشەویستی و عاتفیا",
        "text_original": "ئەرێ لە مەسائیلی خۆشەویستی و عاتفیا",
        "start": 214624.0,
        "end": 216935.0,
        "audio": "content/segments/119/93.ogg"
    },
    {
        "ID": "94",
        "gender": "M",
        "age": "A",
        "character_name": "عەبدوڵا",
        "text": "ئەقڵ کوا دەور ئەبینێ",
        "text_original": "ئەقڵ کوا دەور ئەبینێ",
        "start": 217096.0,
        "end": 218325.0,
        "audio": "content/segments/119/94.ogg"
    },
    {
        "ID": "95",
        "gender": "M",
        "age": "A",
        "character_name": "موراقیب",
        "text": "ڕاست ئەکا، نە عاتیفە ئیمانی بە عەقڵە",
        "text_original": "ڕاست ئەکا، نە عاتیفە ئیمانی بە عەقڵە",
        "start": 218393.0,
        "end": 220844.0,
        "audio": "content/segments/119/95.ogg"
    },
    {
        "ID": "96",
        "gender": "M",
        "age": "A",
        "character_name": "موراقیب",
        "text": "نە عەقڵیش پشت بە عاتیفە ئەبەستێ",
        "text_original": "نە عەقڵیش پشت بە عاتیفە ئەبەستێ",
        "start": 220856.0,
        "end": 222729.0,
        "audio": "content/segments/119/96.ogg"
    },
    {
        "ID": "97",
        "gender": "M",
        "age": "A",
        "character_name": "ئەحمەد",
        "text": "ئەی بۆچی ئەڵێن لە سەیا هەشتا و پێنجی میزانیەی",
        "text_original": "ئەی بۆچی ئەڵێن لە سەیا هەشتا و پێنجی میزانیەی",
        "start": 222770.0,
        "end": 225805.0,
        "audio": "content/segments/119/97.ogg"
    },
    {
        "ID": "98",
        "gender": "M",
        "age": "A",
        "character_name": "ئەحمەد",
        "text": "ساڵی دوو هەزار و هەشتی عێراق، پشتی بە نەوت بەستوە",
        "text_original": "ساڵی دوو هەزار و هەشتی عێراق، پشتی بە نەوت بەستوە",
        "start": 225844.0,
        "end": 228938.0,
        "audio": "content/segments/119/98.ogg"
    },
    {
        "ID": "99",
        "gender": "M",
        "age": "A",
        "character_name": "ڕێبوار",
        "text": "کام نەوتە ئەحە",
        "text_original": "کام نەوتە ئەحە",
        "start": 229059.0,
        "end": 230221.0,
        "audio": "content/segments/119/99.ogg"
    },
    {
        "ID": "100",
        "gender": "M",
        "age": "A",
        "character_name": "ئەحمەد",
        "text": "ئەرەوەڵا شکور قسەی کرد",
        "text_original": "ئەرەوەڵا شکور قسەی کرد",
        "start": 230416.0,
        "end": 232270.0,
        "audio": "content/segments/119/100.ogg"
    },
    {
        "ID": "101",
        "gender": "NA",
        "age": "NA",
        "character_name": "NA",
        "text": "ئافەرم",
        "text_original": "ئافەرم",
        "start": 232312.0,
        "end": 234336.0,
        "audio": "content/segments/119/101.ogg"
    },
    {
        "ID": "102",
        "gender": "M",
        "age": "A",
        "character_name": "ڕێبوار",
        "text": "ئەحە مەیکە بە فشقیات، کام نەوتەیە",
        "text_original": "ئەحە مەیکە بە فشقیات، کام نەوتەیە",
        "start": 234520.0,
        "end": 236374.0,
        "audio": "content/segments/119/102.ogg"
    },
    {
        "ID": "103",
        "gender": "M",
        "age": "A",
        "character_name": "سەباح",
        "text": "ئەوەی کە هەموومان بۆ بەرمیلێ خەریچین بچین بە عاسمانا",
        "text_original": "ئەوەی کە هەموومان بۆ بەرمیلێ خەریچین بچین بە عاسمانا",
        "start": 236449.0,
        "end": 239455.0,
        "audio": "content/segments/119/103.ogg"
    },
    {
        "ID": "104",
        "gender": "M",
        "age": "A",
        "character_name": "موراقیب",
        "text": "وس وس باسی عاسمان مەکە",
        "text_original": "وس وس باسی عاسمان مەکە",
        "start": 239493.0,
        "end": 240721.0,
        "audio": "content/segments/119/104.ogg"
    },
    {
        "ID": "105",
        "gender": "M",
        "age": "A",
        "character_name": "موراقیب",
        "text": "هەستن بە عاسمانا یاڵا مستەر هات",
        "text_original": "هەستن بە عاسمانا یاڵا مستەر هات",
        "start": 240721.0,
        "end": 243325.0,
        "audio": "content/segments/119/105.ogg"
    },
    {
        "ID": "106",
        "gender": "M",
        "age": "A",
        "character_name": "مستەر",
        "text": "فەرموو فەرموون دانیشن دانیشن",
        "text_original": "فەرموو فەرموون دانیشن دانیشن",
        "start": 245608.0,
        "end": 247526.0,
        "audio": "content/segments/119/106.ogg"
    },
    {
        "ID": "107",
        "gender": "M",
        "age": "A",
        "character_name": "مستەر",
        "text": "دانیشن",
        "text_original": "دانیشن",
        "start": 247733.0,
        "end": 248523.0,
        "audio": "content/segments/119/107.ogg"
    },
    {
        "ID": "108",
        "gender": "M",
        "age": "A",
        "character_name": "مستەر",
        "text": "ئۆخەیش، زۆرم پێ خۆشە",
        "text_original": "ئۆخەیش، زۆرم پێ خۆشە",
        "start": 249923.0,
        "end": 252707.0,
        "audio": "content/segments/119/108.ogg"
    },
    {
        "ID": "109",
        "gender": "M",
        "age": "A",
        "character_name": "مستەر",
        "text": "ئەوەتەی من هەم ئەمە یەک ئیشی پیاوانە و مەعقول لەم سڵفا ببینم",
        "text_original": "ئەوەتەی من هەم ئەمە یەک ئیشی پیاوانە و مەعقول لەم سڵفا ببینم",
        "start": 253303.0,
        "end": 258281.99999999997,
        "audio": "content/segments/119/109.ogg"
    },
    {
        "ID": "110",
        "gender": "M",
        "age": "A",
        "character_name": "عەبدوڵا",
        "text": "ئئه، مەخسەو منە میستەر",
        "text_original": "ئئه، مەخسەو منە میستەر",
        "start": 258309.00000000003,
        "end": 260149.99999999997,
        "audio": "content/segments/119/110.ogg"
    },
    {
        "ID": "111",
        "gender": "M",
        "age": "A",
        "character_name": "موراقیب",
        "text": "ئەرێ تۆ چی علوج، مەخسەی منە لەگەڵ منیەتی",
        "text_original": "ئەرێ تۆ چی علوج، مەخسەی منە لەگەڵ منیەتی",
        "start": 260382.99999999997,
        "end": 263471.0,
        "audio": "content/segments/119/111.ogg"
    },
    {
        "ID": "112",
        "gender": "M",
        "age": "A",
        "character_name": "مستەر",
        "text": "ئا ئا ئا، مەخسەم ئەم بتڵە ئاوانەیە",
        "text_original": "ئا ئا ئا، مەخسەم ئەم بتڵە ئاوانەیە",
        "start": 263496.0,
        "end": 266218.0,
        "audio": "content/segments/119/112.ogg"
    },
    {
        "ID": "113",
        "gender": "M",
        "age": "A",
        "character_name": "مستەر",
        "text": "ئافەرم زۆر چاکە، ئەم ئاوە بخۆنەوە",
        "text_original": "ئافەرم زۆر چاکە، ئەم ئاوە بخۆنەوە",
        "start": 266800.0,
        "end": 269856.0,
        "audio": "content/segments/119/113.ogg"
    },
    {
        "ID": "114",
        "gender": "M",
        "age": "A",
        "character_name": "مستەر",
        "text": "بۆ ئەم دەردە کولێرەیە یەکاو یەکە",
        "text_original": "بۆ ئەم دەردە کولێرەیە یەکاو یەکە",
        "start": 270273.0,
        "end": 273172.0,
        "audio": "content/segments/119/114.ogg"
    },
    {
        "ID": "115",
        "gender": "M",
        "age": "A",
        "character_name": "زانا",
        "text": "هێواش قسە بکە هێواش میستەر",
        "text_original": "هێواش قسە بکە هێواش میستەر",
        "start": 273323.0,
        "end": 275350.0,
        "audio": "content/segments/119/115.ogg"
    },
    {
        "ID": "116",
        "gender": "M",
        "age": "A",
        "character_name": "زانا",
        "text": "دوای ئەڵێن لەگەڵ مەعمەلەکانا شەریچی",
        "text_original": "دوای ئەڵێن لەگەڵ مەعمەلەکانا شەریچی",
        "start": 275752.0,
        "end": 278223.0,
        "audio": "content/segments/119/116.ogg"
    },
    {
        "ID": "117",
        "gender": "M",
        "age": "A",
        "character_name": "عەبدوڵا",
        "text": "کورە مەعمەلی ئاوی چی زانە جیان",
        "text_original": "کورە مەعمەلی ئاوی چی زانە جیان",
        "start": 278253.0,
        "end": 280223.0,
        "audio": "content/segments/119/117.ogg"
    },
    {
        "ID": "118",
        "gender": "NA",
        "age": "NA",
        "character_name": "NA",
        "text": "تۆ لەگەڵ حانوتەکەیا تێکەڵھ کردوە",
        "text_original": "تۆ لەگەڵ حانوتەکەیا تێکەڵھ کردوە",
        "start": 280236.0,
        "end": 282255.0,
        "audio": "content/segments/119/118.ogg"
    },
    {
        "ID": "119",
        "gender": "M",
        "age": "A",
        "character_name": "مستەر",
        "text": "عەبدوڵا،من ئەم قسانەی تۆ ساردم ناکاتەوە ئەزانی بۆ ڕۆڵە",
        "text_original": "عەبدوڵا،من ئەم قسانەی تۆ ساردم ناکاتەوە ئەزانی بۆ ڕۆڵە",
        "start": 282493.0,
        "end": 287687.0,
        "audio": "content/segments/119/119.ogg"
    },
    {
        "ID": "120",
        "gender": "M",
        "age": "A",
        "character_name": "مستەر",
        "text": "من چەنێ مەسولم لەوەی کەوا فێری عیلم و مەعریفەت و",
        "text_original": "من چەنێ مەسولم لەوەی کەوا فێری عیلم و مەعریفەت و",
        "start": 288055.0,
        "end": 291749.0,
        "audio": "content/segments/119/120.ogg"
    },
    {
        "ID": "121",
        "gender": "M",
        "age": "A",
        "character_name": "مستەر",
        "text": "تەربێت و ئەوشتانەتان بکەم، ئەوەنەش مەسولم لەوەی کەوا بتان پارێزم",
        "text_original": "تەربێت و ئەوشتانەتان بکەم، ئەوەنەش مەسولم لەوەی کەوا بتان پارێزم",
        "start": 291782.0,
        "end": 296356.0,
        "audio": "content/segments/119/121.ogg"
    },
    {
        "ID": "122",
        "gender": "M",
        "age": "A",
        "character_name": "ڕێبوار",
        "text": "لە هەڕەشەی ئەم و ئەویش میستەر",
        "text_original": "لە هەڕەشەی ئەم و ئەویش میستەر",
        "start": 296374.0,
        "end": 298223.0,
        "audio": "content/segments/119/122.ogg"
    },
    {
        "ID": "123",
        "gender": "M",
        "age": "A",
        "character_name": "مستەر",
        "text": "بەڵێ ڕێبوار گیان، لە هەڕەشەی ئەم و ئەو و، لە میکڕۆبی ک کۆلێراش",
        "text_original": "بەڵێ ڕێبوار گیان، لە هەڕەشەی ئەم و ئەو و، لە میکڕۆبی ک کۆلێراش",
        "start": 298268.0,
        "end": 302922.0,
        "audio": "content/segments/119/123.ogg"
    },
    {
        "ID": "124",
        "gender": "M",
        "age": "A",
        "character_name": "عومەر",
        "text": "باشە میستەر گیان، ناڵێن میکرۆبەکە لە چیایە",
        "text_original": "باشە میستەر گیان، ناڵێن میکرۆبەکە لە چیایە",
        "start": 302958.0,
        "end": 306305.0,
        "audio": "content/segments/119/124.ogg"
    },
    {
        "ID": "125",
        "gender": "M",
        "age": "A",
        "character_name": "مستەر",
        "text": "جا ئاغا جیان، میکرۆبەکە لە چیا نییە",
        "text_original": "جا ئاغا جیان، میکرۆبەکە لە چیا نییە",
        "start": 306644.0,
        "end": 309353.0,
        "audio": "content/segments/119/125.ogg"
    },
    {
        "ID": "126",
        "gender": "M",
        "age": "A",
        "character_name": "مستەر",
        "text": "بابە ئێوە میکرۆبتان زۆرە زۆر، هەموو جیانتان میکرۆبە",
        "text_original": "بابە ئێوە میکرۆبتان زۆرە زۆر، هەموو جیانتان میکرۆبە",
        "start": 309955.0,
        "end": 314087.0,
        "audio": "content/segments/119/126.ogg"
    },
    {
        "ID": "127",
        "gender": "M",
        "age": "A",
        "character_name": "حیکمەت",
        "text": "فیعلەن میستەر، میکرۆبمان زۆرە",
        "text_original": "فیعلەن میستەر، میکرۆبمان زۆرە",
        "start": 314228.0,
        "end": 316946.0,
        "audio": "content/segments/119/127.ogg"
    },
    {
        "ID": "128",
        "gender": "M",
        "age": "A",
        "character_name": "حیکمەت",
        "text": "بەڵام هیچیان بەقەدەر ئەم میکرۆبی سکچونە خەتەر نیە",
        "text_original": "بەڵام هیچیان بەقەدەر ئەم میکرۆبی سکچونە خەتەر نیە",
        "start": 317114.0,
        "end": 320955.0,
        "audio": "content/segments/119/128.ogg"
    },
    {
        "ID": "129",
        "gender": "M",
        "age": "A",
        "character_name": "عەبدوڵا",
        "text": "ئەی میکرۆبی دەستەکەنی، میکرۆبی دەستەکەنی بۆ ناڵێی کاکە",
        "text_original": "ئەی میکرۆبی دەستەکەنی، میکرۆبی دەستەکەنی بۆ ناڵێی کاکە",
        "start": 321014.0,
        "end": 324978.0,
        "audio": "content/segments/119/129.ogg"
    },
    {
        "ID": "130",
        "gender": "M",
        "age": "A",
        "character_name": "عەبدوڵا",
        "text": "بۆ ئەوە ناڵێی",
        "text_original": "بۆ ئەوە ناڵێی",
        "start": 325053.0,
        "end": 326011.0,
        "audio": "content/segments/119/130.ogg"
    },
    {
        "ID": "131",
        "gender": "M",
        "age": "A",
        "character_name": "سەباح",
        "text": "کورە کاکە ئەی تۆ میکرۆبی بێویژدانی بۆ ناڵێی",
        "text_original": "کورە کاکە ئەی تۆ میکرۆبی بێویژدانی بۆ ناڵێی",
        "start": 326149.0,
        "end": 329702.0,
        "audio": "content/segments/119/131.ogg"
    },
    {
        "ID": "132",
        "gender": "M",
        "age": "A",
        "character_name": "موراقیب",
        "text": "ڕاسئەکا، مستەر ئێستا ئەڵێن لەو پەڕی شەنگەهایە",
        "text_original": "ڕاسئەکا، مستەر ئێستا ئەڵێن لەو پەڕی شەنگەهایە",
        "start": 330187.0,
        "end": 333734.0,
        "audio": "content/segments/119/132.ogg"
    },
    {
        "ID": "133",
        "gender": "M",
        "age": "A",
        "character_name": "موراقیب",
        "text": "بزانن کوردی کەس تەرجومانھ بۆ ناکا، چونکە ئەڵێن تاجرە کوردەکان",
        "text_original": "بزانن کوردی کەس تەرجومانھ بۆ ناکا، چونکە ئەڵێن تاجرە کوردەکان",
        "start": 333776.0,
        "end": 338585.0,
        "audio": "content/segments/119/133.ogg"
    },
    {
        "ID": "134",
        "gender": "M",
        "age": "A",
        "character_name": "موراقیب",
        "text": "زوربەیان نییە ویژدانیان زۆر زەعیییفە",
        "text_original": "زوربەیان نییە ویژدانیان زۆر زەعیییفە",
        "start": 338843.0,
        "end": 341948.0,
        "audio": "content/segments/119/134.ogg"
    },
    {
        "ID": "135",
        "gender": "M",
        "age": "A",
        "character_name": "ئەحمەد",
        "text": "وەڵاهی ڕاسئەکەی",
        "text_original": "وەڵاهی ڕاسئەکەی",
        "start": 342046.0,
        "end": 343214.0,
        "audio": "content/segments/119/135.ogg"
    },
    {
        "ID": "136",
        "gender": "M",
        "age": "A",
        "character_name": "ئەحمەد",
        "text": "ئەوە ئێمە خزمێکمان نییە ڕۆشتوە بۆ ئەوێ گڵۆپ و شتیوا بێنێ",
        "text_original": "ئەوە ئێمە خزمێکمان نییە ڕۆشتوە بۆ ئەوێ گڵۆپ و شتیوا بێنێ",
        "start": 343739.0,
        "end": 347242.0,
        "audio": "content/segments/119/136.ogg"
    },
    {
        "ID": "137",
        "gender": "M",
        "age": "A",
        "character_name": "ئەحمەد",
        "text": "ماڵم نەشێوێ زەمانی بیست و پێنج دەقیقەی لەگەڵایە",
        "text_original": "ماڵم نەشێوێ زەمانی بیست و پێنج دەقیقەی لەگەڵایە",
        "start": 347421.0,
        "end": 349943.0,
        "audio": "content/segments/119/137.ogg"
    },
    {
        "ID": "138",
        "gender": "M",
        "age": "A",
        "character_name": "موراقیب",
        "text": "ئەوە خزمی تۆیە ئەوەی مراخانیکەی لە بەرایە ئەڵێ،",
        "text_original": "ئەوە خزمی تۆیە ئەوەی مراخانیکەی لە بەرایە ئەڵێ،",
        "start": 350071.0,
        "end": 352878.0,
        "audio": "content/segments/119/138.ogg"
    },
    {
        "ID": "139",
        "gender": "M",
        "age": "A",
        "character_name": "موراقیب",
        "text": "ئئ پیاوی کوردی، جلی کوردی، ئیشی کەم، مەعاشی زۆر، ئەلەوەلا",
        "text_original": "ئئ پیاوی کوردی، جلی کوردی، ئیشی کەم، مەعاشی زۆر، ئەلەوەلا",
        "start": 353076.0,
        "end": 356321.0,
        "audio": "content/segments/119/139.ogg"
    },
    {
        "ID": "140",
        "gender": "M",
        "age": "A",
        "character_name": "ئەحمەد",
        "text": "ئەلەوەلا، ئەوە خزمی ئێمەیە ماشالا ئنجا ئەلێ چی",
        "text_original": "ئەلەوەلا، ئەوە خزمی ئێمەیە ماشالا ئنجا ئەلێ چی",
        "start": 356449.0,
        "end": 359089.0,
        "audio": "content/segments/119/140.ogg"
    },
    {
        "ID": "141",
        "gender": "M",
        "age": "A",
        "character_name": "ئەحمەد",
        "text": "فەکیر خۆشە، مەتبەخ، جلی کوردی، برنجی کوردی زۆر جانە",
        "text_original": "فەکیر خۆشە، مەتبەخ، جلی کوردی، برنجی کوردی زۆر جانە",
        "start": 359246.0,
        "end": 363232.0,
        "audio": "content/segments/119/141.ogg"
    },
    {
        "ID": "142",
        "gender": "M",
        "age": "A",
        "character_name": "مستەر",
        "text": "ئەزانی چۆن ڕۆلە",
        "text_original": "ئەزانی چۆن ڕۆلە",
        "start": 363412.0,
        "end": 364952.0,
        "audio": "content/segments/119/142.ogg"
    },
    {
        "ID": "143",
        "gender": "M",
        "age": "A",
        "character_name": "مستەر",
        "text": "ناهەقیان مەگرە کەوا کەس تەرجومان و شتیان بۆ ناکا",
        "text_original": "ناهەقیان مەگرە کەوا کەس تەرجومان و شتیان بۆ ناکا",
        "start": 365012.0,
        "end": 368261.0,
        "audio": "content/segments/119/143.ogg"
    },
    {
        "ID": "144",
        "gender": "M",
        "age": "A",
        "character_name": "موراقیب",
        "text": "چونکە ئەم تاجیرانەی خۆمان زۆربەی زۆریان، کە ئەڕۆن بۆ ئەوێ",
        "text_original": "چونکە ئەم تاجیرانەی خۆمان زۆربەی زۆریان، کە ئەڕۆن بۆ ئەوێ",
        "start": 368346.0,
        "end": 373051.0,
        "audio": "content/segments/119/144.ogg"
    },
    {
        "ID": "145",
        "gender": "NA",
        "age": "NA",
        "character_name": "NA",
        "text": "بەدوای شتی هەرزان و خراپ و ئێکسپایەر و ئا ئەو شتە بێ کەڵکانە ئەگەڕێن",
        "text_original": "بەدوای شتی هەرزان و خراپ و ئێکسپایەر و ئا ئەو شتە بێ کەڵکانە ئەگەڕێن",
        "start": 373262.0,
        "end": 378106.0,
        "audio": "content/segments/119/145.ogg"
    },
    {
        "ID": "146",
        "gender": "M",
        "age": "A",
        "character_name": "ڕێبوار",
        "text": "باشە ئەی بۆ نایەن لە مەکتەبەکانا ویژدان تەوزیع کەن",
        "text_original": "باشە ئەی بۆ نایەن لە مەکتەبەکانا ویژدان تەوزیع کەن",
        "start": 378239.0,
        "end": 381387.0,
        "audio": "content/segments/119/146.ogg"
    },
    {
        "ID": "147",
        "gender": "M",
        "age": "A",
        "character_name": "ئەحمەد",
        "text": "ئەی ئافەرم، من لەگەڵ ئەو ڕەئی ئەمە یام ئەزانی بۆچی",
        "text_original": "ئەی ئافەرم، من لەگەڵ ئەو ڕەئی ئەمە یام ئەزانی بۆچی",
        "start": 381419.0,
        "end": 384422.0,
        "audio": "content/segments/119/147.ogg"
    },
    {
        "ID": "148",
        "gender": "M",
        "age": "A",
        "character_name": "ئەحمەد",
        "text": "هەقە لە بایەعیا سەری نیو کیلۆ ویژدانمان بەنێ",
        "text_original": "هەقە لە بایەعیا سەری نیو کیلۆ ویژدانمان بەنێ",
        "start": 384506.0,
        "end": 388246.0,
        "audio": "content/segments/119/148.ogg"
    },
    {
        "ID": "149",
        "gender": "M",
        "age": "A",
        "character_name": "موراقیب",
        "text": "ئەی خوا بوکا بەقوربانی کەر ئەحە",
        "text_original": "ئەی خوا بوکا بەقوربانی کەر ئەحە",
        "start": 388325.0,
        "end": 390618.0,
        "audio": "content/segments/119/149.ogg"
    },
    {
        "ID": "150",
        "gender": "M",
        "age": "A",
        "character_name": "ئەحمەد",
        "text": "قەیچیەکا قەیچیەکا، بەس بۆ بۆ پێم بڵێ",
        "text_original": "قەیچیەکا قەیچیەکا، بەس بۆ بۆ پێم بڵێ",
        "start": 390633.0,
        "end": 392627.0,
        "audio": "content/segments/119/150.ogg"
    },
    {
        "ID": "151",
        "gender": "M",
        "age": "A",
        "character_name": "موراقیب",
        "text": "ئەزانی بۆ، ئەو تایت و سابونەکەی پاریان نەیاوینەتێ بایەعەکان",
        "text_original": "ئەزانی بۆ، ئەو تایت و سابونەکەی پاریان نەیاوینەتێ بایەعەکان",
        "start": 392649.0,
        "end": 396322.0,
        "audio": "content/segments/119/151.ogg"
    },
    {
        "ID": "152",
        "gender": "M",
        "age": "A",
        "character_name": "موراقیب",
        "text": "ئێستە هیچ ناکەن ویژدانت بۆ یێنن",
        "text_original": "ئێستە هیچ ناکەن ویژدانت بۆ یێنن",
        "start": 396322.0,
        "end": 398159.0,
        "audio": "content/segments/119/152.ogg"
    },
    {
        "ID": "153",
        "gender": "M",
        "age": "A",
        "character_name": "عەبدوڵا",
        "text": "ئێ، پاش ئەوە فرستەت ئەهێنن هەرچی ویژدانی ئێکسپایەر و",
        "text_original": "ئێ، پاش ئەوە فرستەت ئەهێنن هەرچی ویژدانی ئێکسپایەر و",
        "start": 398251.0,
        "end": 401438.0,
        "audio": "content/segments/119/153.ogg"
    },
    {
        "ID": "154",
        "gender": "M",
        "age": "A",
        "character_name": "عەبدوڵا",
        "text": "قوڕ و بێکەلک هەیە، هەمووی بەسەر ئێما ساغ ئەکەنەوە",
        "text_original": "قوڕ و بێکەلک هەیە، هەمووی بەسەر ئێما ساغ ئەکەنەوە",
        "start": 401438.0,
        "end": 403987.0,
        "audio": "content/segments/119/154.ogg"
    },
    {
        "ID": "155",
        "gender": "M",
        "age": "A",
        "character_name": "عومەر",
        "text": "یان چێ ئەڵێ نایەن وردە زیخ و گوو مشکی تێکەڵ ناکەن ها",
        "text_original": "یان چێ ئەڵێ نایەن وردە زیخ و گوو مشکی تێکەڵ ناکەن ها",
        "start": 404201.0,
        "end": 407669.0,
        "audio": "content/segments/119/155.ogg"
    },
    {
        "ID": "156",
        "gender": "M",
        "age": "A",
        "character_name": "مستەر",
        "text": "واز بێنن لەو مەوزوعانە، واز بێنن لەو شتانە",
        "text_original": "واز بێنن لەو مەوزوعانە، واز بێنن لەو شتانە",
        "start": 407999.0,
        "end": 411122.0,
        "audio": "content/segments/119/156.ogg"
    },
    {
        "ID": "157",
        "gender": "M",
        "age": "A",
        "character_name": "مستەر",
        "text": "با بێینەوە سەر مەوزوعیەکەی خۆمان",
        "text_original": "با بێینەوە سەر مەوزوعیەکەی خۆمان",
        "start": 411402.0,
        "end": 413661.0,
        "audio": "content/segments/119/157.ogg"
    },
    {
        "ID": "158",
        "gender": "M",
        "age": "A",
        "character_name": "موراقیب",
        "text": "ئەه، مستەر جیان یەک دەقە توخوا، (زەنگی مۆبایل)",
        "text_original": "ئەه، مستەر جیان یەک دەقە توخوا، (زەنگی مۆبایل)",
        "start": 413709.0,
        "end": 417018.0,
        "audio": "content/segments/119/158.ogg"
    },
    {
        "ID": "159",
        "gender": "M",
        "age": "A",
        "character_name": "موراقیب",
        "text": "ئەو جەرەسە توخوا هەر بە ڕوخسەتی ئێوە (زەنگی مۆبایل)",
        "text_original": "ئەو جەرەسە توخوا هەر بە ڕوخسەتی ئێوە (زەنگی مۆبایل)",
        "start": 417027.0,
        "end": 419323.0,
        "audio": "content/segments/119/159.ogg"
    },
    {
        "ID": "160",
        "gender": "M",
        "age": "A",
        "character_name": "موراقیب",
        "text": "ئەمەیان نییە، ئەرێ کامەیانە ئەحە ئەوە",
        "text_original": "ئەمەیان نییە، ئەرێ کامەیانە ئەحە ئەوە",
        "start": 419589.0,
        "end": 422502.0,
        "audio": "content/segments/119/160.ogg"
    },
    {
        "ID": "161",
        "gender": "M",
        "age": "A",
        "character_name": "ئەحمەد",
        "text": "چوزانم لە گیرفانی خۆتایە",
        "text_original": "چوزانم لە گیرفانی خۆتایە",
        "start": 422540.0,
        "end": 424195.0,
        "audio": "content/segments/119/161.ogg"
    },
    {
        "ID": "162",
        "gender": "M",
        "age": "A",
        "character_name": "قوتابیەک",
        "text": "ئەم گیفانەی ئەملایە",
        "text_original": "ئەم گیفانەی ئەملایە",
        "start": 424361.0,
        "end": 425240.0,
        "audio": "content/segments/119/162.ogg"
    },
    {
        "ID": "163",
        "gender": "M",
        "age": "A",
        "character_name": "موراقیب",
        "text": "ئەمەش نەبوو",
        "text_original": "ئەمەش نەبوو",
        "start": 425318.0,
        "end": 426202.0,
        "audio": "content/segments/119/163.ogg"
    },
    {
        "ID": "164",
        "gender": "M",
        "age": "A",
        "character_name": "قوتابیەک",
        "text": "کورە ڕەشە بچکۆلەکەیە، ئا ئەوە",
        "text_original": "کورە ڕەشە بچکۆلەکەیە، ئا ئەوە",
        "start": 426237.0,
        "end": 427471.0,
        "audio": "content/segments/119/164.ogg"
    },
    {
        "ID": "165",
        "gender": "M",
        "age": "A",
        "character_name": "موراقیب",
        "text": "ئا ئەمەیە، مستەر جوابی بەمەوە",
        "text_original": "ئا ئەمەیە، مستەر جوابی بەمەوە",
        "start": 427512.0,
        "end": 429374.0,
        "audio": "content/segments/119/165.ogg"
    },
    {
        "ID": "166",
        "gender": "M",
        "age": "A",
        "character_name": "مستەر",
        "text": "چییە ئەو هەموو ج، مۆبایلە پێتە",
        "text_original": "چییە ئەو هەموو ج، مۆبایلە پێتە",
        "start": 429440.0,
        "end": 431690.0,
        "audio": "content/segments/119/166.ogg"
    },
    {
        "ID": "167",
        "gender": "M",
        "age": "A",
        "character_name": "مستەر",
        "text": "نەنەنە، ئەو داخە جوابی من بەرەوە، ئەوە واز، واز لەوە بێنە",
        "text_original": "نەنەنە، ئەو داخە جوابی من بەرەوە، ئەوە واز، واز لەوە بێنە",
        "start": 431783.0,
        "end": 434906.0,
        "audio": "content/segments/119/167.ogg"
    },
    {
        "ID": "168",
        "gender": "M",
        "age": "A",
        "character_name": "موراقیب",
        "text": "ئێ مستەر گیان بۆ قەیچیەکە",
        "text_original": "ئێ مستەر گیان بۆ قەیچیەکە",
        "start": 434970.0,
        "end": 436540.0,
        "audio": "content/segments/119/168.ogg"
    },
    {
        "ID": "169",
        "gender": "M",
        "age": "A",
        "character_name": "موراقیب",
        "text": "ئێستە زەمان زەمانی فرە مۆبایلیە کاکە",
        "text_original": "ئێستە زەمان زەمانی فرە مۆبایلیە کاکە",
        "start": 436540.0,
        "end": 438808.0,
        "audio": "content/segments/119/169.ogg"
    },
    {
        "ID": "170",
        "gender": "M",
        "age": "A",
        "character_name": "عەبدوڵا",
        "text": "جا هەر فرە مۆبایلی، ئەی فرە چوێخایەکە بۆ ناڵێی",
        "text_original": "جا هەر فرە مۆبایلی، ئەی فرە چوێخایەکە بۆ ناڵێی",
        "start": 438911.0,
        "end": 441417.0,
        "audio": "content/segments/119/170.ogg"
    },
    {
        "ID": "171",
        "gender": "M",
        "age": "A",
        "character_name": "ئەحمەد",
        "text": "ئەی فرە میمبەری بۆ ناڵێی",
        "text_original": "ئەی فرە میمبەری بۆ ناڵێی",
        "start": 441442.0,
        "end": 443317.0,
        "audio": "content/segments/119/171.ogg"
    },
    {
        "ID": "172",
        "gender": "M",
        "age": "A",
        "character_name": "سەباح",
        "text": "نەبابە میستەر فرە ژنی، ئیستە زەمان زەمانی فرە ژنیە",
        "text_original": "نەبابە میستەر فرە ژنی، ئیستە زەمان زەمانی فرە ژنیە",
        "start": 443551.0,
        "end": 447587.0,
        "audio": "content/segments/119/172.ogg"
    },
    {
        "ID": "173",
        "gender": "M",
        "age": "A",
        "character_name": "مستەر",
        "text": "بەخوا جوانە، بەخوا جوانە",
        "text_original": "بەخوا جوانە، بەخوا جوانە",
        "start": 447724.0,
        "end": 450358.0,
        "audio": "content/segments/119/173.ogg"
    },
    {
        "ID": "174",
        "gender": "M",
        "age": "A",
        "character_name": "مستەر",
        "text": "من ئەمەوێ ئێوە تۆزێ تەتەوڕ کەن و پێش کەون",
        "text_original": "من ئەمەوێ ئێوە تۆزێ تەتەوڕ کەن و پێش کەون",
        "start": 450881.0,
        "end": 454550.0,
        "audio": "content/segments/119/174.ogg"
    },
    {
        "ID": "175",
        "gender": "M",
        "age": "A",
        "character_name": "مستەر",
        "text": "کەچی ئێوە هەر بەگ دائەنێن و ئەگەڕێنە دواوە",
        "text_original": "کەچی ئێوە هەر بەگ دائەنێن و ئەگەڕێنە دواوە",
        "start": 454859.0,
        "end": 458246.0,
        "audio": "content/segments/119/175.ogg"
    },
    {
        "ID": "176",
        "gender": "M",
        "age": "A",
        "character_name": "مستەر",
        "text": "یێنەوە سەر نەفسی تاس و حەمام",
        "text_original": "یێنەوە سەر نەفسی تاس و حەمام",
        "start": 458310.0,
        "end": 460546.0,
        "audio": "content/segments/119/176.ogg"
    },
    {
        "ID": "177",
        "gender": "M",
        "age": "A",
        "character_name": "سەباح",
        "text": "ئەرێ ئەحە تۆ شارەزاتری، حەمام عایدی دەزگای وەبەرهێنان نییە",
        "text_original": "ئەرێ ئەحە تۆ شارەزاتری، حەمام عایدی دەزگای وەبەرهێنان نییە",
        "start": 460645.0,
        "end": 465366.0,
        "audio": "content/segments/119/177.ogg"
    },
    {
        "ID": "178",
        "gender": "M",
        "age": "A",
        "character_name": "مستەر",
        "text": "ئاک بە خێرنێیتەوە بۆ خۆت و قسەی باشە",
        "text_original": "ئاک بە خێرنێیتەوە بۆ خۆت و قسەی باشە",
        "start": 465483.0,
        "end": 468957.0,
        "audio": "content/segments/119/178.ogg"
    },
    {
        "ID": "179",
        "gender": "M",
        "age": "A",
        "character_name": "مستەر",
        "text": "ئەحە حەمام عایدی دەزگای وەبەرهەمهێنان نییە",
        "text_original": "ئەحە حەمام عایدی دەزگای وەبەرهەمهێنان نییە",
        "start": 469273.0,
        "end": 473037.0,
        "audio": "content/segments/119/179.ogg"
    },
    {
        "ID": "180",
        "gender": "M",
        "age": "A",
        "character_name": "مستەر",
        "text": "ئەمە لە چیۆ ئەم قسەیە فێربووی کاکە نا سەباح",
        "text_original": "ئەمە لە چیۆ ئەم قسەیە فێربووی کاکە نا سەباح",
        "start": 473257.0,
        "end": 475537.0,
        "audio": "content/segments/119/180.ogg"
    },
    {
        "ID": "181",
        "gender": "M",
        "age": "A",
        "character_name": "مستەر",
        "text": "چێ ئەم شەکرەی شکاندوە",
        "text_original": "چێ ئەم شەکرەی شکاندوە",
        "start": 475549.0,
        "end": 476982.0,
        "audio": "content/segments/119/181.ogg"
    },
    {
        "ID": "182",
        "gender": "M",
        "age": "A",
        "character_name": "عەبدوڵا",
        "text": "ئەمە میستەر نوسەرێکی دەزگێڕ ئەم قسەیەی کردوە",
        "text_original": "ئەمە میستەر نوسەرێکی دەزگێڕ ئەم قسەیەی کردوە",
        "start": 477093.0,
        "end": 481044.0,
        "audio": "content/segments/119/182.ogg"
    },
    {
        "ID": "183",
        "gender": "M",
        "age": "A",
        "character_name": "مستەر",
        "text": "نوسەری دەزگێڕ",
        "text_original": "نوسەری دەزگێڕ",
        "start": 481362.0,
        "end": 482595.0,
        "audio": "content/segments/119/183.ogg"
    },
    {
        "ID": "184",
        "gender": "M",
        "age": "A",
        "character_name": "مستەر",
        "text": "بۆ بەزیای خێرم نەکرد، ئێوە نوسەری دەسگێڕیش پەیا بوە لەلاتان",
        "text_original": "بۆ بەزیای خێرم نەکرد، ئێوە نوسەری دەسگێڕیش پەیا بوە لەلاتان",
        "start": 482888.0,
        "end": 487043.0,
        "audio": "content/segments/119/184.ogg"
    },
    {
        "ID": "185",
        "gender": "M",
        "age": "A",
        "character_name": "زاهیر",
        "text": "ئەرەوەڵا هەشمانە و شانازیشی پێوە ئەکەین",
        "text_original": "ئەرەوەڵا هەشمانە و شانازیشی پێوە ئەکەین",
        "start": 487242.0,
        "end": 489726.0,
        "audio": "content/segments/119/185.ogg"
    },
    {
        "ID": "186",
        "gender": "M",
        "age": "A",
        "character_name": "حیکمەت",
        "text": "بەڵام شەڵا لەباتی ئەوە، سێ چوار مەعمەل و بەرهەمان هەبوایە",
        "text_original": "بەڵام شەڵا لەباتی ئەوە، سێ چوار مەعمەل و بەرهەمان هەبوایە",
        "start": 490526.0,
        "end": 494965.0,
        "audio": "content/segments/119/186.ogg"
    },
    {
        "ID": "187",
        "gender": "M",
        "age": "A",
        "character_name": "موراقیب",
        "text": "ئەی کە لینە و قوچ لە مەسەلەکان گەشتووی خەپە گیان",
        "text_original": "ئەی کە لینە و قوچ لە مەسەلەکان گەشتووی خەپە گیان",
        "start": 495140.0,
        "end": 498130.0,
        "audio": "content/segments/119/187.ogg"
    },
    {
        "ID": "188",
        "gender": "M",
        "age": "A",
        "character_name": "موراقیب",
        "text": "ئەرچی ئینسان چەنێ بەرهەمهێنانە، ئەوەنەش شت، شت خەسارکردنە",
        "text_original": "ئەرچی ئینسان چەنێ بەرهەمهێنانە، ئەوەنەش شت، شت خەسارکردنە",
        "start": 498449.0,
        "end": 502495.0,
        "audio": "content/segments/119/188.ogg"
    },
    {
        "ID": "189",
        "gender": "M",
        "age": "A",
        "character_name": "سەباح",
        "text": "چیشە",
        "text_original": "چیشە",
        "start": 502592.0,
        "end": 503412.0,
        "audio": "content/segments/119/189.ogg"
    },
    {
        "ID": "190",
        "gender": "M",
        "age": "A",
        "character_name": "موراقیب",
        "text": "ئینسان بە تەبیعەتی خۆی چەنێ شت بەرهەم ئەهێنێ",
        "text_original": "ئینسان بە تەبیعەتی خۆی چەنێ شت بەرهەم ئەهێنێ",
        "start": 503781.0,
        "end": 507174.0,
        "audio": "content/segments/119/190.ogg"
    },
    {
        "ID": "191",
        "gender": "M",
        "age": "A",
        "character_name": "موراقیب",
        "text": "ئەوەنەش شەیدای شت خەسارکردنە",
        "text_original": "ئەوەنەش شەیدای شت خەسارکردنە",
        "start": 507322.0,
        "end": 509398.0,
        "audio": "content/segments/119/191.ogg"
    },
    {
        "ID": "192",
        "gender": "M",
        "age": "A",
        "character_name": "مستەر",
        "text": "ئەی ئافەرم، ئافەرم موراقیب",
        "text_original": "ئەی ئافەرم، ئافەرم موراقیب",
        "start": 509428.0,
        "end": 512129.0,
        "audio": "content/segments/119/192.ogg"
    },
    {
        "ID": "193",
        "gender": "M",
        "age": "A",
        "character_name": "موراقیب",
        "text": "ئەی چۆن",
        "text_original": "ئەی چۆن",
        "start": 512352.0,
        "end": 512644.0,
        "audio": "content/segments/119/193.ogg"
    },
    {
        "ID": "194",
        "gender": "M",
        "age": "A",
        "character_name": "مستەر",
        "text": "ئافەرم",
        "text_original": "ئافەرم",
        "start": 512644.0,
        "end": 513157.00000000006,
        "audio": "content/segments/119/194.ogg"
    },
    {
        "ID": "195",
        "gender": "M",
        "age": "A",
        "character_name": "موراقیب",
        "text": "ئەی چۆن",
        "text_original": "ئەی چۆن",
        "start": 513157.00000000006,
        "end": 513601.0,
        "audio": "content/segments/119/195.ogg"
    },
    {
        "ID": "196",
        "gender": "M",
        "age": "A",
        "character_name": "مستەر",
        "text": "ئەها ڕۆڵە، چەنێ دەرەجەی بە کزی و فزی و قۆپیە و مۆپیە و",
        "text_original": "ئەها ڕۆڵە، چەنێ دەرەجەی بە کزی و فزی و قۆپیە و مۆپیە و",
        "start": 513607.99999999994,
        "end": 518825.00000000006,
        "audio": "content/segments/119/196.ogg"
    },
    {
        "ID": "197",
        "gender": "M",
        "age": "A",
        "character_name": "موراقیب",
        "text": "ئەوانە کە لێو وەرگرتووم، وەکو شیرە نیدۆکەی بەری دایکھ پێو حەڵاڵ بێ",
        "text_original": "ئەوانە کە لێو وەرگرتووم، وەکو شیرە نیدۆکەی بەری دایکھ پێو حەڵاڵ بێ",
        "start": 518825.00000000006,
        "end": 523999.0,
        "audio": "content/segments/119/197.ogg"
    },
    {
        "ID": "198",
        "gender": "M",
        "age": "A",
        "character_name": "مستەر",
        "text": "ئەزانی بۆ ڕاسئەکا",
        "text_original": "ئەزانی بۆ ڕاسئەکا",
        "start": 524048.0,
        "end": 525383.0,
        "audio": "content/segments/119/198.ogg"
    },
    {
        "ID": "199",
        "gender": "M",
        "age": "A",
        "character_name": "مستەر",
        "text": "چونکە ئینسان بەتەبیعەتی حاڵ بە غەریزی",
        "text_original": "چونکە ئینسان بەتەبیعەتی حاڵ بە غەریزی",
        "start": 525508.0,
        "end": 530217.0,
        "audio": "content/segments/119/199.ogg"
    },
    {
        "ID": "200",
        "gender": "M",
        "age": "A",
        "character_name": "مستەر",
        "text": "چەنێک حەزی لەبەرهەمهێنانە، ئەوەنەش حەزی لە شت خەسارکردنە",
        "text_original": "چەنێک حەزی لەبەرهەمهێنانە، ئەوەنەش حەزی لە شت خەسارکردنە",
        "start": 530507.0,
        "end": 534815.0,
        "audio": "content/segments/119/200.ogg"
    },
    {
        "ID": "201",
        "gender": "M",
        "age": "A",
        "character_name": "زانا",
        "text": "هەموو ئینسانێ وایە میستەر",
        "text_original": "هەموو ئینسانێ وایە میستەر",
        "start": 534922.0,
        "end": 536567.0,
        "audio": "content/segments/119/201.ogg"
    },
    {
        "ID": "202",
        "gender": "M",
        "age": "A",
        "character_name": "مستەر",
        "text": "ئا ئا، هەموو ئینسانێک وایە بەڵام بە تایبەتی مەسولەکان",
        "text_original": "ئا ئا، هەموو ئینسانێک وایە بەڵام بە تایبەتی مەسولەکان",
        "start": 536593.0,
        "end": 542102.0,
        "audio": "content/segments/119/202.ogg"
    }
]