[
    {
        "ID": "2",
        "gender": "NA",
        "age": "NA",
        "character_name": "NA",
        "text": "ئەها چۆنم دروست کردووە",
        "text_original": "ئەها چۆنم دروست کردووە",
        "start": 7620.0,
        "end": 8744.0,
        "audio": "content/segments/12/2.ogg"
    },
    {
        "ID": "3",
        "gender": "NA",
        "age": "NA",
        "character_name": "NA",
        "text": "چیو دروست کردووە",
        "text_original": "چیو دروست کردووە",
        "start": 8744.0,
        "end": 9744.0,
        "audio": "content/segments/12/3.ogg"
    },
    {
        "ID": "4",
        "gender": "NA",
        "age": "NA",
        "character_name": "NA",
        "text": "ئەم کوتەکە",
        "text_original": "ئەم کوتەکە",
        "start": 9744.0,
        "end": 10380.0,
        "audio": "content/segments/12/4.ogg"
    },
    {
        "ID": "5",
        "gender": "NA",
        "age": "NA",
        "character_name": "NA",
        "text": "جا ئەم کوتەکەیەو بۆ چییە",
        "text_original": "جا ئەم کوتەکەیەو بۆ چییە",
        "start": 10400.0,
        "end": 10923.0,
        "audio": "content/segments/12/5.ogg"
    },
    {
        "ID": "6",
        "gender": "NA",
        "age": "NA",
        "character_name": "NA",
        "text": "چۆن ئەی ئەمڕۆ کوتانی هاوڵاتیان نییە",
        "text_original": "چۆن ئەی ئەمڕۆ کوتانی هاوڵاتیان نییە",
        "start": 10923.0,
        "end": 13856.0,
        "audio": "content/segments/12/6.ogg"
    },
    {
        "ID": "7",
        "gender": "NA",
        "age": "NA",
        "character_name": "NA",
        "text": "ئێ با کوتانی هاوڵاتیانە بەڵام تۆ کوتان بەچی تێگەیشتووی",
        "text_original": "ئێ با کوتانی هاوڵاتیانە بەڵام تۆ کوتان بەچی تێگەیشتووی",
        "start": 13856.0,
        "end": 17001.0,
        "audio": "content/segments/12/7.ogg"
    },
    {
        "ID": "8",
        "gender": "NA",
        "age": "NA",
        "character_name": "NA",
        "text": "وەڵای من کوتان بەوە تێگەیشتبووم هەر هاوڵاتیە هاتە",
        "text_original": "وەڵای من کوتان بەوە تێگەیشتبووم هەر هاوڵاتیە هاتە",
        "start": 17001.0,
        "end": 20617.0,
        "audio": "content/segments/12/8.ogg"
    },
    {
        "ID": "9",
        "gender": "NA",
        "age": "NA",
        "character_name": "NA",
        "text": "ئێرەگیانی شین و مۆر کەمەوە ئەمە تۆ دژی چی ئەم کوتانە",
        "text_original": "ئێرەگیانی شین و مۆر کەمەوە ئەمە تۆ دژی چی ئەم کوتانە",
        "start": 20617.0,
        "end": 23951.0,
        "audio": "content/segments/12/9.ogg"
    },
    {
        "ID": "10",
        "gender": "NA",
        "age": "NA",
        "character_name": "NA",
        "text": "کورە کاکی خۆم ئەم کوتانە دژی بێ نەوتی و",
        "text_original": "کورە کاکی خۆم ئەم کوتانە دژی بێ نەوتی و",
        "start": 23951.0,
        "end": 26366.0,
        "audio": "content/segments/12/10.ogg"
    },
    {
        "ID": "11",
        "gender": "NA",
        "age": "NA",
        "character_name": "NA",
        "text": "بێبەنزینیە بەقوربان ئەوە نییە بە",
        "text_original": "بێبەنزینیە بەقوربان ئەوە نییە بە",
        "start": 26366.0,
        "end": 28276.0,
        "audio": "content/segments/12/11.ogg"
    },
    {
        "ID": "12",
        "gender": "NA",
        "age": "NA",
        "character_name": "NA",
        "text": "کوتوک خەڵک بکوتی کاکە گیان",
        "text_original": "کوتوک خەڵک بکوتی کاکە گیان",
        "start": 28276.0,
        "end": 29569.0,
        "audio": "content/segments/12/12.ogg"
    },
    {
        "ID": "13",
        "gender": "NA",
        "age": "NA",
        "character_name": "NA",
        "text": "یاعنی باوی ئەوە نەماوە",
        "text_original": "یاعنی باوی ئەوە نەماوە",
        "start": 29569.0,
        "end": 30692.0,
        "audio": "content/segments/12/13.ogg"
    },
    {
        "ID": "14",
        "gender": "NA",
        "age": "NA",
        "character_name": "NA",
        "text": "ئائا ئەوە ڕەحمان",
        "text_original": "ئائا ئەوە ڕەحمان",
        "start": 30692.0,
        "end": 32101.999999999996,
        "audio": "content/segments/12/14.ogg"
    },
    {
        "ID": "15",
        "gender": "NA",
        "age": "NA",
        "character_name": "NA",
        "text": "بەڵێ قوربان",
        "text_original": "بەڵێ قوربان",
        "start": 32255.000000000004,
        "end": 32908.0,
        "audio": "content/segments/12/15.ogg"
    },
    {
        "ID": "16",
        "gender": "NA",
        "age": "NA",
        "character_name": "NA",
        "text": "پێیان بڵێ با یەکە یەکە بێنە ژوورەوە کاکە گیان",
        "text_original": "پێیان بڵێ با یەکە یەکە بێنە ژوورەوە کاکە گیان",
        "start": 32908.0,
        "end": 34591.0,
        "audio": "content/segments/12/16.ogg"
    },
    {
        "ID": "17",
        "gender": "NA",
        "age": "NA",
        "character_name": "NA",
        "text": "بەسەرچاو",
        "text_original": "بەسەرچاو",
        "start": 34591.0,
        "end": 34878.0,
        "audio": "content/segments/12/17.ogg"
    },
    {
        "ID": "18",
        "gender": "NA",
        "age": "NA",
        "character_name": "NA",
        "text": "بەس با نەیکەن بە دەنگە دەنگ کاکە",
        "text_original": "بەس با نەیکەن بە دەنگە دەنگ کاکە",
        "start": 34878.0,
        "end": 36059.0,
        "audio": "content/segments/12/18.ogg"
    },
    {
        "ID": "19",
        "gender": "NA",
        "age": "NA",
        "character_name": "NA",
        "text": "سەرەی کێیە دەنگە دەنگ نەکەن بەیەک ڕیز",
        "text_original": "سەرەی کێیە دەنگە دەنگ نەکەن بەیەک ڕیز",
        "start": 36059.0,
        "end": 37444.0,
        "audio": "content/segments/12/19.ogg"
    },
    {
        "ID": "21",
        "gender": "NA",
        "age": "NA",
        "character_name": "NA",
        "text": "بەس کاکە بەس ڕجاتان لێ ئەکەم دەنگە دەنگ مەکەن",
        "text_original": "بەس کاکە بەس ڕجاتان لێ ئەکەم دەنگە دەنگ مەکەن",
        "start": 43428.0,
        "end": 46739.0,
        "audio": "content/segments/12/21.ogg"
    },
    {
        "ID": "22",
        "gender": "NA",
        "age": "NA",
        "character_name": "NA",
        "text": "کورە کاکە هێواش بن بۆخاتری خوا هێواش بن",
        "text_original": "کورە کاکە هێواش بن بۆخاتری خوا هێواش بن",
        "start": 46739.0,
        "end": 49235.0,
        "audio": "content/segments/12/22.ogg"
    },
    {
        "ID": "23",
        "gender": "NA",
        "age": "NA",
        "character_name": "NA",
        "text": "توو شەرەف ئا ئەم میللەتە بە قەتر و ئەم شتانە چاک ئەبێ",
        "text_original": "توو شەرەف ئا ئەم میللەتە بە قەتر و ئەم شتانە چاک ئەبێ",
        "start": 49235.0,
        "end": 52620.0,
        "audio": "content/segments/12/23.ogg"
    },
    {
        "ID": "24",
        "gender": "NA",
        "age": "NA",
        "character_name": "NA",
        "text": "کورە حەقی ئائەوەیەتی برا",
        "text_original": "کورە حەقی ئائەوەیەتی برا",
        "start": 52620.0,
        "end": 54240.0,
        "audio": "content/segments/12/24.ogg"
    },
    {
        "ID": "26",
        "gender": "NA",
        "age": "NA",
        "character_name": "NA",
        "text": "بەسە بەسە کاکی خۆم ئەگەر ئاوا بن کارێکتان",
        "text_original": "بەسە بەسە کاکی خۆم ئەگەر ئاوا بن کارێکتان",
        "start": 56310.0,
        "end": 59860.0,
        "audio": "content/segments/12/26.ogg"
    },
    {
        "ID": "27",
        "gender": "NA",
        "age": "NA",
        "character_name": "NA",
        "text": "پێ ئەکەم ئەقڵ تەسەوری نەکا بەسە",
        "text_original": "پێ ئەکەم ئەقڵ تەسەوری نەکا بەسە",
        "start": 59860.0,
        "end": 61382.0,
        "audio": "content/segments/12/27.ogg"
    },
    {
        "ID": "28",
        "gender": "NA",
        "age": "NA",
        "character_name": "NA",
        "text": "گۆ بگرن ئاخر پیاوانە بوەستن ئەگینا وەڵای وەبیلای",
        "text_original": "گۆ بگرن ئاخر پیاوانە بوەستن ئەگینا وەڵای وەبیلای",
        "start": 61382.0,
        "end": 64471.99999999999,
        "audio": "content/segments/12/28.ogg"
    },
    {
        "ID": "29",
        "gender": "NA",
        "age": "NA",
        "character_name": "NA",
        "text": "بە دائیرەی کارەبا ئەڵێم ڕۆژی یەک سەعاتان بۆ بەرباتەوە",
        "text_original": "بە دائیرەی کارەبا ئەڵێم ڕۆژی یەک سەعاتان بۆ بەرباتەوە",
        "start": 64471.99999999999,
        "end": 68149.0,
        "audio": "content/segments/12/29.ogg"
    },
    {
        "ID": "30",
        "gender": "NA",
        "age": "NA",
        "character_name": "NA",
        "text": "نانا بەقوربان بم بەسە واناکەین فێری ئەوە نەبووین",
        "text_original": "نانا بەقوربان بم بەسە واناکەین فێری ئەوە نەبووین",
        "start": 68149.0,
        "end": 70770.0,
        "audio": "content/segments/12/30.ogg"
    },
    {
        "ID": "31",
        "gender": "NA",
        "age": "NA",
        "character_name": "NA",
        "text": "بەساقەی چاو بم شتی وامان لەگەڵا مەکە",
        "text_original": "بەساقەی چاو بم شتی وامان لەگەڵا مەکە",
        "start": 70770.0,
        "end": 72199.0,
        "audio": "content/segments/12/31.ogg"
    },
    {
        "ID": "32",
        "gender": "NA",
        "age": "NA",
        "character_name": "NA",
        "text": "دە باشە وەرە خاڵە، وەرە خاڵە وەرە",
        "text_original": "دە باشە وەرە خاڵە، وەرە خاڵە وەرە",
        "start": 72199.0,
        "end": 75002.0,
        "audio": "content/segments/12/32.ogg"
    },
    {
        "ID": "33",
        "gender": "NA",
        "age": "NA",
        "character_name": "NA",
        "text": "بێنە کوا کارتی بەیاعیەکەو کوا بێنە",
        "text_original": "بێنە کوا کارتی بەیاعیەکەو کوا بێنە",
        "start": 75634.0,
        "end": 78636.0,
        "audio": "content/segments/12/33.ogg"
    },
    {
        "ID": "34",
        "gender": "NA",
        "age": "NA",
        "character_name": "NA",
        "text": "ها بەساقەو بم",
        "text_original": "ها بەساقەو بم",
        "start": 78636.0,
        "end": 79725.0,
        "audio": "content/segments/12/34.ogg"
    },
    {
        "ID": "35",
        "gender": "NA",
        "age": "NA",
        "character_name": "NA",
        "text": "با سەیری کەم پەلە مەکە پەلە مەکە کاکە",
        "text_original": "با سەیری کەم پەلە مەکە پەلە مەکە کاکە",
        "start": 79725.0,
        "end": 82607.0,
        "audio": "content/segments/12/35.ogg"
    },
    {
        "ID": "36",
        "gender": "NA",
        "age": "NA",
        "character_name": "NA",
        "text": "پەلە ناکەم",
        "text_original": "پەلە ناکەم",
        "start": 82607.0,
        "end": 83333.0,
        "audio": "content/segments/12/36.ogg"
    },
    {
        "ID": "37",
        "gender": "NA",
        "age": "NA",
        "character_name": "NA",
        "text": "ئا ئێ دە باش ئەمە ئی بێ نەوتیە",
        "text_original": "ئا ئێ دە باش ئەمە ئی بێ نەوتیە",
        "start": 83333.0,
        "end": 85098.0,
        "audio": "content/segments/12/37.ogg"
    },
    {
        "ID": "38",
        "gender": "NA",
        "age": "NA",
        "character_name": "NA",
        "text": "باش پاڵکەوە",
        "text_original": "باش پاڵکەوە",
        "start": 85098.0,
        "end": 86657.0,
        "audio": "content/segments/12/38.ogg"
    },
    {
        "ID": "39",
        "gender": "NA",
        "age": "NA",
        "character_name": "NA",
        "text": "ئەوە بگرە",
        "text_original": "ئەوە بگرە",
        "start": 86657.0,
        "end": 87395.0,
        "audio": "content/segments/12/39.ogg"
    },
    {
        "ID": "40",
        "gender": "NA",
        "age": "NA",
        "character_name": "NA",
        "text": "پاڵکەوە خاڵە ، فەرموو",
        "text_original": "پاڵکەوە خاڵە ، فەرموو",
        "start": 87395.0,
        "end": 88994.0,
        "audio": "content/segments/12/40.ogg"
    },
    {
        "ID": "41",
        "gender": "NA",
        "age": "NA",
        "character_name": "NA",
        "text": "باشە بەساقەتان بم",
        "text_original": "باشە بەساقەتان بم",
        "start": 89576.0,
        "end": 90423.0,
        "audio": "content/segments/12/41.ogg"
    },
    {
        "ID": "42",
        "gender": "NA",
        "age": "NA",
        "character_name": "NA",
        "text": "پاڵکەوە ڕێک جوان جوان ئاهە ئەو ئی نەوتەم بەرێ",
        "text_original": "پاڵکەوە ڕێک جوان جوان ئاهە ئەو ئی نەوتەم بەرێ",
        "start": 90423.0,
        "end": 95464.0,
        "audio": "content/segments/12/42.ogg"
    },
    {
        "ID": "43",
        "gender": "NA",
        "age": "NA",
        "character_name": "NA",
        "text": "بەسەرچاو",
        "text_original": "بەسەرچاو",
        "start": 95464.0,
        "end": 96176.0,
        "audio": "content/segments/12/43.ogg"
    },
    {
        "ID": "44",
        "gender": "NA",
        "age": "NA",
        "character_name": "NA",
        "text": "بیەرێ، ئەوە نییە ئەوە نیە گێژە ئەوە نیە کوێری ئەها",
        "text_original": "بیەرێ، ئەوە نییە ئەوە نیە گێژە ئەوە نیە کوێری ئەها",
        "start": 96176.0,
        "end": 100747.0,
        "audio": "content/segments/12/44.ogg"
    },
    {
        "ID": "45",
        "gender": "NA",
        "age": "NA",
        "character_name": "NA",
        "text": "نووسراوە بێ بەنزینی ئەگەر تۆ ڕۆژێ بەغەڵەت یاتاخی",
        "text_original": "نووسراوە بێ بەنزینی ئەگەر تۆ ڕۆژێ بەغەڵەت یاتاخی",
        "start": 100747.0,
        "end": 105091.0,
        "audio": "content/segments/12/45.ogg"
    },
    {
        "ID": "46",
        "gender": "NA",
        "age": "NA",
        "character_name": "NA",
        "text": "هاوڵاتیەک نەسوڕان ئەھ دەبڕۆ ئەوەی بەرێ",
        "text_original": "هاوڵاتیەک نەسوڕان ئەھ دەبڕۆ ئەوەی بەرێ",
        "start": 105091.0,
        "end": 107731.0,
        "audio": "content/segments/12/46.ogg"
    },
    {
        "ID": "47",
        "gender": "NA",
        "age": "NA",
        "character_name": "NA",
        "text": "ئابا کاکە گیان",
        "text_original": "ئابا کاکە گیان",
        "start": 107731.0,
        "end": 108803.0,
        "audio": "content/segments/12/47.ogg"
    },
    {
        "ID": "48",
        "gender": "NA",
        "age": "NA",
        "character_name": "NA",
        "text": "ئەھ نەخۆشی و نییە هیچ",
        "text_original": "ئەھ نەخۆشی و نییە هیچ",
        "start": 110263.0,
        "end": 111740.0,
        "audio": "content/segments/12/48.ogg"
    },
    {
        "ID": "49",
        "gender": "NA",
        "age": "NA",
        "character_name": "NA",
        "text": "نەوەڵا نە زەخت نە شەکرە",
        "text_original": "نەوەڵا نە زەخت نە شەکرە",
        "start": 111740.0,
        "end": 113435.0,
        "audio": "content/segments/12/49.ogg"
    },
    {
        "ID": "50",
        "gender": "NA",
        "age": "NA",
        "character_name": "NA",
        "text": "دڵ زەخت، شەکرە هیچیان",
        "text_original": "دڵ زەخت، شەکرە هیچیان",
        "start": 113435.0,
        "end": 114955.0,
        "audio": "content/segments/12/50.ogg"
    },
    {
        "ID": "51",
        "gender": "NA",
        "age": "NA",
        "character_name": "NA",
        "text": "هیچم نییە لە خوا بەزیا بێ",
        "text_original": "هیچم نییە لە خوا بەزیا بێ",
        "start": 114955.0,
        "end": 116366.0,
        "audio": "content/segments/12/51.ogg"
    },
    {
        "ID": "52",
        "gender": "NA",
        "age": "NA",
        "character_name": "NA",
        "text": "ئەها دە دەم کەرەوانێ، بێنە دەم کەرەوانێ بێنە",
        "text_original": "ئەها دە دەم کەرەوانێ، بێنە دەم کەرەوانێ بێنە",
        "start": 116366.0,
        "end": 119453.0,
        "audio": "content/segments/12/52.ogg"
    },
    {
        "ID": "53",
        "gender": "NA",
        "age": "NA",
        "character_name": "NA",
        "text": "ئای بەس بەس بۆی عیدام بێنە دەم کەرەوە یەک دوو",
        "text_original": "ئای بەس بەس بۆی عیدام بێنە دەم کەرەوە یەک دوو",
        "start": 119453.0,
        "end": 125064.0,
        "audio": "content/segments/12/53.ogg"
    },
    {
        "ID": "54",
        "gender": "NA",
        "age": "NA",
        "character_name": "NA",
        "text": "ئەروەڵا مرد",
        "text_original": "ئەروەڵا مرد",
        "start": 126850.0,
        "end": 127783.0,
        "audio": "content/segments/12/54.ogg"
    },
    {
        "ID": "55",
        "gender": "NA",
        "age": "NA",
        "character_name": "NA",
        "text": "تف نەکەیتەوە، تف نەکەیتەوە پیس و پۆخڵ تف نەکەیتەوە",
        "text_original": "تف نەکەیتەوە، تف نەکەیتەوە پیس و پۆخڵ تف نەکەیتەوە",
        "start": 130387.0,
        "end": 134606.0,
        "audio": "content/segments/12/55.ogg"
    },
    {
        "ID": "56",
        "gender": "NA",
        "age": "NA",
        "character_name": "NA",
        "text": "تەواو بوو ئەمە هی نەوت بوو",
        "text_original": "تەواو بوو ئەمە هی نەوت بوو",
        "start": 134606.0,
        "end": 137216.0,
        "audio": "content/segments/12/56.ogg"
    },
    {
        "ID": "57",
        "gender": "NA",
        "age": "NA",
        "character_name": "NA",
        "text": "ئا وەرە",
        "text_original": "ئا وەرە",
        "start": 137216.0,
        "end": 138380.0,
        "audio": "content/segments/12/57.ogg"
    },
    {
        "ID": "58",
        "gender": "NA",
        "age": "NA",
        "character_name": "NA",
        "text": "پشتەکەم ڕەق بوو",
        "text_original": "پشتەکەم ڕەق بوو",
        "start": 138380.0,
        "end": 139442.0,
        "audio": "content/segments/12/58.ogg"
    },
    {
        "ID": "59",
        "gender": "NA",
        "age": "NA",
        "character_name": "NA",
        "text": "ئەزانی چی مامە گیان ئەمە ڤاکسینی بێ نەوتییە ئیتر",
        "text_original": "ئەزانی چی مامە گیان ئەمە ڤاکسینی بێ نەوتییە ئیتر",
        "start": 139442.0,
        "end": 143642.0,
        "audio": "content/segments/12/59.ogg"
    },
    {
        "ID": "60",
        "gender": "NA",
        "age": "NA",
        "character_name": "NA",
        "text": "هەتا ماوی تۆ شعور بە بێ نەوتی ناکەی",
        "text_original": "هەتا ماوی تۆ شعور بە بێ نەوتی ناکەی",
        "start": 143642.0,
        "end": 146388.0,
        "audio": "content/segments/12/60.ogg"
    },
    {
        "ID": "61",
        "gender": "NA",
        "age": "NA",
        "character_name": "NA",
        "text": "ئیتر شعور پێ ناکەم",
        "text_original": "ئیتر شعور پێ ناکەم",
        "start": 146388.0,
        "end": 147648.0,
        "audio": "content/segments/12/61.ogg"
    },
    {
        "ID": "62",
        "gender": "NA",
        "age": "NA",
        "character_name": "NA",
        "text": "ئا دەبڕۆ دەی، خوا حافیز بێ یاخوا",
        "text_original": "ئا دەبڕۆ دەی، خوا حافیز بێ یاخوا",
        "start": 147648.0,
        "end": 149667.0,
        "audio": "content/segments/12/62.ogg"
    },
    {
        "ID": "63",
        "gender": "NA",
        "age": "NA",
        "character_name": "NA",
        "text": "مام ڕەحمان",
        "text_original": "مام ڕەحمان",
        "start": 149667.0,
        "end": 150745.0,
        "audio": "content/segments/12/63.ogg"
    },
    {
        "ID": "64",
        "gender": "NA",
        "age": "NA",
        "character_name": "NA",
        "text": "بەڵێ قوربان",
        "text_original": "بەڵێ قوربان",
        "start": 150745.0,
        "end": 151695.0,
        "audio": "content/segments/12/64.ogg"
    },
    {
        "ID": "65",
        "gender": "NA",
        "age": "NA",
        "character_name": "NA",
        "text": "با یەکی کە بێ",
        "text_original": "با یەکی کە بێ",
        "start": 151695.0,
        "end": 152517.0,
        "audio": "content/segments/12/65.ogg"
    },
    {
        "ID": "66",
        "gender": "NA",
        "age": "NA",
        "character_name": "NA",
        "text": "سەرەی کێیە بابێ",
        "text_original": "سەرەی کێیە بابێ",
        "start": 152517.0,
        "end": 153433.0,
        "audio": "content/segments/12/66.ogg"
    },
    {
        "ID": "68",
        "gender": "NA",
        "age": "NA",
        "character_name": "NA",
        "text": "ئێوە ئەزانن من چیم من کێم",
        "text_original": "ئێوە ئەزانن من چیم من کێم",
        "start": 160679.0,
        "end": 162682.0,
        "audio": "content/segments/12/68.ogg"
    },
    {
        "ID": "69",
        "gender": "NA",
        "age": "NA",
        "character_name": "NA",
        "text": "قوزەلقورت باشە، من مقاولم مقاول",
        "text_original": "قوزەلقورت باشە، من مقاولم مقاول",
        "start": 163598.0,
        "end": 166792.0,
        "audio": "content/segments/12/69.ogg"
    },
    {
        "ID": "71",
        "gender": "NA",
        "age": "NA",
        "character_name": "NA",
        "text": "ساحێبی قەترەکەیە خەریکن",
        "text_original": "ساحێبی قەترەکەیە خەریکن",
        "start": 168887.0,
        "end": 170412.0,
        "audio": "content/segments/12/71.ogg"
    },
    {
        "ID": "72",
        "gender": "NA",
        "age": "NA",
        "character_name": "NA",
        "text": "بەخێربێی یاخوا سەرچاو چاکی شکوور",
        "text_original": "بەخێربێی یاخوا سەرچاو چاکی شکوور",
        "start": 170412.0,
        "end": 173240.0,
        "audio": "content/segments/12/72.ogg"
    },
    {
        "ID": "73",
        "gender": "NA",
        "age": "NA",
        "character_name": "NA",
        "text": "شکوور ئیش باش ئەڕوا لێیڕازین",
        "text_original": "شکوور ئیش باش ئەڕوا لێیڕازین",
        "start": 173240.0,
        "end": 175017.0,
        "audio": "content/segments/12/73.ogg"
    },
    {
        "ID": "74",
        "gender": "NA",
        "age": "NA",
        "character_name": "NA",
        "text": "ئەرێ وەڵا ئەمەنە لێ ڕازین بەس ئەو هینەی پێ بڵێ",
        "text_original": "ئەرێ وەڵا ئەمەنە لێ ڕازین بەس ئەو هینەی پێ بڵێ",
        "start": 175017.0,
        "end": 177811.0,
        "audio": "content/segments/12/74.ogg"
    },
    {
        "ID": "75",
        "gender": "NA",
        "age": "NA",
        "character_name": "NA",
        "text": "خۆو پێی بڵێ",
        "text_original": "خۆو پێی بڵێ",
        "start": 177811.0,
        "end": 178266.0,
        "audio": "content/segments/12/75.ogg"
    },
    {
        "ID": "76",
        "gender": "NA",
        "age": "NA",
        "character_name": "NA",
        "text": "بەخوا من",
        "text_original": "بەخوا من",
        "start": 178266.0,
        "end": 178874.0,
        "audio": "content/segments/12/76.ogg"
    },
    {
        "ID": "77",
        "gender": "NA",
        "age": "NA",
        "character_name": "NA",
        "text": "بیڵێ شەرم مەکە",
        "text_original": "بیڵێ شەرم مەکە",
        "start": 178874.0,
        "end": 180004.0,
        "audio": "content/segments/12/77.ogg"
    },
    {
        "ID": "78",
        "gender": "NA",
        "age": "NA",
        "character_name": "NA",
        "text": "وەلای دە تۆ پێی بڵێ",
        "text_original": "وەلای دە تۆ پێی بڵێ",
        "start": 180004.0,
        "end": 181422.0,
        "audio": "content/segments/12/78.ogg"
    },
    {
        "ID": "79",
        "gender": "NA",
        "age": "NA",
        "character_name": "NA",
        "text": "ئەزانی چۆنە",
        "text_original": "ئەزانی چۆنە",
        "start": 181422.0,
        "end": 182422.0,
        "audio": "content/segments/12/79.ogg"
    },
    {
        "ID": "80",
        "gender": "NA",
        "age": "NA",
        "character_name": "NA",
        "text": "شکوور شتەکەمان باشە",
        "text_original": "شکوور شتەکەمان باشە",
        "start": 182422.0,
        "end": 183442.0,
        "audio": "content/segments/12/80.ogg"
    },
    {
        "ID": "81",
        "gender": "NA",
        "age": "NA",
        "character_name": "NA",
        "text": "وەڵای عەیب نەبێ بەعزێ خەڵکەکە تۆزێک گلەیان لە",
        "text_original": "وەڵای عەیب نەبێ بەعزێ خەڵکەکە تۆزێک گلەیان لە",
        "start": 183442.0,
        "end": 186232.0,
        "audio": "content/segments/12/81.ogg"
    },
    {
        "ID": "82",
        "gender": "NA",
        "age": "NA",
        "character_name": "NA",
        "text": "بەعام پلێتەکانی ڕەق کردوون ئەرێ بەخوا",
        "text_original": "بەعام پلێتەکانی ڕەق کردوون ئەرێ بەخوا",
        "start": 186232.0,
        "end": 188587.0,
        "audio": "content/segments/12/82.ogg"
    },
    {
        "ID": "83",
        "gender": "NA",
        "age": "NA",
        "character_name": "NA",
        "text": "قەیناکە ئەویش چاک ئەکەین",
        "text_original": "قەیناکە ئەویش چاک ئەکەین",
        "start": 188587.0,
        "end": 189894.0,
        "audio": "content/segments/12/83.ogg"
    },
    {
        "ID": "84",
        "gender": "NA",
        "age": "NA",
        "character_name": "NA",
        "text": "ئەویش چاک ئەبێ ئەروەڵا",
        "text_original": "ئەویش چاک ئەبێ ئەروەڵا",
        "start": 189894.0,
        "end": 191046.0,
        "audio": "content/segments/12/84.ogg"
    },
    {
        "ID": "85",
        "gender": "NA",
        "age": "NA",
        "character_name": "NA",
        "text": "گۆ مەیەنە گلەی و شتی وا چی گلەی دنیاتان",
        "text_original": "گۆ مەیەنە گلەی و شتی وا چی گلەی دنیاتان",
        "start": 191046.0,
        "end": 193795.0,
        "audio": "content/segments/12/85.ogg"
    },
    {
        "ID": "86",
        "gender": "NA",
        "age": "NA",
        "character_name": "NA",
        "text": "لەسەربێ هەر هەمووی چارەسەر ئەبێ",
        "text_original": "لەسەربێ هەر هەمووی چارەسەر ئەبێ",
        "start": 193795.0,
        "end": 196008.0,
        "audio": "content/segments/12/86.ogg"
    },
    {
        "ID": "87",
        "gender": "NA",
        "age": "NA",
        "character_name": "NA",
        "text": "کورە بابە یاڕەبێ بۆ خا کورە ئێوەی قۆن",
        "text_original": "کورە بابە یاڕەبێ بۆ خا کورە ئێوەی قۆن",
        "start": 196008.0,
        "end": 199196.0,
        "audio": "content/segments/12/87.ogg"
    },
    {
        "ID": "88",
        "gender": "NA",
        "age": "NA",
        "character_name": "NA",
        "text": "ئێوە ئەزانی چی من یەک شتم لە ئێوە ئەوێ یەک",
        "text_original": "ئێوە ئەزانی چی من یەک شتم لە ئێوە ئەوێ یەک",
        "start": 199196.0,
        "end": 201866.0,
        "audio": "content/segments/12/88.ogg"
    },
    {
        "ID": "89",
        "gender": "NA",
        "age": "NA",
        "character_name": "NA",
        "text": "ڕجای برایانەم هەیە ئێوە بەس ئاگاتان لەو میلەتە",
        "text_original": "ڕجای برایانەم هەیە ئێوە بەس ئاگاتان لەو میلەتە",
        "start": 201866.0,
        "end": 204986.0,
        "audio": "content/segments/12/89.ogg"
    },
    {
        "ID": "90",
        "gender": "NA",
        "age": "NA",
        "character_name": "NA",
        "text": "جوانە بێ بابە ئێمە چاوماندەرەهات زەرەر",
        "text_original": "جوانە بێ بابە ئێمە چاوماندەرەهات زەرەر",
        "start": 204986.0,
        "end": 207425.0,
        "audio": "content/segments/12/90.ogg"
    },
    {
        "ID": "91",
        "gender": "NA",
        "age": "NA",
        "character_name": "NA",
        "text": "ئەکەین ناکەین مشکیلەمان نییە",
        "text_original": "ئەکەین ناکەین مشکیلەمان نییە",
        "start": 207425.0,
        "end": 208825.0,
        "audio": "content/segments/12/91.ogg"
    },
    {
        "ID": "92",
        "gender": "NA",
        "age": "NA",
        "character_name": "NA",
        "text": "بەقوربانتان بم کورە ئێوەی قۆنتەرات چی ئەزانی چی",
        "text_original": "بەقوربانتان بم کورە ئێوەی قۆنتەرات چی ئەزانی چی",
        "start": 208825.0,
        "end": 212669.0,
        "audio": "content/segments/12/92.ogg"
    },
    {
        "ID": "93",
        "gender": "NA",
        "age": "NA",
        "character_name": "NA",
        "text": "نە سەیارەتان ما نە ماڵتان ما نە دووکانتان فرۆشت پارە و",
        "text_original": "نە سەیارەتان ما نە ماڵتان ما نە دووکانتان فرۆشت پارە و",
        "start": 212669.0,
        "end": 216441.0,
        "audio": "content/segments/12/93.ogg"
    },
    {
        "ID": "94",
        "gender": "NA",
        "age": "NA",
        "character_name": "NA",
        "text": "هەرچی شتە کرتان بەقوڕگی ئەم میلەتەیا",
        "text_original": "هەرچی شتە کرتان بەقوڕگی ئەم میلەتەیا",
        "start": 216441.0,
        "end": 219145.0,
        "audio": "content/segments/12/94.ogg"
    },
    {
        "ID": "95",
        "gender": "NA",
        "age": "NA",
        "character_name": "NA",
        "text": "یاڕەبی ئەمسالتان زۆربێ عەمرتان درێژ بێ",
        "text_original": "یاڕەبی ئەمسالتان زۆربێ عەمرتان درێژ بێ",
        "start": 219145.0,
        "end": 222014.0,
        "audio": "content/segments/12/95.ogg"
    },
    {
        "ID": "96",
        "gender": "NA",
        "age": "NA",
        "character_name": "NA",
        "text": "موهیم ئەوەیە ئەوانە لێمان ڕازی بن",
        "text_original": "موهیم ئەوەیە ئەوانە لێمان ڕازی بن",
        "start": 222014.0,
        "end": 223701.0,
        "audio": "content/segments/12/96.ogg"
    },
    {
        "ID": "97",
        "gender": "NA",
        "age": "NA",
        "character_name": "NA",
        "text": "خەمی ئەوانە نەبێ ئەوانە لەسەر ئێمە",
        "text_original": "خەمی ئەوانە نەبێ ئەوانە لەسەر ئێمە",
        "start": 223701.0,
        "end": 225806.0,
        "audio": "content/segments/12/97.ogg"
    },
    {
        "ID": "98",
        "gender": "NA",
        "age": "NA",
        "character_name": "NA",
        "text": "هیچ گلەی شتێکی کەتان نیە",
        "text_original": "هیچ گلەی شتێکی کەتان نیە",
        "start": 225806.0,
        "end": 227588.0,
        "audio": "content/segments/12/98.ogg"
    },
    {
        "ID": "99",
        "gender": "NA",
        "age": "NA",
        "character_name": "NA",
        "text": "نەوەڵا یاڕەبی خوا حافیز بێ بە قوربان بم",
        "text_original": "نەوەڵا یاڕەبی خوا حافیز بێ بە قوربان بم",
        "start": 227588.0,
        "end": 230002.0,
        "audio": "content/segments/12/99.ogg"
    },
    {
        "ID": "100",
        "gender": "NA",
        "age": "NA",
        "character_name": "NA",
        "text": "خوا حافیز بێ یاخوا",
        "text_original": "خوا حافیز بێ یاخوا",
        "start": 230002.0,
        "end": 232422.0,
        "audio": "content/segments/12/100.ogg"
    },
    {
        "ID": "101",
        "gender": "NA",
        "age": "NA",
        "character_name": "NA",
        "text": "خوا حافیز بێ، مەیخۆ مەیخۆ خەریکی ئەیخۆی",
        "text_original": "خوا حافیز بێ، مەیخۆ مەیخۆ خەریکی ئەیخۆی",
        "start": 232422.0,
        "end": 235965.0,
        "audio": "content/segments/12/101.ogg"
    },
    {
        "ID": "102",
        "gender": "NA",
        "age": "NA",
        "character_name": "NA",
        "text": "ڕاست ئەکا کاکی خۆم کابرا مەخۆن",
        "text_original": "ڕاست ئەکا کاکی خۆم کابرا مەخۆن",
        "start": 235965.0,
        "end": 237821.0,
        "audio": "content/segments/12/102.ogg"
    },
    {
        "ID": "103",
        "gender": "NA",
        "age": "NA",
        "character_name": "NA",
        "text": "دە ڕیز بن دەی دەنگە دەنگ مەکەن",
        "text_original": "دە ڕیز بن دەی دەنگە دەنگ مەکەن",
        "start": 237821.0,
        "end": 239842.0,
        "audio": "content/segments/12/103.ogg"
    },
    {
        "ID": "104",
        "gender": "NA",
        "age": "NA",
        "character_name": "NA",
        "text": "کا عەبدول ڕەحمان بزانە سەرەی کێیە",
        "text_original": "کا عەبدول ڕەحمان بزانە سەرەی کێیە",
        "start": 239842.0,
        "end": 241260.0,
        "audio": "content/segments/12/104.ogg"
    },
    {
        "ID": "106",
        "gender": "NA",
        "age": "NA",
        "character_name": "NA",
        "text": "سەرەی منە سەرەی منە",
        "text_original": "سەرەی منە سەرەی منە",
        "start": 242680.0,
        "end": 243718.0,
        "audio": "content/segments/12/106.ogg"
    },
    {
        "ID": "107",
        "gender": "NA",
        "age": "NA",
        "character_name": "NA",
        "text": "فەرموو وەرە پێش",
        "text_original": "فەرموو وەرە پێش",
        "start": 243718.0,
        "end": 244759.0,
        "audio": "content/segments/12/107.ogg"
    },
    {
        "ID": "108",
        "gender": "NA",
        "age": "NA",
        "character_name": "NA",
        "text": "یەکسەر پاڵ کەوە",
        "text_original": "یەکسەر پاڵ کەوە",
        "start": 244759.0,
        "end": 246001.0,
        "audio": "content/segments/12/108.ogg"
    },
    {
        "ID": "109",
        "gender": "NA",
        "age": "NA",
        "character_name": "NA",
        "text": "کوا هینەکەو، سەیرکە بزانە چییە",
        "text_original": "کوا هینەکەو، سەیرکە بزانە چییە",
        "start": 246449.0,
        "end": 249656.0,
        "audio": "content/segments/12/109.ogg"
    },
    {
        "ID": "110",
        "gender": "NA",
        "age": "NA",
        "character_name": "NA",
        "text": "ئێ",
        "text_original": "ئێ",
        "start": 250986.0,
        "end": 251546.0,
        "audio": "content/segments/12/110.ogg"
    },
    {
        "ID": "111",
        "gender": "NA",
        "age": "NA",
        "character_name": "NA",
        "text": "دەبڕۆ قەترەکەی بۆ بەرە",
        "text_original": "دەبڕۆ قەترەکەی بۆ بەرە",
        "start": 254534.0,
        "end": 255029.0,
        "audio": "content/segments/12/111.ogg"
    },
    {
        "ID": "112",
        "gender": "NA",
        "age": "NA",
        "character_name": "NA",
        "text": "بڕۆ پاڵکەوە",
        "text_original": "بڕۆ پاڵکەوە",
        "start": 255029.0,
        "end": 256390.0,
        "audio": "content/segments/12/112.ogg"
    },
    {
        "ID": "113",
        "gender": "NA",
        "age": "NA",
        "character_name": "NA",
        "text": "ئەه، بیەنە، بەنزینە",
        "text_original": "ئەه، بیەنە، بەنزینە",
        "start": 256390.0,
        "end": 257951.00000000003,
        "audio": "content/segments/12/113.ogg"
    },
    {
        "ID": "114",
        "gender": "NA",
        "age": "NA",
        "character_name": "NA",
        "text": "نەوەڵا تو، تو سەری برایەتیمان قەترەکە تاڵ نییە",
        "text_original": "نەوەڵا تو، تو سەری برایەتیمان قەترەکە تاڵ نییە",
        "start": 257951.00000000003,
        "end": 262319.0,
        "audio": "content/segments/12/114.ogg"
    },
    {
        "ID": "115",
        "gender": "NA",
        "age": "NA",
        "character_name": "NA",
        "text": "تۆ سەیری ئەم کابرایە ناکەی",
        "text_original": "تۆ سەیری ئەم کابرایە ناکەی",
        "start": 262326.0,
        "end": 264465.0,
        "audio": "content/segments/12/115.ogg"
    },
    {
        "ID": "116",
        "gender": "NA",
        "age": "NA",
        "character_name": "NA",
        "text": "تۆ ئەو هەموو دەردە سەری و قوزەلقورتەو چەشتووە",
        "text_original": "تۆ ئەو هەموو دەردە سەری و قوزەلقورتەو چەشتووە",
        "start": 264465.0,
        "end": 267059.0,
        "audio": "content/segments/12/116.ogg"
    },
    {
        "ID": "117",
        "gender": "NA",
        "age": "NA",
        "character_name": "NA",
        "text": "ئێسا تەحەموولی دوو قەترە ناکەی",
        "text_original": "ئێسا تەحەموولی دوو قەترە ناکەی",
        "start": 267059.0,
        "end": 269219.0,
        "audio": "content/segments/12/117.ogg"
    },
    {
        "ID": "118",
        "gender": "NA",
        "age": "NA",
        "character_name": "NA",
        "text": "ئاخر هینە ئەترسم ڕانەیەم لەگەڵیا",
        "text_original": "ئاخر هینە ئەترسم ڕانەیەم لەگەڵیا",
        "start": 269581.0,
        "end": 272553.0,
        "audio": "content/segments/12/118.ogg"
    },
    {
        "ID": "119",
        "gender": "NA",
        "age": "NA",
        "character_name": "NA",
        "text": "ڕایەی کاکی خۆم ڕایەی وردە وردە ئەبێ",
        "text_original": "ڕایەی کاکی خۆم ڕایەی وردە وردە ئەبێ",
        "start": 272553.0,
        "end": 275440.0,
        "audio": "content/segments/12/119.ogg"
    },
    {
        "ID": "120",
        "gender": "NA",
        "age": "NA",
        "character_name": "NA",
        "text": "بایەلۆجیەن و فەلسەفیەن خۆتی لەگەڵا ڕابێنی",
        "text_original": "بایەلۆجیەن و فەلسەفیەن خۆتی لەگەڵا ڕابێنی",
        "start": 275440.0,
        "end": 278556.0,
        "audio": "content/segments/12/120.ogg"
    },
    {
        "ID": "121",
        "gender": "NA",
        "age": "NA",
        "character_name": "NA",
        "text": "فەلسەفیەن",
        "text_original": "فەلسەفیەن",
        "start": 278556.0,
        "end": 279552.0,
        "audio": "content/segments/12/121.ogg"
    },
    {
        "ID": "122",
        "gender": "NA",
        "age": "NA",
        "character_name": "NA",
        "text": "ئەی تەبعەن",
        "text_original": "ئەی تەبعەن",
        "start": 279552.0,
        "end": 280544.0,
        "audio": "content/segments/12/122.ogg"
    },
    {
        "ID": "123",
        "gender": "NA",
        "age": "NA",
        "character_name": "NA",
        "text": "تۆ غەڵە لەمن تێگەیشتووی بەقەڵافەت و قات و",
        "text_original": "تۆ غەڵە لەمن تێگەیشتووی بەقەڵافەت و قات و",
        "start": 280544.0,
        "end": 283824.0,
        "audio": "content/segments/12/123.ogg"
    },
    {
        "ID": "124",
        "gender": "NA",
        "age": "NA",
        "character_name": "NA",
        "text": "شتەکانا تێ مەکەوە براکەی باوکم ئەسڵەن من و ئەمسالی",
        "text_original": "شتەکانا تێ مەکەوە براکەی باوکم ئەسڵەن من و ئەمسالی",
        "start": 283824.0,
        "end": 288313.0,
        "audio": "content/segments/12/124.ogg"
    },
    {
        "ID": "125",
        "gender": "NA",
        "age": "NA",
        "character_name": "NA",
        "text": "وەک و من فەرقینییە لەگەڵ مشکێکا",
        "text_original": "وەک و من فەرقینییە لەگەڵ مشکێکا",
        "start": 288313.0,
        "end": 290896.0,
        "audio": "content/segments/12/125.ogg"
    },
    {
        "ID": "126",
        "gender": "NA",
        "age": "NA",
        "character_name": "NA",
        "text": "ئێ ئەوە شتێکی زۆر باشە، ئەوە شتێکی زۆۆر باشە لەبەر ئەوەی",
        "text_original": "ئێ ئەوە شتێکی زۆر باشە، ئەوە شتێکی زۆۆر باشە لەبەر ئەوەی",
        "start": 290896.0,
        "end": 294864.0,
        "audio": "content/segments/12/126.ogg"
    },
    {
        "ID": "127",
        "gender": "NA",
        "age": "NA",
        "character_name": "NA",
        "text": "با من بۆی ڕوون کەمەوە",
        "text_original": "با من بۆی ڕوون کەمەوە",
        "start": 294864.0,
        "end": 295902.0,
        "audio": "content/segments/12/127.ogg"
    },
    {
        "ID": "128",
        "gender": "NA",
        "age": "NA",
        "character_name": "NA",
        "text": "بەڵێ فەرموو",
        "text_original": "بەڵێ فەرموو",
        "start": 296296.0,
        "end": 297154.0,
        "audio": "content/segments/12/128.ogg"
    },
    {
        "ID": "129",
        "gender": "NA",
        "age": "NA",
        "character_name": "NA",
        "text": "ئا سەیری کە مەسەلەی ئەوەی تۆ و ئەو فەرقیان، تۆ بۆی باسکە",
        "text_original": "ئا سەیری کە مەسەلەی ئەوەی تۆ و ئەو فەرقیان، تۆ بۆی باسکە",
        "start": 297154.0,
        "end": 300472.0,
        "audio": "content/segments/12/129.ogg"
    },
    {
        "ID": "130",
        "gender": "NA",
        "age": "NA",
        "character_name": "NA",
        "text": "ئا ئەزانی چۆنە ئەگەر تۆ بیری لێ بکەیتەوە سەیر ئەکەی",
        "text_original": "ئا ئەزانی چۆنە ئەگەر تۆ بیری لێ بکەیتەوە سەیر ئەکەی",
        "start": 300472.0,
        "end": 303275.0,
        "audio": "content/segments/12/130.ogg"
    },
    {
        "ID": "131",
        "gender": "NA",
        "age": "NA",
        "character_name": "NA",
        "text": "هەموو ماڵێک هەموو ماڵێک مشک و سیسرکی زۆۆر زۆۆرە",
        "text_original": "هەموو ماڵێک هەموو ماڵێک مشک و سیسرکی زۆۆر زۆۆرە",
        "start": 303275.0,
        "end": 307335.0,
        "audio": "content/segments/12/131.ogg"
    },
    {
        "ID": "132",
        "gender": "NA",
        "age": "NA",
        "character_name": "NA",
        "text": "ڕاست ئەکا قسەکەی تەواوە ئەزانی بۆچی مشک و سیسرک و قالۆچە",
        "text_original": "ڕاست ئەکا قسەکەی تەواوە ئەزانی بۆچی مشک و سیسرک و قالۆچە",
        "start": 307335.0,
        "end": 311085.0,
        "audio": "content/segments/12/132.ogg"
    },
    {
        "ID": "133",
        "gender": "NA",
        "age": "NA",
        "character_name": "NA",
        "text": "ئەم شتانە مەعەدەل لە زیا بوونان",
        "text_original": "ئەم شتانە مەعەدەل لە زیا بوونان",
        "start": 311085.0,
        "end": 312937.0,
        "audio": "content/segments/12/133.ogg"
    },
    {
        "ID": "134",
        "gender": "NA",
        "age": "NA",
        "character_name": "NA",
        "text": "لەبەر ئەوەی خۆیان لەگەڵ زروفەکەیان ڕائەهێن و گەشە ئەکەن",
        "text_original": "لەبەر ئەوەی خۆیان لەگەڵ زروفەکەیان ڕائەهێن و گەشە ئەکەن",
        "start": 312937.0,
        "end": 316100.0,
        "audio": "content/segments/12/134.ogg"
    },
    {
        "ID": "135",
        "gender": "NA",
        "age": "NA",
        "character_name": "NA",
        "text": "لەبری ئەوەی ئیقراسکەن زیا ئەکەن",
        "text_original": "لەبری ئەوەی ئیقراسکەن زیا ئەکەن",
        "start": 316100.0,
        "end": 317462.0,
        "audio": "content/segments/12/135.ogg"
    },
    {
        "ID": "136",
        "gender": "NA",
        "age": "NA",
        "character_name": "NA",
        "text": "ئا بەس بەعزە مەخلوقێکی تر وانییە مەسەلەن وەک و ئاسک و",
        "text_original": "ئا بەس بەعزە مەخلوقێکی تر وانییە مەسەلەن وەک و ئاسک و",
        "start": 317462.0,
        "end": 321290.0,
        "audio": "content/segments/12/136.ogg"
    },
    {
        "ID": "137",
        "gender": "NA",
        "age": "NA",
        "character_name": "NA",
        "text": "مەڕە سوور و بەوڵ و مەسەلەن ورچ و ئەمانە لە",
        "text_original": "مەڕە سوور و بەوڵ و مەسەلەن ورچ و ئەمانە لە",
        "start": 321290.0,
        "end": 325348.0,
        "audio": "content/segments/12/137.ogg"
    },
    {
        "ID": "138",
        "gender": "NA",
        "age": "NA",
        "character_name": "NA",
        "text": "ئینقیرقزان لەوانەیە فەترەیەکی تر نەمێنن",
        "text_original": "ئینقیرقزان لەوانەیە فەترەیەکی تر نەمێنن",
        "start": 325348.0,
        "end": 327415.0,
        "audio": "content/segments/12/138.ogg"
    },
    {
        "ID": "139",
        "gender": "NA",
        "age": "NA",
        "character_name": "NA",
        "text": "یەعنی ئەوەی کە لەگەڵ زروفەکە و زەمانەکەیا",
        "text_original": "یەعنی ئەوەی کە لەگەڵ زروفەکە و زەمانەکەیا",
        "start": 327415.0,
        "end": 331540.0,
        "audio": "content/segments/12/139.ogg"
    },
    {
        "ID": "140",
        "gender": "NA",
        "age": "NA",
        "character_name": "NA",
        "text": "نەگونجێ تیا ئەچێ وانییە تخوا زیرەک نییم",
        "text_original": "نەگونجێ تیا ئەچێ وانییە تخوا زیرەک نییم",
        "start": 331540.0,
        "end": 335715.0,
        "audio": "content/segments/12/140.ogg"
    },
    {
        "ID": "141",
        "gender": "NA",
        "age": "NA",
        "character_name": "NA",
        "text": "زۆۆر زیرەکی دەم بکەرەوە",
        "text_original": "زۆۆر زیرەکی دەم بکەرەوە",
        "start": 336050.0,
        "end": 337585.0,
        "audio": "content/segments/12/141.ogg"
    },
    {
        "ID": "142",
        "gender": "NA",
        "age": "NA",
        "character_name": "NA",
        "text": "ئا باشە بەس تخوا ئەو قەترەی ئەیکەیتە",
        "text_original": "ئا باشە بەس تخوا ئەو قەترەی ئەیکەیتە",
        "start": 337585.0,
        "end": 340653.0,
        "audio": "content/segments/12/142.ogg"
    },
    {
        "ID": "143",
        "gender": "NA",
        "age": "NA",
        "character_name": "NA",
        "text": "دەمەوە ئادەی بزانم یەکسپایەر نییە",
        "text_original": "دەمەوە ئادەی بزانم یەکسپایەر نییە",
        "start": 340653.0,
        "end": 342779.0,
        "audio": "content/segments/12/143.ogg"
    },
    {
        "ID": "144",
        "gender": "NA",
        "age": "NA",
        "character_name": "NA",
        "text": "چۆن قەترە یەکسپایەر ئەبێ ئەگەر یەکسپایەر",
        "text_original": "چۆن قەترە یەکسپایەر ئەبێ ئەگەر یەکسپایەر",
        "start": 342779.0,
        "end": 345552.0,
        "audio": "content/segments/12/144.ogg"
    },
    {
        "ID": "145",
        "gender": "NA",
        "age": "NA",
        "character_name": "NA",
        "text": "بوایە چۆن سەیدەلیە ئەیفرۆشت",
        "text_original": "بوایە چۆن سەیدەلیە ئەیفرۆشت",
        "start": 345552.0,
        "end": 347172.0,
        "audio": "content/segments/12/145.ogg"
    },
    {
        "ID": "146",
        "gender": "NA",
        "age": "NA",
        "character_name": "NA",
        "text": "یەعنی قەترە یەکسپایەر نابێ",
        "text_original": "یەعنی قەترە یەکسپایەر نابێ",
        "start": 347172.0,
        "end": 349684.0,
        "audio": "content/segments/12/146.ogg"
    },
    {
        "ID": "147",
        "gender": "NA",
        "age": "NA",
        "character_name": "NA",
        "text": "بەحەیاتی یەکسپایەر نابێ",
        "text_original": "بەحەیاتی یەکسپایەر نابێ",
        "start": 349684.0,
        "end": 351529.0,
        "audio": "content/segments/12/147.ogg"
    },
    {
        "ID": "148",
        "gender": "NA",
        "age": "NA",
        "character_name": "NA",
        "text": "بەخوا منیش کەرم",
        "text_original": "بەخوا منیش کەرم",
        "start": 351529.0,
        "end": 353290.0,
        "audio": "content/segments/12/148.ogg"
    },
    {
        "ID": "149",
        "gender": "NA",
        "age": "NA",
        "character_name": "NA",
        "text": "شەلا کەر بویتایە منیش ساحێبەکەو بوومایە",
        "text_original": "شەلا کەر بویتایە منیش ساحێبەکەو بوومایە",
        "start": 353290.0,
        "end": 355980.0,
        "audio": "content/segments/12/149.ogg"
    },
    {
        "ID": "150",
        "gender": "NA",
        "age": "NA",
        "character_name": "NA",
        "text": "بۆ",
        "text_original": "بۆ",
        "start": 355980.0,
        "end": 356650.0,
        "audio": "content/segments/12/150.ogg"
    },
    {
        "ID": "151",
        "gender": "NA",
        "age": "NA",
        "character_name": "NA",
        "text": "ئەزانی بۆ زەلامێک ئەناسم خۆی و کەرەکەی تەعین بوون هەموو",
        "text_original": "ئەزانی بۆ زەلامێک ئەناسم خۆی و کەرەکەی تەعین بوون هەموو",
        "start": 356650.0,
        "end": 360969.0,
        "audio": "content/segments/12/151.ogg"
    },
    {
        "ID": "152",
        "gender": "NA",
        "age": "NA",
        "character_name": "NA",
        "text": "مانگێ خۆی سە هەزار وەرەگرێ بەڵام کەرەکەی",
        "text_original": "مانگێ خۆی سە هەزار وەرەگرێ بەڵام کەرەکەی",
        "start": 360969.0,
        "end": 363223.0,
        "audio": "content/segments/12/152.ogg"
    },
    {
        "ID": "153",
        "gender": "NA",
        "age": "NA",
        "character_name": "NA",
        "text": "دوو سەهەزار ئەخاتە تەنکەی کوورتانەکەیەوە",
        "text_original": "دوو سەهەزار ئەخاتە تەنکەی کوورتانەکەیەوە",
        "start": 363223.0,
        "end": 365255.0,
        "audio": "content/segments/12/153.ogg"
    },
    {
        "ID": "154",
        "gender": "M",
        "age": "A",
        "character_name": "یاوی شەشەم",
        "text": "یەعنی دنیا وای لێهاتووە کەر لە ئینسان مەعاشەکەی زیاترە",
        "text_original": "یەعنی دنیا وای لێهاتووە کەر لە ئینسان مەعاشەکەی زیاترە",
        "start": 365255.0,
        "end": 369881.0,
        "audio": "content/segments/12/154.ogg"
    },
    {
        "ID": "155",
        "gender": "NA",
        "age": "NA",
        "character_name": "NA",
        "text": "ئائا لە زەمانی قال و بەلاوە وابووە",
        "text_original": "ئائا لە زەمانی قال و بەلاوە وابووە",
        "start": 369881.0,
        "end": 372671.0,
        "audio": "content/segments/12/155.ogg"
    },
    {
        "ID": "156",
        "gender": "NA",
        "age": "NA",
        "character_name": "NA",
        "text": "دە کەوابێ بمکووتن",
        "text_original": "دە کەوابێ بمکووتن",
        "start": 373049.0,
        "end": 375025.0,
        "audio": "content/segments/12/156.ogg"
    },
    {
        "ID": "157",
        "gender": "NA",
        "age": "NA",
        "character_name": "NA",
        "text": "بەچی بووکوتین",
        "text_original": "بەچی بووکوتین",
        "start": 375025.0,
        "end": 376287.0,
        "audio": "content/segments/12/157.ogg"
    },
    {
        "ID": "158",
        "gender": "NA",
        "age": "NA",
        "character_name": "NA",
        "text": "ها",
        "text_original": "ها",
        "start": 376287.0,
        "end": 377274.0,
        "audio": "content/segments/12/158.ogg"
    },
    {
        "ID": "159",
        "gender": "NA",
        "age": "NA",
        "character_name": "NA",
        "text": "بەو دەرزیە",
        "text_original": "بەو دەرزیە",
        "start": 377274.0,
        "end": 377954.0,
        "audio": "content/segments/12/159.ogg"
    },
    {
        "ID": "160",
        "gender": "NA",
        "age": "NA",
        "character_name": "NA",
        "text": "بەو دەرزیە باشە",
        "text_original": "بەو دەرزیە باشە",
        "start": 377954.0,
        "end": 378802.0,
        "audio": "content/segments/12/160.ogg"
    },
    {
        "ID": "161",
        "gender": "NA",
        "age": "NA",
        "character_name": "NA",
        "text": "نەوەڵا",
        "text_original": "نەوەڵا",
        "start": 378802.0,
        "end": 379361.0,
        "audio": "content/segments/12/161.ogg"
    },
    {
        "ID": "162",
        "gender": "NA",
        "age": "NA",
        "character_name": "NA",
        "text": "ئەی بە چی",
        "text_original": "ئەی بە چی",
        "start": 379361.0,
        "end": 379920.0,
        "audio": "content/segments/12/162.ogg"
    },
    {
        "ID": "163",
        "gender": "NA",
        "age": "NA",
        "character_name": "NA",
        "text": "ئەها ئەبەو کوتەکە",
        "text_original": "ئەها ئەبەو کوتەکە",
        "start": 379920.0,
        "end": 382250.0,
        "audio": "content/segments/12/163.ogg"
    },
    {
        "ID": "164",
        "gender": "NA",
        "age": "NA",
        "character_name": "NA",
        "text": "بەمە",
        "text_original": "بەمە",
        "start": 382250.0,
        "end": 383107.0,
        "audio": "content/segments/12/164.ogg"
    },
    {
        "ID": "165",
        "gender": "NA",
        "age": "NA",
        "character_name": "NA",
        "text": "ئا",
        "text_original": "ئا",
        "start": 383107.0,
        "end": 383444.0,
        "audio": "content/segments/12/165.ogg"
    },
    {
        "ID": "166",
        "gender": "NA",
        "age": "NA",
        "character_name": "NA",
        "text": "وەی بەسەرچاو ئادەی عەبدوڕەحمان بیکووتە",
        "text_original": "وەی بەسەرچاو ئادەی عەبدوڕەحمان بیکووتە",
        "start": 383444.0,
        "end": 386187.0,
        "audio": "content/segments/12/166.ogg"
    },
    {
        "ID": "167",
        "gender": "NA",
        "age": "NA",
        "character_name": "NA",
        "text": "بەسەرچاو",
        "text_original": "بەسەرچاو",
        "start": 386187.0,
        "end": 387139.0,
        "audio": "content/segments/12/167.ogg"
    },
    {
        "ID": "168",
        "gender": "NA",
        "age": "NA",
        "character_name": "NA",
        "text": "ئەھ ئەھ ئۆخەیش",
        "text_original": "ئەھ ئەھ ئۆخەیش",
        "start": 388746.0,
        "end": 392536.0,
        "audio": "content/segments/12/168.ogg"
    }
]