[
    {
        "ID": "2",
        "gender": "M",
        "age": "A",
        "character_name": "مستەر",
        "text": "بێ دەنگ، بێ دەنگ",
        "text_original": "بێ دەنگ، بێ دەنگ",
        "start": 13106.0,
        "end": 14614.0,
        "audio": "content/segments/122/2.ogg"
    },
    {
        "ID": "3",
        "gender": "M",
        "age": "A",
        "character_name": "مستەر",
        "text": "بێ دەنگ، بێ دەنگ، ئەڵێم بێ دەنگ",
        "text_original": "بێ دەنگ، بێ دەنگ، ئەڵێم بێ دەنگ",
        "start": 14755.0,
        "end": 18732.0,
        "audio": "content/segments/122/3.ogg"
    },
    {
        "ID": "4",
        "gender": "M",
        "age": "A",
        "character_name": "موراقیب",
        "text": "کورە خۆ هەر خۆتی قسە ئەکەی ماڵھ بە قور",
        "text_original": "کورە خۆ هەر خۆتی قسە ئەکەی ماڵھ بە قور",
        "start": 18801.0,
        "end": 21383.0,
        "audio": "content/segments/122/4.ogg"
    },
    {
        "ID": "5",
        "gender": "M",
        "age": "A",
        "character_name": "مستەر",
        "text": "ئەڵێم بێ دەنگ، خۆشم بم، بێ دەنگ",
        "text_original": "ئەڵێم بێ دەنگ، خۆشم بم، بێ دەنگ",
        "start": 21417.0,
        "end": 23343.0,
        "audio": "content/segments/122/5.ogg"
    },
    {
        "ID": "6",
        "gender": "M",
        "age": "A",
        "character_name": "مستەر",
        "text": "چونکە ناو ئەخوێنمەوە ناو",
        "text_original": "چونکە ناو ئەخوێنمەوە ناو",
        "start": 23940.0,
        "end": 25307.0,
        "audio": "content/segments/122/6.ogg"
    },
    {
        "ID": "7",
        "gender": "M",
        "age": "A",
        "character_name": "مستەر",
        "text": "ئێ، زایەر",
        "text_original": "ئێ، زایەر",
        "start": 26360.0,
        "end": 28651.0,
        "audio": "content/segments/122/7.ogg"
    },
    {
        "ID": "8",
        "gender": "M",
        "age": "A",
        "character_name": "زاهیر",
        "text": "بەڵێ",
        "text_original": "بەڵێ",
        "start": 28790.0,
        "end": 29512.0,
        "audio": "content/segments/122/8.ogg"
    },
    {
        "ID": "9",
        "gender": "M",
        "age": "A",
        "character_name": "مستەر",
        "text": "ڕێبوار",
        "text_original": "ڕێبوار",
        "start": 30170.0,
        "end": 30986.0,
        "audio": "content/segments/122/9.ogg"
    },
    {
        "ID": "10",
        "gender": "M",
        "age": "A",
        "character_name": "ڕێبوار",
        "text": "بەرێ",
        "text_original": "بەرێ",
        "start": 31007.0,
        "end": 31724.0,
        "audio": "content/segments/122/10.ogg"
    },
    {
        "ID": "11",
        "gender": "M",
        "age": "A",
        "character_name": "مستەر",
        "text": "ئەوە چییە، ئەوە ئەڵێی تۆنی دەنگەکانتان گۆریوە",
        "text_original": "ئەوە چییە، ئەوە ئەڵێی تۆنی دەنگەکانتان گۆریوە",
        "start": 32101.0,
        "end": 34077.0,
        "audio": "content/segments/122/11.ogg"
    },
    {
        "ID": "12",
        "gender": "M",
        "age": "A",
        "character_name": "موراقیب",
        "text": "نا سەریان گۆڕیوە مستەر",
        "text_original": "نا سەریان گۆڕیوە مستەر",
        "start": 34077.0,
        "end": 35323.0,
        "audio": "content/segments/122/12.ogg"
    },
    {
        "ID": "13",
        "gender": "M",
        "age": "A",
        "character_name": "مستەر",
        "text": "جەمیل",
        "text_original": "جەمیل",
        "start": 35364.0,
        "end": 36220.0,
        "audio": "content/segments/122/13.ogg"
    },
    {
        "ID": "14",
        "gender": "M",
        "age": "A",
        "character_name": "جەمیل",
        "text": "حازر",
        "text_original": "حازر",
        "start": 36633.0,
        "end": 37504.0,
        "audio": "content/segments/122/14.ogg"
    },
    {
        "ID": "15",
        "gender": "M",
        "age": "A",
        "character_name": "مستەر",
        "text": "باشە، حازر",
        "text_original": "باشە، حازر",
        "start": 38414.0,
        "end": 40196.0,
        "audio": "content/segments/122/15.ogg"
    },
    {
        "ID": "16",
        "gender": "M",
        "age": "A",
        "character_name": "مستەر",
        "text": "سامکو",
        "text_original": "سامکو",
        "start": 40691.0,
        "end": 41911.0,
        "audio": "content/segments/122/16.ogg"
    },
    {
        "ID": "17",
        "gender": "M",
        "age": "A",
        "character_name": "ڕێبوار",
        "text": "سەمکو چێیە میستەر",
        "text_original": "سەمکو چێیە میستەر",
        "start": 42050.0,
        "end": 43503.0,
        "audio": "content/segments/122/17.ogg"
    },
    {
        "ID": "18",
        "gender": "M",
        "age": "A",
        "character_name": "مستەر",
        "text": "سمکۆ، قابیلە سمکۆی سمایل ئاغای ئئئ شکاک بڵێم",
        "text_original": "سمکۆ، قابیلە سمکۆی سمایل ئاغای ئئئ شکاک بڵێم",
        "start": 43878.0,
        "end": 48373.0,
        "audio": "content/segments/122/18.ogg"
    },
    {
        "ID": "19",
        "gender": "M",
        "age": "A",
        "character_name": "مستەر",
        "text": "کاک سمکۆی خۆمان",
        "text_original": "کاک سمکۆی خۆمان",
        "start": 48559.0,
        "end": 49563.0,
        "audio": "content/segments/122/19.ogg"
    },
    {
        "ID": "20",
        "gender": "M",
        "age": "A",
        "character_name": "ڕێبوار",
        "text": "ئەم کاک سمکۆیەی خۆمان",
        "text_original": "ئەم کاک سمکۆیەی خۆمان",
        "start": 49574.0,
        "end": 50764.0,
        "audio": "content/segments/122/20.ogg"
    },
    {
        "ID": "21",
        "gender": "M",
        "age": "A",
        "character_name": "مستەر",
        "text": "ئا",
        "text_original": "ئا",
        "start": 50777.0,
        "end": 51040.0,
        "audio": "content/segments/122/21.ogg"
    },
    {
        "ID": "22",
        "gender": "M",
        "age": "A",
        "character_name": "ڕێبوار",
        "text": "وەڵا نەهاتوە",
        "text_original": "وەڵا نەهاتوە",
        "start": 51110.0,
        "end": 52085.0,
        "audio": "content/segments/122/22.ogg"
    },
    {
        "ID": "23",
        "gender": "M",
        "age": "A",
        "character_name": "مستەر",
        "text": "ئەوە بۆ لە چوێیە، بۆ نەهاتوە",
        "text_original": "ئەوە بۆ لە چوێیە، بۆ نەهاتوە",
        "start": 52118.0,
        "end": 53645.0,
        "audio": "content/segments/122/23.ogg"
    },
    {
        "ID": "24",
        "gender": "M",
        "age": "A",
        "character_name": "ڕێبوار",
        "text": "لێرە نییە میستەر، لە دەرەوەی بازنەیە",
        "text_original": "لێرە نییە میستەر، لە دەرەوەی بازنەیە",
        "start": 53663.0,
        "end": 55638.0,
        "audio": "content/segments/122/24.ogg"
    },
    {
        "ID": "25",
        "gender": "M",
        "age": "A",
        "character_name": "مستەر",
        "text": "باشە، ئەوە غایبم ما",
        "text_original": "باشە، ئەوە غایبم ما",
        "start": 55662.0,
        "end": 57914.0,
        "audio": "content/segments/122/25.ogg"
    },
    {
        "ID": "26",
        "gender": "M",
        "age": "A",
        "character_name": "مستەر",
        "text": "سا با ح",
        "text_original": "سا با ح",
        "start": 58381.0,
        "end": 60120.0,
        "audio": "content/segments/122/26.ogg"
    },
    {
        "ID": "27",
        "gender": "M",
        "age": "A",
        "character_name": "مستەر",
        "text": "سەباح، سەباح",
        "text_original": "سەباح، سەباح",
        "start": 60522.0,
        "end": 62762.0,
        "audio": "content/segments/122/27.ogg"
    },
    {
        "ID": "28",
        "gender": "M",
        "age": "A",
        "character_name": "مستەر",
        "text": "سەباح",
        "text_original": "سەباح",
        "start": 63834.0,
        "end": 65090.0,
        "audio": "content/segments/122/28.ogg"
    },
    {
        "ID": "29",
        "gender": "M",
        "age": "A",
        "character_name": "سەباح",
        "text": "میستەر ئەوە لەگەڵ منتە",
        "text_original": "میستەر ئەوە لەگەڵ منتە",
        "start": 65126.00000000001,
        "end": 66504.0,
        "audio": "content/segments/122/29.ogg"
    },
    {
        "ID": "30",
        "gender": "M",
        "age": "A",
        "character_name": "مستەر",
        "text": "ئەی قابیلە خۆ لەگەڵ سەباح فەخریمە",
        "text_original": "ئەی قابیلە خۆ لەگەڵ سەباح فەخریمە",
        "start": 66570.0,
        "end": 68822.0,
        "audio": "content/segments/122/30.ogg"
    },
    {
        "ID": "31",
        "gender": "M",
        "age": "A",
        "character_name": "مستەر",
        "text": "ئەم سڵفە چەن سەباحی تیایە",
        "text_original": "ئەم سڵفە چەن سەباحی تیایە",
        "start": 68972.0,
        "end": 70667.0,
        "audio": "content/segments/122/31.ogg"
    },
    {
        "ID": "32",
        "gender": "M",
        "age": "A",
        "character_name": "عەبدوڵا",
        "text": "مستەر ناهەقی نییە لێی مەگرە، وەڵای منیش بم جواب نایەمەوە",
        "text_original": "مستەر ناهەقی نییە لێی مەگرە، وەڵای منیش بم جواب نایەمەوە",
        "start": 70896.0,
        "end": 74375.0,
        "audio": "content/segments/122/32.ogg"
    },
    {
        "ID": "33",
        "gender": "M",
        "age": "A",
        "character_name": "مستەر",
        "text": "کورە جواب نایاتەوە چاوی دەرەیێنم، منیش غایبی یەم",
        "text_original": "کورە جواب نایاتەوە چاوی دەرەیێنم، منیش غایبی یەم",
        "start": 74441.0,
        "end": 77508.0,
        "audio": "content/segments/122/33.ogg"
    },
    {
        "ID": "34",
        "gender": "M",
        "age": "A",
        "character_name": "موراقیب",
        "text": "ڕاسئەکا مستەر، خۆ ئینسان وڵاخ نییە",
        "text_original": "ڕاسئەکا مستەر، خۆ ئینسان وڵاخ نییە",
        "start": 77650.0,
        "end": 79811.0,
        "audio": "content/segments/122/34.ogg"
    },
    {
        "ID": "35",
        "gender": "M",
        "age": "A",
        "character_name": "مستەر",
        "text": "ئەی چییە",
        "text_original": "ئەی چییە",
        "start": 79832.0,
        "end": 80708.0,
        "audio": "content/segments/122/35.ogg"
    },
    {
        "ID": "36",
        "gender": "M",
        "age": "A",
        "character_name": "موراقیب",
        "text": "ئینسان ناوی سولاسی خۆی هەیە",
        "text_original": "ئینسان ناوی سولاسی خۆی هەیە",
        "start": 80743.0,
        "end": 82390.0,
        "audio": "content/segments/122/36.ogg"
    },
    {
        "ID": "37",
        "gender": "M",
        "age": "A",
        "character_name": "موراقیب",
        "text": "مەسەلەن من، بەرزانی قالەی خەڵوز، ئەمە سێ ناو",
        "text_original": "مەسەلەن من، بەرزانی قالەی خەڵوز، ئەمە سێ ناو",
        "start": 82417.0,
        "end": 86489.0,
        "audio": "content/segments/122/37.ogg"
    },
    {
        "ID": "38",
        "gender": "M",
        "age": "A",
        "character_name": "مستەر",
        "text": "تا ئێوارە بڵێ بەرزان بەرزانە حەز ئەکەی بڵێ بەرزان ئاغا",
        "text_original": "تا ئێوارە بڵێ بەرزان بەرزانە حەز ئەکەی بڵێ بەرزان ئاغا",
        "start": 86705.0,
        "end": 89594.0,
        "audio": "content/segments/122/38.ogg"
    },
    {
        "ID": "39",
        "gender": "M",
        "age": "A",
        "character_name": "موراقیب",
        "text": "جوابھ نایەمەوە",
        "text_original": "جوابھ نایەمەوە",
        "start": 89616.0,
        "end": 90489.0,
        "audio": "content/segments/122/39.ogg"
    },
    {
        "ID": "40",
        "gender": "NA",
        "age": "NA",
        "character_name": "NA",
        "text": "جواب نایەمەوە",
        "text_original": "جواب نایەمەوە",
        "start": 90541.0,
        "end": 91931.0,
        "audio": "content/segments/122/40.ogg"
    },
    {
        "ID": "41",
        "gender": "M",
        "age": "A",
        "character_name": "مستەر",
        "text": "جواب نایەیتەوە ئەزانی چی، یەکەم غایبت ئەیەم",
        "text_original": "جواب نایەیتەوە ئەزانی چی، یەکەم غایبت ئەیەم",
        "start": 91996.0,
        "end": 94642.0,
        "audio": "content/segments/122/41.ogg"
    },
    {
        "ID": "42",
        "gender": "M",
        "age": "A",
        "character_name": "مستەر",
        "text": "دووەمیش بەم گۆچانە پشتت دەشکێ",
        "text_original": "دووەمیش بەم گۆچانە پشتت دەشکێ",
        "start": 94660.0,
        "end": 96387.0,
        "audio": "content/segments/122/42.ogg"
    },
    {
        "ID": "43",
        "gender": "M",
        "age": "A",
        "character_name": "عەبدوڵا",
        "text": "ئەوە تەعدایە میستەر تەعدایە، تەعدایە و قبوڵیشی ناکەین",
        "text_original": "ئەوە تەعدایە میستەر تەعدایە، تەعدایە و قبوڵیشی ناکەین",
        "start": 96387.0,
        "end": 99403.0,
        "audio": "content/segments/122/43.ogg"
    },
    {
        "ID": "44",
        "gender": "NA",
        "age": "NA",
        "character_name": "NA",
        "text": "نەوەڵا",
        "text_original": "نەوەڵا",
        "start": 99438.0,
        "end": 100440.0,
        "audio": "content/segments/122/44.ogg"
    },
    {
        "ID": "45",
        "gender": "M",
        "age": "A",
        "character_name": "مستەر",
        "text": "قبوڵی ناکەی فەرموو هەڵسە لە دەرەوە یەک تەشت ئاوی گۆلاو نییە",
        "text_original": "قبوڵی ناکەی فەرموو هەڵسە لە دەرەوە یەک تەشت ئاوی گۆلاو نییە",
        "start": 100490.0,
        "end": 103670.0,
        "audio": "content/segments/122/45.ogg"
    },
    {
        "ID": "46",
        "gender": "M",
        "age": "A",
        "character_name": "مستەر",
        "text": "هی باراناو، بڕۆ بیخۆرەوە",
        "text_original": "هی باراناو، بڕۆ بیخۆرەوە",
        "start": 103670.0,
        "end": 105360.0,
        "audio": "content/segments/122/46.ogg"
    },
    {
        "ID": "47",
        "gender": "M",
        "age": "A",
        "character_name": "مستەر",
        "text": "دە بڕۆ دەی، کوڕی ناکام",
        "text_original": "دە بڕۆ دەی، کوڕی ناکام",
        "start": 105491.0,
        "end": 107473.0,
        "audio": "content/segments/122/47.ogg"
    },
    {
        "ID": "48",
        "gender": "M",
        "age": "A",
        "character_name": "موراقیب",
        "text": "مستەر تۆ زۆر سەیری، ئێمە ئەمانەوێ شتی مەنتیقیت لەگەڵا باس کەین",
        "text_original": "مستەر تۆ زۆر سەیری، ئێمە ئەمانەوێ شتی مەنتیقیت لەگەڵا باس کەین",
        "start": 107483.0,
        "end": 111203.0,
        "audio": "content/segments/122/48.ogg"
    },
    {
        "ID": "49",
        "gender": "M",
        "age": "A",
        "character_name": "موراقیب",
        "text": "کەچی تۆ ئەیبەی بۆ گۆلاو و بارانا و عەیبە مستەر",
        "text_original": "کەچی تۆ ئەیبەی بۆ گۆلاو و بارانا و عەیبە مستەر",
        "start": 111456.0,
        "end": 114764.0,
        "audio": "content/segments/122/49.ogg"
    },
    {
        "ID": "50",
        "gender": "M",
        "age": "A",
        "character_name": "جەمیل",
        "text": "ئاخر ئەزانی بۆچی وا ئەکا، ئەیەوێ دەرسەکە بکوژێ",
        "text_original": "ئاخر ئەزانی بۆچی وا ئەکا، ئەیەوێ دەرسەکە بکوژێ",
        "start": 115120.0,
        "end": 118620.0,
        "audio": "content/segments/122/50.ogg"
    },
    {
        "ID": "51",
        "gender": "M",
        "age": "A",
        "character_name": "حیکمەت",
        "text": "ئەرەوەڵا ئەیەوێ دەرسەکە بکوژێ، تا حەڤەی مانگ هیچمان فێر نەکات",
        "text_original": "ئەرەوەڵا ئەیەوێ دەرسەکە بکوژێ، تا حەڤەی مانگ هیچمان فێر نەکات",
        "start": 118847.0,
        "end": 122755.0,
        "audio": "content/segments/122/51.ogg"
    },
    {
        "ID": "52",
        "gender": "M",
        "age": "A",
        "character_name": "عومەر",
        "text": "باشە میستەر گیان، توو سەری عەزیزه",
        "text_original": "باشە میستەر گیان، توو سەری عەزیزه",
        "start": 122942.0,
        "end": 124900.0,
        "audio": "content/segments/122/52.ogg"
    },
    {
        "ID": "53",
        "gender": "M",
        "age": "A",
        "character_name": "عومەر",
        "text": "ئەم مناڵە جوانکیلانانە، هی ئەوەن دەرسەکەیان بکوژی",
        "text_original": "ئەم مناڵە جوانکیلانانە، هی ئەوەن دەرسەکەیان بکوژی",
        "start": 124913.0,
        "end": 128263.0,
        "audio": "content/segments/122/53.ogg"
    },
    {
        "ID": "54",
        "gender": "M",
        "age": "A",
        "character_name": "مستەر",
        "text": "درۆ ئەکەن عومەر درۆ ئەکەن، دەرس کوشتنی چی",
        "text_original": "درۆ ئەکەن عومەر درۆ ئەکەن، دەرس کوشتنی چی",
        "start": 128536.0,
        "end": 131870.0,
        "audio": "content/segments/122/54.ogg"
    },
    {
        "ID": "55",
        "gender": "M",
        "age": "A",
        "character_name": "مستەر",
        "text": "بەس ئەمەیێ بزانم چێ هاتوە و چێ نەهاتوە و چێ غائیبە بینوسم",
        "text_original": "بەس ئەمەیێ بزانم چێ هاتوە و چێ نەهاتوە و چێ غائیبە بینوسم",
        "start": 132412.0,
        "end": 136219.0,
        "audio": "content/segments/122/55.ogg"
    },
    {
        "ID": "56",
        "gender": "M",
        "age": "A",
        "character_name": "عومەر",
        "text": "جا تخوا دوو لە ڕووی حازری، کەریش ئەزانێ چێ خایبە",
        "text_original": "جا تخوا دوو لە ڕووی حازری، کەریش ئەزانێ چێ خایبە",
        "start": 136293.0,
        "end": 140132.0,
        "audio": "content/segments/122/56.ogg"
    },
    {
        "ID": "57",
        "gender": "M",
        "age": "A",
        "character_name": "عومەر",
        "text": "هەر سمکۆ و ئەحە نییە",
        "text_original": "هەر سمکۆ و ئەحە نییە",
        "start": 140198.0,
        "end": 141660.0,
        "audio": "content/segments/122/57.ogg"
    },
    {
        "ID": "58",
        "gender": "M",
        "age": "A",
        "character_name": "مستەر",
        "text": "ئاوا",
        "text_original": "ئاوا",
        "start": 141783.0,
        "end": 142559.0,
        "audio": "content/segments/122/58.ogg"
    },
    {
        "ID": "59",
        "gender": "M",
        "age": "A",
        "character_name": "عومەر",
        "text": "ئەرەوەڵا",
        "text_original": "ئەرەوەڵا",
        "start": 142559.0,
        "end": 142876.0,
        "audio": "content/segments/122/59.ogg"
    },
    {
        "ID": "60",
        "gender": "M",
        "age": "A",
        "character_name": "مستەر",
        "text": "ئەی باشە بۆ لە بەیانیەوە ناڵێن ئەو ئەو غایبە و",
        "text_original": "ئەی باشە بۆ لە بەیانیەوە ناڵێن ئەو ئەو غایبە و",
        "start": 142876.0,
        "end": 145800.0,
        "audio": "content/segments/122/60.ogg"
    },
    {
        "ID": "61",
        "gender": "M",
        "age": "A",
        "character_name": "مستەر",
        "text": "ئیتر ئەم ڕاو ڕەیەی بۆ چیە ها",
        "text_original": "ئیتر ئەم ڕاو ڕەیەی بۆ چیە ها",
        "start": 145800.0,
        "end": 147797.0,
        "audio": "content/segments/122/61.ogg"
    },
    {
        "ID": "62",
        "gender": "M",
        "age": "A",
        "character_name": "عەبدوڵا",
        "text": "ئەرێ توخوا کوڕینە ئێمە ڕاو ڕەویمان کردوە، یاخود میستەر خۆی",
        "text_original": "ئەرێ توخوا کوڕینە ئێمە ڕاو ڕەویمان کردوە، یاخود میستەر خۆی",
        "start": 147984.0,
        "end": 151638.0,
        "audio": "content/segments/122/62.ogg"
    },
    {
        "ID": "63",
        "gender": "M",
        "age": "A",
        "character_name": "سەباح",
        "text": "ئەرێ بیل موناسەبە، باسی ڕێوی هاتە پێشەوە",
        "text_original": "ئەرێ بیل موناسەبە، باسی ڕێوی هاتە پێشەوە",
        "start": 151749.0,
        "end": 155647.0,
        "audio": "content/segments/122/63.ogg"
    },
    {
        "ID": "64",
        "gender": "M",
        "age": "A",
        "character_name": "سەباح",
        "text": "عایەی خۆمان ناوە سیانیەکەی چی بێ",
        "text_original": "عایەی خۆمان ناوە سیانیەکەی چی بێ",
        "start": 155786.0,
        "end": 158404.0,
        "audio": "content/segments/122/64.ogg"
    },
    {
        "ID": "65",
        "gender": "M",
        "age": "A",
        "character_name": "عەبدوڵا",
        "text": "جا باشە سەباح، یەچێچی وەک ئەحەی خۆمان",
        "text_original": "جا باشە سەباح، یەچێچی وەک ئەحەی خۆمان",
        "start": 158646.0,
        "end": 162145.0,
        "audio": "content/segments/122/65.ogg"
    },
    {
        "ID": "66",
        "gender": "M",
        "age": "A",
        "character_name": "عەبدوڵا",
        "text": "ناوی سولاسی بۆ چییە کاکە جیان",
        "text_original": "ناوی سولاسی بۆ چییە کاکە جیان",
        "start": 162322.0,
        "end": 164003.0,
        "audio": "content/segments/122/66.ogg"
    },
    {
        "ID": "67",
        "gender": "M",
        "age": "A",
        "character_name": "عەبدوڵا",
        "text": "ئەحمەو پیاوێچی ئەونە مەشهورە، ئەم نەوعە خەڵکانیش",
        "text_original": "ئەحمەو پیاوێچی ئەونە مەشهورە، ئەم نەوعە خەڵکانیش",
        "start": 164286.0,
        "end": 166609.0,
        "audio": "content/segments/122/67.ogg"
    },
    {
        "ID": "68",
        "gender": "M",
        "age": "A",
        "character_name": "عەبدوڵا",
        "text": "کە ئاوا ش مەشهور ئەبن ناوی سولاسیان ناوێ، یەکسەر بەو شتانە",
        "text_original": "کە ئاوا ش مەشهور ئەبن ناوی سولاسیان ناوێ، یەکسەر بەو شتانە",
        "start": 166616.0,
        "end": 169532.0,
        "audio": "content/segments/122/68.ogg"
    },
    {
        "ID": "69",
        "gender": "M",
        "age": "A",
        "character_name": "موراقیب",
        "text": "وایە شەخسیەتی تەئریخی وایە",
        "text_original": "وایە شەخسیەتی تەئریخی وایە",
        "start": 169532.0,
        "end": 170844.0,
        "audio": "content/segments/122/69.ogg"
    },
    {
        "ID": "70",
        "gender": "M",
        "age": "A",
        "character_name": "عەبدوڵا",
        "text": "شەخسیەتی تەئریخیان هەیە کاکە",
        "text_original": "شەخسیەتی تەئریخیان هەیە کاکە",
        "start": 170851.0,
        "end": 172152.0,
        "audio": "content/segments/122/70.ogg"
    },
    {
        "ID": "71",
        "gender": "M",
        "age": "A",
        "character_name": "جەمیل",
        "text": "مەسەلەن وەکو ئەسکەندەری مەقدۆنی",
        "text_original": "مەسەلەن وەکو ئەسکەندەری مەقدۆنی",
        "start": 172172.0,
        "end": 175060.0,
        "audio": "content/segments/122/71.ogg"
    },
    {
        "ID": "72",
        "gender": "M",
        "age": "A",
        "character_name": "مستەر",
        "text": "جا توخوا حەیفھ نەکرد ئەحە ئەکەیتە ڕیزی ئەسکەندەری مەقدۆنیەوە",
        "text_original": "جا توخوا حەیفھ نەکرد ئەحە ئەکەیتە ڕیزی ئەسکەندەری مەقدۆنیەوە",
        "start": 175197.0,
        "end": 180215.0,
        "audio": "content/segments/122/72.ogg"
    },
    {
        "ID": "73",
        "gender": "M",
        "age": "A",
        "character_name": "مستەر",
        "text": "ئەوە قسەیە تۆ کردھ ها",
        "text_original": "ئەوە قسەیە تۆ کردھ ها",
        "start": 180215.0,
        "end": 181569.0,
        "audio": "content/segments/122/73.ogg"
    },
    {
        "ID": "74",
        "gender": "NA",
        "age": "NA",
        "character_name": "NA",
        "text": "ئنجا قەیچیەکا",
        "text_original": "ئنجا قەیچیەکا",
        "start": 181741.0,
        "end": 183127.0,
        "audio": "content/segments/122/74.ogg"
    },
    {
        "ID": "75",
        "gender": "M",
        "age": "A",
        "character_name": "موراقیب",
        "text": "جا قەیچیەکا، ئەحەش ئەگەر مەسەلەی تەئریخی و بایەلۆجی",
        "text_original": "جا قەیچیەکا، ئەحەش ئەگەر مەسەلەی تەئریخی و بایەلۆجی",
        "start": 183166.0,
        "end": 187050.0,
        "audio": "content/segments/122/75.ogg"
    },
    {
        "ID": "76",
        "gender": "M",
        "age": "A",
        "character_name": "موراقیب",
        "text": "بۆ لێک بەیتەوە لەگەڵ ئەوا فەرقێکی وای مستەر",
        "text_original": "بۆ لێک بەیتەوە لەگەڵ ئەوا فەرقێکی وای مستەر",
        "start": 187064.0,
        "end": 189545.0,
        "audio": "content/segments/122/76.ogg"
    },
    {
        "ID": "77",
        "gender": "NA",
        "age": "NA",
        "character_name": "NA",
        "text": "ئەسڵەن یەک تۆز فشە بویایە لە تەیمور ئەچوو",
        "text_original": "ئەسڵەن یەک تۆز فشە بویایە لە تەیمور ئەچوو",
        "start": 190155.0,
        "end": 192559.0,
        "audio": "content/segments/122/77.ogg"
    },
    {
        "ID": "78",
        "gender": "M",
        "age": "A",
        "character_name": "عومەر",
        "text": "چی ئەھ قوڕی دنیا بەسەرم، جوێ لێیە میستەر",
        "text_original": "چی ئەھ قوڕی دنیا بەسەرم، جوێ لێیە میستەر",
        "start": 192803.0,
        "end": 197547.0,
        "audio": "content/segments/122/78.ogg"
    },
    {
        "ID": "79",
        "gender": "M",
        "age": "A",
        "character_name": "عومەر",
        "text": "یەعنی ئەحە وەک تەیموری لەنگ وایە",
        "text_original": "یەعنی ئەحە وەک تەیموری لەنگ وایە",
        "start": 197704.0,
        "end": 199922.0,
        "audio": "content/segments/122/79.ogg"
    },
    {
        "ID": "80",
        "gender": "M",
        "age": "A",
        "character_name": "عەبدوڵا",
        "text": "کورە ئەرەوەڵا ئەگەر زروف یارمەتی ئەیا",
        "text_original": "کورە ئەرەوەڵا ئەگەر زروف یارمەتی ئەیا",
        "start": 199977.0,
        "end": 202567.0,
        "audio": "content/segments/122/80.ogg"
    },
    {
        "ID": "81",
        "gender": "M",
        "age": "A",
        "character_name": "عەبدوڵا",
        "text": "وەڵاهی لە وانیش موهیمتر ئەبوو",
        "text_original": "وەڵاهی لە وانیش موهیمتر ئەبوو",
        "start": 202567.0,
        "end": 203883.0,
        "audio": "content/segments/122/81.ogg"
    },
    {
        "ID": "82",
        "gender": "M",
        "age": "A",
        "character_name": "زاهیر",
        "text": "وەڵای ڕاست دەکەی، ئەوە نییە لە نکۆو مەکتەبەکەی بە جێهێشت",
        "text_original": "وەڵای ڕاست دەکەی، ئەوە نییە لە نکۆو مەکتەبەکەی بە جێهێشت",
        "start": 203923.0,
        "end": 207755.0,
        "audio": "content/segments/122/82.ogg"
    },
    {
        "ID": "83",
        "gender": "M",
        "age": "A",
        "character_name": "مستەر",
        "text": "مەکتەبی تەرک کردوە",
        "text_original": "مەکتەبی تەرک کردوە",
        "start": 208373.0,
        "end": 209711.0,
        "audio": "content/segments/122/83.ogg"
    },
    {
        "ID": "84",
        "gender": "M",
        "age": "A",
        "character_name": "زاهیر",
        "text": "ئەرەوەڵا",
        "text_original": "ئەرەوەڵا",
        "start": 209754.0,
        "end": 210469.0,
        "audio": "content/segments/122/84.ogg"
    },
    {
        "ID": "85",
        "gender": "M",
        "age": "A",
        "character_name": "مستەر",
        "text": "دە شەرتبێ بە شەرتی خوا",
        "text_original": "دە شەرتبێ بە شەرتی خوا",
        "start": 210482.0,
        "end": 212047.0,
        "audio": "content/segments/122/85.ogg"
    },
    {
        "ID": "86",
        "gender": "M",
        "age": "A",
        "character_name": "مستەر",
        "text": "منیش لەو سجلە ئەتاسیایە ناوی بکوژێنمەوە، شەرتبێ",
        "text_original": "منیش لەو سجلە ئەتاسیایە ناوی بکوژێنمەوە، شەرتبێ",
        "start": 212047.0,
        "end": 215323.0,
        "audio": "content/segments/122/86.ogg"
    },
    {
        "ID": "87",
        "gender": "M",
        "age": "A",
        "character_name": "حیکمەت",
        "text": "حەقی خۆیەتی، تەلەبەیێ تەلەبە بێ بەم ئاخری ساڵە مەکتەب تەرک ناکات",
        "text_original": "حەقی خۆیەتی، تەلەبەیێ تەلەبە بێ بەم ئاخری ساڵە مەکتەب تەرک ناکات",
        "start": 215481.0,
        "end": 220384.0,
        "audio": "content/segments/122/87.ogg"
    },
    {
        "ID": "88",
        "gender": "M",
        "age": "A",
        "character_name": "موراقیب",
        "text": "کورە بابە تەرچی نەکردوە یێتەوە، لەم ڕۆژانا یێتەوە",
        "text_original": "کورە بابە تەرچی نەکردوە یێتەوە، لەم ڕۆژانا یێتەوە",
        "start": 221029.0,
        "end": 224570.0,
        "audio": "content/segments/122/88.ogg"
    },
    {
        "ID": "89",
        "gender": "M",
        "age": "A",
        "character_name": "مستەر",
        "text": "چی یێتەوە، نینۆکە بێتەوە، کەی یێتەوە پێم بڵێ",
        "text_original": "چی یێتەوە، نینۆکە بێتەوە، کەی یێتەوە پێم بڵێ",
        "start": 224655.0,
        "end": 228074.0,
        "audio": "content/segments/122/89.ogg"
    },
    {
        "ID": "90",
        "gender": "M",
        "age": "A",
        "character_name": "موراقیب",
        "text": "وتی ئەگەر وەزع بەلایەکا کەوت ئەگەڕێمەوە",
        "text_original": "وتی ئەگەر وەزع بەلایەکا کەوت ئەگەڕێمەوە",
        "start": 228216.0,
        "end": 231967.0,
        "audio": "content/segments/122/90.ogg"
    },
    {
        "ID": "91",
        "gender": "M",
        "age": "A",
        "character_name": "عومەر",
        "text": "پییییف",
        "text_original": "پییییف",
        "start": 232023.0,
        "end": 233220.0,
        "audio": "content/segments/122/91.ogg"
    },
    {
        "ID": "92",
        "gender": "M",
        "age": "A",
        "character_name": "عومەر",
        "text": "ئەمەیە ئەو قارەمانەی کە ئێوە ئەڵێن لە تەیموری لەنگ و",
        "text_original": "ئەمەیە ئەو قارەمانەی کە ئێوە ئەڵێن لە تەیموری لەنگ و",
        "start": 233472.0,
        "end": 236252.0,
        "audio": "content/segments/122/92.ogg"
    },
    {
        "ID": "93",
        "gender": "M",
        "age": "A",
        "character_name": "عومەر",
        "text": "ئەسکەندەری مەکدۆنی ئەچێ ها",
        "text_original": "ئەسکەندەری مەکدۆنی ئەچێ ها",
        "start": 236259.0,
        "end": 238249.0,
        "audio": "content/segments/122/93.ogg"
    },
    {
        "ID": "94",
        "gender": "M",
        "age": "A",
        "character_name": "عومەر",
        "text": "پییییف",
        "text_original": "پییییف",
        "start": 238353.0,
        "end": 239317.0,
        "audio": "content/segments/122/94.ogg"
    },
    {
        "ID": "95",
        "gender": "M",
        "age": "A",
        "character_name": "جەمیل",
        "text": "ئەو پیفەو سەحب کەرەوە کا عومەر، ئەحە ناهەقی نییە و لە خۆی ئەترسێ",
        "text_original": "ئەو پیفەو سەحب کەرەوە کا عومەر، ئەحە ناهەقی نییە و لە خۆی ئەترسێ",
        "start": 239351.0,
        "end": 243918.0,
        "audio": "content/segments/122/95.ogg"
    },
    {
        "ID": "96",
        "gender": "M",
        "age": "A",
        "character_name": "مستەر",
        "text": "بۆ، بۆ ئەحە",
        "text_original": "بۆ، بۆ ئەحە",
        "start": 244168.0,
        "end": 245771.0,
        "audio": "content/segments/122/96.ogg"
    },
    {
        "ID": "97",
        "gender": "M",
        "age": "A",
        "character_name": "مستەر",
        "text": "ئەحە چییە لە خۆی بترسێ",
        "text_original": "ئەحە چییە لە خۆی بترسێ",
        "start": 245789.0,
        "end": 247544.0,
        "audio": "content/segments/122/97.ogg"
    },
    {
        "ID": "98",
        "gender": "M",
        "age": "A",
        "character_name": "مستەر",
        "text": "بیری نەوتە، بورجی ئیڤڵە، قابیلە چییە ئەحە",
        "text_original": "بیری نەوتە، بورجی ئیڤڵە، قابیلە چییە ئەحە",
        "start": 247804.0,
        "end": 251714.0,
        "audio": "content/segments/122/98.ogg"
    },
    {
        "ID": "99",
        "gender": "M",
        "age": "A",
        "character_name": "سەباح",
        "text": "ئئئ، میستەر بورج و ئەمانە نییە",
        "text_original": "ئئئ، میستەر بورج و ئەمانە نییە",
        "start": 251758.0,
        "end": 253976.0,
        "audio": "content/segments/122/99.ogg"
    },
    {
        "ID": "100",
        "gender": "M",
        "age": "A",
        "character_name": "سەباح",
        "text": "ئەڵێن لە دورەوە ئەحە لە هین ئەچێ، قاعیدە",
        "text_original": "ئەڵێن لە دورەوە ئەحە لە هین ئەچێ، قاعیدە",
        "start": 253998.0,
        "end": 257743.0,
        "audio": "content/segments/122/100.ogg"
    },
    {
        "ID": "101",
        "gender": "M",
        "age": "A",
        "character_name": "مستەر",
        "text": "کورە دە وس قائیدە، قاعیدەی چی و شتی چی",
        "text_original": "کورە دە وس قائیدە، قاعیدەی چی و شتی چی",
        "start": 257767.0,
        "end": 261103.0,
        "audio": "content/segments/122/101.ogg"
    },
    {
        "ID": "102",
        "gender": "M",
        "age": "A",
        "character_name": "موراقیب",
        "text": "مستەر مستەر، ئەو قاعیدەیەی هینەکە نا لە قاعیدەی سەواریخ",
        "text_original": "مستەر مستەر، ئەو قاعیدەیەی هینەکە نا لە قاعیدەی سەواریخ",
        "start": 261158.00000000003,
        "end": 264549.0,
        "audio": "content/segments/122/102.ogg"
    },
    {
        "ID": "103",
        "gender": "M",
        "age": "A",
        "character_name": "مستەر",
        "text": "ئێ",
        "text_original": "ئێ",
        "start": 264588.0,
        "end": 264878.0,
        "audio": "content/segments/122/103.ogg"
    },
    {
        "ID": "104",
        "gender": "M",
        "age": "A",
        "character_name": "موراقیب",
        "text": "ئەڵێن ئەحە کە ئەوەستێ ئەئاوا لوتی بەرز ئەکاتەوە، لوتی لە ساروغ ئەچێ",
        "text_original": "ئەڵێن ئەحە کە ئەوەستێ ئەئاوا لوتی بەرز ئەکاتەوە، لوتی لە ساروغ ئەچێ",
        "start": 264895.0,
        "end": 268900.0,
        "audio": "content/segments/122/104.ogg"
    },
    {
        "ID": "105",
        "gender": "M",
        "age": "A",
        "character_name": "موراقیب",
        "text": "لەبەر ئەوە ناهەقی نییە کە لەخۆی بترسێ",
        "text_original": "لەبەر ئەوە ناهەقی نییە کە لەخۆی بترسێ",
        "start": 269383.0,
        "end": 271521.0,
        "audio": "content/segments/122/105.ogg"
    },
    {
        "ID": "106",
        "gender": "M",
        "age": "A",
        "character_name": "موراقیب",
        "text": "ئەڵێن فەترەیەکە خۆی ئەشارێتەوە و یێتەوە",
        "text_original": "ئەڵێن فەترەیەکە خۆی ئەشارێتەوە و یێتەوە",
        "start": 271553.0,
        "end": 273556.0,
        "audio": "content/segments/122/106.ogg"
    },
    {
        "ID": "107",
        "gender": "M",
        "age": "A",
        "character_name": "عەبدوڵا",
        "text": "لوتی ئەشارێتەوە لوتی",
        "text_original": "لوتی ئەشارێتەوە لوتی",
        "start": 273578.0,
        "end": 274844.0,
        "audio": "content/segments/122/107.ogg"
    },
    {
        "ID": "108",
        "gender": "M",
        "age": "A",
        "character_name": "موراقیب",
        "text": "خۆی یا لوتی",
        "text_original": "خۆی یا لوتی",
        "start": 274939.0,
        "end": 275832.0,
        "audio": "content/segments/122/108.ogg"
    },
    {
        "ID": "109",
        "gender": "M",
        "age": "A",
        "character_name": "قوتابیەکان",
        "text": "(پێکەنین)",
        "text_original": "(پێکەنین)",
        "start": 275858.0,
        "end": 276769.0,
        "audio": "content/segments/122/109.ogg"
    },
    {
        "ID": "110",
        "gender": "M",
        "age": "A",
        "character_name": "زاهیر",
        "text": "دەستی خۆش بی، میستەر دوربینی باشە",
        "text_original": "دەستی خۆش بی، میستەر دوربینی باشە",
        "start": 277411.0,
        "end": 280226.0,
        "audio": "content/segments/122/110.ogg"
    },
    {
        "ID": "111",
        "gender": "M",
        "age": "A",
        "character_name": "ڕێبوار",
        "text": "یاعنی ئەحە دوربینە",
        "text_original": "یاعنی ئەحە دوربینە",
        "start": 280348.0,
        "end": 281708.0,
        "audio": "content/segments/122/111.ogg"
    },
    {
        "ID": "112",
        "gender": "M",
        "age": "A",
        "character_name": "جەمیل",
        "text": "نەء هینە نازور لەیلیە",
        "text_original": "نەء هینە نازور لەیلیە",
        "start": 282334.0,
        "end": 284723.0,
        "audio": "content/segments/122/112.ogg"
    },
    {
        "ID": "113",
        "gender": "M",
        "age": "A",
        "character_name": "سەباح",
        "text": "ئەرێ کورینە بیل موناسەبە نازوڕ ئیسمی فاعیل نییە",
        "text_original": "ئەرێ کورینە بیل موناسەبە نازوڕ ئیسمی فاعیل نییە",
        "start": 284775.0,
        "end": 289001.0,
        "audio": "content/segments/122/113.ogg"
    },
    {
        "ID": "114",
        "gender": "M",
        "age": "A",
        "character_name": "حیکمەت",
        "text": "نازوڕ نازوڕ، نە ئیسمی فاعیل نییە",
        "text_original": "نازوڕ نازوڕ، نە ئیسمی فاعیل نییە",
        "start": 289165.0,
        "end": 292107.0,
        "audio": "content/segments/122/114.ogg"
    },
    {
        "ID": "115",
        "gender": "M",
        "age": "A",
        "character_name": "عەبدوڵا",
        "text": "بابا، بەرەوەڵا ئیسمی فاعیلە",
        "text_original": "بابا، بەرەوەڵا ئیسمی فاعیلە",
        "start": 292122.0,
        "end": 293818.0,
        "audio": "content/segments/122/115.ogg"
    },
    {
        "ID": "116",
        "gender": "M",
        "age": "A",
        "character_name": "عومەر",
        "text": "ئەھ وەڵا بوکا بە قوڕاو بابای چیتە مردو نەمرێ",
        "text_original": "ئەھ وەڵا بوکا بە قوڕاو بابای چیتە مردو نەمرێ",
        "start": 293867.0,
        "end": 297105.0,
        "audio": "content/segments/122/116.ogg"
    },
    {
        "ID": "117",
        "gender": "M",
        "age": "A",
        "character_name": "عومەر",
        "text": "وەڵای ئیسمی فاعیل نییە",
        "text_original": "وەڵای ئیسمی فاعیل نییە",
        "start": 297117.0,
        "end": 298441.0,
        "audio": "content/segments/122/117.ogg"
    },
    {
        "ID": "118",
        "gender": "M",
        "age": "A",
        "character_name": "جەمیل",
        "text": "ئەرێ بابە ئەم هەرایەی بۆ چییە، ئێستا لە میستەر بپرسن",
        "text_original": "ئەرێ بابە ئەم هەرایەی بۆ چییە، ئێستا لە میستەر بپرسن",
        "start": 298495.0,
        "end": 302464.0,
        "audio": "content/segments/122/118.ogg"
    },
    {
        "ID": "119",
        "gender": "M",
        "age": "A",
        "character_name": "جەمیل",
        "text": "ئەرێ میستەر، نازور ئیسمی فاعیلە",
        "text_original": "ئەرێ میستەر، نازور ئیسمی فاعیلە",
        "start": 302484.0,
        "end": 305507.0,
        "audio": "content/segments/122/119.ogg"
    },
    {
        "ID": "120",
        "gender": "M",
        "age": "A",
        "character_name": "مستەر",
        "text": "ئیسمی فاعیل",
        "text_original": "ئیسمی فاعیل",
        "start": 305736.0,
        "end": 307059.0,
        "audio": "content/segments/122/120.ogg"
    },
    {
        "ID": "121",
        "gender": "M",
        "age": "A",
        "character_name": "قوتابیەکان",
        "text": "ئا ئا",
        "text_original": "ئا ئا",
        "start": 307105.0,
        "end": 308330.0,
        "audio": "content/segments/122/121.ogg"
    },
    {
        "ID": "122",
        "gender": "M",
        "age": "A",
        "character_name": "مستەر",
        "text": "وەڵا وەڵا ئەو ئەحەیە نەک ئیسمی فاعیل، ئیسمی مەفحول بیهیش نییە",
        "text_original": "وەڵا وەڵا ئەو ئەحەیە نەک ئیسمی فاعیل، ئیسمی مەفحول بیهیش نییە",
        "start": 308956.0,
        "end": 314237.0,
        "audio": "content/segments/122/122.ogg"
    },
    {
        "ID": "123",
        "gender": "M",
        "age": "A",
        "character_name": "حیکمەت",
        "text": "ئەی بە قوربانی ئەو دەمە بم میستەر",
        "text_original": "ئەی بە قوربانی ئەو دەمە بم میستەر",
        "start": 314275.0,
        "end": 316571.0,
        "audio": "content/segments/122/123.ogg"
    },
    {
        "ID": "124",
        "gender": "M",
        "age": "A",
        "character_name": "حیکمەت",
        "text": "وەڵاهی ڕاسئەکەی، ئەو ئەحەیە هەرچی بەیتە دەس",
        "text_original": "وەڵاهی ڕاسئەکەی، ئەو ئەحەیە هەرچی بەیتە دەس",
        "start": 316756.0,
        "end": 320664.0,
        "audio": "content/segments/122/124.ogg"
    },
    {
        "ID": "125",
        "gender": "M",
        "age": "A",
        "character_name": "حیکمەت",
        "text": "بیلا مانا خەساری ئەکا",
        "text_original": "بیلا مانا خەساری ئەکا",
        "start": 320680.0,
        "end": 321818.0,
        "audio": "content/segments/122/125.ogg"
    },
    {
        "ID": "126",
        "gender": "M",
        "age": "A",
        "character_name": "زاهیر",
        "text": "ئەوجا خۆزگە هەر ئەوە بایە، پیاوەچی ترسنۆک، دیعایەچی",
        "text_original": "ئەوجا خۆزگە هەر ئەوە بایە، پیاوەچی ترسنۆک، دیعایەچی",
        "start": 322174.0,
        "end": 327540.0,
        "audio": "content/segments/122/126.ogg"
    },
    {
        "ID": "127",
        "gender": "M",
        "age": "A",
        "character_name": "سەباح",
        "text": "جا شتێچیکە زۆر موهیم، موشاغیب",
        "text_original": "جا شتێچیکە زۆر موهیم، موشاغیب",
        "start": 327568.0,
        "end": 330545.0,
        "audio": "content/segments/122/127.ogg"
    },
    {
        "ID": "128",
        "gender": "M",
        "age": "A",
        "character_name": "ڕێبوار",
        "text": "جا قەرز چۆر",
        "text_original": "جا قەرز چۆر",
        "start": 330570.0,
        "end": 332016.0,
        "audio": "content/segments/122/128.ogg"
    },
    {
        "ID": "129",
        "gender": "M",
        "age": "A",
        "character_name": "سەباح",
        "text": "ئنجا بە برای خۆم بڵێم دوو ڕوو",
        "text_original": "ئنجا بە برای خۆم بڵێم دوو ڕوو",
        "start": 332243.0,
        "end": 334910.0,
        "audio": "content/segments/122/129.ogg"
    },
    {
        "ID": "130",
        "gender": "M",
        "age": "A",
        "character_name": "عومەر",
        "text": "پاشان بێ مەوقیف",
        "text_original": "پاشان بێ مەوقیف",
        "start": 334945.0,
        "end": 336966.0,
        "audio": "content/segments/122/130.ogg"
    },
    {
        "ID": "131",
        "gender": "M",
        "age": "A",
        "character_name": "حیکمەت",
        "text": "ئنجا هەروا بێتەوانێ بێوەفا",
        "text_original": "ئنجا هەروا بێتەوانێ بێوەفا",
        "start": 337386.0,
        "end": 340874.0,
        "audio": "content/segments/122/131.ogg"
    },
    {
        "ID": "132",
        "gender": "M",
        "age": "A",
        "character_name": "موراقیب",
        "text": "وەڵاهی لە مەیانا عەفوو فەرموو کاک حیکمەت",
        "text_original": "وەڵاهی لە مەیانا عەفوو فەرموو کاک حیکمەت",
        "start": 341072.0,
        "end": 343718.0,
        "audio": "content/segments/122/132.ogg"
    },
    {
        "ID": "133",
        "gender": "M",
        "age": "A",
        "character_name": "موراقیب",
        "text": "وەڵای هەرچی شتێ بێ بێوەفا نییە",
        "text_original": "وەڵای هەرچی شتێ بێ بێوەفا نییە",
        "start": 343750.0,
        "end": 345680.0,
        "audio": "content/segments/122/133.ogg"
    },
    {
        "ID": "134",
        "gender": "M",
        "age": "A",
        "character_name": "مستەر",
        "text": "نانانا ڕاسئەکا، ئەگەر بێوەفا نەبوایە خەڵوز",
        "text_original": "نانانا ڕاسئەکا، ئەگەر بێوەفا نەبوایە خەڵوز",
        "start": 346017.0,
        "end": 350374.0,
        "audio": "content/segments/122/134.ogg"
    },
    {
        "ID": "135",
        "gender": "M",
        "age": "A",
        "character_name": "مستەر",
        "text": "ئە، چۆن بەبێ خواحافیزی و بێ گەردن ئازادی، ئازای بەجێی ئەهێشتین ها",
        "text_original": "ئە، چۆن بەبێ خواحافیزی و بێ گەردن ئازادی، ئازای بەجێی ئەهێشتین ها",
        "start": 350700.0,
        "end": 355811.0,
        "audio": "content/segments/122/135.ogg"
    },
    {
        "ID": "136",
        "gender": "M",
        "age": "A",
        "character_name": "عەبدوڵا",
        "text": "میستەر جیان، شتەکە زۆر زۆر مفاجیئ بوو",
        "text_original": "میستەر جیان، شتەکە زۆر زۆر مفاجیئ بوو",
        "start": 355888.0,
        "end": 359095.0,
        "audio": "content/segments/122/136.ogg"
    },
    {
        "ID": "137",
        "gender": "M",
        "age": "A",
        "character_name": "عەبدوڵا",
        "text": "شەوێ سەعات یەکی شەو نییە",
        "text_original": "شەوێ سەعات یەکی شەو نییە",
        "start": 359170.0,
        "end": 361043.0,
        "audio": "content/segments/122/137.ogg"
    },
    {
        "ID": "138",
        "gender": "M",
        "age": "A",
        "character_name": "مستەر",
        "text": "ئێ",
        "text_original": "ئێ",
        "start": 361140.0,
        "end": 361617.0,
        "audio": "content/segments/122/138.ogg"
    },
    {
        "ID": "139",
        "gender": "M",
        "age": "A",
        "character_name": "عەبدوڵا",
        "text": "کوری پورێچی بە پیکابێکەوە هاتۆتە بەر دەرگاکەیان",
        "text_original": "کوری پورێچی بە پیکابێکەوە هاتۆتە بەر دەرگاکەیان",
        "start": 361631.0,
        "end": 364159.0,
        "audio": "content/segments/122/139.ogg"
    },
    {
        "ID": "140",
        "gender": "M",
        "age": "A",
        "character_name": "مستەر",
        "text": "ئێه",
        "text_original": "ئێه",
        "start": 364177.0,
        "end": 364725.0,
        "audio": "content/segments/122/140.ogg"
    },
    {
        "ID": "141",
        "gender": "M",
        "age": "A",
        "character_name": "عەبدوڵا",
        "text": "لە جەرەسی یاوە و یەکسەر وتویەتی، پەلی گرتوە و پێشم کەوە",
        "text_original": "لە جەرەسی یاوە و یەکسەر وتویەتی، پەلی گرتوە و پێشم کەوە",
        "start": 364753.0,
        "end": 368134.0,
        "audio": "content/segments/122/141.ogg"
    },
    {
        "ID": "142",
        "gender": "M",
        "age": "A",
        "character_name": "عەبدوڵا",
        "text": "فریا نەکەوت، فریای ئەوە نەکەوت هیچ بنێرێ",
        "text_original": "فریا نەکەوت، فریای ئەوە نەکەوت هیچ بنێرێ",
        "start": 368142.0,
        "end": 369847.0,
        "audio": "content/segments/122/142.ogg"
    },
    {
        "ID": "143",
        "gender": "M",
        "age": "A",
        "character_name": "عومەر",
        "text": "یەعنی جەنابی مام عەوڵا",
        "text_original": "یەعنی جەنابی مام عەوڵا",
        "start": 369899.0,
        "end": 371658.0,
        "audio": "content/segments/122/143.ogg"
    },
    {
        "ID": "144",
        "gender": "M",
        "age": "A",
        "character_name": "عومەر",
        "text": "نەی ئەتوانی دوو کەلیمە خواحافیزیمان بۆ بنوسێ ها",
        "text_original": "نەی ئەتوانی دوو کەلیمە خواحافیزیمان بۆ بنوسێ ها",
        "start": 372207.0,
        "end": 374959.0,
        "audio": "content/segments/122/144.ogg"
    },
    {
        "ID": "145",
        "gender": "NA",
        "age": "NA",
        "character_name": "NA",
        "text": "چۆن",
        "text_original": "چۆن",
        "start": 375001.0,
        "end": 377195.0,
        "audio": "content/segments/122/145.ogg"
    },
    {
        "ID": "146",
        "gender": "M",
        "age": "A",
        "character_name": "موراقیب",
        "text": "دانیشن",
        "text_original": "دانیشن",
        "start": 377231.0,
        "end": 378051.0,
        "audio": "content/segments/122/146.ogg"
    },
    {
        "ID": "147",
        "gender": "M",
        "age": "A",
        "character_name": "موراقیب",
        "text": "کاغەزێکی نوسیوە",
        "text_original": "کاغەزێکی نوسیوە",
        "start": 378111.0,
        "end": 379337.0,
        "audio": "content/segments/122/147.ogg"
    },
    {
        "ID": "148",
        "gender": "M",
        "age": "A",
        "character_name": "قوتابیەکان",
        "text": "ئێ ئێ ئێ",
        "text_original": "ئێ ئێ ئێ",
        "start": 379384.0,
        "end": 380500.0,
        "audio": "content/segments/122/148.ogg"
    },
    {
        "ID": "149",
        "gender": "M",
        "age": "A",
        "character_name": "موراقیب",
        "text": "ڕاوەس",
        "text_original": "ڕاوەس",
        "start": 380514.0,
        "end": 381078.0,
        "audio": "content/segments/122/149.ogg"
    },
    {
        "ID": "150",
        "gender": "M",
        "age": "A",
        "character_name": "حیکمەت",
        "text": "دەی",
        "text_original": "دەی",
        "start": 381123.0,
        "end": 381739.0,
        "audio": "content/segments/122/150.ogg"
    },
    {
        "ID": "151",
        "gender": "M",
        "age": "A",
        "character_name": "زاهیر",
        "text": "چ دەرێ",
        "text_original": "چ دەرێ",
        "start": 382165.0,
        "end": 383032.0,
        "audio": "content/segments/122/151.ogg"
    },
    {
        "ID": "152",
        "gender": "M",
        "age": "A",
        "character_name": "مستەر",
        "text": "ڕاوەسن",
        "text_original": "ڕاوەسن",
        "start": 383650.0,
        "end": 384529.0,
        "audio": "content/segments/122/152.ogg"
    },
    {
        "ID": "153",
        "gender": "M",
        "age": "A",
        "character_name": "موراقیب",
        "text": "ئەمە کاغەزەکەیەتی",
        "text_original": "ئەمە کاغەزەکەیەتی",
        "start": 384776.0,
        "end": 386529.0,
        "audio": "content/segments/122/153.ogg"
    },
    {
        "ID": "154",
        "gender": "M",
        "age": "A",
        "character_name": "موراقیب",
        "text": "ئەمەتانێ",
        "text_original": "ئەمەتانێ",
        "start": 387876.0,
        "end": 389105.0,
        "audio": "content/segments/122/154.ogg"
    },
    {
        "ID": "155",
        "gender": "M",
        "age": "A",
        "character_name": "قوتابیەکان",
        "text": "ئێ ئێ",
        "text_original": "ئێ ئێ",
        "start": 390981.0,
        "end": 392191.0,
        "audio": "content/segments/122/155.ogg"
    },
    {
        "ID": "156",
        "gender": "M",
        "age": "A",
        "character_name": "مستەر",
        "text": "کورە دە بابە بیخوێنەرەوە، دڵمان شەقی برد",
        "text_original": "کورە دە بابە بیخوێنەرەوە، دڵمان شەقی برد",
        "start": 392266.0,
        "end": 394339.0,
        "audio": "content/segments/122/156.ogg"
    },
    {
        "ID": "157",
        "gender": "NA",
        "age": "NA",
        "character_name": "NA",
        "text": "دە ڕاوەسە کاکە خەتی ناخۆشە",
        "text_original": "دە ڕاوەسە کاکە خەتی ناخۆشە",
        "start": 394372.0,
        "end": 396523.0,
        "audio": "content/segments/122/157.ogg"
    },
    {
        "ID": "158",
        "gender": "M",
        "age": "A",
        "character_name": "موراقیب",
        "text": "ئا",
        "text_original": "ئا",
        "start": 396546.0,
        "end": 397067.0,
        "audio": "content/segments/122/158.ogg"
    },
    {
        "ID": "159",
        "gender": "M",
        "age": "A",
        "character_name": "قوتابیەکان",
        "text": "ئا",
        "text_original": "ئا",
        "start": 397083.0,
        "end": 397646.0,
        "audio": "content/segments/122/159.ogg"
    },
    {
        "ID": "160",
        "gender": "M",
        "age": "A",
        "character_name": "موراقیب",
        "text": "با",
        "text_original": "با",
        "start": 397654.0,
        "end": 398072.0,
        "audio": "content/segments/122/160.ogg"
    },
    {
        "ID": "161",
        "gender": "M",
        "age": "A",
        "character_name": "قوتابیەکان",
        "text": "با",
        "text_original": "با",
        "start": 398089.0,
        "end": 398645.0,
        "audio": "content/segments/122/161.ogg"
    },
    {
        "ID": "162",
        "gender": "M",
        "age": "A",
        "character_name": "موراقیب",
        "text": "بە کو، بە کوبرا، بە کوبرا پانی، بە کوبرا پانی",
        "text_original": "بە کو، بە کوبرا، بە کوبرا پانی، بە کوبرا پانی",
        "start": 399012.0,
        "end": 402993.0,
        "audio": "content/segments/122/162.ogg"
    },
    {
        "ID": "163",
        "gender": "M",
        "age": "A",
        "character_name": "عومەر",
        "text": "بە کوبرا پانی یەعنی چی",
        "text_original": "بە کوبرا پانی یەعنی چی",
        "start": 403089.0,
        "end": 404682.0,
        "audio": "content/segments/122/163.ogg"
    },
    {
        "ID": "164",
        "gender": "M",
        "age": "A",
        "character_name": "جەمیل",
        "text": "ئەوە من ئەیناسم، ئەوە ژنە زەعیفەکەیە ماریان ئەوەتا لەو دیوە",
        "text_original": "ئەوە من ئەیناسم، ئەوە ژنە زەعیفەکەیە ماریان ئەوەتا لەو دیوە",
        "start": 404815.0,
        "end": 409021.0,
        "audio": "content/segments/122/164.ogg"
    },
    {
        "ID": "165",
        "gender": "M",
        "age": "A",
        "character_name": "عەبدوڵا",
        "text": "ئێ دەکەواتە ئەو کاخەزەی بۆ ئەم نوسیوە لایبە",
        "text_original": "ئێ دەکەواتە ئەو کاخەزەی بۆ ئەم نوسیوە لایبە",
        "start": 409036.0,
        "end": 411442.0,
        "audio": "content/segments/122/165.ogg"
    },
    {
        "ID": "166",
        "gender": "M",
        "age": "A",
        "character_name": "موراقیب",
        "text": "بابە بۆ منە من، بە کوبرا بە کوبرا پانی پولەکە",
        "text_original": "بابە بۆ منە من، بە کوبرا بە کوبرا پانی پولەکە",
        "start": 411473.0,
        "end": 415965.0,
        "audio": "content/segments/122/166.ogg"
    },
    {
        "ID": "167",
        "gender": "M",
        "age": "A",
        "character_name": "جەمیل",
        "text": "ئێ دە تەواوە، دایمە ئەو ژنە کەوای پولەکەی لە بەرایە",
        "text_original": "ئێ دە تەواوە، دایمە ئەو ژنە کەوای پولەکەی لە بەرایە",
        "start": 415971.0,
        "end": 419934.0,
        "audio": "content/segments/122/167.ogg"
    },
    {
        "ID": "168",
        "gender": "M",
        "age": "A",
        "character_name": "ڕێبوار",
        "text": "کەواتە لایبە عەیبی ئەو ژنەیە مەیخوێنەوە",
        "text_original": "کەواتە لایبە عەیبی ئەو ژنەیە مەیخوێنەوە",
        "start": 420035.0,
        "end": 421987.0,
        "audio": "content/segments/122/168.ogg"
    },
    {
        "ID": "169",
        "gender": "M",
        "age": "A",
        "character_name": "موراقیب",
        "text": "کورە بابە بۆ منی ناردوە، وتویەتی بگا بە دەسی کا بارزان",
        "text_original": "کورە بابە بۆ منی ناردوە، وتویەتی بگا بە دەسی کا بارزان",
        "start": 421999.0,
        "end": 425088.0,
        "audio": "content/segments/122/169.ogg"
    },
    {
        "ID": "170",
        "gender": "M",
        "age": "A",
        "character_name": "سەباح",
        "text": "دە هەبێ و نەبێ گۆراوە",
        "text_original": "دە هەبێ و نەبێ گۆراوە",
        "start": 425127.0,
        "end": 426474.0,
        "audio": "content/segments/122/170.ogg"
    },
    {
        "ID": "171",
        "gender": "M",
        "age": "A",
        "character_name": "سەباح",
        "text": "قاغەزەکەی ئێمە لەگەڵ کوبرا خانا گۆراوە",
        "text_original": "قاغەزەکەی ئێمە لەگەڵ کوبرا خانا گۆراوە",
        "start": 426489.0,
        "end": 428935.0,
        "audio": "content/segments/122/171.ogg"
    },
    {
        "ID": "172",
        "gender": "NA",
        "age": "NA",
        "character_name": "NA",
        "text": "چێ گۆڕیویەتی قەلەموون",
        "text_original": "چێ گۆڕیویەتی قەلەموون",
        "start": 428948.0,
        "end": 430569.0,
        "audio": "content/segments/122/172.ogg"
    },
    {
        "ID": "173",
        "gender": "M",
        "age": "A",
        "character_name": "جەمیل",
        "text": "لە دائیرەی بەرید",
        "text_original": "لە دائیرەی بەرید",
        "start": 430682.0,
        "end": 431836.0,
        "audio": "content/segments/122/173.ogg"
    },
    {
        "ID": "174",
        "gender": "M",
        "age": "A",
        "character_name": "مستەر",
        "text": "کورە بابە بەریدی چی، کوا بەرلید کاخەز و شت دێنێ و کاغەز ئەبا",
        "text_original": "کورە بابە بەریدی چی، کوا بەرلید کاخەز و شت دێنێ و کاغەز ئەبا",
        "start": 431911.0,
        "end": 436033.0,
        "audio": "content/segments/122/174.ogg"
    },
    {
        "ID": "175",
        "gender": "M",
        "age": "A",
        "character_name": "زاهیر",
        "text": "ئێ دە باشە کوبرا پانی و پولەکە ماعنای چییە",
        "text_original": "ئێ دە باشە کوبرا پانی و پولەکە ماعنای چییە",
        "start": 436057.0,
        "end": 438800.0,
        "audio": "content/segments/122/175.ogg"
    },
    {
        "ID": "176",
        "gender": "M",
        "age": "A",
        "character_name": "موراقیب",
        "text": "ئێ چوزانم ئەو وای نوسیوە مستەر",
        "text_original": "ئێ چوزانم ئەو وای نوسیوە مستەر",
        "start": 438927.0,
        "end": 441271.0,
        "audio": "content/segments/122/176.ogg"
    },
    {
        "ID": "177",
        "gender": "M",
        "age": "A",
        "character_name": "مستەر",
        "text": "نابێ غەڵەتە",
        "text_original": "نابێ غەڵەتە",
        "start": 441429.0,
        "end": 442217.0,
        "audio": "content/segments/122/177.ogg"
    },
    {
        "ID": "178",
        "gender": "M",
        "age": "A",
        "character_name": "سەباح",
        "text": "ئا بێنە بێنە بێنە، کا عومەر تۆ بۆمان بخوێنەوە",
        "text_original": "ئا بێنە بێنە بێنە، کا عومەر تۆ بۆمان بخوێنەوە",
        "start": 442244.0,
        "end": 445191.0,
        "audio": "content/segments/122/178.ogg"
    },
    {
        "ID": "180",
        "gender": "M",
        "age": "A",
        "character_name": "مستەر",
        "text": "ئادەی عومەر بزانە ئەڵێ چی",
        "text_original": "ئادەی عومەر بزانە ئەڵێ چی",
        "start": 447633.0,
        "end": 449167.0,
        "audio": "content/segments/122/180.ogg"
    },
    {
        "ID": "181",
        "gender": "M",
        "age": "A",
        "character_name": "عومەر",
        "text": "ئیف ئەی بەخێرنەیتەوە، ئەمەیە خوێنەواریەکە",
        "text_original": "ئیف ئەی بەخێرنەیتەوە، ئەمەیە خوێنەواریەکە",
        "start": 450114.0,
        "end": 454439.0,
        "audio": "content/segments/122/181.ogg"
    },
    {
        "ID": "182",
        "gender": "M",
        "age": "A",
        "character_name": "عومەر",
        "text": "ئەها ئەڵێ چی",
        "text_original": "ئەها ئەڵێ چی",
        "start": 454906.0,
        "end": 456398.0,
        "audio": "content/segments/122/182.ogg"
    },
    {
        "ID": "183",
        "gender": "M",
        "age": "A",
        "character_name": "مستەر",
        "text": "ئەڵێ چی ئاغا ئادەی بیخوێنەرەوە بزانم، تۆ بیخوێنەرەوە",
        "text_original": "ئەڵێ چی ئاغا ئادەی بیخوێنەرەوە بزانم، تۆ بیخوێنەرەوە",
        "start": 456415.0,
        "end": 458884.0,
        "audio": "content/segments/122/183.ogg"
    },
    {
        "ID": "184",
        "gender": "M",
        "age": "A",
        "character_name": "عومەر",
        "text": "ئەڵێێ، بەڵکوو پۆ پۆلەکە",
        "text_original": "ئەڵێێ، بەڵکوو پۆ پۆلەکە",
        "start": 458913.0,
        "end": 466107.0,
        "audio": "content/segments/122/184.ogg"
    },
    {
        "ID": "185",
        "gender": "M",
        "age": "A",
        "character_name": "مستەر",
        "text": "ئێه",
        "text_original": "ئێه",
        "start": 466376.0,
        "end": 466894.0,
        "audio": "content/segments/122/185.ogg"
    },
    {
        "ID": "186",
        "gender": "M",
        "age": "A",
        "character_name": "عومەر",
        "text": "ئاگادار بکەی کە من ئیشێکی کوتو، کوتو پڕم",
        "text_original": "ئاگادار بکەی کە من ئیشێکی کوتو، کوتو پڕم",
        "start": 467177.0,
        "end": 478962.0,
        "audio": "content/segments/122/186.ogg"
    },
    {
        "ID": "187",
        "gender": "M",
        "age": "A",
        "character_name": "مستەر",
        "text": "کتو پڕ",
        "text_original": "کتو پڕ",
        "start": 478980.0,
        "end": 479667.0,
        "audio": "content/segments/122/187.ogg"
    },
    {
        "ID": "188",
        "gender": "M",
        "age": "A",
        "character_name": "عومەر",
        "text": "کتو پڕم هاتۆتە ڕێ و بڕایەوە",
        "text_original": "کتو پڕم هاتۆتە ڕێ و بڕایەوە",
        "start": 479695.0,
        "end": 484510.0,
        "audio": "content/segments/122/188.ogg"
    },
    {
        "ID": "189",
        "gender": "M",
        "age": "A",
        "character_name": "موراقیب",
        "text": "کۆڕە مستەر وەختەکە بەو شتە هیچ و پوچە مەکوژە",
        "text_original": "کۆڕە مستەر وەختەکە بەو شتە هیچ و پوچە مەکوژە",
        "start": 484529.0,
        "end": 487632.0,
        "audio": "content/segments/122/189.ogg"
    },
    {
        "ID": "190",
        "gender": "M",
        "age": "A",
        "character_name": "موراقیب",
        "text": "دەرسەکەمان بۆ شەرح کە، دە لایبەن",
        "text_original": "دەرسەکەمان بۆ شەرح کە، دە لایبەن",
        "start": 487766.0,
        "end": 489794.0,
        "audio": "content/segments/122/190.ogg"
    },
    {
        "ID": "191",
        "gender": "M",
        "age": "A",
        "character_name": "قوتابیەکان",
        "text": "(پێکەنین)",
        "text_original": "(پێکەنین)",
        "start": 489813.0,
        "end": 492603.0,
        "audio": "content/segments/122/191.ogg"
    },
    {
        "ID": "192",
        "gender": "M",
        "age": "A",
        "character_name": "موراقیب",
        "text": "بۆ بۆ",
        "text_original": "بۆ بۆ",
        "start": 492603.0,
        "end": 493238.0,
        "audio": "content/segments/122/192.ogg"
    },
    {
        "ID": "193",
        "gender": "M",
        "age": "A",
        "character_name": "مستەر",
        "text": "ئەها عاسمان ستونی ئەوێ، موراقیب وا بڵێ",
        "text_original": "ئەها عاسمان ستونی ئەوێ، موراقیب وا بڵێ",
        "start": 493313.0,
        "end": 496788.0,
        "audio": "content/segments/122/193.ogg"
    },
    {
        "ID": "194",
        "gender": "M",
        "age": "A",
        "character_name": "حیکمەت",
        "text": "میستەر ئاخر زەمانە، ئاخر زەمان",
        "text_original": "میستەر ئاخر زەمانە، ئاخر زەمان",
        "start": 496923.0,
        "end": 499034.0,
        "audio": "content/segments/122/194.ogg"
    },
    {
        "ID": "195",
        "gender": "M",
        "age": "A",
        "character_name": "عەبدوڵا",
        "text": "نەوەڵا نە ئەخیر زەمانە و نە هیچ شتێک",
        "text_original": "نەوەڵا نە ئەخیر زەمانە و نە هیچ شتێک",
        "start": 499044.0,
        "end": 501289.0,
        "audio": "content/segments/122/195.ogg"
    },
    {
        "ID": "196",
        "gender": "M",
        "age": "A",
        "character_name": "عەبدوڵا",
        "text": "ئەوە نیشانەی تەتەوڕە تەتەوڕ",
        "text_original": "ئەوە نیشانەی تەتەوڕە تەتەوڕ",
        "start": 501843.0,
        "end": 503547.0,
        "audio": "content/segments/122/196.ogg"
    },
    {
        "ID": "197",
        "gender": "M",
        "age": "A",
        "character_name": "سەباح",
        "text": "میستەر جیان، باش بوو برادەران ئێ، باسی تەتەوڕیان کرد",
        "text_original": "میستەر جیان، باش بوو برادەران ئێ، باسی تەتەوڕیان کرد",
        "start": 503672.0,
        "end": 507568.0,
        "audio": "content/segments/122/197.ogg"
    },
    {
        "ID": "198",
        "gender": "M",
        "age": "A",
        "character_name": "سەباح",
        "text": "سوئالێچی زۆر موهیمم بیرکەوتەوە",
        "text_original": "سوئالێچی زۆر موهیمم بیرکەوتەوە",
        "start": 507663.0,
        "end": 510324.0,
        "audio": "content/segments/122/198.ogg"
    },
    {
        "ID": "199",
        "gender": "M",
        "age": "A",
        "character_name": "مستەر",
        "text": "ئادەی بەساقە چییە ئەو سوئالە دەی",
        "text_original": "ئادەی بەساقە چییە ئەو سوئالە دەی",
        "start": 510394.0,
        "end": 512600.0,
        "audio": "content/segments/122/199.ogg"
    },
    {
        "ID": "200",
        "gender": "M",
        "age": "A",
        "character_name": "سەباح",
        "text": "زەحمەت نەبێ زەحمەت نەبێ، سەعات چەنە لای تۆ",
        "text_original": "زەحمەت نەبێ زەحمەت نەبێ، سەعات چەنە لای تۆ",
        "start": 512706.0,
        "end": 515951.0,
        "audio": "content/segments/122/200.ogg"
    },
    {
        "ID": "201",
        "gender": "M",
        "age": "A",
        "character_name": "قوتابیەکان",
        "text": "(پێکەنین)",
        "text_original": "(پێکەنین)",
        "start": 515971.0,
        "end": 519044.0,
        "audio": "content/segments/122/201.ogg"
    },
    {
        "ID": "202",
        "gender": "M",
        "age": "A",
        "character_name": "مستەر",
        "text": "باس بەس، بێدەنگ بێدەنگ، بێدەنگ بۆ پێئەکەنن بۆ پێئەکەنن",
        "text_original": "باس بەس، بێدەنگ بێدەنگ، بێدەنگ بۆ پێئەکەنن بۆ پێئەکەنن",
        "start": 519067.0,
        "end": 523707.0,
        "audio": "content/segments/122/202.ogg"
    },
    {
        "ID": "203",
        "gender": "M",
        "age": "A",
        "character_name": "مستەر",
        "text": "سوئالەکەی زۆر زۆر موهیمە و لە جێی خۆیایەتی",
        "text_original": "سوئالەکەی زۆر زۆر موهیمە و لە جێی خۆیایەتی",
        "start": 523996.0,
        "end": 526996.0,
        "audio": "content/segments/122/203.ogg"
    },
    {
        "ID": "204",
        "gender": "M",
        "age": "A",
        "character_name": "زاهیر",
        "text": "مهیمەکەی لە چێندەرێیە مستەر، ئەمە هەموومان باسی تەتەوڕ دەکەین",
        "text_original": "مهیمەکەی لە چێندەرێیە مستەر، ئەمە هەموومان باسی تەتەوڕ دەکەین",
        "start": 527013.0,
        "end": 530804.0,
        "audio": "content/segments/122/204.ogg"
    },
    {
        "ID": "205",
        "gender": "M",
        "age": "A",
        "character_name": "زاهیر",
        "text": "جەنابی تازە بە تازە دەرێ لە کنە ئەتوو سەعات چەندە",
        "text_original": "جەنابی تازە بە تازە دەرێ لە کنە ئەتوو سەعات چەندە",
        "start": 530902.0,
        "end": 534157.0,
        "audio": "content/segments/122/205.ogg"
    },
    {
        "ID": "206",
        "gender": "M",
        "age": "A",
        "character_name": "مستەر",
        "text": "زاهیر جیان، چاوت دەخۆم ڕۆحەکەم زەمەن تەتەوڕ ئەکا",
        "text_original": "زاهیر جیان، چاوت دەخۆم ڕۆحەکەم زەمەن تەتەوڕ ئەکا",
        "start": 534263.0,
        "end": 540133.0,
        "audio": "content/segments/122/206.ogg"
    },
    {
        "ID": "207",
        "gender": "M",
        "age": "A",
        "character_name": "زاهیر",
        "text": "حااا",
        "text_original": "حااا",
        "start": 540157.0,
        "end": 541011.0,
        "audio": "content/segments/122/207.ogg"
    },
    {
        "ID": "208",
        "gender": "M",
        "age": "A",
        "character_name": "موراقیب",
        "text": "تەتەوڕ ئەکا یاعنی چی لێیێ",
        "text_original": "تەتەوڕ ئەکا یاعنی چی لێیێ",
        "start": 541031.0,
        "end": 542640.0,
        "audio": "content/segments/122/208.ogg"
    },
    {
        "ID": "209",
        "gender": "M",
        "age": "A",
        "character_name": "عومەر",
        "text": "یەعنی دەقیقە ئەبێ بە سەعات",
        "text_original": "یەعنی دەقیقە ئەبێ بە سەعات",
        "start": 542659.0,
        "end": 544567.0,
        "audio": "content/segments/122/209.ogg"
    },
    {
        "ID": "210",
        "gender": "M",
        "age": "A",
        "character_name": "مستەر",
        "text": "ئافەرم، سەعاتیش ئەبێ بە ڕۆژ، ڕۆژیش ئەبێ بە حەفتە",
        "text_original": "ئافەرم، سەعاتیش ئەبێ بە ڕۆژ، ڕۆژیش ئەبێ بە حەفتە",
        "start": 544602.0,
        "end": 548661.0,
        "audio": "content/segments/122/210.ogg"
    },
    {
        "ID": "211",
        "gender": "M",
        "age": "A",
        "character_name": "مستەر",
        "text": "حەفتەش ئەبێ بە مانگ، مانگیش ئەبێ بە ساڵ، ئەی چۆن",
        "text_original": "حەفتەش ئەبێ بە مانگ، مانگیش ئەبێ بە ساڵ، ئەی چۆن",
        "start": 548675.0,
        "end": 552295.0,
        "audio": "content/segments/122/211.ogg"
    },
    {
        "ID": "212",
        "gender": "M",
        "age": "A",
        "character_name": "جەمیل",
        "text": "ئنجا خۆ بەو قسەیەی تۆ بێ میستەر، یاعنی هەموو شت تەتەوڕ ئەکا",
        "text_original": "ئنجا خۆ بەو قسەیەی تۆ بێ میستەر، یاعنی هەموو شت تەتەوڕ ئەکا",
        "start": 552489.0,
        "end": 556471.0,
        "audio": "content/segments/122/212.ogg"
    },
    {
        "ID": "213",
        "gender": "M",
        "age": "A",
        "character_name": "مستەر",
        "text": "ئەی تەبعەن ڕۆڵە، ئەرەوەڵا هەموو شتێ تەتەور ئەکا",
        "text_original": "ئەی تەبعەن ڕۆڵە، ئەرەوەڵا هەموو شتێ تەتەور ئەکا",
        "start": 556497.0,
        "end": 559111.0,
        "audio": "content/segments/122/213.ogg"
    },
    {
        "ID": "214",
        "gender": "M",
        "age": "A",
        "character_name": "مستەر",
        "text": "ئێستا مەسەلەن با پێو بڵێم",
        "text_original": "ئێستا مەسەلەن با پێو بڵێم",
        "start": 559195.0,
        "end": 560956.0,
        "audio": "content/segments/122/214.ogg"
    },
    {
        "ID": "215",
        "gender": "M",
        "age": "A",
        "character_name": "مستەر",
        "text": "مەسەلەن ناڕەزای لە ئەوەڵ جارا جوکە جوکە",
        "text_original": "مەسەلەن ناڕەزای لە ئەوەڵ جارا جوکە جوکە",
        "start": 561088.0,
        "end": 564596.0,
        "audio": "content/segments/122/215.ogg"
    },
    {
        "ID": "216",
        "gender": "M",
        "age": "A",
        "character_name": "مستەر",
        "text": "ئنجا کە وەختێک ئەزانی ئەبێ بە دەنگە دەنگ، ئنجا ئەبێ بە ئەو داکێشان",
        "text_original": "ئنجا کە وەختێک ئەزانی ئەبێ بە دەنگە دەنگ، ئنجا ئەبێ بە ئەو داکێشان",
        "start": 564603.0,
        "end": 568248.0,
        "audio": "content/segments/122/216.ogg"
    },
    {
        "ID": "217",
        "gender": "M",
        "age": "A",
        "character_name": "مستەر",
        "text": "ئەبێ بە شەڕە بەرد، تاکو وای لێدێ یەکسەر ئەبێ بە ڕاپەرین",
        "text_original": "ئەبێ بە شەڕە بەرد، تاکو وای لێدێ یەکسەر ئەبێ بە ڕاپەرین",
        "start": 568372.0,
        "end": 571422.0,
        "audio": "content/segments/122/217.ogg"
    },
    {
        "ID": "218",
        "gender": "M",
        "age": "A",
        "character_name": "عومەر",
        "text": "میستەر گیان هینیش، پارە پارە ئەگەر زۆر هەوڵی بۆ بەی ئەبێ بە مەراق",
        "text_original": "میستەر گیان هینیش، پارە پارە ئەگەر زۆر هەوڵی بۆ بەی ئەبێ بە مەراق",
        "start": 571501.0,
        "end": 575975.0,
        "audio": "content/segments/122/218.ogg"
    },
    {
        "ID": "219",
        "gender": "M",
        "age": "A",
        "character_name": "مستەر",
        "text": "ئەی ئافەرم زۆر ڕاس",
        "text_original": "ئەی ئافەرم زۆر ڕاس",
        "start": 575993.0,
        "end": 577641.0,
        "audio": "content/segments/122/219.ogg"
    },
    {
        "ID": "220",
        "gender": "M",
        "age": "A",
        "character_name": "موراقیب",
        "text": "مستەر ڕاسئەکا، دۆستایەتیش وایە",
        "text_original": "مستەر ڕاسئەکا، دۆستایەتیش وایە",
        "start": 577644.0,
        "end": 579461.0,
        "audio": "content/segments/122/220.ogg"
    },
    {
        "ID": "221",
        "gender": "M",
        "age": "A",
        "character_name": "مستەر",
        "text": "چۆن",
        "text_original": "چۆن",
        "start": 579643.0,
        "end": 580245.0,
        "audio": "content/segments/122/221.ogg"
    },
    {
        "ID": "222",
        "gender": "M",
        "age": "A",
        "character_name": "موراقیب",
        "text": "دۆستایەتیش زۆری لەسەر بڕۆی زۆر قولی کەیتەوە",
        "text_original": "دۆستایەتیش زۆری لەسەر بڕۆی زۆر قولی کەیتەوە",
        "start": 580267.0,
        "end": 582951.0,
        "audio": "content/segments/122/222.ogg"
    },
    {
        "ID": "223",
        "gender": "M",
        "age": "A",
        "character_name": "موراقیب",
        "text": "ئەمەنە دۆستی خەڵک بی، ئەخیرەکەی ئەبێ بە دووژمنایەتی",
        "text_original": "ئەمەنە دۆستی خەڵک بی، ئەخیرەکەی ئەبێ بە دووژمنایەتی",
        "start": 582951.0,
        "end": 586013.0,
        "audio": "content/segments/122/223.ogg"
    },
    {
        "ID": "224",
        "gender": "M",
        "age": "A",
        "character_name": "مستەر",
        "text": "ئەی ئافەرم، ئافەرم موراقیب",
        "text_original": "ئەی ئافەرم، ئافەرم موراقیب",
        "start": 586110.0,
        "end": 588386.0,
        "audio": "content/segments/122/224.ogg"
    },
    {
        "ID": "225",
        "gender": "M",
        "age": "A",
        "character_name": "جەمیل",
        "text": "ئێه، دەزووی باغاش میستەر",
        "text_original": "ئێه، دەزووی باغاش میستەر",
        "start": 588646.0,
        "end": 590794.0,
        "audio": "content/segments/122/225.ogg"
    },
    {
        "ID": "226",
        "gender": "M",
        "age": "A",
        "character_name": "مستەر",
        "text": "دەزووی بەغاش چییە",
        "text_original": "دەزووی بەغاش چییە",
        "start": 590820.0,
        "end": 592149.0,
        "audio": "content/segments/122/226.ogg"
    },
    {
        "ID": "227",
        "gender": "M",
        "age": "A",
        "character_name": "جەمیل",
        "text": "مەسەلەن بۆ نمونە، ئ دەزویێچی بەغایی ئێنین",
        "text_original": "مەسەلەن بۆ نمونە، ئ دەزویێچی بەغایی ئێنین",
        "start": 593129.0,
        "end": 596967.0,
        "audio": "content/segments/122/227.ogg"
    },
    {
        "ID": "228",
        "gender": "M",
        "age": "A",
        "character_name": "جەمیل",
        "text": "ئەیخەینە ژێر زەڕەبینێ، میکڕۆسکۆبێ، ئەبێ بە گوریسێچی ئا ئەمەنە",
        "text_original": "ئەیخەینە ژێر زەڕەبینێ، میکڕۆسکۆبێ، ئەبێ بە گوریسێچی ئا ئەمەنە",
        "start": 597654.0,
        "end": 602701.0,
        "audio": "content/segments/122/228.ogg"
    },
    {
        "ID": "229",
        "gender": "M",
        "age": "A",
        "character_name": "قوتابیەکان",
        "text": "ئەبێ بە چی",
        "text_original": "ئەبێ بە چی",
        "start": 602734.0,
        "end": 604325.0,
        "audio": "content/segments/122/229.ogg"
    },
    {
        "ID": "230",
        "gender": "M",
        "age": "A",
        "character_name": "جەمیل",
        "text": "بە گوریس",
        "text_original": "بە گوریس",
        "start": 604345.0,
        "end": 605135.0,
        "audio": "content/segments/122/230.ogg"
    },
    {
        "ID": "231",
        "gender": "M",
        "age": "A",
        "character_name": "عومەر",
        "text": "ئەی خوا دەوامھ نەیا بۆ خۆت و شته",
        "text_original": "ئەی خوا دەوامھ نەیا بۆ خۆت و شته",
        "start": 605213.0,
        "end": 607633.0,
        "audio": "content/segments/122/231.ogg"
    },
    {
        "ID": "232",
        "gender": "M",
        "age": "A",
        "character_name": "حیکمەت",
        "text": "ئەو دەمەو بشکێ بێ شعور",
        "text_original": "ئەو دەمەو بشکێ بێ شعور",
        "start": 607683.0,
        "end": 609313.0,
        "audio": "content/segments/122/232.ogg"
    },
    {
        "ID": "233",
        "gender": "M",
        "age": "A",
        "character_name": "جەمیل",
        "text": "ئێ چیم وتوە بۆ",
        "text_original": "ئێ چیم وتوە بۆ",
        "start": 609333.0,
        "end": 610823.0,
        "audio": "content/segments/122/233.ogg"
    },
    {
        "ID": "234",
        "gender": "M",
        "age": "A",
        "character_name": "موراقیب",
        "text": "جا ئەوە قسەیە کرده",
        "text_original": "جا ئەوە قسەیە کرده",
        "start": 610824.0,
        "end": 611443.0,
        "audio": "content/segments/122/234.ogg"
    },
    {
        "ID": "235",
        "gender": "NA",
        "age": "NA",
        "character_name": "NA",
        "text": "چیم وت",
        "text_original": "چیم وت",
        "start": 611463.0,
        "end": 613415.0,
        "audio": "content/segments/122/235.ogg"
    },
    {
        "ID": "236",
        "gender": "M",
        "age": "A",
        "character_name": "ڕێبوار",
        "text": "زمانھ بە بڕین چێ",
        "text_original": "زمانھ بە بڕین چێ",
        "start": 613443.0,
        "end": 614677.0,
        "audio": "content/segments/122/236.ogg"
    },
    {
        "ID": "237",
        "gender": "M",
        "age": "A",
        "character_name": "زاهیر",
        "text": "قسەی قۆڕ و بێ مەعنا",
        "text_original": "قسەی قۆڕ و بێ مەعنا",
        "start": 614752.0,
        "end": 615992.0,
        "audio": "content/segments/122/237.ogg"
    },
    {
        "ID": "238",
        "gender": "NA",
        "age": "NA",
        "character_name": "NA",
        "text": "ئێ چیم کردوە",
        "text_original": "ئێ چیم کردوە",
        "start": 615998.0,
        "end": 617720.0,
        "audio": "content/segments/122/238.ogg"
    },
    {
        "ID": "239",
        "gender": "M",
        "age": "A",
        "character_name": "مستەر",
        "text": "چۆن چیو کردوە",
        "text_original": "چۆن چیو کردوە",
        "start": 617749.0,
        "end": 618717.0,
        "audio": "content/segments/122/239.ogg"
    },
    {
        "ID": "241",
        "gender": "M",
        "age": "A",
        "character_name": "مستەر",
        "text": "نازانی ئەترسن، ئەی نەھ بیستوە ئەڵێ ماران گەستە لە گوریسیش ئەترسێ",
        "text_original": "نازانی ئەترسن، ئەی نەھ بیستوە ئەڵێ ماران گەستە لە گوریسیش ئەترسێ",
        "start": 620973.0,
        "end": 626744.0,
        "audio": "content/segments/122/241.ogg"
    }
]