[
    {
        "ID": "2",
        "gender": "NA",
        "age": "NA",
        "character_name": "NA",
        "text": "دێوی کاک عەلادینم خشپیلەو دەست ڕەنگینم ئیش بۆ",
        "text_original": "دێوی کاک عەلادینم خشپیلەو دەست ڕەنگینم ئیش بۆ",
        "start": 8108.000000000001,
        "end": 13048.0,
        "audio": "content/segments/14/2.ogg"
    },
    {
        "ID": "3",
        "gender": "NA",
        "age": "NA",
        "character_name": "NA",
        "text": "یەک بەشەر ناکەم تا نەیەتە سەر دینم دێوە دێوە دێوە",
        "text_original": "یەک بەشەر ناکەم تا نەیەتە سەر دینم دێوە دێوە دێوە",
        "start": 13048.0,
        "end": 18715.0,
        "audio": "content/segments/14/3.ogg"
    },
    {
        "ID": "4",
        "gender": "NA",
        "age": "NA",
        "character_name": "NA",
        "text": "کەس خێرم لێ نابینێ هەتاکو خۆی نەخوورێنێ",
        "text_original": "کەس خێرم لێ نابینێ هەتاکو خۆی نەخوورێنێ",
        "start": 18915.0,
        "end": 22516.0,
        "audio": "content/segments/14/4.ogg"
    },
    {
        "ID": "5",
        "gender": "NA",
        "age": "NA",
        "character_name": "NA",
        "text": "دێوی کاک عەلادینم خشپیلەو دەس ڕەنگینم دێوە دێوە دێوە",
        "text_original": "دێوی کاک عەلادینم خشپیلەو دەس ڕەنگینم دێوە دێوە دێوە",
        "start": 23305.0,
        "end": 29355.0,
        "audio": "content/segments/14/5.ogg"
    },
    {
        "ID": "6",
        "gender": "NA",
        "age": "NA",
        "character_name": "NA",
        "text": "ئاخ کاک عەلادین ئێستا ئەگەر ئەهاتی وەڵا",
        "text_original": "ئاخ کاک عەلادین ئێستا ئەگەر ئەهاتی وەڵا",
        "start": 29759.0,
        "end": 34879.0,
        "audio": "content/segments/14/6.ogg"
    },
    {
        "ID": "7",
        "gender": "NA",
        "age": "NA",
        "character_name": "NA",
        "text": "هەزار دوو شەقم بۆ تەواو ئەکردی",
        "text_original": "هەزار دوو شەقم بۆ تەواو ئەکردی",
        "start": 34879.0,
        "end": 36984.0,
        "audio": "content/segments/14/7.ogg"
    },
    {
        "ID": "8",
        "gender": "NA",
        "age": "NA",
        "character_name": "NA",
        "text": "داخی ئەم کاک عەلادینە ناکەی",
        "text_original": "داخی ئەم کاک عەلادینە ناکەی",
        "start": 37332.0,
        "end": 39771.0,
        "audio": "content/segments/14/8.ogg"
    },
    {
        "ID": "9",
        "gender": "NA",
        "age": "NA",
        "character_name": "NA",
        "text": "نانە وردەم ئەیاتێ بەتەمایە هێلکەی ئاڵتونی بۆ بکەم",
        "text_original": "نانە وردەم ئەیاتێ بەتەمایە هێلکەی ئاڵتونی بۆ بکەم",
        "start": 39993.0,
        "end": 43916.0,
        "audio": "content/segments/14/9.ogg"
    },
    {
        "ID": "10",
        "gender": "NA",
        "age": "NA",
        "character_name": "NA",
        "text": "ئاخ کاک عەلادین ئاخ",
        "text_original": "ئاخ کاک عەلادین ئاخ",
        "start": 44148.0,
        "end": 47285.0,
        "audio": "content/segments/14/10.ogg"
    },
    {
        "ID": "11",
        "gender": "NA",
        "age": "NA",
        "character_name": "NA",
        "text": "دێوی کاک عەلادینم، ئەمرکە کاک عەلادین بۆو تەنفیز کەم",
        "text_original": "دێوی کاک عەلادینم، ئەمرکە کاک عەلادین بۆو تەنفیز کەم",
        "start": 47915.0,
        "end": 53416.0,
        "audio": "content/segments/14/11.ogg"
    },
    {
        "ID": "12",
        "gender": "NA",
        "age": "NA",
        "character_name": "NA",
        "text": "سۆپەر مارکێت لە خزمەتایە فەرموو ئەمرکەو تەنفیزی کەم",
        "text_original": "سۆپەر مارکێت لە خزمەتایە فەرموو ئەمرکەو تەنفیزی کەم",
        "start": 53696.0,
        "end": 57142.0,
        "audio": "content/segments/14/12.ogg"
    },
    {
        "ID": "13",
        "gender": "NA",
        "age": "NA",
        "character_name": "NA",
        "text": "ئەمە چییە ئەم بەزمە",
        "text_original": "ئەمە چییە ئەم بەزمە",
        "start": 57429.0,
        "end": 58483.0,
        "audio": "content/segments/14/13.ogg"
    },
    {
        "ID": "14",
        "gender": "NA",
        "age": "NA",
        "character_name": "NA",
        "text": "وەڵا وردە واڵەیە و",
        "text_original": "وەڵا وردە واڵەیە و",
        "start": 58483.0,
        "end": 59959.0,
        "audio": "content/segments/14/14.ogg"
    },
    {
        "ID": "15",
        "gender": "NA",
        "age": "NA",
        "character_name": "NA",
        "text": "ئەمە خۆت دروست کردووە",
        "text_original": "ئەمە خۆت دروست کردووە",
        "start": 59959.0,
        "end": 61249.0,
        "audio": "content/segments/14/15.ogg"
    },
    {
        "ID": "16",
        "gender": "NA",
        "age": "NA",
        "character_name": "NA",
        "text": "ئەروەڵا خۆم بە قەرز هێناومە و ئەیفرۆشم کا کارتی مۆبایل",
        "text_original": "ئەروەڵا خۆم بە قەرز هێناومە و ئەیفرۆشم کا کارتی مۆبایل",
        "start": 61476.0,
        "end": 68319.0,
        "audio": "content/segments/14/16.ogg"
    },
    {
        "ID": "17",
        "gender": "NA",
        "age": "NA",
        "character_name": "NA",
        "text": "بە سعرێکی گونجاو دە دۆلاری حەڤە دۆلاری تیایە",
        "text_original": "بە سعرێکی گونجاو دە دۆلاری حەڤە دۆلاری تیایە",
        "start": 68319.0,
        "end": 71774.0,
        "audio": "content/segments/14/17.ogg"
    },
    {
        "ID": "18",
        "gender": "NA",
        "age": "NA",
        "character_name": "NA",
        "text": "پسکیتی کاک عەلادین میزەڵان",
        "text_original": "پسکیتی کاک عەلادین میزەڵان",
        "start": 72104.0,
        "end": 74527.0,
        "audio": "content/segments/14/18.ogg"
    },
    {
        "ID": "19",
        "gender": "NA",
        "age": "NA",
        "character_name": "NA",
        "text": "ئێ گوێم لێبوو گۆرانیت ئەوت",
        "text_original": "ئێ گوێم لێبوو گۆرانیت ئەوت",
        "start": 74721.0,
        "end": 76501.0,
        "audio": "content/segments/14/19.ogg"
    },
    {
        "ID": "20",
        "gender": "NA",
        "age": "NA",
        "character_name": "NA",
        "text": "ئەروەڵا کورە لێرە نەبووی مەتح و سەنایەکی جەنابتم ئەکرد",
        "text_original": "ئەروەڵا کورە لێرە نەبووی مەتح و سەنایەکی جەنابتم ئەکرد",
        "start": 76501.0,
        "end": 81361.0,
        "audio": "content/segments/14/20.ogg"
    },
    {
        "ID": "21",
        "gender": "NA",
        "age": "NA",
        "character_name": "NA",
        "text": "ئێ وتت دەس ڕەنگینم کامە دەس ڕەنگینیەکەتە ئا پیشانم بە",
        "text_original": "ئێ وتت دەس ڕەنگینم کامە دەس ڕەنگینیەکەتە ئا پیشانم بە",
        "start": 81457.0,
        "end": 85313.0,
        "audio": "content/segments/14/21.ogg"
    },
    {
        "ID": "22",
        "gender": "NA",
        "age": "NA",
        "character_name": "NA",
        "text": "ئەوەتا کاک عەلادین بۆ نایبینی ئەها میزەڵان و شتم هێناوە",
        "text_original": "ئەوەتا کاک عەلادین بۆ نایبینی ئەها میزەڵان و شتم هێناوە",
        "start": 85614.0,
        "end": 88770.0,
        "audio": "content/segments/14/22.ogg"
    },
    {
        "ID": "23",
        "gender": "NA",
        "age": "NA",
        "character_name": "NA",
        "text": "دە وەرە وەرە دێوی خەڵکی کە چی نۆ ساحێبی ئەکا و",
        "text_original": "دە وەرە وەرە دێوی خەڵکی کە چی نۆ ساحێبی ئەکا و",
        "start": 88770.0,
        "end": 92082.0,
        "audio": "content/segments/14/23.ogg"
    },
    {
        "ID": "24",
        "gender": "NA",
        "age": "NA",
        "character_name": "NA",
        "text": "تۆش میزەڵان و هین بۆ ڕیز کردووەم",
        "text_original": "تۆش میزەڵان و هین بۆ ڕیز کردووەم",
        "start": 92082.0,
        "end": 94132.0,
        "audio": "content/segments/14/24.ogg"
    },
    {
        "ID": "25",
        "gender": "NA",
        "age": "NA",
        "character_name": "NA",
        "text": "بۆ کاک عەلادین زڕووفەکە واو و ئیتر",
        "text_original": "بۆ کاک عەلادین زڕووفەکە واو و ئیتر",
        "start": 94132.0,
        "end": 96015.0,
        "audio": "content/segments/14/25.ogg"
    },
    {
        "ID": "26",
        "gender": "NA",
        "age": "NA",
        "character_name": "NA",
        "text": "دەسەڵات نییە و بە دەست من و تۆ نییە",
        "text_original": "دەسەڵات نییە و بە دەست من و تۆ نییە",
        "start": 96031.0,
        "end": 97805.0,
        "audio": "content/segments/14/26.ogg"
    },
    {
        "ID": "27",
        "gender": "NA",
        "age": "NA",
        "character_name": "NA",
        "text": "کورە خۆ لە خۆرای وەختی خۆی نییە نەیان",
        "text_original": "کورە خۆ لە خۆرای وەختی خۆی نییە نەیان",
        "start": 97805.0,
        "end": 100266.0,
        "audio": "content/segments/14/27.ogg"
    },
    {
        "ID": "28",
        "gender": "NA",
        "age": "NA",
        "character_name": "NA",
        "text": "خستویتیە ئەم قۆریەوە زانیویانە چەن خوێڕیت",
        "text_original": "خستویتیە ئەم قۆریەوە زانیویانە چەن خوێڕیت",
        "start": 100266.0,
        "end": 102496.0,
        "audio": "content/segments/14/28.ogg"
    },
    {
        "ID": "29",
        "gender": "NA",
        "age": "NA",
        "character_name": "NA",
        "text": "کاک عەلادین ئاگا لە دەم بێ ها لێو قبووڵ ناکەم",
        "text_original": "کاک عەلادین ئاگا لە دەم بێ ها لێو قبووڵ ناکەم",
        "start": 102496.0,
        "end": 105089.0,
        "audio": "content/segments/14/29.ogg"
    },
    {
        "ID": "30",
        "gender": "NA",
        "age": "NA",
        "character_name": "NA",
        "text": "مافی مرۆڤ هەیە منیش وەک و مرۆڤێ مافم هەیە شکات لێ ئەکەم",
        "text_original": "مافی مرۆڤ هەیە منیش وەک و مرۆڤێ مافم هەیە شکات لێ ئەکەم",
        "start": 105238.0,
        "end": 109487.0,
        "audio": "content/segments/14/30.ogg"
    },
    {
        "ID": "31",
        "gender": "NA",
        "age": "NA",
        "character_name": "NA",
        "text": "نە بابە",
        "text_original": "نە بابە",
        "start": 109487.0,
        "end": 110337.0,
        "audio": "content/segments/14/31.ogg"
    },
    {
        "ID": "32",
        "gender": "NA",
        "age": "NA",
        "character_name": "NA",
        "text": "بە قەبری باوکم ها تۆ دانیشە لای خۆتەوە بە شەق مەهاوە",
        "text_original": "بە قەبری باوکم ها تۆ دانیشە لای خۆتەوە بە شەق مەهاوە",
        "start": 110337.0,
        "end": 115080.0,
        "audio": "content/segments/14/32.ogg"
    },
    {
        "ID": "33",
        "gender": "NA",
        "age": "NA",
        "character_name": "NA",
        "text": "شەق مەهاوە ئەمرکەو و تەنفیزی کەم",
        "text_original": "شەق مەهاوە ئەمرکەو و تەنفیزی کەم",
        "start": 115091.0,
        "end": 118000.0,
        "audio": "content/segments/14/33.ogg"
    },
    {
        "ID": "34",
        "gender": "NA",
        "age": "NA",
        "character_name": "NA",
        "text": "ئێ دە بێنە تۆزێ ئاوم بەرێ باشە دەی",
        "text_original": "ئێ دە بێنە تۆزێ ئاوم بەرێ باشە دەی",
        "start": 118358.0,
        "end": 121077.0,
        "audio": "content/segments/14/34.ogg"
    },
    {
        "ID": "35",
        "gender": "NA",
        "age": "NA",
        "character_name": "NA",
        "text": "وەڵای کاک عەلادین لەسەرماکەی یەکەم جارەوە قۆریەکە",
        "text_original": "وەڵای کاک عەلادین لەسەرماکەی یەکەم جارەوە قۆریەکە",
        "start": 121077.0,
        "end": 124522.0,
        "audio": "content/segments/14/35.ogg"
    },
    {
        "ID": "36",
        "gender": "NA",
        "age": "NA",
        "character_name": "NA",
        "text": "بەستوویوتی هێشتا خۆی نەکردۆتەوە",
        "text_original": "بەستوویوتی هێشتا خۆی نەکردۆتەوە",
        "start": 124522.0,
        "end": 126269.0,
        "audio": "content/segments/14/36.ogg"
    },
    {
        "ID": "37",
        "gender": "NA",
        "age": "NA",
        "character_name": "NA",
        "text": "ئێ دە باشە دە بڕۆ هین کە دەبەیە بەرە بڕۆ",
        "text_original": "ئێ دە باشە دە بڕۆ هین کە دەبەیە بەرە بڕۆ",
        "start": 126712.0,
        "end": 129155.0,
        "audio": "content/segments/14/37.ogg"
    },
    {
        "ID": "38",
        "gender": "NA",
        "age": "NA",
        "character_name": "NA",
        "text": "لەو مزگەوتە تۆزێ ئاو بێنە",
        "text_original": "لەو مزگەوتە تۆزێ ئاو بێنە",
        "start": 129155.0,
        "end": 130311.0,
        "audio": "content/segments/14/38.ogg"
    },
    {
        "ID": "39",
        "gender": "NA",
        "age": "NA",
        "character_name": "NA",
        "text": "چۆن مزگەوت",
        "text_original": "چۆن مزگەوت",
        "start": 130311.0,
        "end": 131227.0,
        "audio": "content/segments/14/39.ogg"
    },
    {
        "ID": "40",
        "gender": "NA",
        "age": "NA",
        "character_name": "NA",
        "text": "ئەو مزگەوتەی ئەو بەرەوە",
        "text_original": "ئەو مزگەوتەی ئەو بەرەوە",
        "start": 131227.0,
        "end": 132207.0,
        "audio": "content/segments/14/40.ogg"
    },
    {
        "ID": "41",
        "gender": "NA",
        "age": "NA",
        "character_name": "NA",
        "text": "بەخوا لەگەڵ مجەوەرەکە و ئێ مەلاکەش",
        "text_original": "بەخوا لەگەڵ مجەوەرەکە و ئێ مەلاکەش",
        "start": 132207.0,
        "end": 135097.0,
        "audio": "content/segments/14/41.ogg"
    },
    {
        "ID": "42",
        "gender": "NA",
        "age": "NA",
        "character_name": "NA",
        "text": "تێکم ماوە قسەیان لەگەڵا ناکەم",
        "text_original": "تێکم ماوە قسەیان لەگەڵا ناکەم",
        "start": 135097.0,
        "end": 136394.0,
        "audio": "content/segments/14/42.ogg"
    },
    {
        "ID": "43",
        "gender": "NA",
        "age": "NA",
        "character_name": "NA",
        "text": "وەرە ئاشتان ئەکەمەوە",
        "text_original": "وەرە ئاشتان ئەکەمەوە",
        "start": 136394.0,
        "end": 137833.0,
        "audio": "content/segments/14/43.ogg"
    },
    {
        "ID": "44",
        "gender": "NA",
        "age": "NA",
        "character_name": "NA",
        "text": "کورە واز بێنە هەر حەفتەیەکی کەی پێ",
        "text_original": "کورە واز بێنە هەر حەفتەیەکی کەی پێ",
        "start": 137833.0,
        "end": 139752.0,
        "audio": "content/segments/14/44.ogg"
    },
    {
        "ID": "45",
        "gender": "NA",
        "age": "NA",
        "character_name": "NA",
        "text": "ئەچێ عادز ئەبم و ئیتر تەواو واز بێنە",
        "text_original": "ئەچێ عادز ئەبم و ئیتر تەواو واز بێنە",
        "start": 139752.0,
        "end": 142304.0,
        "audio": "content/segments/14/45.ogg"
    },
    {
        "ID": "46",
        "gender": "NA",
        "age": "NA",
        "character_name": "NA",
        "text": "ئەری تۆ پێم بڵێ کاک عەلادین",
        "text_original": "ئەری تۆ پێم بڵێ کاک عەلادین",
        "start": 142528.0,
        "end": 144064.0,
        "audio": "content/segments/14/46.ogg"
    },
    {
        "ID": "47",
        "gender": "NA",
        "age": "NA",
        "character_name": "NA",
        "text": "هەواڵی دایک دایک دیار نییە بیری ئەکەم",
        "text_original": "هەواڵی دایک دایک دیار نییە بیری ئەکەم",
        "start": 144213.0,
        "end": 146685.0,
        "audio": "content/segments/14/47.ogg"
    },
    {
        "ID": "48",
        "gender": "NA",
        "age": "NA",
        "character_name": "NA",
        "text": "دایکم بۆ چییە",
        "text_original": "دایکم بۆ چییە",
        "start": 146858.0,
        "end": 147848.0,
        "audio": "content/segments/14/48.ogg"
    },
    {
        "ID": "49",
        "gender": "NA",
        "age": "NA",
        "character_name": "NA",
        "text": "وەڵای بیری ئەکەم بە زاتی خوا بە قەبری",
        "text_original": "وەڵای بیری ئەکەم بە زاتی خوا بە قەبری",
        "start": 147848.0,
        "end": 150091.0,
        "audio": "content/segments/14/49.ogg"
    },
    {
        "ID": "50",
        "gender": "NA",
        "age": "NA",
        "character_name": "NA",
        "text": "باوکم بەقەی دنیای بیر ئەکەم لە کوێیە",
        "text_original": "باوکم بەقەی دنیای بیر ئەکەم لە کوێیە",
        "start": 150091.0,
        "end": 152779.0,
        "audio": "content/segments/14/50.ogg"
    },
    {
        "ID": "51",
        "gender": "NA",
        "age": "NA",
        "character_name": "NA",
        "text": "کورە مستاو چی من دایکی خۆمە بیری ناکەم تۆ بۆ بیری ئەکەی",
        "text_original": "کورە مستاو چی من دایکی خۆمە بیری ناکەم تۆ بۆ بیری ئەکەی",
        "start": 152779.0,
        "end": 156059.0,
        "audio": "content/segments/14/51.ogg"
    },
    {
        "ID": "52",
        "gender": "NA",
        "age": "NA",
        "character_name": "NA",
        "text": "ئاخر من وەک و ئێ وەک و دێو نا وەک و ئینسانێک",
        "text_original": "ئاخر من وەک و ئێ وەک و دێو نا وەک و ئینسانێک",
        "start": 156059.0,
        "end": 159975.0,
        "audio": "content/segments/14/52.ogg"
    },
    {
        "ID": "53",
        "gender": "NA",
        "age": "NA",
        "character_name": "NA",
        "text": "بەوەفام و بیری ئەکەم وەک و تۆ نییم تۆ بێ وەفای",
        "text_original": "بەوەفام و بیری ئەکەم وەک و تۆ نییم تۆ بێ وەفای",
        "start": 160290.0,
        "end": 163892.0,
        "audio": "content/segments/14/53.ogg"
    },
    {
        "ID": "54",
        "gender": "NA",
        "age": "NA",
        "character_name": "NA",
        "text": "نە بابە",
        "text_original": "نە بابە",
        "start": 164128.0,
        "end": 165028.0,
        "audio": "content/segments/14/54.ogg"
    },
    {
        "ID": "55",
        "gender": "NA",
        "age": "NA",
        "character_name": "NA",
        "text": "ئەروەڵا",
        "text_original": "ئەروەڵا",
        "start": 165028.0,
        "end": 165862.0,
        "audio": "content/segments/14/55.ogg"
    },
    {
        "ID": "56",
        "gender": "NA",
        "age": "NA",
        "character_name": "NA",
        "text": "تۆ یاعنی تۆ لەمن بەوەفا تری",
        "text_original": "تۆ یاعنی تۆ لەمن بەوەفا تری",
        "start": 166098.0,
        "end": 167881.0,
        "audio": "content/segments/14/56.ogg"
    },
    {
        "ID": "57",
        "gender": "NA",
        "age": "NA",
        "character_name": "NA",
        "text": "ئەی تەبعەن",
        "text_original": "ئەی تەبعەن",
        "start": 167977.0,
        "end": 168802.0,
        "audio": "content/segments/14/57.ogg"
    },
    {
        "ID": "58",
        "gender": "NA",
        "age": "NA",
        "character_name": "NA",
        "text": "ڕۆڵە من وەفام بۆ هین هەیە بۆ خاکوسی خورما ببورە",
        "text_original": "ڕۆڵە من وەفام بۆ هین هەیە بۆ خاکوسی خورما ببورە",
        "start": 168802.0,
        "end": 172039.0,
        "audio": "content/segments/14/58.ogg"
    },
    {
        "ID": "59",
        "gender": "NA",
        "age": "NA",
        "character_name": "NA",
        "text": "بۆ خەڵک و ئاوی نیشتیمان من وەک و تۆ نییم",
        "text_original": "بۆ خەڵک و ئاوی نیشتیمان من وەک و تۆ نییم",
        "start": 172039.0,
        "end": 174905.0,
        "audio": "content/segments/14/59.ogg"
    },
    {
        "ID": "60",
        "gender": "NA",
        "age": "NA",
        "character_name": "NA",
        "text": "پێکەنین",
        "text_original": "پێکەنین",
        "start": 174905.0,
        "end": 177919.0,
        "audio": "content/segments/14/60.ogg"
    },
    {
        "ID": "61",
        "gender": "NA",
        "age": "NA",
        "character_name": "NA",
        "text": "ئەو قسەیە کۆنە کاک عەلادین بۆ خاتری خوا ئەوە لە",
        "text_original": "ئەو قسەیە کۆنە کاک عەلادین بۆ خاتری خوا ئەوە لە",
        "start": 177919.0,
        "end": 181366.0,
        "audio": "content/segments/14/61.ogg"
    },
    {
        "ID": "62",
        "gender": "NA",
        "age": "NA",
        "character_name": "NA",
        "text": "هەڵەبجە قورعانی خەڵک ئەیەن",
        "text_original": "هەڵەبجە قورعانی خەڵک ئەیەن",
        "start": 181366.0,
        "end": 183275.0,
        "audio": "content/segments/14/62.ogg"
    },
    {
        "ID": "63",
        "gender": "NA",
        "age": "NA",
        "character_name": "NA",
        "text": "ئەوە بە من پێئەکەنی",
        "text_original": "ئەوە بە من پێئەکەنی",
        "start": 183275.0,
        "end": 184405.0,
        "audio": "content/segments/14/63.ogg"
    },
    {
        "ID": "64",
        "gender": "NA",
        "age": "NA",
        "character_name": "NA",
        "text": "نە بابە بە تۆ پێناکەنم باسی وەفا و خاک و ئاو کرد",
        "text_original": "نە بابە بە تۆ پێناکەنم باسی وەفا و خاک و ئاو کرد",
        "start": 184405.0,
        "end": 188453.0,
        "audio": "content/segments/14/64.ogg"
    },
    {
        "ID": "65",
        "gender": "NA",
        "age": "NA",
        "character_name": "NA",
        "text": "ئەڵێم لە هەڵەبجە سوێنی خەڵک ئەیەن",
        "text_original": "ئەڵێم لە هەڵەبجە سوێنی خەڵک ئەیەن",
        "start": 188453.0,
        "end": 190611.0,
        "audio": "content/segments/14/65.ogg"
    },
    {
        "ID": "66",
        "gender": "NA",
        "age": "NA",
        "character_name": "NA",
        "text": "بۆچی سوێنیان ئەیەن",
        "text_original": "بۆچی سوێنیان ئەیەن",
        "start": 190611.0,
        "end": 191755.0,
        "audio": "content/segments/14/66.ogg"
    },
    {
        "ID": "67",
        "gender": "NA",
        "age": "NA",
        "character_name": "NA",
        "text": "سوێنی ئەیەن ئەڵێن قورعان بخۆن کە کیمیایەکە لێی یاوی",
        "text_original": "سوێنی ئەیەن ئەڵێن قورعان بخۆن کە کیمیایەکە لێی یاوی",
        "start": 191755.0,
        "end": 195074.0,
        "audio": "content/segments/14/67.ogg"
    },
    {
        "ID": "68",
        "gender": "NA",
        "age": "NA",
        "character_name": "NA",
        "text": "هەتیوو ئەم درۆیە بۆ ئەکەی",
        "text_original": "هەتیوو ئەم درۆیە بۆ ئەکەی",
        "start": 195557.0,
        "end": 197338.0,
        "audio": "content/segments/14/68.ogg"
    },
    {
        "ID": "69",
        "gender": "NA",
        "age": "NA",
        "character_name": "NA",
        "text": "بە قەبری با",
        "text_original": "بە قەبری با",
        "start": 197338.0,
        "end": 198028.0,
        "audio": "content/segments/14/69.ogg"
    },
    {
        "ID": "70",
        "gender": "NA",
        "age": "NA",
        "character_name": "NA",
        "text": "لە گۆترە قسە مەکە",
        "text_original": "لە گۆترە قسە مەکە",
        "start": 198028.0,
        "end": 199230.0,
        "audio": "content/segments/14/70.ogg"
    },
    {
        "ID": "71",
        "gender": "NA",
        "age": "NA",
        "character_name": "NA",
        "text": "کورە بابە کاک عەلادین بە قەبری باوکم درۆ ناکەم",
        "text_original": "کورە بابە کاک عەلادین بە قەبری باوکم درۆ ناکەم",
        "start": 199429.0,
        "end": 202256.0,
        "audio": "content/segments/14/71.ogg"
    },
    {
        "ID": "72",
        "gender": "NA",
        "age": "NA",
        "character_name": "NA",
        "text": "بە گۆترەش نییە و لە گیرفانی خۆم",
        "text_original": "بە گۆترەش نییە و لە گیرفانی خۆم",
        "start": 202256.0,
        "end": 204346.0,
        "audio": "content/segments/14/72.ogg"
    },
    {
        "ID": "73",
        "gender": "NA",
        "age": "NA",
        "character_name": "NA",
        "text": "دەرمنەهێناوە ئەوەتا بڕۆ بیبینە",
        "text_original": "دەرمنەهێناوە ئەوەتا بڕۆ بیبینە",
        "start": 204346.0,
        "end": 206205.0,
        "audio": "content/segments/14/73.ogg"
    },
    {
        "ID": "74",
        "gender": "NA",
        "age": "NA",
        "character_name": "NA",
        "text": "قابیلە منیش وەک و هین بم سەیا حەڤەکە بم",
        "text_original": "قابیلە منیش وەک و هین بم سەیا حەڤەکە بم",
        "start": 206205.0,
        "end": 208832.0,
        "audio": "content/segments/14/74.ogg"
    },
    {
        "ID": "75",
        "gender": "NA",
        "age": "NA",
        "character_name": "NA",
        "text": "سەیا حەڤەکە کامەیە",
        "text_original": "سەیا حەڤەکە کامەیە",
        "start": 208832.0,
        "end": 210232.0,
        "audio": "content/segments/14/75.ogg"
    },
    {
        "ID": "76",
        "gender": "NA",
        "age": "NA",
        "character_name": "NA",
        "text": "سەیا حەڤەکەی کە بەغا بۆی داناوە وەک و خێر پێتان",
        "text_original": "سەیا حەڤەکەی کە بەغا بۆی داناوە وەک و خێر پێتان",
        "start": 210232.0,
        "end": 213437.0,
        "audio": "content/segments/14/76.ogg"
    },
    {
        "ID": "77",
        "gender": "NA",
        "age": "NA",
        "character_name": "NA",
        "text": "بتانناتێ سەیا حەڤەی بۆ داناون لە گۆترە",
        "text_original": "بتانناتێ سەیا حەڤەی بۆ داناون لە گۆترە",
        "start": 213902.0,
        "end": 216955.0,
        "audio": "content/segments/14/77.ogg"
    },
    {
        "ID": "78",
        "gender": "NA",
        "age": "NA",
        "character_name": "NA",
        "text": "ئەی دە باشە تۆ دێوی چی بۆ قبووڵێ ئەکەی",
        "text_original": "ئەی دە باشە تۆ دێوی چی بۆ قبووڵێ ئەکەی",
        "start": 216955.0,
        "end": 219125.0,
        "audio": "content/segments/14/78.ogg"
    },
    {
        "ID": "79",
        "gender": "NA",
        "age": "NA",
        "character_name": "NA",
        "text": "ئەی لەوە من چیم قبووڵی کەم یان نەیکەم",
        "text_original": "ئەی لەوە من چیم قبووڵی کەم یان نەیکەم",
        "start": 219365.0,
        "end": 222193.0,
        "audio": "content/segments/14/79.ogg"
    },
    {
        "ID": "80",
        "gender": "NA",
        "age": "NA",
        "character_name": "NA",
        "text": "ئێوە خۆتان قبووڵتانە ئیتر بۆ پرس و ڕا بەمن ئەکەن",
        "text_original": "ئێوە خۆتان قبووڵتانە ئیتر بۆ پرس و ڕا بەمن ئەکەن",
        "start": 222427.0,
        "end": 225427.0,
        "audio": "content/segments/14/80.ogg"
    },
    {
        "ID": "81",
        "gender": "NA",
        "age": "NA",
        "character_name": "NA",
        "text": "ئا وەڵای لەمەیا لێو بردمەوە داوای لێبووردن لێ ئەکەم",
        "text_original": "ئا وەڵای لەمەیا لێو بردمەوە داوای لێبووردن لێ ئەکەم",
        "start": 225630.0,
        "end": 228970.0,
        "audio": "content/segments/14/81.ogg"
    },
    {
        "ID": "82",
        "gender": "NA",
        "age": "NA",
        "character_name": "NA",
        "text": "نە بابە کاک عەلادین ئەوە لە مەعبێنمانا نییە",
        "text_original": "نە بابە کاک عەلادین ئەوە لە مەعبێنمانا نییە",
        "start": 228970.0,
        "end": 231677.0,
        "audio": "content/segments/14/82.ogg"
    },
    {
        "ID": "83",
        "gender": "NA",
        "age": "NA",
        "character_name": "NA",
        "text": "من و تۆ برای یەکین قەچیەکا گوێشی مەیەرێ تۆ مەوزووعی دایک",
        "text_original": "من و تۆ برای یەکین قەچیەکا گوێشی مەیەرێ تۆ مەوزووعی دایک",
        "start": 231677.0,
        "end": 236591.0,
        "audio": "content/segments/14/83.ogg"
    },
    {
        "ID": "84",
        "gender": "NA",
        "age": "NA",
        "character_name": "NA",
        "text": "ئەرێ نەموو دایکم چوو بۆ مواجە",
        "text_original": "ئەرێ نەموو دایکم چوو بۆ مواجە",
        "start": 237420.0,
        "end": 239415.0,
        "audio": "content/segments/14/84.ogg"
    },
    {
        "ID": "85",
        "gender": "NA",
        "age": "NA",
        "character_name": "NA",
        "text": "بۆ خێر",
        "text_original": "بۆ خێر",
        "start": 239415.0,
        "end": 240285.0,
        "audio": "content/segments/14/85.ogg"
    },
    {
        "ID": "86",
        "gender": "NA",
        "age": "NA",
        "character_name": "NA",
        "text": "مروورێکی خزمان سەیارە لێی یاوە مروورەکە ئاوای کردووە",
        "text_original": "مروورێکی خزمان سەیارە لێی یاوە مروورەکە ئاوای کردووە",
        "start": 240593.0,
        "end": 244893.0,
        "audio": "content/segments/14/86.ogg"
    },
    {
        "ID": "87",
        "gender": "NA",
        "age": "NA",
        "character_name": "NA",
        "text": "وتوویوتی مەیە کابرا وا تێگەیشتووە ئەڵێ",
        "text_original": "وتوویوتی مەیە کابرا وا تێگەیشتووە ئەڵێ",
        "start": 244893.0,
        "end": 246513.0,
        "audio": "content/segments/14/87.ogg"
    },
    {
        "ID": "88",
        "gender": "NA",
        "age": "NA",
        "character_name": "NA",
        "text": "وەرە کردۆیەتی بە ژێرەوە",
        "text_original": "وەرە کردۆیەتی بە ژێرەوە",
        "start": 246513.0,
        "end": 247734.0,
        "audio": "content/segments/14/88.ogg"
    },
    {
        "ID": "89",
        "gender": "NA",
        "age": "NA",
        "character_name": "NA",
        "text": "ئەی قوڕی دنیا بە تەپڕی سەرم مروور سەیارە لێی یاوە",
        "text_original": "ئەی قوڕی دنیا بە تەپڕی سەرم مروور سەیارە لێی یاوە",
        "start": 248140.0,
        "end": 251359.0,
        "audio": "content/segments/14/89.ogg"
    },
    {
        "ID": "90",
        "gender": "NA",
        "age": "NA",
        "character_name": "NA",
        "text": "ئەی خەڵکەکە چی لێیە",
        "text_original": "ئەی خەڵکەکە چی لێیە",
        "start": 251359.0,
        "end": 252309.0,
        "audio": "content/segments/14/90.ogg"
    },
    {
        "ID": "91",
        "gender": "NA",
        "age": "NA",
        "character_name": "NA",
        "text": "ئەری تۆ ئەم نەڕە نەڕە لە چییە",
        "text_original": "ئەری تۆ ئەم نەڕە نەڕە لە چییە",
        "start": 253190.0,
        "end": 254529.0,
        "audio": "content/segments/14/91.ogg"
    },
    {
        "ID": "92",
        "gender": "NA",
        "age": "NA",
        "character_name": "NA",
        "text": "لە باتی بچی سەیاقەکەمان بۆ بدۆزیەوە خوێڕی",
        "text_original": "لە باتی بچی سەیاقەکەمان بۆ بدۆزیەوە خوێڕی",
        "start": 254529.0,
        "end": 256761.00000000003,
        "audio": "content/segments/14/92.ogg"
    },
    {
        "ID": "93",
        "gender": "NA",
        "age": "NA",
        "character_name": "NA",
        "text": "زۆۆر عەیبە کاک عەلادین وامزانی چاوەڕێ ئەکەی ئیشی",
        "text_original": "زۆۆر عەیبە کاک عەلادین وامزانی چاوەڕێ ئەکەی ئیشی",
        "start": 256761.00000000003,
        "end": 261113.0,
        "audio": "content/segments/14/93.ogg"
    },
    {
        "ID": "94",
        "gender": "NA",
        "age": "NA",
        "character_name": "NA",
        "text": "چارەنووس سازم پێ بسپێری بۆ بکەم نەک",
        "text_original": "چارەنووس سازم پێ بسپێری بۆ بکەم نەک",
        "start": 261113.0,
        "end": 264455.0,
        "audio": "content/segments/14/94.ogg"
    },
    {
        "ID": "95",
        "gender": "NA",
        "age": "NA",
        "character_name": "NA",
        "text": "ئەم شتە بەسیتە ئەمە چییە",
        "text_original": "ئەم شتە بەسیتە ئەمە چییە",
        "start": 264455.0,
        "end": 265885.0,
        "audio": "content/segments/14/95.ogg"
    },
    {
        "ID": "96",
        "gender": "NA",
        "age": "NA",
        "character_name": "NA",
        "text": "نە بابە",
        "text_original": "نە بابە",
        "start": 265885.0,
        "end": 266568.0,
        "audio": "content/segments/14/96.ogg"
    },
    {
        "ID": "97",
        "gender": "NA",
        "age": "NA",
        "character_name": "NA",
        "text": "بە قەبری باوکم تۆ شتی کە بڵێ شتی کە بڵێ",
        "text_original": "بە قەبری باوکم تۆ شتی کە بڵێ شتی کە بڵێ",
        "start": 266568.0,
        "end": 269280.0,
        "audio": "content/segments/14/97.ogg"
    },
    {
        "ID": "98",
        "gender": "NA",
        "age": "NA",
        "character_name": "NA",
        "text": "ئادەی مادەی سەو چل دەستێکی تێ وڕگێرە بزانم چییە",
        "text_original": "ئادەی مادەی سەو چل دەستێکی تێ وڕگێرە بزانم چییە",
        "start": 269337.0,
        "end": 272261.0,
        "audio": "content/segments/14/98.ogg"
    },
    {
        "ID": "99",
        "gender": "NA",
        "age": "NA",
        "character_name": "NA",
        "text": "مادەی سەو چل",
        "text_original": "مادەی سەو چل",
        "start": 272261.0,
        "end": 273283.0,
        "audio": "content/segments/14/99.ogg"
    },
    {
        "ID": "100",
        "gender": "NA",
        "age": "NA",
        "character_name": "NA",
        "text": "ئا",
        "text_original": "ئا",
        "start": 273283.0,
        "end": 273738.0,
        "audio": "content/segments/14/100.ogg"
    },
    {
        "ID": "101",
        "gender": "NA",
        "age": "NA",
        "character_name": "NA",
        "text": "بەخوا لە سەڵاحەتی منا نییە کاک عەلادین ئەوە",
        "text_original": "بەخوا لە سەڵاحەتی منا نییە کاک عەلادین ئەوە",
        "start": 273738.0,
        "end": 276603.0,
        "audio": "content/segments/14/101.ogg"
    },
    {
        "ID": "102",
        "gender": "NA",
        "age": "NA",
        "character_name": "NA",
        "text": "یوو ئێن و ئەوانە تەداخولیان کردووە شتی کەم پێ بڵێ عەیبە",
        "text_original": "یوو ئێن و ئەوانە تەداخولیان کردووە شتی کەم پێ بڵێ عەیبە",
        "start": 276603.0,
        "end": 279950.0,
        "audio": "content/segments/14/102.ogg"
    },
    {
        "ID": "103",
        "gender": "NA",
        "age": "NA",
        "character_name": "NA",
        "text": "ئا بوەستە",
        "text_original": "ئا بوەستە",
        "start": 280237.0,
        "end": 281122.0,
        "audio": "content/segments/14/103.ogg"
    },
    {
        "ID": "104",
        "gender": "NA",
        "age": "NA",
        "character_name": "NA",
        "text": "چییە چییە",
        "text_original": "چییە چییە",
        "start": 282919.0,
        "end": 284491.0,
        "audio": "content/segments/14/104.ogg"
    },
    {
        "ID": "105",
        "gender": "NA",
        "age": "NA",
        "character_name": "NA",
        "text": "ئەوە چییە بۆنی چی ئەکەی",
        "text_original": "ئەوە چییە بۆنی چی ئەکەی",
        "start": 285992.0,
        "end": 287237.0,
        "audio": "content/segments/14/105.ogg"
    },
    {
        "ID": "106",
        "gender": "NA",
        "age": "NA",
        "character_name": "NA",
        "text": "بۆن بۆنێک یەت بۆنێک لێرە",
        "text_original": "بۆن بۆنێک یەت بۆنێک لێرە",
        "start": 287711.0,
        "end": 289613.0,
        "audio": "content/segments/14/106.ogg"
    },
    {
        "ID": "107",
        "gender": "NA",
        "age": "NA",
        "character_name": "NA",
        "text": "ئا بۆنی بانسە",
        "text_original": "ئا بۆنی بانسە",
        "start": 289850.0,
        "end": 290921.0,
        "audio": "content/segments/14/107.ogg"
    },
    {
        "ID": "108",
        "gender": "NA",
        "age": "NA",
        "character_name": "NA",
        "text": "بۆ چییەتی تۆ پاسی تۆ قەمەرەی بۆنی بانسی چی",
        "text_original": "بۆ چییەتی تۆ پاسی تۆ قەمەرەی بۆنی بانسی چی",
        "start": 291159.0,
        "end": 294609.0,
        "audio": "content/segments/14/108.ogg"
    },
    {
        "ID": "109",
        "gender": "NA",
        "age": "NA",
        "character_name": "NA",
        "text": "ئەی هینە بۆنی بارووتە",
        "text_original": "ئەی هینە بۆنی بارووتە",
        "start": 294609.0,
        "end": 296551.0,
        "audio": "content/segments/14/109.ogg"
    },
    {
        "ID": "110",
        "gender": "NA",
        "age": "NA",
        "character_name": "NA",
        "text": "نە بابە ناشی قەناسەکەی سالین گران بێ",
        "text_original": "نە بابە ناشی قەناسەکەی سالین گران بێ",
        "start": 296551.0,
        "end": 299599.0,
        "audio": "content/segments/14/110.ogg"
    },
    {
        "ID": "111",
        "gender": "NA",
        "age": "NA",
        "character_name": "NA",
        "text": "تۆ چیت بۆنی بارووت لێبێ",
        "text_original": "تۆ چیت بۆنی بارووت لێبێ",
        "start": 299599.0,
        "end": 301065.0,
        "audio": "content/segments/14/111.ogg"
    },
    {
        "ID": "112",
        "gender": "NA",
        "age": "NA",
        "character_name": "NA",
        "text": "هەتیوو بوەستە چیو کردووە کورە بۆنی فاست لێیە فاست",
        "text_original": "هەتیوو بوەستە چیو کردووە کورە بۆنی فاست لێیە فاست",
        "start": 301065.0,
        "end": 306179.0,
        "audio": "content/segments/14/112.ogg"
    },
    {
        "ID": "113",
        "gender": "NA",
        "age": "NA",
        "character_name": "NA",
        "text": "ئۆو کاک عەلادین ئەو ژنەی دراوسێتان تەشتێ چڵکاوی",
        "text_original": "ئۆو کاک عەلادین ئەو ژنەی دراوسێتان تەشتێ چڵکاوی",
        "start": 306179.0,
        "end": 309658.0,
        "audio": "content/segments/14/113.ogg"
    },
    {
        "ID": "114",
        "gender": "NA",
        "age": "NA",
        "character_name": "NA",
        "text": "کردە خوارەوە هەمووی کرد بە سەر و گێلاکم",
        "text_original": "کردە خوارەوە هەمووی کرد بە سەر و گێلاکم",
        "start": 309658.0,
        "end": 311549.0,
        "audio": "content/segments/14/114.ogg"
    },
    {
        "ID": "115",
        "gender": "NA",
        "age": "NA",
        "character_name": "NA",
        "text": "ئەی بۆ لەت و پەت نەکرد بەم نەڕە نەڕە",
        "text_original": "ئەی بۆ لەت و پەت نەکرد بەم نەڕە نەڕە",
        "start": 311549.0,
        "end": 313854.0,
        "audio": "content/segments/14/115.ogg"
    },
    {
        "ID": "116",
        "gender": "NA",
        "age": "NA",
        "character_name": "NA",
        "text": "کاک عەلادین تۆ کابرایەکی زۆر متەخەلیفی",
        "text_original": "کاک عەلادین تۆ کابرایەکی زۆر متەخەلیفی",
        "start": 313854.0,
        "end": 317138.0,
        "audio": "content/segments/14/116.ogg"
    },
    {
        "ID": "117",
        "gender": "NA",
        "age": "NA",
        "character_name": "NA",
        "text": "تۆ ئەتەوێ حەیا و نامووسم",
        "text_original": "تۆ ئەتەوێ حەیا و نامووسم",
        "start": 317275.0,
        "end": 319630.0,
        "audio": "content/segments/14/117.ogg"
    },
    {
        "ID": "118",
        "gender": "NA",
        "age": "NA",
        "character_name": "NA",
        "text": "بەری من شەڕی لەگەڵا بکەم و حەپەشەی لەگەڵا بکەم بەیانی",
        "text_original": "بەری من شەڕی لەگەڵا بکەم و حەپەشەی لەگەڵا بکەم بەیانی",
        "start": 319630.0,
        "end": 323860.0,
        "audio": "content/segments/14/118.ogg"
    },
    {
        "ID": "119",
        "gender": "NA",
        "age": "NA",
        "character_name": "NA",
        "text": "جەریدەکان لەسەرم بنووسێ جەریدەکان لەسەرم بنووسێ",
        "text_original": "جەریدەکان لەسەرم بنووسێ جەریدەکان لەسەرم بنووسێ",
        "start": 323860.0,
        "end": 327055.0,
        "audio": "content/segments/14/119.ogg"
    },
    {
        "ID": "120",
        "gender": "NA",
        "age": "NA",
        "character_name": "NA",
        "text": "بڵێ ئەو دێو چووە بە گشت ژنا عەیب نییە حەیف نەکرد",
        "text_original": "بڵێ ئەو دێو چووە بە گشت ژنا عەیب نییە حەیف نەکرد",
        "start": 327055.0,
        "end": 331811.0,
        "audio": "content/segments/14/120.ogg"
    },
    {
        "ID": "121",
        "gender": "NA",
        "age": "NA",
        "character_name": "NA",
        "text": "ئەوە لە برا و ناوەشێتەوە ئەمر کەو تەنفیزی کەم",
        "text_original": "ئەوە لە برا و ناوەشێتەوە ئەمر کەو تەنفیزی کەم",
        "start": 331811.0,
        "end": 335169.0,
        "audio": "content/segments/14/121.ogg"
    },
    {
        "ID": "122",
        "gender": "NA",
        "age": "NA",
        "character_name": "NA",
        "text": "ئێستا کاک عەلادین بۆ حەپەساوی ئەمر کەو تەنفیزی کەم",
        "text_original": "ئێستا کاک عەلادین بۆ حەپەساوی ئەمر کەو تەنفیزی کەم",
        "start": 335596.0,
        "end": 338957.0,
        "audio": "content/segments/14/122.ogg"
    },
    {
        "ID": "123",
        "gender": "NA",
        "age": "NA",
        "character_name": "NA",
        "text": "ئەمر کەم و تەنفیزی ئەکەی",
        "text_original": "ئەمر کەم و تەنفیزی ئەکەی",
        "start": 339419.0,
        "end": 340869.0,
        "audio": "content/segments/14/123.ogg"
    },
    {
        "ID": "124",
        "gender": "NA",
        "age": "NA",
        "character_name": "NA",
        "text": "ئا",
        "text_original": "ئا",
        "start": 340869.0,
        "end": 341409.0,
        "audio": "content/segments/14/124.ogg"
    },
    {
        "ID": "125",
        "gender": "NA",
        "age": "NA",
        "character_name": "NA",
        "text": "باشە دەی خوا ئەزانێ بەچ ساختەچیەک ئا ئەمەی کردووە",
        "text_original": "باشە دەی خوا ئەزانێ بەچ ساختەچیەک ئا ئەمەی کردووە",
        "start": 341793.0,
        "end": 344737.0,
        "audio": "content/segments/14/125.ogg"
    },
    {
        "ID": "126",
        "gender": "NA",
        "age": "NA",
        "character_name": "NA",
        "text": "بێنە دەی لە پارەی ئەم مینی مارکێتە شتێکم بەرێ",
        "text_original": "بێنە دەی لە پارەی ئەم مینی مارکێتە شتێکم بەرێ",
        "start": 344737.0,
        "end": 347457.0,
        "audio": "content/segments/14/126.ogg"
    },
    {
        "ID": "127",
        "gender": "NA",
        "age": "NA",
        "character_name": "NA",
        "text": "با بچم دوو لەفە بێنم بۆ خۆم و خۆش",
        "text_original": "با بچم دوو لەفە بێنم بۆ خۆم و خۆش",
        "start": 347457.0,
        "end": 349364.0,
        "audio": "content/segments/14/127.ogg"
    },
    {
        "ID": "128",
        "gender": "NA",
        "age": "NA",
        "character_name": "NA",
        "text": "پارەی چی کاک عەلادین بە قەبری باوکم ئەوە",
        "text_original": "پارەی چی کاک عەلادین بە قەبری باوکم ئەوە",
        "start": 349503.0,
        "end": 352353.0,
        "audio": "content/segments/14/128.ogg"
    },
    {
        "ID": "129",
        "gender": "NA",
        "age": "NA",
        "character_name": "NA",
        "text": "هێناومە بە قەرز هێناومە",
        "text_original": "هێناومە بە قەرز هێناومە",
        "start": 352353.0,
        "end": 353784.0,
        "audio": "content/segments/14/129.ogg"
    },
    {
        "ID": "130",
        "gender": "NA",
        "age": "NA",
        "character_name": "NA",
        "text": "ئەوەی فرۆشتومە بە قەرز فرۆشتومە ماقەڕم نەخستۆتە گیرفانم",
        "text_original": "ئەوەی فرۆشتومە بە قەرز فرۆشتومە ماقەڕم نەخستۆتە گیرفانم",
        "start": 353784.0,
        "end": 357287.0,
        "audio": "content/segments/14/130.ogg"
    },
    {
        "ID": "131",
        "gender": "NA",
        "age": "NA",
        "character_name": "NA",
        "text": "حەزەکەی ها پسکیتێکی کاک عەلادین بخۆ",
        "text_original": "حەزەکەی ها پسکیتێکی کاک عەلادین بخۆ",
        "start": 357496.0,
        "end": 360378.0,
        "audio": "content/segments/14/131.ogg"
    },
    {
        "ID": "132",
        "gender": "NA",
        "age": "NA",
        "character_name": "NA",
        "text": "باشە خوێڕی تۆ واو لێهاتووە گاڵتەم پێ ئەکەی",
        "text_original": "باشە خوێڕی تۆ واو لێهاتووە گاڵتەم پێ ئەکەی",
        "start": 361520.0,
        "end": 363966.0,
        "audio": "content/segments/14/132.ogg"
    },
    {
        "ID": "133",
        "gender": "NA",
        "age": "NA",
        "character_name": "NA",
        "text": "کورە کاک عەلادین حەدم نییە ئەزانی",
        "text_original": "کورە کاک عەلادین حەدم نییە ئەزانی",
        "start": 364268.0,
        "end": 366605.0,
        "audio": "content/segments/14/133.ogg"
    },
    {
        "ID": "134",
        "gender": "NA",
        "age": "NA",
        "character_name": "NA",
        "text": "ئەمرکە و تەنفیزی کەم گاڵتەی چی",
        "text_original": "ئەمرکە و تەنفیزی کەم گاڵتەی چی",
        "start": 366807.0,
        "end": 369442.0,
        "audio": "content/segments/14/134.ogg"
    },
    {
        "ID": "135",
        "gender": "NA",
        "age": "NA",
        "character_name": "NA",
        "text": "هەی هەی وەی وای بەخوا جوانە، ئەمە چییە بەخوا جوانە ئەروەڵا",
        "text_original": "هەی هەی وەی وای بەخوا جوانە، ئەمە چییە بەخوا جوانە ئەروەڵا",
        "start": 369442.0,
        "end": 376602.0,
        "audio": "content/segments/14/135.ogg"
    },
    {
        "ID": "136",
        "gender": "NA",
        "age": "NA",
        "character_name": "NA",
        "text": "ئەوە چییە کاک عەلادین پیاوەکەی زەریبە نەبێ",
        "text_original": "ئەوە چییە کاک عەلادین پیاوەکەی زەریبە نەبێ",
        "start": 376602.0,
        "end": 378684.0,
        "audio": "content/segments/14/136.ogg"
    },
    {
        "ID": "137",
        "gender": "NA",
        "age": "NA",
        "character_name": "NA",
        "text": "نانا، وس بە",
        "text_original": "نانا، وس بە",
        "start": 378684.0,
        "end": 380074.0,
        "audio": "content/segments/14/137.ogg"
    },
    {
        "ID": "138",
        "gender": "NA",
        "age": "NA",
        "character_name": "NA",
        "text": "پیاوی زەریبەی چی تەجاوزە تەجاوز",
        "text_original": "پیاوی زەریبەی چی تەجاوزە تەجاوز",
        "start": 380074.0,
        "end": 381952.0,
        "audio": "content/segments/14/138.ogg"
    },
    {
        "ID": "139",
        "gender": "NA",
        "age": "NA",
        "character_name": "NA",
        "text": "وس بە بەلەدیەیە وس بە قسە مەکە",
        "text_original": "وس بە بەلەدیەیە وس بە قسە مەکە",
        "start": 381952.0,
        "end": 383763.0,
        "audio": "content/segments/14/139.ogg"
    },
    {
        "ID": "140",
        "gender": "NA",
        "age": "NA",
        "character_name": "NA",
        "text": "کاکە ئەزانین تەجاوزە ئەی تۆ نازانی ئەمە کێیە ئەمە دێوە دێو",
        "text_original": "کاکە ئەزانین تەجاوزە ئەی تۆ نازانی ئەمە کێیە ئەمە دێوە دێو",
        "start": 383932.0,
        "end": 387867.0,
        "audio": "content/segments/14/140.ogg"
    },
    {
        "ID": "141",
        "gender": "NA",
        "age": "NA",
        "character_name": "NA",
        "text": "خوای ئەکرد دایناشۆڕ ئەبوو باوکی دێو ئەبوو ئەمە",
        "text_original": "خوای ئەکرد دایناشۆڕ ئەبوو باوکی دێو ئەبوو ئەمە",
        "start": 387867.0,
        "end": 390969.0,
        "audio": "content/segments/14/141.ogg"
    },
    {
        "ID": "142",
        "gender": "NA",
        "age": "NA",
        "character_name": "NA",
        "text": "تەجاوزە تەجاوزکردنی سەر ئەرزی بەلەدیە یە",
        "text_original": "تەجاوزە تەجاوزکردنی سەر ئەرزی بەلەدیە یە",
        "start": 390969.0,
        "end": 393671.0,
        "audio": "content/segments/14/142.ogg"
    },
    {
        "ID": "143",
        "gender": "NA",
        "age": "NA",
        "character_name": "NA",
        "text": "عقووبەی هەیە و غەرامەی",
        "text_original": "عقووبەی هەیە و غەرامەی",
        "start": 393978.0,
        "end": 395775.0,
        "audio": "content/segments/14/143.ogg"
    },
    {
        "ID": "144",
        "gender": "NA",
        "age": "NA",
        "character_name": "NA",
        "text": "هەیە و سجنیشی لە دوایە تێگەشتن",
        "text_original": "هەیە و سجنیشی لە دوایە تێگەشتن",
        "start": 395775.0,
        "end": 398191.0,
        "audio": "content/segments/14/144.ogg"
    },
    {
        "ID": "145",
        "gender": "NA",
        "age": "NA",
        "character_name": "NA",
        "text": "یەعنی عقووبە و شتی واشی ئەیەت ئەمەشی لێ ئەسەنی",
        "text_original": "یەعنی عقووبە و شتی واشی ئەیەت ئەمەشی لێ ئەسەنی",
        "start": 398473.0,
        "end": 401803.0,
        "audio": "content/segments/14/145.ogg"
    },
    {
        "ID": "146",
        "gender": "NA",
        "age": "NA",
        "character_name": "NA",
        "text": "ئەروەڵا",
        "text_original": "ئەروەڵا",
        "start": 401803.0,
        "end": 402493.0,
        "audio": "content/segments/14/146.ogg"
    },
    {
        "ID": "147",
        "gender": "NA",
        "age": "NA",
        "character_name": "NA",
        "text": "وەڵاهی بە شەق بیبە بە شەرەف من یەک فلسی بۆ نایەم",
        "text_original": "وەڵاهی بە شەق بیبە بە شەرەف من یەک فلسی بۆ نایەم",
        "start": 402493.0,
        "end": 405416.0,
        "audio": "content/segments/14/147.ogg"
    },
    {
        "ID": "148",
        "gender": "NA",
        "age": "NA",
        "character_name": "NA",
        "text": "کاک عەلادین ئاوا ڕەفیقەکەو بەجێ ئەهێڵی",
        "text_original": "کاک عەلادین ئاوا ڕەفیقەکەو بەجێ ئەهێڵی",
        "start": 405679.0,
        "end": 408641.0,
        "audio": "content/segments/14/148.ogg"
    },
    {
        "ID": "149",
        "gender": "NA",
        "age": "NA",
        "character_name": "NA",
        "text": "لە میحنەتا بۆ خاتری خوا",
        "text_original": "لە میحنەتا بۆ خاتری خوا",
        "start": 408641.0,
        "end": 410338.0,
        "audio": "content/segments/14/149.ogg"
    },
    {
        "ID": "150",
        "gender": "NA",
        "age": "NA",
        "character_name": "NA",
        "text": "ئا تۆ فلسێک ئەهێنی من لە تۆیا سەرفی بکەم",
        "text_original": "ئا تۆ فلسێک ئەهێنی من لە تۆیا سەرفی بکەم",
        "start": 410338.0,
        "end": 413854.0,
        "audio": "content/segments/14/150.ogg"
    },
    {
        "ID": "151",
        "gender": "NA",
        "age": "NA",
        "character_name": "NA",
        "text": "ئەسڵن باوی فلس ماوە تۆ باسی فلس ئەکەی",
        "text_original": "ئەسڵن باوی فلس ماوە تۆ باسی فلس ئەکەی",
        "start": 414108.0,
        "end": 417120.0,
        "audio": "content/segments/14/151.ogg"
    },
    {
        "ID": "152",
        "gender": "NA",
        "age": "NA",
        "character_name": "NA",
        "text": "پێنج هەزاری ئێسە قیمەتی نەماوە لە بازاڕا نەخوازەڵە فلس",
        "text_original": "پێنج هەزاری ئێسە قیمەتی نەماوە لە بازاڕا نەخوازەڵە فلس",
        "start": 417120.0,
        "end": 420629.0,
        "audio": "content/segments/14/152.ogg"
    },
    {
        "ID": "153",
        "gender": "NA",
        "age": "NA",
        "character_name": "NA",
        "text": "ئەی ئافەرین ڕاس ئەکا",
        "text_original": "ئەی ئافەرین ڕاس ئەکا",
        "start": 420629.0,
        "end": 421859.0,
        "audio": "content/segments/14/153.ogg"
    },
    {
        "ID": "154",
        "gender": "NA",
        "age": "NA",
        "character_name": "NA",
        "text": "چۆن",
        "text_original": "چۆن",
        "start": 421859.0,
        "end": 422984.0,
        "audio": "content/segments/14/154.ogg"
    },
    {
        "ID": "155",
        "gender": "NA",
        "age": "NA",
        "character_name": "NA",
        "text": "ئا لەو ماوەیا نییە قەناتێکیان پیشانام",
        "text_original": "ئا لەو ماوەیا نییە قەناتێکیان پیشانام",
        "start": 422984.0,
        "end": 425036.0,
        "audio": "content/segments/14/155.ogg"
    },
    {
        "ID": "156",
        "gender": "NA",
        "age": "NA",
        "character_name": "NA",
        "text": "ئێ",
        "text_original": "ئێ",
        "start": 425036.0,
        "end": 425847.0,
        "audio": "content/segments/14/156.ogg"
    },
    {
        "ID": "157",
        "gender": "NA",
        "age": "NA",
        "character_name": "NA",
        "text": "مووزیعێکی ئەو قەناتەیان بردووە بۆ تەعمیر",
        "text_original": "مووزیعێکی ئەو قەناتەیان بردووە بۆ تەعمیر",
        "start": 426152.0,
        "end": 428179.0,
        "audio": "content/segments/14/157.ogg"
    },
    {
        "ID": "158",
        "gender": "NA",
        "age": "NA",
        "character_name": "NA",
        "text": "بۆ ئەوەی جوانی کەن بۆ بەرنامەی ئەمساڵ",
        "text_original": "بۆ ئەوەی جوانی کەن بۆ بەرنامەی ئەمساڵ",
        "start": 428179.0,
        "end": 430133.0,
        "audio": "content/segments/14/158.ogg"
    },
    {
        "ID": "159",
        "gender": "NA",
        "age": "NA",
        "character_name": "NA",
        "text": "ئێ",
        "text_original": "ئێ",
        "start": 430300.0,
        "end": 431270.0,
        "audio": "content/segments/14/159.ogg"
    },
    {
        "ID": "160",
        "gender": "NA",
        "age": "NA",
        "character_name": "NA",
        "text": "ئەڵێن یەک دانە بوخچەی ئا ئەمەنە دۆلاری تێچوو",
        "text_original": "ئەڵێن یەک دانە بوخچەی ئا ئەمەنە دۆلاری تێچوو",
        "start": 431270.0,
        "end": 434003.0,
        "audio": "content/segments/14/160.ogg"
    },
    {
        "ID": "161",
        "gender": "NA",
        "age": "NA",
        "character_name": "NA",
        "text": "بۆ سەقفی مەغریبیان بۆ داناوە",
        "text_original": "بۆ سەقفی مەغریبیان بۆ داناوە",
        "start": 434003.0,
        "end": 436780.0,
        "audio": "content/segments/14/161.ogg"
    },
    {
        "ID": "162",
        "gender": "NA",
        "age": "NA",
        "character_name": "NA",
        "text": "کورە بۆ خاتری خوا سەقفی مەغریبی چی",
        "text_original": "کورە بۆ خاتری خوا سەقفی مەغریبی چی",
        "start": 436780.0,
        "end": 439350.0,
        "audio": "content/segments/14/162.ogg"
    },
    {
        "ID": "163",
        "gender": "NA",
        "age": "NA",
        "character_name": "NA",
        "text": "ئەسڵەن کامل دیکۆریان گۆڕیوە بیبینی نایناسیتەوە",
        "text_original": "ئەسڵەن کامل دیکۆریان گۆڕیوە بیبینی نایناسیتەوە",
        "start": 439350.0,
        "end": 443822.0,
        "audio": "content/segments/14/163.ogg"
    },
    {
        "ID": "164",
        "gender": "NA",
        "age": "NA",
        "character_name": "NA",
        "text": "بۆیە جەنابیش ئاوا چەقی ڕێگاکە گرتووە",
        "text_original": "بۆیە جەنابیش ئاوا چەقی ڕێگاکە گرتووە",
        "start": 443822.0,
        "end": 446575.0,
        "audio": "content/segments/14/164.ogg"
    },
    {
        "ID": "165",
        "gender": "NA",
        "age": "NA",
        "character_name": "NA",
        "text": "هەر کەسێ بیبینێ نایناسیتەوە لایە دەی",
        "text_original": "هەر کەسێ بیبینێ نایناسیتەوە لایە دەی",
        "start": 446814.0,
        "end": 449337.0,
        "audio": "content/segments/14/165.ogg"
    },
    {
        "ID": "166",
        "gender": "NA",
        "age": "NA",
        "character_name": "NA",
        "text": "کاکە گیان",
        "text_original": "کاکە گیان",
        "start": 449362.0,
        "end": 449880.0,
        "audio": "content/segments/14/166.ogg"
    },
    {
        "ID": "167",
        "gender": "NA",
        "age": "NA",
        "character_name": "NA",
        "text": "لایە",
        "text_original": "لایە",
        "start": 449880.0,
        "end": 450300.0,
        "audio": "content/segments/14/167.ogg"
    },
    {
        "ID": "168",
        "gender": "NA",
        "age": "NA",
        "character_name": "NA",
        "text": "کاکە ڕاوەستە",
        "text_original": "کاکە ڕاوەستە",
        "start": 450300.0,
        "end": 451480.0,
        "audio": "content/segments/14/168.ogg"
    },
    {
        "ID": "169",
        "gender": "NA",
        "age": "NA",
        "character_name": "NA",
        "text": "خۆ ئەمە بە خۆڕای نییە ئەم بەرنامەی هەیە",
        "text_original": "خۆ ئەمە بە خۆڕای نییە ئەم بەرنامەی هەیە",
        "start": 451480.0,
        "end": 453490.0,
        "audio": "content/segments/14/169.ogg"
    },
    {
        "ID": "170",
        "gender": "NA",
        "age": "NA",
        "character_name": "NA",
        "text": "ئەی لەوە",
        "text_original": "ئەی لەوە",
        "start": 453490.0,
        "end": 454340.0,
        "audio": "content/segments/14/170.ogg"
    },
    {
        "ID": "171",
        "gender": "NA",
        "age": "NA",
        "character_name": "NA",
        "text": "ئەمە ساحێبی ئەمە من ساحێبی ئەم قۆریەم ئەمیش دێوی ناو",
        "text_original": "ئەمە ساحێبی ئەمە من ساحێبی ئەم قۆریەم ئەمیش دێوی ناو",
        "start": 454340.0,
        "end": 457024.0,
        "audio": "content/segments/14/171.ogg"
    },
    {
        "ID": "172",
        "gender": "NA",
        "age": "NA",
        "character_name": "NA",
        "text": "ئەم قۆریەیە من بێم و تۆ ئەمساڵ گۆڕانکاریە",
        "text_original": "ئەم قۆریەیە من بێم و تۆ ئەمساڵ گۆڕانکاریە",
        "start": 457024.0,
        "end": 459904.0,
        "audio": "content/segments/14/172.ogg"
    },
    {
        "ID": "173",
        "gender": "NA",
        "age": "NA",
        "character_name": "NA",
        "text": "بکا ئا لەم ناوەیا لە ناو ئەم قۆریەیە",
        "text_original": "بکا ئا لەم ناوەیا لە ناو ئەم قۆریەیە",
        "start": 459904.0,
        "end": 461993.0,
        "audio": "content/segments/14/173.ogg"
    },
    {
        "ID": "174",
        "gender": "NA",
        "age": "NA",
        "character_name": "NA",
        "text": "ڕاست ئەکا ئەمرکەو تەنفیزی کەم کاک عەلادین",
        "text_original": "ڕاست ئەکا ئەمرکەو تەنفیزی کەم کاک عەلادین",
        "start": 461993.0,
        "end": 465213.0,
        "audio": "content/segments/14/174.ogg"
    },
    {
        "ID": "175",
        "gender": "NA",
        "age": "NA",
        "character_name": "NA",
        "text": "ئێستا پێمان بڵێ بیزەبت بیزەبت تۆ چیت ئەوێ",
        "text_original": "ئێستا پێمان بڵێ بیزەبت بیزەبت تۆ چیت ئەوێ",
        "start": 466175.0,
        "end": 469821.0,
        "audio": "content/segments/14/175.ogg"
    },
    {
        "ID": "176",
        "gender": "NA",
        "age": "NA",
        "character_name": "NA",
        "text": "بیزەبت من لابیردنی شیعاڕی دەسخەڕۆ کردن",
        "text_original": "بیزەبت من لابیردنی شیعاڕی دەسخەڕۆ کردن",
        "start": 470309.0,
        "end": 474218.0,
        "audio": "content/segments/14/176.ogg"
    }
]