[
    {
        "ID": "2",
        "gender": "NA",
        "age": "NA",
        "character_name": "NA",
        "text": "ئەها تێرە تێر",
        "text_original": "ئەها تێرە تێر",
        "start": 7210.0,
        "end": 10660.0,
        "audio": "content/segments/16/2.ogg"
    },
    {
        "ID": "3",
        "gender": "NA",
        "age": "NA",
        "character_name": "NA",
        "text": "ئەی وا ئەڵێن کاکە وا ئەڵێن، ئەڵێن تەڕەتیزەکەی لایخۆمان",
        "text_original": "ئەی وا ئەڵێن کاکە وا ئەڵێن، ئەڵێن تەڕەتیزەکەی لایخۆمان",
        "start": 10980.0,
        "end": 15443.0,
        "audio": "content/segments/16/3.ogg"
    },
    {
        "ID": "4",
        "gender": "NA",
        "age": "NA",
        "character_name": "NA",
        "text": "هیچ بە کەڵک نایە بەڵام ئەوەی سووریەکە نییە",
        "text_original": "هیچ بە کەڵک نایە بەڵام ئەوەی سووریەکە نییە",
        "start": 15671.0,
        "end": 18935.0,
        "audio": "content/segments/16/4.ogg"
    },
    {
        "ID": "5",
        "gender": "NA",
        "age": "NA",
        "character_name": "NA",
        "text": "لەوەی خۆمان زۆر تێر ترە",
        "text_original": "لەوەی خۆمان زۆر تێر ترە",
        "start": 18935.0,
        "end": 20713.0,
        "audio": "content/segments/16/5.ogg"
    },
    {
        "ID": "6",
        "gender": "NA",
        "age": "NA",
        "character_name": "NA",
        "text": "ئەڵێم، بێ عەیەبی نەبێ، بێ عەیەبی نەبێ",
        "text_original": "ئەڵێم، بێ عەیەبی نەبێ، بێ عەیەبی نەبێ",
        "start": 21206.0,
        "end": 25298.0,
        "audio": "content/segments/16/6.ogg"
    },
    {
        "ID": "7",
        "gender": "NA",
        "age": "NA",
        "character_name": "NA",
        "text": "ئێستا ئێوسەوزە هەر ئەخۆن",
        "text_original": "ئێستا ئێوسەوزە هەر ئەخۆن",
        "start": 25528.0,
        "end": 27604.0,
        "audio": "content/segments/16/7.ogg"
    },
    {
        "ID": "8",
        "gender": "NA",
        "age": "NA",
        "character_name": "NA",
        "text": "ئەوەی خۆمان نە، بەڵام ئەوەی سووریەکە، توورکیەکە",
        "text_original": "ئەوەی خۆمان نە، بەڵام ئەوەی سووریەکە، توورکیەکە",
        "start": 27854.0,
        "end": 32494.999999999996,
        "audio": "content/segments/16/8.ogg"
    },
    {
        "ID": "9",
        "gender": "NA",
        "age": "NA",
        "character_name": "NA",
        "text": "ئێرانییەکە، هەر زۆر زۆر چاکە وەڵای بستی",
        "text_original": "ئێرانییەکە، هەر زۆر زۆر چاکە وەڵای بستی",
        "start": 32494.999999999996,
        "end": 38125.0,
        "audio": "content/segments/16/9.ogg"
    },
    {
        "ID": "10",
        "gender": "NA",
        "age": "NA",
        "character_name": "NA",
        "text": "بە ئەگەر دەستمان کەوێ",
        "text_original": "بە ئەگەر دەستمان کەوێ",
        "start": 38125.0,
        "end": 39377.0,
        "audio": "content/segments/16/10.ogg"
    },
    {
        "ID": "11",
        "gender": "NA",
        "age": "NA",
        "character_name": "NA",
        "text": "وەڵای باشە کێ ئەڵێ ئەوانیش وەک و کەور و",
        "text_original": "وەڵای باشە کێ ئەڵێ ئەوانیش وەک و کەور و",
        "start": 39377.0,
        "end": 42552.0,
        "audio": "content/segments/16/11.ogg"
    },
    {
        "ID": "12",
        "gender": "NA",
        "age": "NA",
        "character_name": "NA",
        "text": "خۆمان بە ئاوی هین ئاو نادرێ",
        "text_original": "خۆمان بە ئاوی هین ئاو نادرێ",
        "start": 42552.0,
        "end": 44560.0,
        "audio": "content/segments/16/12.ogg"
    },
    {
        "ID": "13",
        "gender": "NA",
        "age": "NA",
        "character_name": "NA",
        "text": "نانا مامۆسا لای ئەوان ئەوە کفرە کفر",
        "text_original": "نانا مامۆسا لای ئەوان ئەوە کفرە کفر",
        "start": 44560.0,
        "end": 48953.0,
        "audio": "content/segments/16/13.ogg"
    },
    {
        "ID": "14",
        "gender": "NA",
        "age": "NA",
        "character_name": "NA",
        "text": "ئەزانی چۆنە سە کفر بێ من ئەقڵم نایبڕێ بڵێ بۆچی",
        "text_original": "ئەزانی چۆنە سە کفر بێ من ئەقڵم نایبڕێ بڵێ بۆچی",
        "start": 50942.0,
        "end": 55821.0,
        "audio": "content/segments/16/14.ogg"
    },
    {
        "ID": "15",
        "gender": "NA",
        "age": "NA",
        "character_name": "NA",
        "text": "چۆن",
        "text_original": "چۆن",
        "start": 55821.0,
        "end": 56526.0,
        "audio": "content/segments/16/15.ogg"
    },
    {
        "ID": "16",
        "gender": "NA",
        "age": "NA",
        "character_name": "NA",
        "text": "ئینسان لە پێناوی قازانجی خۆیا هەموو شتێک ئەکا",
        "text_original": "ئینسان لە پێناوی قازانجی خۆیا هەموو شتێک ئەکا",
        "start": 56526.0,
        "end": 58957.0,
        "audio": "content/segments/16/16.ogg"
    },
    {
        "ID": "17",
        "gender": "NA",
        "age": "NA",
        "character_name": "NA",
        "text": "بەتایبەتی ئەگەر شتەکە بۆ سادیرات بێ بۆ میلەتەکەی",
        "text_original": "بەتایبەتی ئەگەر شتەکە بۆ سادیرات بێ بۆ میلەتەکەی",
        "start": 59315.0,
        "end": 62510.0,
        "audio": "content/segments/16/17.ogg"
    },
    {
        "ID": "18",
        "gender": "NA",
        "age": "NA",
        "character_name": "NA",
        "text": "خۆیان نەبێ و دوای بیکەن بە هەڵا لێیان",
        "text_original": "خۆیان نەبێ و دوای بیکەن بە هەڵا لێیان",
        "start": 62510.0,
        "end": 64580.0,
        "audio": "content/segments/16/18.ogg"
    },
    {
        "ID": "19",
        "gender": "NA",
        "age": "NA",
        "character_name": "NA",
        "text": "ئەرێ کاکە ئەوە باسی چیئەکەن سەیرن",
        "text_original": "ئەرێ کاکە ئەوە باسی چیئەکەن سەیرن",
        "start": 64580.0,
        "end": 66629.0,
        "audio": "content/segments/16/19.ogg"
    },
    {
        "ID": "20",
        "gender": "NA",
        "age": "NA",
        "character_name": "NA",
        "text": "ئەزانی باسی چی ئەکەن مامۆسا",
        "text_original": "ئەزانی باسی چی ئەکەن مامۆسا",
        "start": 66629.0,
        "end": 68432.0,
        "audio": "content/segments/16/20.ogg"
    },
    {
        "ID": "21",
        "gender": "NA",
        "age": "NA",
        "character_name": "NA",
        "text": "ئەڵێ لەو وڵاتانەی دەریشەوە وەک و لای خۆمان گوایە",
        "text_original": "ئەڵێ لەو وڵاتانەی دەریشەوە وەک و لای خۆمان گوایە",
        "start": 68834.0,
        "end": 73722.0,
        "audio": "content/segments/16/21.ogg"
    },
    {
        "ID": "22",
        "gender": "NA",
        "age": "NA",
        "character_name": "NA",
        "text": "سەوزە و خەیار و ئەم جۆرە شتانە بەئاوی زێراباو",
        "text_original": "سەوزە و خەیار و ئەم جۆرە شتانە بەئاوی زێراباو",
        "start": 73722.0,
        "end": 78773.0,
        "audio": "content/segments/16/22.ogg"
    },
    {
        "ID": "23",
        "gender": "NA",
        "age": "NA",
        "character_name": "NA",
        "text": "ئاوی ئەیەن مەخسەیان ئا ئەوەیە باسی ئەوە ئەکەن",
        "text_original": "ئاوی ئەیەن مەخسەیان ئا ئەوەیە باسی ئەوە ئەکەن",
        "start": 78773.0,
        "end": 81637.0,
        "audio": "content/segments/16/23.ogg"
    },
    {
        "ID": "24",
        "gender": "NA",
        "age": "NA",
        "character_name": "NA",
        "text": "ئەزانی چی من خۆم شەخسیەن",
        "text_original": "ئەزانی چی من خۆم شەخسیەن",
        "start": 81637.0,
        "end": 83150.0,
        "audio": "content/segments/16/24.ogg"
    },
    {
        "ID": "25",
        "gender": "NA",
        "age": "NA",
        "character_name": "NA",
        "text": "شەخسیەن خۆم نییە بە دووری نازانم",
        "text_original": "شەخسیەن خۆم نییە بە دووری نازانم",
        "start": 83150.0,
        "end": 85585.0,
        "audio": "content/segments/16/25.ogg"
    },
    {
        "ID": "26",
        "gender": "NA",
        "age": "NA",
        "character_name": "NA",
        "text": "ئنجا بۆ بە ئاوی زێراب ئاوی بەن بۆ ئێوە وا ئەزانن ئاوی",
        "text_original": "ئنجا بۆ بە ئاوی زێراب ئاوی بەن بۆ ئێوە وا ئەزانن ئاوی",
        "start": 85585.0,
        "end": 89856.0,
        "audio": "content/segments/16/26.ogg"
    },
    {
        "ID": "27",
        "gender": "NA",
        "age": "NA",
        "character_name": "NA",
        "text": "زێرابەکەی ئەوان وەک و ئاوی زێرابەکەی ئێمە وایە",
        "text_original": "زێرابەکەی ئەوان وەک و ئاوی زێرابەکەی ئێمە وایە",
        "start": 89856.0,
        "end": 92967.0,
        "audio": "content/segments/16/27.ogg"
    },
    {
        "ID": "28",
        "gender": "NA",
        "age": "NA",
        "character_name": "NA",
        "text": "وەڵاهی فەرقی زۆر زۆرە، کورە بابە ئاوی زێرابی ئەوان",
        "text_original": "وەڵاهی فەرقی زۆر زۆرە، کورە بابە ئاوی زێرابی ئەوان",
        "start": 92967.0,
        "end": 98353.0,
        "audio": "content/segments/16/28.ogg"
    },
    {
        "ID": "29",
        "gender": "NA",
        "age": "NA",
        "character_name": "NA",
        "text": "لە کوێ ئاوی زێرابی ئێمە لە کوێ",
        "text_original": "لە کوێ ئاوی زێرابی ئێمە لە کوێ",
        "start": 98353.0,
        "end": 101813.0,
        "audio": "content/segments/16/29.ogg"
    },
    {
        "ID": "30",
        "gender": "NA",
        "age": "NA",
        "character_name": "NA",
        "text": "فەرقی هەیە فەرقی هەیە تۆ حەق چییە بەسەرەوە",
        "text_original": "فەرقی هەیە فەرقی هەیە تۆ حەق چییە بەسەرەوە",
        "start": 102329.0,
        "end": 105106.0,
        "audio": "content/segments/16/30.ogg"
    },
    {
        "ID": "31",
        "gender": "NA",
        "age": "NA",
        "character_name": "NA",
        "text": "وەرە تۆ بچۆ چوار دەسک ئا ئە لەو سەوزەیەم بۆ بکڕە",
        "text_original": "وەرە تۆ بچۆ چوار دەسک ئا ئە لەو سەوزەیەم بۆ بکڕە",
        "start": 105106.0,
        "end": 109106.0,
        "audio": "content/segments/16/31.ogg"
    },
    {
        "ID": "32",
        "gender": "NA",
        "age": "NA",
        "character_name": "NA",
        "text": "بەسەرچاو",
        "text_original": "بەسەرچاو",
        "start": 109106.0,
        "end": 110056.0,
        "audio": "content/segments/16/32.ogg"
    },
    {
        "ID": "33",
        "gender": "NA",
        "age": "NA",
        "character_name": "NA",
        "text": "لەوێشەوە کیلۆیە باینجان و کیلۆیە کولەکەشم بۆ بکڕە",
        "text_original": "لەوێشەوە کیلۆیە باینجان و کیلۆیە کولەکەشم بۆ بکڕە",
        "start": 110056.0,
        "end": 113434.0,
        "audio": "content/segments/16/33.ogg"
    },
    {
        "ID": "34",
        "gender": "NA",
        "age": "NA",
        "character_name": "NA",
        "text": "بەسەرچاو بەڵام مامۆسا گیان بەساقەو بم دوای قسەیەکم بۆ",
        "text_original": "بەسەرچاو بەڵام مامۆسا گیان بەساقەو بم دوای قسەیەکم بۆ",
        "start": 113434.0,
        "end": 117344.0,
        "audio": "content/segments/16/34.ogg"
    },
    {
        "ID": "35",
        "gender": "NA",
        "age": "NA",
        "character_name": "NA",
        "text": "هەڵنەبەستی و شتێک نەخەنە، چونکە ئەزانی بۆ",
        "text_original": "هەڵنەبەستی و شتێک نەخەنە، چونکە ئەزانی بۆ",
        "start": 117344.0,
        "end": 119929.0,
        "audio": "content/segments/16/35.ogg"
    },
    {
        "ID": "36",
        "gender": "NA",
        "age": "NA",
        "character_name": "NA",
        "text": "لەم ڕۆژانەیا تۆزێ شت گران بووە گران",
        "text_original": "لەم ڕۆژانەیا تۆزێ شت گران بووە گران",
        "start": 119929.0,
        "end": 123911.0,
        "audio": "content/segments/16/36.ogg"
    },
    {
        "ID": "37",
        "gender": "NA",
        "age": "NA",
        "character_name": "NA",
        "text": "بۆچی شت گران بووە",
        "text_original": "بۆچی شت گران بووە",
        "start": 123911.0,
        "end": 125211.0,
        "audio": "content/segments/16/37.ogg"
    },
    {
        "ID": "38",
        "gender": "NA",
        "age": "NA",
        "character_name": "NA",
        "text": "بەخوا ئەڵێن لەبەر ئەوەی حدوودەکان کراونەتەوە",
        "text_original": "بەخوا ئەڵێن لەبەر ئەوەی حدوودەکان کراونەتەوە",
        "start": 125211.0,
        "end": 127735.0,
        "audio": "content/segments/16/38.ogg"
    },
    {
        "ID": "39",
        "gender": "NA",
        "age": "NA",
        "character_name": "NA",
        "text": "بەخوا وڵاتێکی سەیرە کە حدوود دائەخرێ شت هەرزان ئەبێ",
        "text_original": "بەخوا وڵاتێکی سەیرە کە حدوود دائەخرێ شت هەرزان ئەبێ",
        "start": 127735.0,
        "end": 133073.0,
        "audio": "content/segments/16/39.ogg"
    },
    {
        "ID": "40",
        "gender": "NA",
        "age": "NA",
        "character_name": "NA",
        "text": "کە حدوود ئەکرێنەوە ئنجا شت گران ئەبێ",
        "text_original": "کە حدوود ئەکرێنەوە ئنجا شت گران ئەبێ",
        "start": 133073.0,
        "end": 134970.0,
        "audio": "content/segments/16/40.ogg"
    },
    {
        "ID": "41",
        "gender": "NA",
        "age": "NA",
        "character_name": "NA",
        "text": "دە ئەوە بزانە نییە قاچاخچەیەکان زۆر لە سەیتەرەکە و لە",
        "text_original": "دە ئەوە بزانە نییە قاچاخچەیەکان زۆر لە سەیتەرەکە و لە",
        "start": 135339.0,
        "end": 140359.0,
        "audio": "content/segments/16/41.ogg"
    },
    {
        "ID": "42",
        "gender": "NA",
        "age": "NA",
        "character_name": "NA",
        "text": "عەلوەکە بەڕەحم ترن ئەی چۆن",
        "text_original": "عەلوەکە بەڕەحم ترن ئەی چۆن",
        "start": 140359.0,
        "end": 142437.0,
        "audio": "content/segments/16/42.ogg"
    },
    {
        "ID": "43",
        "gender": "NA",
        "age": "NA",
        "character_name": "NA",
        "text": "دە مامۆسا گیان",
        "text_original": "دە مامۆسا گیان",
        "start": 143092.0,
        "end": 146086.0,
        "audio": "content/segments/16/43.ogg"
    },
    {
        "ID": "44",
        "gender": "NA",
        "age": "NA",
        "character_name": "NA",
        "text": "گیان ئەمرکە",
        "text_original": "گیان ئەمرکە",
        "start": 146086.0,
        "end": 147820.0,
        "audio": "content/segments/16/44.ogg"
    },
    {
        "ID": "45",
        "gender": "NA",
        "age": "NA",
        "character_name": "NA",
        "text": "قوربانی ئەو چاوانە بم خوا ئەو ئەلایانەی لێ نەسێنێ ئەها",
        "text_original": "قوربانی ئەو چاوانە بم خوا ئەو ئەلایانەی لێ نەسێنێ ئەها",
        "start": 147820.0,
        "end": 152135.0,
        "audio": "content/segments/16/45.ogg"
    },
    {
        "ID": "46",
        "gender": "NA",
        "age": "NA",
        "character_name": "NA",
        "text": "چییە",
        "text_original": "چییە",
        "start": 155623.0,
        "end": 156563.0,
        "audio": "content/segments/16/46.ogg"
    },
    {
        "ID": "47",
        "gender": "NA",
        "age": "NA",
        "character_name": "NA",
        "text": "تۆش نیە ئا ئەم عەریزەم بۆ کە بەقوربانی ئەو چاوانە",
        "text_original": "تۆش نیە ئا ئەم عەریزەم بۆ کە بەقوربانی ئەو چاوانە",
        "start": 156974.0,
        "end": 161712.0,
        "audio": "content/segments/16/47.ogg"
    },
    {
        "ID": "48",
        "gender": "NA",
        "age": "NA",
        "character_name": "NA",
        "text": "ئنجا کەس دڵی یەعنی یە دڵی تۆ بشکێنێ",
        "text_original": "ئنجا کەس دڵی یەعنی یە دڵی تۆ بشکێنێ",
        "start": 162046.0,
        "end": 165615.0,
        "audio": "content/segments/16/48.ogg"
    },
    {
        "ID": "49",
        "gender": "NA",
        "age": "NA",
        "character_name": "NA",
        "text": "بەقوربان بم",
        "text_original": "بەقوربان بم",
        "start": 165615.0,
        "end": 166845.0,
        "audio": "content/segments/16/49.ogg"
    },
    {
        "ID": "50",
        "gender": "NA",
        "age": "NA",
        "character_name": "NA",
        "text": "ئەم عەریزەیە بۆ تەمشێ نەکا بەڵام داوای چیو کردووە ها",
        "text_original": "ئەم عەریزەیە بۆ تەمشێ نەکا بەڵام داوای چیو کردووە ها",
        "start": 166845.0,
        "end": 169505.0,
        "audio": "content/segments/16/50.ogg"
    },
    {
        "ID": "51",
        "gender": "NA",
        "age": "NA",
        "character_name": "NA",
        "text": "وەڵاهی ئەزانی چی داوای حەقی مەشروعێکی خۆمم کردووە",
        "text_original": "وەڵاهی ئەزانی چی داوای حەقی مەشروعێکی خۆمم کردووە",
        "start": 169505.0,
        "end": 173135.0,
        "audio": "content/segments/16/51.ogg"
    },
    {
        "ID": "52",
        "gender": "NA",
        "age": "NA",
        "character_name": "NA",
        "text": "ئا جا لەبەر ئەوە داوا لە بەڕێزتان ئەکەم ئای ها",
        "text_original": "ئا جا لەبەر ئەوە داوا لە بەڕێزتان ئەکەم ئای ها",
        "start": 173135.0,
        "end": 183245.0,
        "audio": "content/segments/16/52.ogg"
    },
    {
        "ID": "53",
        "gender": "NA",
        "age": "NA",
        "character_name": "NA",
        "text": "جەماعەت ئەها داوای چی کردووە",
        "text_original": "جەماعەت ئەها داوای چی کردووە",
        "start": 183582.0,
        "end": 185461.0,
        "audio": "content/segments/16/53.ogg"
    },
    {
        "ID": "54",
        "gender": "NA",
        "age": "NA",
        "character_name": "NA",
        "text": "داوای چی کردووە",
        "text_original": "داوای چی کردووە",
        "start": 185461.0,
        "end": 186061.0,
        "audio": "content/segments/16/54.ogg"
    },
    {
        "ID": "55",
        "gender": "NA",
        "age": "NA",
        "character_name": "NA",
        "text": "ناشێ هینی کردبێ داوای ئەوەی کردبێ ئەمساڵ بیخەینە",
        "text_original": "ناشێ هینی کردبێ داوای ئەوەی کردبێ ئەمساڵ بیخەینە",
        "start": 186061.0,
        "end": 189697.0,
        "audio": "content/segments/16/55.ogg"
    },
    {
        "ID": "56",
        "gender": "NA",
        "age": "NA",
        "character_name": "NA",
        "text": "لیستی حاجیەکانی ئەمساڵەوە",
        "text_original": "لیستی حاجیەکانی ئەمساڵەوە",
        "start": 189697.0,
        "end": 190948.0,
        "audio": "content/segments/16/56.ogg"
    },
    {
        "ID": "57",
        "gender": "NA",
        "age": "NA",
        "character_name": "NA",
        "text": "نانا ئەوە لە شانس و ئیخباری منەوە دوورو",
        "text_original": "نانا ئەوە لە شانس و ئیخباری منەوە دوورو",
        "start": 191094.0,
        "end": 194019.0,
        "audio": "content/segments/16/57.ogg"
    },
    {
        "ID": "58",
        "gender": "NA",
        "age": "NA",
        "character_name": "NA",
        "text": "نەوەڵا ئەزانی چی داوامکردووە",
        "text_original": "نەوەڵا ئەزانی چی داوامکردووە",
        "start": 194019.0,
        "end": 197520.0,
        "audio": "content/segments/16/58.ogg"
    },
    {
        "ID": "59",
        "gender": "NA",
        "age": "NA",
        "character_name": "NA",
        "text": "داوای کردووە عینوانەکەی لە چای چیەوە",
        "text_original": "داوای کردووە عینوانەکەی لە چای چیەوە",
        "start": 197520.0,
        "end": 200764.0,
        "audio": "content/segments/16/59.ogg"
    },
    {
        "ID": "60",
        "gender": "NA",
        "age": "NA",
        "character_name": "NA",
        "text": "بیکەن بە چایچی کارامە",
        "text_original": "بیکەن بە چایچی کارامە",
        "start": 201074.0,
        "end": 202884.0,
        "audio": "content/segments/16/60.ogg"
    },
    {
        "ID": "61",
        "gender": "NA",
        "age": "NA",
        "character_name": "NA",
        "text": "چی چی",
        "text_original": "چی چی",
        "start": 202884.0,
        "end": 204124.0,
        "audio": "content/segments/16/61.ogg"
    },
    {
        "ID": "62",
        "gender": "NA",
        "age": "NA",
        "character_name": "NA",
        "text": "بەڵێ، بیکەن بە چایچی کارامە توو شەرەفتان",
        "text_original": "بەڵێ، بیکەن بە چایچی کارامە توو شەرەفتان",
        "start": 204124.0,
        "end": 207767.0,
        "audio": "content/segments/16/62.ogg"
    },
    {
        "ID": "63",
        "gender": "NA",
        "age": "NA",
        "character_name": "NA",
        "text": "ئا ئەم عینوانە لە وەزیفەیا هەیە ها",
        "text_original": "ئا ئەم عینوانە لە وەزیفەیا هەیە ها",
        "start": 207964.0,
        "end": 210982.0,
        "audio": "content/segments/16/63.ogg"
    },
    {
        "ID": "64",
        "gender": "NA",
        "age": "NA",
        "character_name": "NA",
        "text": "ئەزانی چۆن مامۆسا گیان یاعنی بۆ ئێوە",
        "text_original": "ئەزانی چۆن مامۆسا گیان یاعنی بۆ ئێوە",
        "start": 211295.0,
        "end": 215609.0,
        "audio": "content/segments/16/64.ogg"
    },
    {
        "ID": "65",
        "gender": "NA",
        "age": "NA",
        "character_name": "NA",
        "text": "ئێوە تخوا من با چایچیەکی کارامە تێناگەن",
        "text_original": "ئێوە تخوا من با چایچیەکی کارامە تێناگەن",
        "start": 215609.0,
        "end": 218899.0,
        "audio": "content/segments/16/65.ogg"
    },
    {
        "ID": "66",
        "gender": "NA",
        "age": "NA",
        "character_name": "NA",
        "text": "با کارامەش بی کاکە با کارامەش بی بەڵام لە",
        "text_original": "با کارامەش بی کاکە با کارامەش بی بەڵام لە",
        "start": 219134.0,
        "end": 222634.0,
        "audio": "content/segments/16/66.ogg"
    },
    {
        "ID": "67",
        "gender": "NA",
        "age": "NA",
        "character_name": "NA",
        "text": "پەیکەری ئیش کردن و تەتەڕوجا ئەو عینوانە نییە",
        "text_original": "پەیکەری ئیش کردن و تەتەڕوجا ئەو عینوانە نییە",
        "start": 222634.0,
        "end": 226140.0,
        "audio": "content/segments/16/67.ogg"
    },
    {
        "ID": "68",
        "gender": "NA",
        "age": "NA",
        "character_name": "NA",
        "text": "لە ئیداری ئەم وڵاتە",
        "text_original": "لە ئیداری ئەم وڵاتە",
        "start": 226533.0,
        "end": 227773.0,
        "audio": "content/segments/16/68.ogg"
    },
    {
        "ID": "69",
        "gender": "NA",
        "age": "NA",
        "character_name": "NA",
        "text": "نییە نییە شتی وا نییە",
        "text_original": "نییە نییە شتی وا نییە",
        "start": 227773.0,
        "end": 228968.0,
        "audio": "content/segments/16/69.ogg"
    },
    {
        "ID": "70",
        "gender": "NA",
        "age": "NA",
        "character_name": "NA",
        "text": "ئنجا باشە تۆ ئەزانی چی مامۆسا گیان، تۆ نییە تۆ عەریزەکەم",
        "text_original": "ئنجا باشە تۆ ئەزانی چی مامۆسا گیان، تۆ نییە تۆ عەریزەکەم",
        "start": 229122.0,
        "end": 233222.0,
        "audio": "content/segments/16/70.ogg"
    },
    {
        "ID": "71",
        "gender": "NA",
        "age": "NA",
        "character_name": "NA",
        "text": "بۆ بەرز کەرەوە بۆسەرەوە وەزارەت لەوێ زەلامێکی",
        "text_original": "بۆ بەرز کەرەوە بۆسەرەوە وەزارەت لەوێ زەلامێکی",
        "start": 233222.0,
        "end": 237436.0,
        "audio": "content/segments/16/71.ogg"
    },
    {
        "ID": "72",
        "gender": "NA",
        "age": "NA",
        "character_name": "NA",
        "text": "لێیە و وتی خۆم بۆوجێبەجێ ئەکەم",
        "text_original": "لێیە و وتی خۆم بۆوجێبەجێ ئەکەم",
        "start": 237436.0,
        "end": 239473.0,
        "audio": "content/segments/16/72.ogg"
    },
    {
        "ID": "73",
        "gender": "NA",
        "age": "NA",
        "character_name": "NA",
        "text": "گۆ گرە، عەرز و عاسمان لێک با ئەو عەریزەیەی تۆ",
        "text_original": "گۆ گرە، عەرز و عاسمان لێک با ئەو عەریزەیەی تۆ",
        "start": 239473.0,
        "end": 243023.0,
        "audio": "content/segments/16/73.ogg"
    },
    {
        "ID": "74",
        "gender": "NA",
        "age": "NA",
        "character_name": "NA",
        "text": "لای من ناکرێ و ناڕوا تێگەشتی ئەوە موخالەفەیە",
        "text_original": "لای من ناکرێ و ناڕوا تێگەشتی ئەوە موخالەفەیە",
        "start": 243023.0,
        "end": 246578.0,
        "audio": "content/segments/16/74.ogg"
    },
    {
        "ID": "75",
        "gender": "NA",
        "age": "NA",
        "character_name": "NA",
        "text": "مامۆسا گیان من داوای حەقێکی خۆم ئەکەم بۆ موخالەفەیە",
        "text_original": "مامۆسا گیان من داوای حەقێکی خۆم ئەکەم بۆ موخالەفەیە",
        "start": 246918.0,
        "end": 250437.0,
        "audio": "content/segments/16/75.ogg"
    },
    {
        "ID": "76",
        "gender": "NA",
        "age": "NA",
        "character_name": "NA",
        "text": "ئەی باشە ئەم هەموو دزی و گزی و بەرتیل و فرت و فێڵ و",
        "text_original": "ئەی باشە ئەم هەموو دزی و گزی و بەرتیل و فرت و فێڵ و",
        "start": 250997.0,
        "end": 256107.00000000003,
        "audio": "content/segments/16/76.ogg"
    },
    {
        "ID": "77",
        "gender": "NA",
        "age": "NA",
        "character_name": "NA",
        "text": "شتانە لەم دائیرانەیا ئەکرێ بۆ ئەو موخالەفە نییە بۆ",
        "text_original": "شتانە لەم دائیرانەیا ئەکرێ بۆ ئەو موخالەفە نییە بۆ",
        "start": 256107.00000000003,
        "end": 260197.0,
        "audio": "content/segments/16/77.ogg"
    },
    {
        "ID": "78",
        "gender": "NA",
        "age": "NA",
        "character_name": "NA",
        "text": "ئەو داوایەی من موخالەفەیە مامۆسا",
        "text_original": "ئەو داوایەی من موخالەفەیە مامۆسا",
        "start": 260206.00000000003,
        "end": 262758.0,
        "audio": "content/segments/16/78.ogg"
    },
    {
        "ID": "79",
        "gender": "NA",
        "age": "NA",
        "character_name": "NA",
        "text": "جرت و فرت و قاتی و قورت یاعنی لە دائیرەکەی ئێمە",
        "text_original": "جرت و فرت و قاتی و قورت یاعنی لە دائیرەکەی ئێمە",
        "start": 262758.0,
        "end": 266388.0,
        "audio": "content/segments/16/79.ogg"
    },
    {
        "ID": "80",
        "gender": "NA",
        "age": "NA",
        "character_name": "NA",
        "text": "جرت و فرت و قاتی و قورت ئەکرێ ها",
        "text_original": "جرت و فرت و قاتی و قورت ئەکرێ ها",
        "start": 266402.0,
        "end": 268619.0,
        "audio": "content/segments/16/80.ogg"
    },
    {
        "ID": "81",
        "gender": "NA",
        "age": "NA",
        "character_name": "NA",
        "text": "جەماعەت گۆ گرە وەڵاهی ئەگەرئیسپاتی نەکەی ئا ئەوە",
        "text_original": "جەماعەت گۆ گرە وەڵاهی ئەگەرئیسپاتی نەکەی ئا ئەوە",
        "start": 269702.0,
        "end": 273682.0,
        "audio": "content/segments/16/81.ogg"
    },
    {
        "ID": "82",
        "gender": "NA",
        "age": "NA",
        "character_name": "NA",
        "text": "کارێک پێ ئەکەم باب پێ نەکا، بەڕێز ئا ئێستا بنووسە",
        "text_original": "کارێک پێ ئەکەم باب پێ نەکا، بەڕێز ئا ئێستا بنووسە",
        "start": 273949.0,
        "end": 278864.0,
        "audio": "content/segments/16/82.ogg"
    },
    {
        "ID": "83",
        "gender": "NA",
        "age": "NA",
        "character_name": "NA",
        "text": "دەی هەر ئێستا مدیر تەحقیق لەسەر تۆمار کە دەی",
        "text_original": "دەی هەر ئێستا مدیر تەحقیق لەسەر تۆمار کە دەی",
        "start": 278864.0,
        "end": 281394.0,
        "audio": "content/segments/16/83.ogg"
    },
    {
        "ID": "84",
        "gender": "NA",
        "age": "NA",
        "character_name": "NA",
        "text": "بەسەرچاو",
        "text_original": "بەسەرچاو",
        "start": 281394.0,
        "end": 282052.0,
        "audio": "content/segments/16/84.ogg"
    },
    {
        "ID": "85",
        "gender": "NA",
        "age": "NA",
        "character_name": "NA",
        "text": "هەر ئێستا زوو خێرا",
        "text_original": "هەر ئێستا زوو خێرا",
        "start": 282052.0,
        "end": 283415.0,
        "audio": "content/segments/16/85.ogg"
    },
    {
        "ID": "86",
        "gender": "NA",
        "age": "NA",
        "character_name": "NA",
        "text": "قوربان قوربان بببب بەقورعان من مم مەخسەم",
        "text_original": "قوربان قوربان بببب بەقورعان من مم مەخسەم",
        "start": 283415.0,
        "end": 286375.0,
        "audio": "content/segments/16/86.ogg"
    },
    {
        "ID": "87",
        "gender": "NA",
        "age": "NA",
        "character_name": "NA",
        "text": "وس وس وس مشاخەبی ساختە چی ئەها ها کە حوریەتان",
        "text_original": "وس وس وس مشاخەبی ساختە چی ئەها ها کە حوریەتان",
        "start": 286375.0,
        "end": 291345.0,
        "audio": "content/segments/16/87.ogg"
    },
    {
        "ID": "88",
        "gender": "NA",
        "age": "NA",
        "character_name": "NA",
        "text": "ئەیەنێ زمانتان ئا ئەمەنە درێژە بۆ بووختان بۆ ئیدارە",
        "text_original": "ئەیەنێ زمانتان ئا ئەمەنە درێژە بۆ بووختان بۆ ئیدارە",
        "start": 291345.0,
        "end": 295049.0,
        "audio": "content/segments/16/88.ogg"
    },
    {
        "ID": "89",
        "gender": "NA",
        "age": "NA",
        "character_name": "NA",
        "text": "بۆ ئەمانەبەڵام کە پێشتان ئەگیرێ لە هەزار کەس ئەپاڕێنەوە",
        "text_original": "بۆ ئەمانەبەڵام کە پێشتان ئەگیرێ لە هەزار کەس ئەپاڕێنەوە",
        "start": 295049.0,
        "end": 298963.0,
        "audio": "content/segments/16/89.ogg"
    },
    {
        "ID": "90",
        "gender": "NA",
        "age": "NA",
        "character_name": "NA",
        "text": "ئەها بەبە شەرەف و بە نامووسم",
        "text_original": "ئەها بەبە شەرەف و بە نامووسم",
        "start": 299300.0,
        "end": 301979.0,
        "audio": "content/segments/16/90.ogg"
    },
    {
        "ID": "91",
        "gender": "NA",
        "age": "NA",
        "character_name": "NA",
        "text": "وس وس باسی شەرەف و نامووس نەکەی ها ئێمە بە گوێی",
        "text_original": "وس وس باسی شەرەف و نامووس نەکەی ها ئێمە بە گوێی",
        "start": 302065.0,
        "end": 305167.0,
        "audio": "content/segments/16/91.ogg"
    },
    {
        "ID": "92",
        "gender": "NA",
        "age": "NA",
        "character_name": "NA",
        "text": "خۆمان گوێمان لێ بوو گەورەم ئەزانی چی",
        "text_original": "خۆمان گوێمان لێ بوو گەورەم ئەزانی چی",
        "start": 305167.0,
        "end": 307697.0,
        "audio": "content/segments/16/92.ogg"
    },
    {
        "ID": "93",
        "gender": "NA",
        "age": "NA",
        "character_name": "NA",
        "text": "نەک مەجلیس تەحقیقی هەر ئێستا ئەمرەکەی بۆ دەرکە نەقڵی کە",
        "text_original": "نەک مەجلیس تەحقیقی هەر ئێستا ئەمرەکەی بۆ دەرکە نەقڵی کە",
        "start": 307955.0,
        "end": 311010.0,
        "audio": "content/segments/16/93.ogg"
    },
    {
        "ID": "94",
        "gender": "NA",
        "age": "NA",
        "character_name": "NA",
        "text": "نەقڵ کورە نەقڵ هیچ نییە کاکە بە قسەی من ئەکەی قوربان",
        "text_original": "نەقڵ کورە نەقڵ هیچ نییە کاکە بە قسەی من ئەکەی قوربان",
        "start": 311010.0,
        "end": 314409.0,
        "audio": "content/segments/16/94.ogg"
    },
    {
        "ID": "95",
        "gender": "NA",
        "age": "NA",
        "character_name": "NA",
        "text": "هەر ئا ئێسا بیە بە مەحکەمە بۆ ئەوەی بیست بۆ",
        "text_original": "هەر ئا ئێسا بیە بە مەحکەمە بۆ ئەوەی بیست بۆ",
        "start": 314642.0,
        "end": 317422.0,
        "audio": "content/segments/16/95.ogg"
    },
    {
        "ID": "96",
        "gender": "NA",
        "age": "NA",
        "character_name": "NA",
        "text": "بیس پێنج ساڵی حوکوم بەن",
        "text_original": "بیس پێنج ساڵی حوکوم بەن",
        "start": 317422.0,
        "end": 318432.0,
        "audio": "content/segments/16/96.ogg"
    },
    {
        "ID": "97",
        "gender": "NA",
        "age": "NA",
        "character_name": "NA",
        "text": "مەحکەمە و نەقڵ وەڵاهی ئەبێ کارەک پێ بکەم بوکەم بە",
        "text_original": "مەحکەمە و نەقڵ وەڵاهی ئەبێ کارەک پێ بکەم بوکەم بە",
        "start": 318432.0,
        "end": 324624.0,
        "audio": "content/segments/16/97.ogg"
    },
    {
        "ID": "98",
        "gender": "NA",
        "age": "NA",
        "character_name": "NA",
        "text": "عیبرەت بۆ ڕووی زەمانە لاچۆ لەبەر چاوم ون بە",
        "text_original": "عیبرەت بۆ ڕووی زەمانە لاچۆ لەبەر چاوم ون بە",
        "start": 324624.0,
        "end": 326800.0,
        "audio": "content/segments/16/98.ogg"
    },
    {
        "ID": "99",
        "gender": "NA",
        "age": "NA",
        "character_name": "NA",
        "text": "دەی بڕۆ لاچۆ هیچ وپووچ",
        "text_original": "دەی بڕۆ لاچۆ هیچ وپووچ",
        "start": 326800.0,
        "end": 329928.0,
        "audio": "content/segments/16/99.ogg"
    },
    {
        "ID": "100",
        "gender": "NA",
        "age": "NA",
        "character_name": "NA",
        "text": "بڕۆ دەرچۆ، ئەمانەیە میکرۆبە قوربان ئەمە میکرۆبە بەشەرەفم",
        "text_original": "بڕۆ دەرچۆ، ئەمانەیە میکرۆبە قوربان ئەمە میکرۆبە بەشەرەفم",
        "start": 331268.0,
        "end": 336292.0,
        "audio": "content/segments/16/100.ogg"
    },
    {
        "ID": "101",
        "gender": "NA",
        "age": "NA",
        "character_name": "NA",
        "text": "ئا ئەمە نییە لە میکرۆب خەتەر ترە کە ئەم شارەی هێناوەت",
        "text_original": "ئا ئەمە نییە لە میکرۆب خەتەر ترە کە ئەم شارەی هێناوەت",
        "start": 336292.0,
        "end": 340292.0,
        "audio": "content/segments/16/101.ogg"
    },
    {
        "ID": "102",
        "gender": "NA",
        "age": "NA",
        "character_name": "NA",
        "text": "حەلەقەزەمە تۆ سەیری ئەو قسە ناخۆشانە بەخوا گەورەم",
        "text_original": "حەلەقەزەمە تۆ سەیری ئەو قسە ناخۆشانە بەخوا گەورەم",
        "start": 340292.0,
        "end": 344154.0,
        "audio": "content/segments/16/102.ogg"
    },
    {
        "ID": "103",
        "gender": "NA",
        "age": "NA",
        "character_name": "NA",
        "text": "هەر تۆ تەحەموولی ئەکەی",
        "text_original": "هەر تۆ تەحەموولی ئەکەی",
        "start": 344154.0,
        "end": 345278.0,
        "audio": "content/segments/16/103.ogg"
    },
    {
        "ID": "104",
        "gender": "NA",
        "age": "NA",
        "character_name": "NA",
        "text": "کورە جا موشکیلەکە لەوایایە ئێمە میکرۆبەکانی",
        "text_original": "کورە جا موشکیلەکە لەوایایە ئێمە میکرۆبەکانی",
        "start": 345278.0,
        "end": 347418.0,
        "audio": "content/segments/16/104.ogg"
    },
    {
        "ID": "105",
        "gender": "NA",
        "age": "NA",
        "character_name": "NA",
        "text": "لەشی خۆمان لا موهیمە بەڵام میکرۆبی ئیجتیماعی وا هەیە",
        "text_original": "لەشی خۆمان لا موهیمە بەڵام میکرۆبی ئیجتیماعی وا هەیە",
        "start": 347418.0,
        "end": 350652.0,
        "audio": "content/segments/16/105.ogg"
    },
    {
        "ID": "106",
        "gender": "NA",
        "age": "NA",
        "character_name": "NA",
        "text": "وەک و ئا ئەم چای چییە کە ئەیبینن، ئا ئەم چای چییە پیسە",
        "text_original": "وەک و ئا ئەم چای چییە کە ئەیبینن، ئا ئەم چای چییە پیسە",
        "start": 350998.0,
        "end": 354188.0,
        "audio": "content/segments/16/106.ogg"
    },
    {
        "ID": "107",
        "gender": "NA",
        "age": "NA",
        "character_name": "NA",
        "text": "بەڵێ بیلفعل وەک و ئەم چای چییە، خۆ ئەگەر",
        "text_original": "بەڵێ بیلفعل وەک و ئەم چای چییە، خۆ ئەگەر",
        "start": 354188.0,
        "end": 355891.0,
        "audio": "content/segments/16/107.ogg"
    },
    {
        "ID": "108",
        "gender": "NA",
        "age": "NA",
        "character_name": "NA",
        "text": "وریای نەبی هەموو ئیدارەکە بۆ تێک ئەیا",
        "text_original": "وریای نەبی هەموو ئیدارەکە بۆ تێک ئەیا",
        "start": 355891.0,
        "end": 358374.0,
        "audio": "content/segments/16/108.ogg"
    },
    {
        "ID": "109",
        "gender": "NA",
        "age": "NA",
        "character_name": "NA",
        "text": "داوای لێبووردن ئەکەم",
        "text_original": "داوای لێبووردن ئەکەم",
        "start": 360762.0,
        "end": 361972.0,
        "audio": "content/segments/16/109.ogg"
    },
    {
        "ID": "110",
        "gender": "NA",
        "age": "NA",
        "character_name": "NA",
        "text": "بەڵێ تۆی کاکە سەردار ئێ گیان حازرن",
        "text_original": "بەڵێ تۆی کاکە سەردار ئێ گیان حازرن",
        "start": 363395.0,
        "end": 368508.0,
        "audio": "content/segments/16/110.ogg"
    },
    {
        "ID": "111",
        "gender": "NA",
        "age": "NA",
        "character_name": "NA",
        "text": "لەوێن موقاولەکەش لەوێیە ئا بەقوربان بم ئا چاوەکەم ئا",
        "text_original": "لەوێن موقاولەکەش لەوێیە ئا بەقوربان بم ئا چاوەکەم ئا",
        "start": 369751.0,
        "end": 376031.0,
        "audio": "content/segments/16/111.ogg"
    },
    {
        "ID": "112",
        "gender": "NA",
        "age": "NA",
        "character_name": "NA",
        "text": "ئێسەیەم بۆلاتان شتەکان نییە من سەیارەکە لەو سەری",
        "text_original": "ئێسەیەم بۆلاتان شتەکان نییە من سەیارەکە لەو سەری",
        "start": 376031.0,
        "end": 378980.0,
        "audio": "content/segments/16/112.ogg"
    },
    {
        "ID": "113",
        "gender": "NA",
        "age": "NA",
        "character_name": "NA",
        "text": "کۆڵانەکە ڕائەگرم",
        "text_original": "کۆڵانەکە ڕائەگرم",
        "start": 378980.0,
        "end": 379940.0,
        "audio": "content/segments/16/113.ogg"
    },
    {
        "ID": "114",
        "gender": "NA",
        "age": "NA",
        "character_name": "NA",
        "text": "ئێوەش وردە وردە بێنن بۆ سەر دەمی کۆڵانەکە کەس",
        "text_original": "ئێوەش وردە وردە بێنن بۆ سەر دەمی کۆڵانەکە کەس",
        "start": 379940.0,
        "end": 382734.0,
        "audio": "content/segments/16/114.ogg"
    },
    {
        "ID": "115",
        "gender": "NA",
        "age": "NA",
        "character_name": "NA",
        "text": "نەتان بینێ بەقوربانە هەرئێسە یەم ئەها ئەھ ئەوە هاتم",
        "text_original": "نەتان بینێ بەقوربانە هەرئێسە یەم ئەها ئەھ ئەوە هاتم",
        "start": 382734.0,
        "end": 386082.0,
        "audio": "content/segments/16/115.ogg"
    },
    {
        "ID": "116",
        "gender": "NA",
        "age": "NA",
        "character_name": "NA",
        "text": "بەڕێزان من نیوو سەعات ئەچمە دەرەوە",
        "text_original": "بەڕێزان من نیوو سەعات ئەچمە دەرەوە",
        "start": 388802.0,
        "end": 390905.0,
        "audio": "content/segments/16/116.ogg"
    },
    {
        "ID": "117",
        "gender": "NA",
        "age": "NA",
        "character_name": "NA",
        "text": "بەڵێ",
        "text_original": "بەڵێ",
        "start": 390905.0,
        "end": 391557.0,
        "audio": "content/segments/16/117.ogg"
    },
    {
        "ID": "118",
        "gender": "NA",
        "age": "NA",
        "character_name": "NA",
        "text": "خزمێکی مقاویلم شتێکی لێ قەوماوە ئەچم بۆی چارەسەر ئەکەم",
        "text_original": "خزمێکی مقاویلم شتێکی لێ قەوماوە ئەچم بۆی چارەسەر ئەکەم",
        "start": 392537.0,
        "end": 397164.0,
        "audio": "content/segments/16/118.ogg"
    },
    {
        "ID": "119",
        "gender": "NA",
        "age": "NA",
        "character_name": "NA",
        "text": "ئیش بە ئێمە نییە",
        "text_original": "ئیش بە ئێمە نییە",
        "start": 397689.0,
        "end": 398484.0,
        "audio": "content/segments/16/119.ogg"
    },
    {
        "ID": "120",
        "gender": "NA",
        "age": "NA",
        "character_name": "NA",
        "text": "ئاگاتان لێرە بێ",
        "text_original": "ئاگاتان لێرە بێ",
        "start": 398484.0,
        "end": 399343.0,
        "audio": "content/segments/16/120.ogg"
    },
    {
        "ID": "121",
        "gender": "NA",
        "age": "NA",
        "character_name": "NA",
        "text": "بەسەرچاو خوا حافیز بێ",
        "text_original": "بەسەرچاو خوا حافیز بێ",
        "start": 399343.0,
        "end": 400847.0,
        "audio": "content/segments/16/121.ogg"
    },
    {
        "ID": "122",
        "gender": "NA",
        "age": "NA",
        "character_name": "NA",
        "text": "خوا حافیز بێ یاخوا قوربان، خوا حافیز بێ خوا حافیز",
        "text_original": "خوا حافیز بێ یاخوا قوربان، خوا حافیز بێ خوا حافیز",
        "start": 401336.0,
        "end": 404386.0,
        "audio": "content/segments/16/122.ogg"
    },
    {
        "ID": "123",
        "gender": "NA",
        "age": "NA",
        "character_name": "NA",
        "text": "تففف گوو بەو ڕۆژ و سەعاتەی ئێمەی خستە بەر",
        "text_original": "تففف گوو بەو ڕۆژ و سەعاتەی ئێمەی خستە بەر",
        "start": 405830.0,
        "end": 410300.0,
        "audio": "content/segments/16/123.ogg"
    },
    {
        "ID": "124",
        "gender": "NA",
        "age": "NA",
        "character_name": "NA",
        "text": "دەستی پیاوی ئا ئاوا، تۆ سەیری ئەو سەخیفی ئا ئەمە",
        "text_original": "دەستی پیاوی ئا ئاوا، تۆ سەیری ئەو سەخیفی ئا ئەمە",
        "start": 410300.0,
        "end": 413600.0,
        "audio": "content/segments/16/124.ogg"
    },
    {
        "ID": "125",
        "gender": "NA",
        "age": "NA",
        "character_name": "NA",
        "text": "ئەوەیە سەقافەت ئاخرئەو چای چییە قور",
        "text_original": "ئەوەیە سەقافەت ئاخرئەو چای چییە قور",
        "start": 413893.0,
        "end": 416553.0,
        "audio": "content/segments/16/125.ogg"
    },
    {
        "ID": "126",
        "gender": "NA",
        "age": "NA",
        "character_name": "NA",
        "text": "بەسەرە چی کردبوو ئاوا لوول کرد",
        "text_original": "بەسەرە چی کردبوو ئاوا لوول کرد",
        "start": 416553.0,
        "end": 418203.0,
        "audio": "content/segments/16/126.ogg"
    },
    {
        "ID": "127",
        "gender": "NA",
        "age": "NA",
        "character_name": "NA",
        "text": "کورە ئەم بێ قیمەتە زۆر لەخۆی ڕازییە",
        "text_original": "کورە ئەم بێ قیمەتە زۆر لەخۆی ڕازییە",
        "start": 418350.0,
        "end": 420287.0,
        "audio": "content/segments/16/127.ogg"
    },
    {
        "ID": "128",
        "gender": "NA",
        "age": "NA",
        "character_name": "NA",
        "text": "بێ قیمەتیەکەی لە حەد، وەرە وەرە بەقوربان وەرە مەترسە",
        "text_original": "بێ قیمەتیەکەی لە حەد، وەرە وەرە بەقوربان وەرە مەترسە",
        "start": 420287.0,
        "end": 424657.0,
        "audio": "content/segments/16/128.ogg"
    },
    {
        "ID": "129",
        "gender": "NA",
        "age": "NA",
        "character_name": "NA",
        "text": "ڕۆی ئەها بەقورعان بەقورعان گریانم بۆی یە",
        "text_original": "ڕۆی ئەها بەقورعان بەقورعان گریانم بۆی یە",
        "start": 425020.0,
        "end": 428247.0,
        "audio": "content/segments/16/129.ogg"
    },
    {
        "ID": "130",
        "gender": "NA",
        "age": "NA",
        "character_name": "NA",
        "text": "خۆ قوربەسەرە وەڵای هیچی نەوتبوو",
        "text_original": "خۆ قوربەسەرە وەڵای هیچی نەوتبوو",
        "start": 428247.0,
        "end": 430730.0,
        "audio": "content/segments/16/130.ogg"
    },
    {
        "ID": "131",
        "gender": "NA",
        "age": "NA",
        "character_name": "NA",
        "text": "باشە تخوا جەماعەت توو سەری ئەولادتان من هیچی خراپم",
        "text_original": "باشە تخوا جەماعەت توو سەری ئەولادتان من هیچی خراپم",
        "start": 431630.0,
        "end": 437690.0,
        "audio": "content/segments/16/131.ogg"
    },
    {
        "ID": "132",
        "gender": "NA",
        "age": "NA",
        "character_name": "NA",
        "text": "وتبوو ئائاوا کەرامەتی شکانم و لوولی کرد",
        "text_original": "وتبوو ئائاوا کەرامەتی شکانم و لوولی کرد",
        "start": 437690.0,
        "end": 440561.0,
        "audio": "content/segments/16/132.ogg"
    },
    {
        "ID": "133",
        "gender": "NA",
        "age": "NA",
        "character_name": "NA",
        "text": "ئەها بەشەرەف و بە نامووس و بە گیرفانم حەق لەلای تۆیە بەس",
        "text_original": "ئەها بەشەرەف و بە نامووس و بە گیرفانم حەق لەلای تۆیە بەس",
        "start": 440561.0,
        "end": 445268.0,
        "audio": "content/segments/16/133.ogg"
    },
    {
        "ID": "134",
        "gender": "NA",
        "age": "NA",
        "character_name": "NA",
        "text": "مەترسە مەترسە بەقوربان بەخوا ناتوانێ ئەها یەک",
        "text_original": "مەترسە مەترسە بەقوربان بەخوا ناتوانێ ئەها یەک",
        "start": 445268.0,
        "end": 448282.0,
        "audio": "content/segments/16/134.ogg"
    },
    {
        "ID": "135",
        "gender": "NA",
        "age": "NA",
        "character_name": "NA",
        "text": "دەقە قەتعە ڕاتبیشبکا",
        "text_original": "دەقە قەتعە ڕاتبیشبکا",
        "start": 448282.0,
        "end": 449572.0,
        "audio": "content/segments/16/135.ogg"
    },
    {
        "ID": "136",
        "gender": "NA",
        "age": "NA",
        "character_name": "NA",
        "text": "بەقورعان گوێ بگرە من بم لەباتی تۆ",
        "text_original": "بەقورعان گوێ بگرە من بم لەباتی تۆ",
        "start": 449572.0,
        "end": 451812.0,
        "audio": "content/segments/16/136.ogg"
    },
    {
        "ID": "137",
        "gender": "NA",
        "age": "NA",
        "character_name": "NA",
        "text": "شکاتی لێ ئەکەم و دار ئەیەم بە ڕووحیا",
        "text_original": "شکاتی لێ ئەکەم و دار ئەیەم بە ڕووحیا",
        "start": 452078.0,
        "end": 453943.0,
        "audio": "content/segments/16/137.ogg"
    },
    {
        "ID": "138",
        "gender": "NA",
        "age": "NA",
        "character_name": "NA",
        "text": "ئەڵێی لە دڵمای نازانم چۆن ئاوا قسەی دڵی من ئەکەی",
        "text_original": "ئەڵێی لە دڵمای نازانم چۆن ئاوا قسەی دڵی من ئەکەی",
        "start": 453943.0,
        "end": 457291.0,
        "audio": "content/segments/16/138.ogg"
    },
    {
        "ID": "139",
        "gender": "NA",
        "age": "NA",
        "character_name": "NA",
        "text": "خەری بوو ئێستا ئەو قسەیە بکەم بەس وەرە خۆ من نەسیحەتی",
        "text_original": "خەری بوو ئێستا ئەو قسەیە بکەم بەس وەرە خۆ من نەسیحەتی",
        "start": 457598.0,
        "end": 460888.0,
        "audio": "content/segments/16/139.ogg"
    },
    {
        "ID": "140",
        "gender": "NA",
        "age": "NA",
        "character_name": "NA",
        "text": "خراپناکەم ئەزانی تۆ چیبکە",
        "text_original": "خراپناکەم ئەزانی تۆ چیبکە",
        "start": 460888.0,
        "end": 462982.0,
        "audio": "content/segments/16/140.ogg"
    },
    {
        "ID": "141",
        "gender": "NA",
        "age": "NA",
        "character_name": "NA",
        "text": "بڕۆ بەناوی خەڵکەوە هەر لەخۆتەوە بڵێ شەریف بەختیار",
        "text_original": "بڕۆ بەناوی خەڵکەوە هەر لەخۆتەوە بڵێ شەریف بەختیار",
        "start": 463323.0,
        "end": 467184.0,
        "audio": "content/segments/16/141.ogg"
    },
    {
        "ID": "142",
        "gender": "NA",
        "age": "NA",
        "character_name": "NA",
        "text": "ئێ",
        "text_original": "ئێ",
        "start": 467582.0,
        "end": 468203.0,
        "audio": "content/segments/16/142.ogg"
    },
    {
        "ID": "143",
        "gender": "NA",
        "age": "NA",
        "character_name": "NA",
        "text": "تێئەگەی لەم ساید ومایدانە نییە حەیا و شەرەفی بەرە بیکە بە",
        "text_original": "تێئەگەی لەم ساید ومایدانە نییە حەیا و شەرەفی بەرە بیکە بە",
        "start": 468203.0,
        "end": 472549.0,
        "audio": "content/segments/16/143.ogg"
    },
    {
        "ID": "144",
        "gender": "NA",
        "age": "NA",
        "character_name": "NA",
        "text": "نانا بە قوربان بم ئەوە عەیبە، عەیبە پیاو جۆن شتی وا ئەکا",
        "text_original": "نانا بە قوربان بم ئەوە عەیبە، عەیبە پیاو جۆن شتی وا ئەکا",
        "start": 472549.0,
        "end": 476816.0,
        "audio": "content/segments/16/144.ogg"
    },
    {
        "ID": "145",
        "gender": "NA",
        "age": "NA",
        "character_name": "NA",
        "text": "کاکە پیاو بچی سەری یەعنی ئەوە شتێکی هەر زۆر زۆر ناشرینە",
        "text_original": "کاکە پیاو بچی سەری یەعنی ئەوە شتێکی هەر زۆر زۆر ناشرینە",
        "start": 476816.0,
        "end": 481319.0,
        "audio": "content/segments/16/145.ogg"
    },
    {
        "ID": "146",
        "gender": "NA",
        "age": "NA",
        "character_name": "NA",
        "text": "تۆ بچی ناوی خۆو بگۆڕیت و ئنجا کە شت لەسەر خەڵک",
        "text_original": "تۆ بچی ناوی خۆو بگۆڕیت و ئنجا کە شت لەسەر خەڵک",
        "start": 481319.0,
        "end": 484720.0,
        "audio": "content/segments/16/146.ogg"
    },
    {
        "ID": "147",
        "gender": "NA",
        "age": "NA",
        "character_name": "NA",
        "text": "بڵاوکەیتەوە و ئەوانە ئەوە بەخوا کاکە من پیاوی ئەوە نییم",
        "text_original": "بڵاوکەیتەوە و ئەوانە ئەوە بەخوا کاکە من پیاوی ئەوە نییم",
        "start": 484720.0,
        "end": 487932.0,
        "audio": "content/segments/16/147.ogg"
    },
    {
        "ID": "148",
        "gender": "NA",
        "age": "NA",
        "character_name": "NA",
        "text": "من ئەو شتانە ناکەم نەوەڵا ئەوە عەیبە",
        "text_original": "من ئەو شتانە ناکەم نەوەڵا ئەوە عەیبە",
        "start": 487932.0,
        "end": 489776.0,
        "audio": "content/segments/16/148.ogg"
    },
    {
        "ID": "149",
        "gender": "NA",
        "age": "NA",
        "character_name": "NA",
        "text": "دە باشە دە هەستە ئەو پیاڵە و شتانە کۆکەرەوە دە بڕۆ دەی",
        "text_original": "دە باشە دە هەستە ئەو پیاڵە و شتانە کۆکەرەوە دە بڕۆ دەی",
        "start": 489776.0,
        "end": 493807.0,
        "audio": "content/segments/16/149.ogg"
    },
    {
        "ID": "150",
        "gender": "NA",
        "age": "NA",
        "character_name": "NA",
        "text": "نەوەڵا شتی وا ناکەم ئەیەمە دەس خوا",
        "text_original": "نەوەڵا شتی وا ناکەم ئەیەمە دەس خوا",
        "start": 494266.0,
        "end": 496407.0,
        "audio": "content/segments/16/150.ogg"
    },
    {
        "ID": "151",
        "gender": "NA",
        "age": "NA",
        "character_name": "NA",
        "text": "شەعبان، هەتیوو شەعبان",
        "text_original": "شەعبان، هەتیوو شەعبان",
        "start": 496407.0,
        "end": 499545.0,
        "audio": "content/segments/16/151.ogg"
    },
    {
        "ID": "152",
        "gender": "NA",
        "age": "NA",
        "character_name": "NA",
        "text": "بەڵێ بەڵێ قوربان",
        "text_original": "بەڵێ بەڵێ قوربان",
        "start": 499861.0,
        "end": 500969.0,
        "audio": "content/segments/16/152.ogg"
    },
    {
        "ID": "153",
        "gender": "NA",
        "age": "NA",
        "character_name": "NA",
        "text": "شەعبان دە وەرە شەعبان ئەوە سەفەر چوو بۆ کوێ",
        "text_original": "شەعبان دە وەرە شەعبان ئەوە سەفەر چوو بۆ کوێ",
        "start": 500969.0,
        "end": 503717.0,
        "audio": "content/segments/16/153.ogg"
    },
    {
        "ID": "154",
        "gender": "NA",
        "age": "NA",
        "character_name": "NA",
        "text": "دەس ماچ ئەکەم وەڵا چوو بۆ بازاڕ هەنێ شت بکڕێ",
        "text_original": "دەس ماچ ئەکەم وەڵا چوو بۆ بازاڕ هەنێ شت بکڕێ",
        "start": 503717.0,
        "end": 505780.0,
        "audio": "content/segments/16/154.ogg"
    },
    {
        "ID": "155",
        "gender": "NA",
        "age": "NA",
        "character_name": "NA",
        "text": "ئاهە شەعبان",
        "text_original": "ئاهە شەعبان",
        "start": 505880.0,
        "end": 507378.0,
        "audio": "content/segments/16/155.ogg"
    },
    {
        "ID": "156",
        "gender": "NA",
        "age": "NA",
        "character_name": "NA",
        "text": "بەڵێ",
        "text_original": "بەڵێ",
        "start": 507378.0,
        "end": 507830.0,
        "audio": "content/segments/16/156.ogg"
    },
    {
        "ID": "157",
        "gender": "NA",
        "age": "NA",
        "character_name": "NA",
        "text": "خۆت ئەزانی ڕەمەزانە",
        "text_original": "خۆت ئەزانی ڕەمەزانە",
        "start": 507830.0,
        "end": 508611.0,
        "audio": "content/segments/16/157.ogg"
    },
    {
        "ID": "158",
        "gender": "NA",
        "age": "NA",
        "character_name": "NA",
        "text": "خوا قبووڵی کا ئیشەڵا",
        "text_original": "خوا قبووڵی کا ئیشەڵا",
        "start": 508611.0,
        "end": 509851.0,
        "audio": "content/segments/16/158.ogg"
    },
    {
        "ID": "159",
        "gender": "NA",
        "age": "NA",
        "character_name": "NA",
        "text": "لە هەموو لایەک ئنجا قەلیش ئەخوورێ",
        "text_original": "لە هەموو لایەک ئنجا قەلیش ئەخوورێ",
        "start": 509851.0,
        "end": 511441.0,
        "audio": "content/segments/16/159.ogg"
    },
    {
        "ID": "160",
        "gender": "NA",
        "age": "NA",
        "character_name": "NA",
        "text": "وەڵا ئەخورێ",
        "text_original": "وەڵا ئەخورێ",
        "start": 511441.0,
        "end": 512212.99999999994,
        "audio": "content/segments/16/160.ogg"
    },
    {
        "ID": "161",
        "gender": "NA",
        "age": "NA",
        "character_name": "NA",
        "text": "وایە ئنجا گوێ بگرە بچۆ بۆ بازاڕ قەلێکی زۆر چاکم بۆ",
        "text_original": "وایە ئنجا گوێ بگرە بچۆ بۆ بازاڕ قەلێکی زۆر چاکم بۆ",
        "start": 512212.99999999994,
        "end": 517515.99999999994,
        "audio": "content/segments/16/161.ogg"
    },
    {
        "ID": "162",
        "gender": "NA",
        "age": "NA",
        "character_name": "NA",
        "text": "ئەکڕی نۆ بۆ دە بۆ یانزە کیلۆ ببێ",
        "text_original": "ئەکڕی نۆ بۆ دە بۆ یانزە کیلۆ ببێ",
        "start": 517515.99999999994,
        "end": 521344.00000000006,
        "audio": "content/segments/16/162.ogg"
    },
    {
        "ID": "163",
        "gender": "NA",
        "age": "NA",
        "character_name": "NA",
        "text": "بۆ ئێوە",
        "text_original": "بۆ ئێوە",
        "start": 521344.00000000006,
        "end": 522823.99999999994,
        "audio": "content/segments/16/163.ogg"
    },
    {
        "ID": "164",
        "gender": "NA",
        "age": "NA",
        "character_name": "NA",
        "text": "ئەمەی هەموو بەز",
        "text_original": "ئەمەی هەموو بەز",
        "start": 522823.99999999994,
        "end": 524834.0,
        "audio": "content/segments/16/164.ogg"
    },
    {
        "ID": "165",
        "gender": "NA",
        "age": "NA",
        "character_name": "NA",
        "text": "ئنجا ئەوانەی کە گوێز ئەخۆن یا ئەوانەی کە خوورما ئەخۆن",
        "text_original": "ئنجا ئەوانەی کە گوێز ئەخۆن یا ئەوانەی کە خوورما ئەخۆن",
        "start": 524834.0,
        "end": 527396.0,
        "audio": "content/segments/16/165.ogg"
    },
    {
        "ID": "166",
        "gender": "NA",
        "age": "NA",
        "character_name": "NA",
        "text": "کورە ئەوانەی کە گوێز ئەخۆن، بەس گوێ بگرە فیکە بۆ",
        "text_original": "کورە ئەوانەی کە گوێز ئەخۆن، بەس گوێ بگرە فیکە بۆ",
        "start": 527396.0,
        "end": 530766.0,
        "audio": "content/segments/16/166.ogg"
    },
    {
        "ID": "167",
        "gender": "NA",
        "age": "NA",
        "character_name": "NA",
        "text": "لێیا جوابی نەیایتەوە نەیکڕی",
        "text_original": "لێیا جوابی نەیایتەوە نەیکڕی",
        "start": 530766.0,
        "end": 532621.0,
        "audio": "content/segments/16/167.ogg"
    },
    {
        "ID": "168",
        "gender": "NA",
        "age": "NA",
        "character_name": "NA",
        "text": "نایکڕم",
        "text_original": "نایکڕم",
        "start": 532621.0,
        "end": 533311.0,
        "audio": "content/segments/16/168.ogg"
    },
    {
        "ID": "169",
        "gender": "NA",
        "age": "NA",
        "character_name": "NA",
        "text": "باشە",
        "text_original": "باشە",
        "start": 533311.0,
        "end": 533781.0,
        "audio": "content/segments/16/169.ogg"
    },
    {
        "ID": "170",
        "gender": "NA",
        "age": "NA",
        "character_name": "NA",
        "text": "دە پارەم بەرێ",
        "text_original": "دە پارەم بەرێ",
        "start": 533781.0,
        "end": 534541.0,
        "audio": "content/segments/16/170.ogg"
    },
    {
        "ID": "171",
        "gender": "NA",
        "age": "NA",
        "character_name": "NA",
        "text": "دە بڕۆ کە هاتیتەوە ئەدەمێ",
        "text_original": "دە بڕۆ کە هاتیتەوە ئەدەمێ",
        "start": 534541.0,
        "end": 536501.0,
        "audio": "content/segments/16/171.ogg"
    },
    {
        "ID": "172",
        "gender": "NA",
        "age": "NA",
        "character_name": "NA",
        "text": "پیاوی پێنجەم مانگی پێشوو دوو کەڵەشێرم بۆ کڕی هەرپارەکە نەیامێ",
        "text_original": "پیاوی پێنجەم مانگی پێشوو دوو کەڵەشێرم بۆ کڕی هەرپارەکە نەیامێ",
        "start": 536501.0,
        "end": 539847.0,
        "audio": "content/segments/16/172.ogg"
    },
    {
        "ID": "173",
        "gender": "NA",
        "age": "NA",
        "character_name": "NA",
        "text": "باوکم بەشەرەفم بیرمە وەڵا بیرمە تەڵا بیرمە",
        "text_original": "باوکم بەشەرەفم بیرمە وەڵا بیرمە تەڵا بیرمە",
        "start": 539847.0,
        "end": 542720.0,
        "audio": "content/segments/16/173.ogg"
    },
    {
        "ID": "174",
        "gender": "NA",
        "age": "NA",
        "character_name": "NA",
        "text": "بینووسە",
        "text_original": "بینووسە",
        "start": 542720.0,
        "end": 543454.0,
        "audio": "content/segments/16/174.ogg"
    },
    {
        "ID": "175",
        "gender": "NA",
        "age": "NA",
        "character_name": "NA",
        "text": "ئەزانی چی ئەم ختوڕەیەم بۆ سەرف کردی ئەوەش بۆ سەرف ئەکەم",
        "text_original": "ئەزانی چی ئەم ختوڕەیەم بۆ سەرف کردی ئەوەش بۆ سەرف ئەکەم",
        "start": 543454.0,
        "end": 546646.0,
        "audio": "content/segments/16/175.ogg"
    },
    {
        "ID": "176",
        "gender": "NA",
        "age": "NA",
        "character_name": "NA",
        "text": "ئێ دە باشە ئەی تۆ ئەمر نییە",
        "text_original": "ئێ دە باشە ئەی تۆ ئەمر نییە",
        "start": 546646.0,
        "end": 547925.0,
        "audio": "content/segments/16/176.ogg"
    },
    {
        "ID": "177",
        "gender": "NA",
        "age": "NA",
        "character_name": "NA",
        "text": "بەقوربان چاو بم منیش دوو کەڵەشێرم بۆ بکڕە ئەوە نیە",
        "text_original": "بەقوربان چاو بم منیش دوو کەڵەشێرم بۆ بکڕە ئەوە نیە",
        "start": 547925.0,
        "end": 550900.0,
        "audio": "content/segments/16/177.ogg"
    },
    {
        "ID": "178",
        "gender": "NA",
        "age": "NA",
        "character_name": "NA",
        "text": "ئەوە کەڵەشێری خۆی بە قبووڵێ لێناو ئا لەوەم حەز لێیە",
        "text_original": "ئەوە کەڵەشێری خۆی بە قبووڵێ لێناو ئا لەوەم حەز لێیە",
        "start": 550900.0,
        "end": 553852.0,
        "audio": "content/segments/16/178.ogg"
    },
    {
        "ID": "179",
        "gender": "NA",
        "age": "NA",
        "character_name": "NA",
        "text": "بەسەرچاو",
        "text_original": "بەسەرچاو",
        "start": 553852.0,
        "end": 554502.0,
        "audio": "content/segments/16/179.ogg"
    },
    {
        "ID": "180",
        "gender": "NA",
        "age": "NA",
        "character_name": "NA",
        "text": "بەقوربان",
        "text_original": "بەقوربان",
        "start": 554921.0,
        "end": 555542.0,
        "audio": "content/segments/16/180.ogg"
    },
    {
        "ID": "181",
        "gender": "NA",
        "age": "NA",
        "character_name": "NA",
        "text": "ئەم کاتەتان باش",
        "text_original": "ئەم کاتەتان باش",
        "start": 556768.0,
        "end": 557837.0,
        "audio": "content/segments/16/181.ogg"
    },
    {
        "ID": "182",
        "gender": "NA",
        "age": "NA",
        "character_name": "NA",
        "text": "ئەم کاتەو باش فەرموو ئەمر کە قوربان",
        "text_original": "ئەم کاتەو باش فەرموو ئەمر کە قوربان",
        "start": 558320.0,
        "end": 560947.0,
        "audio": "content/segments/16/182.ogg"
    },
    {
        "ID": "183",
        "gender": "NA",
        "age": "NA",
        "character_name": "NA",
        "text": "ئادەی تجوا وەرە وەرە ئێرە وەرە پێشەوە",
        "text_original": "ئادەی تجوا وەرە وەرە ئێرە وەرە پێشەوە",
        "start": 560947.0,
        "end": 564598.0,
        "audio": "content/segments/16/183.ogg"
    },
    {
        "ID": "184",
        "gender": "NA",
        "age": "NA",
        "character_name": "NA",
        "text": "فەرموو",
        "text_original": "فەرموو",
        "start": 564598.0,
        "end": 566360.0,
        "audio": "content/segments/16/184.ogg"
    },
    {
        "ID": "185",
        "gender": "NA",
        "age": "NA",
        "character_name": "NA",
        "text": "ئەرێ ئەوە تۆ ئەوە نیت هەموو شەوێ لە تەلەفزوێنا ئەوبینین",
        "text_original": "ئەرێ ئەوە تۆ ئەوە نیت هەموو شەوێ لە تەلەفزوێنا ئەوبینین",
        "start": 566860.0,
        "end": 569784.0,
        "audio": "content/segments/16/185.ogg"
    },
    {
        "ID": "186",
        "gender": "NA",
        "age": "NA",
        "character_name": "NA",
        "text": "جا مامۆسا خۆ نیوەی ئەم خەڵکە شەوان",
        "text_original": "جا مامۆسا خۆ نیوەی ئەم خەڵکە شەوان",
        "start": 570163.0,
        "end": 573707.0,
        "audio": "content/segments/16/186.ogg"
    },
    {
        "ID": "187",
        "gender": "NA",
        "age": "NA",
        "character_name": "NA",
        "text": "هەموو لە تەلەفزوێنا دەرەکەون",
        "text_original": "هەموو لە تەلەفزوێنا دەرەکەون",
        "start": 573707.0,
        "end": 575309.0,
        "audio": "content/segments/16/187.ogg"
    },
    {
        "ID": "188",
        "gender": "NA",
        "age": "NA",
        "character_name": "NA",
        "text": "ڕاس ئەکا فعلەن وایە فعلەن یەعنی ئەگەر مەشغوڵێ حەلقە نەبێ",
        "text_original": "ڕاس ئەکا فعلەن وایە فعلەن یەعنی ئەگەر مەشغوڵێ حەلقە نەبێ",
        "start": 575309.0,
        "end": 580967.0,
        "audio": "content/segments/16/188.ogg"
    },
    {
        "ID": "189",
        "gender": "NA",
        "age": "NA",
        "character_name": "NA",
        "text": "ئەوا حەتمەن خەریکی تەحلیلی وەزعی ئێرەیە ئەگەر",
        "text_original": "ئەوا حەتمەن خەریکی تەحلیلی وەزعی ئێرەیە ئەگەر",
        "start": 580967.0,
        "end": 584457.0,
        "audio": "content/segments/16/189.ogg"
    },
    {
        "ID": "190",
        "gender": "NA",
        "age": "NA",
        "character_name": "NA",
        "text": "تاقەتی لە تەحلیلو ئەو شتانە نەبێ حەتمەن هاوڕێی",
        "text_original": "تاقەتی لە تەحلیلو ئەو شتانە نەبێ حەتمەن هاوڕێی",
        "start": 584457.0,
        "end": 588128.0,
        "audio": "content/segments/16/190.ogg"
    },
    {
        "ID": "191",
        "gender": "NA",
        "age": "NA",
        "character_name": "NA",
        "text": "بەرنامەیەکی هوونەریە ئەگەر تاقەتی هاوڕێیەتیشی نەبوو",
        "text_original": "بەرنامەیەکی هوونەریە ئەگەر تاقەتی هاوڕێیەتیشی نەبوو",
        "start": 588128.0,
        "end": 591691.0,
        "audio": "content/segments/16/191.ogg"
    },
    {
        "ID": "192",
        "gender": "NA",
        "age": "NA",
        "character_name": "NA",
        "text": "ئەوا خەریکی مەسج ناردنە بە ڕاست و بە چەپ",
        "text_original": "ئەوا خەریکی مەسج ناردنە بە ڕاست و بە چەپ",
        "start": 591951.0,
        "end": 594580.0,
        "audio": "content/segments/16/192.ogg"
    },
    {
        "ID": "193",
        "gender": "NA",
        "age": "NA",
        "character_name": "NA",
        "text": "جا تخوا کاکە ئێوە ئەمە بە باش دائەنێن",
        "text_original": "جا تخوا کاکە ئێوە ئەمە بە باش دائەنێن",
        "start": 595170.0,
        "end": 596970.0,
        "audio": "content/segments/16/193.ogg"
    },
    {
        "ID": "194",
        "gender": "NA",
        "age": "NA",
        "character_name": "NA",
        "text": "کاکە مەفڕووزە هەموو کەسێک لە کاری خۆیا",
        "text_original": "کاکە مەفڕووزە هەموو کەسێک لە کاری خۆیا",
        "start": 597282.0,
        "end": 599675.0,
        "audio": "content/segments/16/194.ogg"
    },
    {
        "ID": "195",
        "gender": "NA",
        "age": "NA",
        "character_name": "NA",
        "text": "ئیختیساسی خۆیا هین کا",
        "text_original": "ئیختیساسی خۆیا هین کا",
        "start": 599675.0,
        "end": 601460.0,
        "audio": "content/segments/16/195.ogg"
    },
    {
        "ID": "196",
        "gender": "NA",
        "age": "NA",
        "character_name": "NA",
        "text": "ئیش کا، چاوەکەم ئێمە ئیختیساسمان لە بێ ئیختیساسیا هەیە",
        "text_original": "ئیش کا، چاوەکەم ئێمە ئیختیساسمان لە بێ ئیختیساسیا هەیە",
        "start": 601768.0,
        "end": 604983.0,
        "audio": "content/segments/16/196.ogg"
    },
    {
        "ID": "197",
        "gender": "NA",
        "age": "NA",
        "character_name": "NA",
        "text": "نانا یەجگار ئەو بێ سەر و بەرەیە نییە کە ئێستا ئێوە باسی",
        "text_original": "نانا یەجگار ئەو بێ سەر و بەرەیە نییە کە ئێستا ئێوە باسی",
        "start": 604983.0,
        "end": 608703.0,
        "audio": "content/segments/16/197.ogg"
    },
    {
        "ID": "198",
        "gender": "NA",
        "age": "NA",
        "character_name": "NA",
        "text": "ئەکەن وەڵا من خۆم دوێنێ ئەو پەڕی ئیختیساسم لە بازاڕا بینی",
        "text_original": "ئەکەن وەڵا من خۆم دوێنێ ئەو پەڕی ئیختیساسم لە بازاڕا بینی",
        "start": 608703.0,
        "end": 612703.0,
        "audio": "content/segments/16/198.ogg"
    },
    {
        "ID": "199",
        "gender": "NA",
        "age": "NA",
        "character_name": "NA",
        "text": "ئاخر خوا نەناس ئیختیساسی چی ئەو لەبەر ئەسحابە",
        "text_original": "ئاخر خوا نەناس ئیختیساسی چی ئەو لەبەر ئەسحابە",
        "start": 612703.0,
        "end": 615983.0,
        "audio": "content/segments/16/199.ogg"
    },
    {
        "ID": "200",
        "gender": "NA",
        "age": "NA",
        "character_name": "NA",
        "text": "سپی هاوار ئەکا لەبەر مەسینە بۆ جەژن",
        "text_original": "سپی هاوار ئەکا لەبەر مەسینە بۆ جەژن",
        "start": 615983.0,
        "end": 617776.0,
        "audio": "content/segments/16/200.ogg"
    },
    {
        "ID": "201",
        "gender": "NA",
        "age": "NA",
        "character_name": "NA",
        "text": "نانا بێجگە لەوە من خۆم تەختەیەکم بینی لێی نووسرا بوو",
        "text_original": "نانا بێجگە لەوە من خۆم تەختەیەکم بینی لێی نووسرا بوو",
        "start": 617776.0,
        "end": 622243.0,
        "audio": "content/segments/16/201.ogg"
    },
    {
        "ID": "202",
        "gender": "NA",
        "age": "NA",
        "character_name": "NA",
        "text": "بڕوێشی ئێ ئەم ناوی چییە",
        "text_original": "بڕوێشی ئێ ئەم ناوی چییە",
        "start": 622576.0,
        "end": 626077.0,
        "audio": "content/segments/16/202.ogg"
    },
    {
        "ID": "203",
        "gender": "NA",
        "age": "NA",
        "character_name": "NA",
        "text": "تڕخێنە",
        "text_original": "تڕخێنە",
        "start": 626577.0,
        "end": 627423.0,
        "audio": "content/segments/16/203.ogg"
    },
    {
        "ID": "204",
        "gender": "NA",
        "age": "NA",
        "character_name": "NA",
        "text": "ئا بڕوێشی تڕخێنەمان هەیە کیلۆی بە",
        "text_original": "ئا بڕوێشی تڕخێنەمان هەیە کیلۆی بە",
        "start": 627423.0,
        "end": 630908.0,
        "audio": "content/segments/16/204.ogg"
    },
    {
        "ID": "205",
        "gender": "NA",
        "age": "NA",
        "character_name": "NA",
        "text": "هەزار و دووسەو پەنجای لەم تەبعە",
        "text_original": "هەزار و دووسەو پەنجای لەم تەبعە",
        "start": 630908.0,
        "end": 633585.0,
        "audio": "content/segments/16/205.ogg"
    },
    {
        "ID": "206",
        "gender": "NA",
        "age": "NA",
        "character_name": "NA",
        "text": "ئنجا خۆ ئەگەر بە قسەی تۆ بێ ئەگەر بە قسەی تۆ",
        "text_original": "ئنجا خۆ ئەگەر بە قسەی تۆ بێ ئەگەر بە قسەی تۆ",
        "start": 633743.0,
        "end": 636939.0,
        "audio": "content/segments/16/206.ogg"
    },
    {
        "ID": "207",
        "gender": "NA",
        "age": "NA",
        "character_name": "NA",
        "text": "بێ مەعنای وایە عەولەمەکە ئێمەی گرتەوە",
        "text_original": "بێ مەعنای وایە عەولەمەکە ئێمەی گرتەوە",
        "start": 636939.0,
        "end": 639312.0,
        "audio": "content/segments/16/207.ogg"
    },
    {
        "ID": "208",
        "gender": "NA",
        "age": "NA",
        "character_name": "NA",
        "text": "هەموومان نا بەقوربان هەموومان نا چووچێکن",
        "text_original": "هەموومان نا بەقوربان هەموومان نا چووچێکن",
        "start": 639482.0,
        "end": 642192.0,
        "audio": "content/segments/16/208.ogg"
    },
    {
        "ID": "209",
        "gender": "NA",
        "age": "NA",
        "character_name": "NA",
        "text": "ئێسا لە موجەمەعی بنەسڵاوە کۆلانێک بۆ",
        "text_original": "ئێسا لە موجەمەعی بنەسڵاوە کۆلانێک بۆ",
        "start": 642192.0,
        "end": 644664.0,
        "audio": "content/segments/16/209.ogg"
    },
    {
        "ID": "210",
        "gender": "NA",
        "age": "NA",
        "character_name": "NA",
        "text": "کۆنکریت ناکەن ئەگەر هین نەبیت",
        "text_original": "کۆنکریت ناکەن ئەگەر هین نەبیت",
        "start": 644664.0,
        "end": 646486.0,
        "audio": "content/segments/16/210.ogg"
    },
    {
        "ID": "211",
        "gender": "NA",
        "age": "NA",
        "character_name": "NA",
        "text": "ئاخر هین چیە دە پێم بڵێ دە ناوی بڵێ بزانم هین چییە",
        "text_original": "ئاخر هین چیە دە پێم بڵێ دە ناوی بڵێ بزانم هین چییە",
        "start": 646486.0,
        "end": 649472.0,
        "audio": "content/segments/16/211.ogg"
    },
    {
        "ID": "212",
        "gender": "NA",
        "age": "NA",
        "character_name": "NA",
        "text": "کورە ناو ناوترێ مامۆسا ڕجاتان لێ ئەکەم ناو مەبەن",
        "text_original": "کورە ناو ناوترێ مامۆسا ڕجاتان لێ ئەکەم ناو مەبەن",
        "start": 649472.0,
        "end": 652702.0,
        "audio": "content/segments/16/212.ogg"
    },
    {
        "ID": "213",
        "gender": "NA",
        "age": "NA",
        "character_name": "NA",
        "text": "عەیبە چۆن ناو ئەوترێ بەر کامێرایە چۆن ناو ئەبەی",
        "text_original": "عەیبە چۆن ناو ئەوترێ بەر کامێرایە چۆن ناو ئەبەی",
        "start": 652702.0,
        "end": 655822.0,
        "audio": "content/segments/16/213.ogg"
    },
    {
        "ID": "214",
        "gender": "NA",
        "age": "NA",
        "character_name": "NA",
        "text": "لە چ ناحیەکەوە عەیبە",
        "text_original": "لە چ ناحیەکەوە عەیبە",
        "start": 656197.0,
        "end": 657584.0,
        "audio": "content/segments/16/214.ogg"
    },
    {
        "ID": "215",
        "gender": "NA",
        "age": "NA",
        "character_name": "NA",
        "text": "ناحیە نییە بەساقەی چاو بم مجەمەعە مجەمعی بنەسڵاوە",
        "text_original": "ناحیە نییە بەساقەی چاو بم مجەمەعە مجەمعی بنەسڵاوە",
        "start": 657584.0,
        "end": 660704.0,
        "audio": "content/segments/16/215.ogg"
    },
    {
        "ID": "216",
        "gender": "NA",
        "age": "NA",
        "character_name": "NA",
        "text": "ئەزانم مامۆسا گیان مەبەستم ئەوەیە یانی",
        "text_original": "ئەزانم مامۆسا گیان مەبەستم ئەوەیە یانی",
        "start": 660921.0,
        "end": 663151.0,
        "audio": "content/segments/16/216.ogg"
    },
    {
        "ID": "217",
        "gender": "NA",
        "age": "NA",
        "character_name": "NA",
        "text": "ئەڵێی لە چ ڕوویێکەوە عەیبە",
        "text_original": "ئەڵێی لە چ ڕوویێکەوە عەیبە",
        "start": 663163.0,
        "end": 664548.0,
        "audio": "content/segments/16/217.ogg"
    },
    {
        "ID": "218",
        "gender": "NA",
        "age": "NA",
        "character_name": "NA",
        "text": "ڕۆڵە لە ڕووی حیزبایەتیەوە عەیبە لە ڕووی حیزبایەتیەوە",
        "text_original": "ڕۆڵە لە ڕووی حیزبایەتیەوە عەیبە لە ڕووی حیزبایەتیەوە",
        "start": 664600.0,
        "end": 668475.0,
        "audio": "content/segments/16/218.ogg"
    },
    {
        "ID": "219",
        "gender": "NA",
        "age": "NA",
        "character_name": "NA",
        "text": "دە لەسەر شت مەڕۆ ڕجا لێ ئەکەم",
        "text_original": "دە لەسەر شت مەڕۆ ڕجا لێ ئەکەم",
        "start": 668598.0,
        "end": 670620.0,
        "audio": "content/segments/16/219.ogg"
    },
    {
        "ID": "220",
        "gender": "NA",
        "age": "NA",
        "character_name": "NA",
        "text": "ئا تۆ بێنە ئەمر کە چاوەکەم ئێستا تۆ چیت ئەوێ",
        "text_original": "ئا تۆ بێنە ئەمر کە چاوەکەم ئێستا تۆ چیت ئەوێ",
        "start": 670797.0,
        "end": 673358.0,
        "audio": "content/segments/16/220.ogg"
    },
    {
        "ID": "221",
        "gender": "NA",
        "age": "NA",
        "character_name": "NA",
        "text": "مامۆسا گیان زاڵم ئەمر نەکا وەڵای داواکاریەکم هەیە",
        "text_original": "مامۆسا گیان زاڵم ئەمر نەکا وەڵای داواکاریەکم هەیە",
        "start": 673661.0,
        "end": 676418.0,
        "audio": "content/segments/16/221.ogg"
    },
    {
        "ID": "222",
        "gender": "NA",
        "age": "NA",
        "character_name": "NA",
        "text": "ئەمەوێ ئیشەڵا تەعین بم",
        "text_original": "ئەمەوێ ئیشەڵا تەعین بم",
        "start": 676418.0,
        "end": 677298.0,
        "audio": "content/segments/16/222.ogg"
    },
    {
        "ID": "223",
        "gender": "NA",
        "age": "NA",
        "character_name": "NA",
        "text": "خەریجیت بەقوربان",
        "text_original": "خەریجیت بەقوربان",
        "start": 677583.0,
        "end": 678648.0,
        "audio": "content/segments/16/223.ogg"
    },
    {
        "ID": "224",
        "gender": "NA",
        "age": "NA",
        "character_name": "NA",
        "text": "بەڵێ خەریجی قانوون و سیاسەتم",
        "text_original": "بەڵێ خەریجی قانوون و سیاسەتم",
        "start": 678781.0,
        "end": 680680.0,
        "audio": "content/segments/16/224.ogg"
    },
    {
        "ID": "225",
        "gender": "NA",
        "age": "NA",
        "character_name": "NA",
        "text": "جا باشە ئێمە کوا کوولیەی قانوون و سیاسەتمان هەیە ئێمە",
        "text_original": "جا باشە ئێمە کوا کوولیەی قانوون و سیاسەتمان هەیە ئێمە",
        "start": 680993.0,
        "end": 683817.0,
        "audio": "content/segments/16/225.ogg"
    },
    {
        "ID": "226",
        "gender": "NA",
        "age": "NA",
        "character_name": "NA",
        "text": "علووم سیاسیمان یاعنی زانستە سیاسیەکانمان هەیە",
        "text_original": "علووم سیاسیمان یاعنی زانستە سیاسیەکانمان هەیە",
        "start": 683817.0,
        "end": 686855.0,
        "audio": "content/segments/16/226.ogg"
    },
    {
        "ID": "227",
        "gender": "NA",
        "age": "NA",
        "character_name": "NA",
        "text": "ئەم ئەڵێی قانوون سیاسە",
        "text_original": "ئەم ئەڵێی قانوون سیاسە",
        "start": 687120.0,
        "end": 688210.0,
        "audio": "content/segments/16/227.ogg"
    },
    {
        "ID": "228",
        "gender": "NA",
        "age": "NA",
        "character_name": "NA",
        "text": "ئاخر بەخوا",
        "text_original": "ئاخر بەخوا",
        "start": 688210.0,
        "end": 689025.0,
        "audio": "content/segments/16/228.ogg"
    },
    {
        "ID": "229",
        "gender": "NA",
        "age": "NA",
        "character_name": "NA",
        "text": "بەخوا چی تەواوی کە",
        "text_original": "بەخوا چی تەواوی کە",
        "start": 689214.0,
        "end": 691434.0,
        "audio": "content/segments/16/229.ogg"
    },
    {
        "ID": "230",
        "gender": "NA",
        "age": "NA",
        "character_name": "NA",
        "text": "بەخوا سیاسەتەکە ئەوەنە قەپ و قۆڕ بووە لەڕووم نایە ناوی",
        "text_original": "بەخوا سیاسەتەکە ئەوەنە قەپ و قۆڕ بووە لەڕووم نایە ناوی",
        "start": 691609.0,
        "end": 694359.0,
        "audio": "content/segments/16/230.ogg"
    },
    {
        "ID": "231",
        "gender": "NA",
        "age": "NA",
        "character_name": "NA",
        "text": "بێنم مەجبوورم لەگەڵ قانوونەکەیا تێکەڵی ئەکەم",
        "text_original": "بێنم مەجبوورم لەگەڵ قانوونەکەیا تێکەڵی ئەکەم",
        "start": 694359.0,
        "end": 696666.0,
        "audio": "content/segments/16/231.ogg"
    },
    {
        "ID": "232",
        "gender": "NA",
        "age": "NA",
        "character_name": "NA",
        "text": "ئەی ئافەرم مەعنای وایە تۆ زۆر زۆر ئاقڵیت",
        "text_original": "ئەی ئافەرم مەعنای وایە تۆ زۆر زۆر ئاقڵیت",
        "start": 696925.0,
        "end": 699766.0,
        "audio": "content/segments/16/232.ogg"
    },
    {
        "ID": "233",
        "gender": "NA",
        "age": "NA",
        "character_name": "NA",
        "text": "ئافەرم دەس خۆشبێ ئەزانی بۆ ڕۆڵە گیان",
        "text_original": "ئافەرم دەس خۆشبێ ئەزانی بۆ ڕۆڵە گیان",
        "start": 699766.0,
        "end": 702913.0,
        "audio": "content/segments/16/233.ogg"
    },
    {
        "ID": "234",
        "gender": "NA",
        "age": "NA",
        "character_name": "NA",
        "text": "چونکە هەموو شتی ئەگەر قانوون لەگەڵا نەبوو یەک",
        "text_original": "چونکە هەموو شتی ئەگەر قانوون لەگەڵا نەبوو یەک",
        "start": 703145.0,
        "end": 707346.0,
        "audio": "content/segments/16/234.ogg"
    },
    {
        "ID": "235",
        "gender": "NA",
        "age": "NA",
        "character_name": "NA",
        "text": "سەلک تووری قوڕاوی ناهێنێ نەوەڵا",
        "text_original": "سەلک تووری قوڕاوی ناهێنێ نەوەڵا",
        "start": 707346.0,
        "end": 709890.0,
        "audio": "content/segments/16/235.ogg"
    },
    {
        "ID": "236",
        "gender": "NA",
        "age": "NA",
        "character_name": "NA",
        "text": "کامەیە قانوون بێ قەزا بی",
        "text_original": "کامەیە قانوون بێ قەزا بی",
        "start": 710099.0,
        "end": 711485.0,
        "audio": "content/segments/16/236.ogg"
    },
    {
        "ID": "237",
        "gender": "NA",
        "age": "NA",
        "character_name": "NA",
        "text": "ئا لەوە ئەچێ جەنابیشی لە جەماعەتی بۆڵە بۆڵکەرەکان بی دیارە",
        "text_original": "ئا لەوە ئەچێ جەنابیشی لە جەماعەتی بۆڵە بۆڵکەرەکان بی دیارە",
        "start": 711692.0,
        "end": 716600.0,
        "audio": "content/segments/16/237.ogg"
    },
    {
        "ID": "238",
        "gender": "NA",
        "age": "NA",
        "character_name": "NA",
        "text": "نەوەڵا عەفوو بەڵام ئەم وەزعە",
        "text_original": "نەوەڵا عەفوو بەڵام ئەم وەزعە",
        "start": 716928.0,
        "end": 718920.0,
        "audio": "content/segments/16/238.ogg"
    },
    {
        "ID": "239",
        "gender": "NA",
        "age": "NA",
        "character_name": "NA",
        "text": "وەزعەکە چییەتی وڵات وڵاتی قانوونە",
        "text_original": "وەزعەکە چییەتی وڵات وڵاتی قانوونە",
        "start": 719181.0,
        "end": 721245.0,
        "audio": "content/segments/16/239.ogg"
    },
    {
        "ID": "240",
        "gender": "NA",
        "age": "NA",
        "character_name": "NA",
        "text": "قانوون کامەیە ئادەی پێم بڵێ",
        "text_original": "قانوون کامەیە ئادەی پێم بڵێ",
        "start": 722291.0,
        "end": 723647.0,
        "audio": "content/segments/16/240.ogg"
    },
    {
        "ID": "241",
        "gender": "NA",
        "age": "NA",
        "character_name": "NA",
        "text": "وەرە گوێ لەمن بگرە، بامن تێو گەیەنم",
        "text_original": "وەرە گوێ لەمن بگرە، بامن تێو گەیەنم",
        "start": 723807.0,
        "end": 726747.0,
        "audio": "content/segments/16/241.ogg"
    },
    {
        "ID": "242",
        "gender": "NA",
        "age": "NA",
        "character_name": "NA",
        "text": "فەرموو",
        "text_original": "فەرموو",
        "start": 726747.0,
        "end": 727259.0,
        "audio": "content/segments/16/242.ogg"
    },
    {
        "ID": "243",
        "gender": "NA",
        "age": "NA",
        "character_name": "NA",
        "text": "ئێسا شێلم ئەها شێ لم، لمی تیایە",
        "text_original": "ئێسا شێلم ئەها شێ لم، لمی تیایە",
        "start": 727297.0,
        "end": 732053.0,
        "audio": "content/segments/16/243.ogg"
    },
    {
        "ID": "244",
        "gender": "NA",
        "age": "NA",
        "character_name": "NA",
        "text": "حەی لەو پرسیارە نەوەڵا تیای نییە",
        "text_original": "حەی لەو پرسیارە نەوەڵا تیای نییە",
        "start": 732320.0,
        "end": 734286.0,
        "audio": "content/segments/16/244.ogg"
    },
    {
        "ID": "245",
        "gender": "NA",
        "age": "NA",
        "character_name": "NA",
        "text": "ئەھ دە وەرە با من پێو بڵێم",
        "text_original": "ئەھ دە وەرە با من پێو بڵێم",
        "start": 734415.0,
        "end": 736305.0,
        "audio": "content/segments/16/245.ogg"
    },
    {
        "ID": "246",
        "gender": "NA",
        "age": "NA",
        "character_name": "NA",
        "text": "ئەچی لە بازاڕ قتویە چای مەحموو ئەکڕی",
        "text_original": "ئەچی لە بازاڕ قتویە چای مەحموو ئەکڕی",
        "start": 736305.0,
        "end": 738109.0,
        "audio": "content/segments/16/246.ogg"
    },
    {
        "ID": "247",
        "gender": "NA",
        "age": "NA",
        "character_name": "NA",
        "text": "بەڵێ",
        "text_original": "بەڵێ",
        "start": 738109.0,
        "end": 739029.0,
        "audio": "content/segments/16/247.ogg"
    },
    {
        "ID": "248",
        "gender": "NA",
        "age": "NA",
        "character_name": "NA",
        "text": "کە قتووەکە هەڵپچڕی کاک مەحموو لە قتووەکە یەتە دەرەوە",
        "text_original": "کە قتووەکە هەڵپچڕی کاک مەحموو لە قتووەکە یەتە دەرەوە",
        "start": 739089.0,
        "end": 741932.0,
        "audio": "content/segments/16/248.ogg"
    },
    {
        "ID": "249",
        "gender": "NA",
        "age": "NA",
        "character_name": "NA",
        "text": "ئێ دە ئەمەش هەر وایە",
        "text_original": "ئێ دە ئەمەش هەر وایە",
        "start": 742016.0,
        "end": 743786.0,
        "audio": "content/segments/16/249.ogg"
    }
]