[
    {
        "ID": "2",
        "gender": "NA",
        "age": "NA",
        "character_name": "NA",
        "text": "مەسرەبەندەرێ بۆ عەجیب وەک خانەخوێ وابوو غەریب",
        "text_original": "مەسرەبەندەرێ بۆ عەجیب وەک خانەخوێ وابوو غەریب",
        "start": 7770.0,
        "end": 11718.0,
        "audio": "content/segments/17/2.ogg"
    },
    {
        "ID": "3",
        "gender": "NA",
        "age": "NA",
        "character_name": "NA",
        "text": "لێوی خەندەی سەر کەنداو بوو بەختەوەری تیا خوساوبوو",
        "text_original": "لێوی خەندەی سەر کەنداو بوو بەختەوەری تیا خوساوبوو",
        "start": 11718.0,
        "end": 17559.0,
        "audio": "content/segments/17/3.ogg"
    },
    {
        "ID": "4",
        "gender": "NA",
        "age": "NA",
        "character_name": "NA",
        "text": "ئەوسا ئیتر بەختەکەی وەرگەرا کەوبەسەر ئاشوب وشەڕا",
        "text_original": "ئەوسا ئیتر بەختەکەی وەرگەرا کەوبەسەر ئاشوب وشەڕا",
        "start": 17839.0,
        "end": 22228.0,
        "audio": "content/segments/17/4.ogg"
    },
    {
        "ID": "5",
        "gender": "NA",
        "age": "NA",
        "character_name": "NA",
        "text": "ئاشوب یەعنی تەکساسی ژێر دەسی کاوبۆی یەعنی ئیترهەرکەس بۆخۆی",
        "text_original": "ئاشوب یەعنی تەکساسی ژێر دەسی کاوبۆی یەعنی ئیترهەرکەس بۆخۆی",
        "start": 22560.0,
        "end": 28640.0,
        "audio": "content/segments/17/5.ogg"
    },
    {
        "ID": "6",
        "gender": "NA",
        "age": "NA",
        "character_name": "NA",
        "text": "ئەوسا ئیتر تەعلیماتیش وەک کڵاش لەپێ کرا",
        "text_original": "ئەوسا ئیتر تەعلیماتیش وەک کڵاش لەپێ کرا",
        "start": 28905.0,
        "end": 32212.000000000004,
        "audio": "content/segments/17/6.ogg"
    },
    {
        "ID": "7",
        "gender": "NA",
        "age": "NA",
        "character_name": "NA",
        "text": "عەدالەتیش وەک بەردێکی نووک تیژ وابوو لەسەر ڕێتا",
        "text_original": "عەدالەتیش وەک بەردێکی نووک تیژ وابوو لەسەر ڕێتا",
        "start": 32554.000000000004,
        "end": 37302.0,
        "audio": "content/segments/17/7.ogg"
    },
    {
        "ID": "8",
        "gender": "NA",
        "age": "NA",
        "character_name": "NA",
        "text": "ڕێگا چۆڵکەن شێخ دەمێکە ئینتیزارە شێخ دەمێکە ئینتیزارە",
        "text_original": "ڕێگا چۆڵکەن شێخ دەمێکە ئینتیزارە شێخ دەمێکە ئینتیزارە",
        "start": 37532.0,
        "end": 42949.0,
        "audio": "content/segments/17/8.ogg"
    },
    {
        "ID": "9",
        "gender": "NA",
        "age": "NA",
        "character_name": "NA",
        "text": "بۆ مەحکەمەی ئەم زابتە ویژدان سزە بێ قەرارە",
        "text_original": "بۆ مەحکەمەی ئەم زابتە ویژدان سزە بێ قەرارە",
        "start": 43148.0,
        "end": 46444.0,
        "audio": "content/segments/17/9.ogg"
    },
    {
        "ID": "10",
        "gender": "NA",
        "age": "NA",
        "character_name": "NA",
        "text": "بی هێنن بی هێنن",
        "text_original": "بی هێنن بی هێنن",
        "start": 46610.0,
        "end": 48347.0,
        "audio": "content/segments/17/10.ogg"
    },
    {
        "ID": "11",
        "gender": "NA",
        "age": "NA",
        "character_name": "NA",
        "text": "ها تۆ ئیشت چییە",
        "text_original": "ها تۆ ئیشت چییە",
        "start": 52087.0,
        "end": 55150.0,
        "audio": "content/segments/17/11.ogg"
    },
    {
        "ID": "12",
        "gender": "NA",
        "age": "NA",
        "character_name": "NA",
        "text": "من زابتم",
        "text_original": "من زابتم",
        "start": 55660.0,
        "end": 56610.0,
        "audio": "content/segments/17/12.ogg"
    },
    {
        "ID": "13",
        "gender": "NA",
        "age": "NA",
        "character_name": "NA",
        "text": "پیاوی پێنجەم ئەفسەری",
        "text_original": "پیاوی پێنجەم ئەفسەری",
        "start": 56904.0,
        "end": 57778.0,
        "audio": "content/segments/17/13.ogg"
    },
    {
        "ID": "14",
        "gender": "NA",
        "age": "NA",
        "character_name": "NA",
        "text": "بەڵێ",
        "text_original": "بەڵێ",
        "start": 57778.0,
        "end": 58198.0,
        "audio": "content/segments/17/14.ogg"
    },
    {
        "ID": "15",
        "gender": "NA",
        "age": "NA",
        "character_name": "NA",
        "text": "تۆ چۆن جورێەتت کرد تیرو کەوانت گرتە",
        "text_original": "تۆ چۆن جورێەتت کرد تیرو کەوانت گرتە",
        "start": 58588.0,
        "end": 63217.0,
        "audio": "content/segments/17/15.ogg"
    },
    {
        "ID": "16",
        "gender": "NA",
        "age": "NA",
        "character_name": "NA",
        "text": "ڕۆڵەی عەشرەتەکەی من ها",
        "text_original": "ڕۆڵەی عەشرەتەکەی من ها",
        "start": 63217.0,
        "end": 65072.99999999999,
        "audio": "content/segments/17/16.ogg"
    },
    {
        "ID": "17",
        "gender": "NA",
        "age": "NA",
        "character_name": "NA",
        "text": "بەخوا ئیتر گەورەم تازە تێم گرتووئیتر ئیشەکە وا دەرچوو",
        "text_original": "بەخوا ئیتر گەورەم تازە تێم گرتووئیتر ئیشەکە وا دەرچوو",
        "start": 65793.0,
        "end": 69442.0,
        "audio": "content/segments/17/17.ogg"
    },
    {
        "ID": "18",
        "gender": "NA",
        "age": "NA",
        "character_name": "NA",
        "text": "ئا هە ئەوە ڕۆڵەی عەشرەتی منە کێ ئەتوانێ",
        "text_original": "ئا هە ئەوە ڕۆڵەی عەشرەتی منە کێ ئەتوانێ",
        "start": 70358.0,
        "end": 76264.0,
        "audio": "content/segments/17/18.ogg"
    },
    {
        "ID": "19",
        "gender": "NA",
        "age": "NA",
        "character_name": "NA",
        "text": "تیر وکەوانی تێ بگرێ",
        "text_original": "تیر وکەوانی تێ بگرێ",
        "start": 76264.0,
        "end": 78045.0,
        "audio": "content/segments/17/19.ogg"
    },
    {
        "ID": "20",
        "gender": "NA",
        "age": "NA",
        "character_name": "NA",
        "text": "جا بەس نەبوو دەستی خوار بوو",
        "text_original": "جا بەس نەبوو دەستی خوار بوو",
        "start": 78525.0,
        "end": 80391.0,
        "audio": "content/segments/17/20.ogg"
    },
    {
        "ID": "21",
        "gender": "NA",
        "age": "NA",
        "character_name": "NA",
        "text": "ئەزانی بۆچی چونکە وا نیشانی لێ گرتبووە سەر سنگی",
        "text_original": "ئەزانی بۆچی چونکە وا نیشانی لێ گرتبووە سەر سنگی",
        "start": 81292.0,
        "end": 85107.0,
        "audio": "content/segments/17/21.ogg"
    },
    {
        "ID": "22",
        "gender": "NA",
        "age": "NA",
        "character_name": "NA",
        "text": "ئەگەر بەری کەوتایە ئەو ڕۆڵە جوامێرەی ئێمەی کون کون ئەکرد",
        "text_original": "ئەگەر بەری کەوتایە ئەو ڕۆڵە جوامێرەی ئێمەی کون کون ئەکرد",
        "start": 85107.0,
        "end": 89201.0,
        "audio": "content/segments/17/22.ogg"
    },
    {
        "ID": "23",
        "gender": "NA",
        "age": "NA",
        "character_name": "NA",
        "text": "ئەها هەنێ جاریش دەس خواری بەهرەیە",
        "text_original": "ئەها هەنێ جاریش دەس خواری بەهرەیە",
        "start": 89201.0,
        "end": 92593.0,
        "audio": "content/segments/17/23.ogg"
    },
    {
        "ID": "24",
        "gender": "NA",
        "age": "NA",
        "character_name": "NA",
        "text": "قوربان گیان ئەم زەلامەی ئێوە باسی دەکەن بۆ دزی هاتبوو",
        "text_original": "قوربان گیان ئەم زەلامەی ئێوە باسی دەکەن بۆ دزی هاتبوو",
        "start": 93583.0,
        "end": 98153.0,
        "audio": "content/segments/17/24.ogg"
    },
    {
        "ID": "25",
        "gender": "NA",
        "age": "NA",
        "character_name": "NA",
        "text": "دزی منیش بەپێی تەعلیمات تیرو کەوانێکم تێ گرتووە",
        "text_original": "دزی منیش بەپێی تەعلیمات تیرو کەوانێکم تێ گرتووە",
        "start": 98153.0,
        "end": 101011.0,
        "audio": "content/segments/17/25.ogg"
    },
    {
        "ID": "26",
        "gender": "NA",
        "age": "NA",
        "character_name": "NA",
        "text": "چۆن ئەتوانی ئەوە ڕۆڵە ی عەشرەتی منە چۆن تیر وکەوانی",
        "text_original": "چۆن ئەتوانی ئەوە ڕۆڵە ی عەشرەتی منە چۆن تیر وکەوانی",
        "start": 101011.0,
        "end": 105874.0,
        "audio": "content/segments/17/26.ogg"
    },
    {
        "ID": "27",
        "gender": "NA",
        "age": "NA",
        "character_name": "NA",
        "text": "تێ ئەگری گوێت لێ بێ لەسەر یەک تاڵ مووی سەری ڕۆڵەیەکی",
        "text_original": "تێ ئەگری گوێت لێ بێ لەسەر یەک تاڵ مووی سەری ڕۆڵەیەکی",
        "start": 105874.0,
        "end": 111820.0,
        "audio": "content/segments/17/27.ogg"
    },
    {
        "ID": "28",
        "gender": "NA",
        "age": "NA",
        "character_name": "NA",
        "text": "عەشرەتەکەم ئامادەم هەموو دنیا ژێر و ژەبەرکەم",
        "text_original": "عەشرەتەکەم ئامادەم هەموو دنیا ژێر و ژەبەرکەم",
        "start": 111820.0,
        "end": 115423.0,
        "audio": "content/segments/17/28.ogg"
    },
    {
        "ID": "29",
        "gender": "NA",
        "age": "NA",
        "character_name": "NA",
        "text": "ئەرێ بیل مناسەبە گەورەم باسی تاڵە موو تاڵە قژکرد",
        "text_original": "ئەرێ بیل مناسەبە گەورەم باسی تاڵە موو تاڵە قژکرد",
        "start": 115715.0,
        "end": 118960.0,
        "audio": "content/segments/17/29.ogg"
    },
    {
        "ID": "30",
        "gender": "NA",
        "age": "NA",
        "character_name": "NA",
        "text": "ئەزانی ئەڵێ لە وەزارەتێکی عەلەنییە تاڵێ قژی جیڤاڕا",
        "text_original": "ئەزانی ئەڵێ لە وەزارەتێکی عەلەنییە تاڵێ قژی جیڤاڕا",
        "start": 118960.0,
        "end": 122778.0,
        "audio": "content/segments/17/30.ogg"
    },
    {
        "ID": "31",
        "gender": "NA",
        "age": "NA",
        "character_name": "NA",
        "text": "گەیشتووتە چەن",
        "text_original": "گەیشتووتە چەن",
        "start": 122778.0,
        "end": 123723.0,
        "audio": "content/segments/17/31.ogg"
    },
    {
        "ID": "32",
        "gender": "NA",
        "age": "NA",
        "character_name": "NA",
        "text": "چ ئەحمەق پێش تائریخ مەکەوە کوا ئێمە گەیشتووینەتە",
        "text_original": "چ ئەحمەق پێش تائریخ مەکەوە کوا ئێمە گەیشتووینەتە",
        "start": 124393.0,
        "end": 129934.0,
        "audio": "content/segments/17/32.ogg"
    },
    {
        "ID": "33",
        "gender": "NA",
        "age": "NA",
        "character_name": "NA",
        "text": "سەردەمی جیڤارا بۆ پێش تاریج ئەکەوی بۆ درۆ ئەکەی یالا",
        "text_original": "سەردەمی جیڤارا بۆ پێش تاریج ئەکەوی بۆ درۆ ئەکەی یالا",
        "start": 129934.0,
        "end": 135834.0,
        "audio": "content/segments/17/33.ogg"
    },
    {
        "ID": "34",
        "gender": "NA",
        "age": "NA",
        "character_name": "NA",
        "text": "دەی ها جا بەس نەبوو بەس نەبوو ئەو ڕۆڵەی ئێمە لەڕێگەی",
        "text_original": "دەی ها جا بەس نەبوو بەس نەبوو ئەو ڕۆڵەی ئێمە لەڕێگەی",
        "start": 135834.0,
        "end": 142211.0,
        "audio": "content/segments/17/34.ogg"
    },
    {
        "ID": "35",
        "gender": "NA",
        "age": "NA",
        "character_name": "NA",
        "text": "ئەم دزەی ئەما کەچووە بۆ لای ئەمان شتێکی بەسەر نەهات",
        "text_original": "ئەم دزەی ئەما کەچووە بۆ لای ئەمان شتێکی بەسەر نەهات",
        "start": 142211.0,
        "end": 146762.0,
        "audio": "content/segments/17/35.ogg"
    },
    {
        "ID": "36",
        "gender": "NA",
        "age": "NA",
        "character_name": "NA",
        "text": "ئەوەش نا قوربان ئەوەتا بەو هەموو ڕێگا خەتەرەوە چۆتە",
        "text_original": "ئەوەش نا قوربان ئەوەتا بەو هەموو ڕێگا خەتەرەوە چۆتە",
        "start": 146762.0,
        "end": 151961.0,
        "audio": "content/segments/17/36.ogg"
    },
    {
        "ID": "37",
        "gender": "NA",
        "age": "NA",
        "character_name": "NA",
        "text": "لای ئەم بانقە لات و لەوێرەی ئەمان ئەوەندە بێ ویژدان بی",
        "text_original": "لای ئەم بانقە لات و لەوێرەی ئەمان ئەوەندە بێ ویژدان بی",
        "start": 151961.0,
        "end": 155961.0,
        "audio": "content/segments/17/37.ogg"
    },
    {
        "ID": "38",
        "gender": "NA",
        "age": "NA",
        "character_name": "NA",
        "text": "تۆ بچی تیر بارانی کەی",
        "text_original": "تۆ بچی تیر بارانی کەی",
        "start": 155961.0,
        "end": 157426.0,
        "audio": "content/segments/17/38.ogg"
    },
    {
        "ID": "39",
        "gender": "NA",
        "age": "NA",
        "character_name": "NA",
        "text": "لەجیاتی ئەوەی ڕێزی لێ بگری لە ڕۆڵەی",
        "text_original": "لەجیاتی ئەوەی ڕێزی لێ بگری لە ڕۆڵەی",
        "start": 157426.0,
        "end": 161426.0,
        "audio": "content/segments/17/39.ogg"
    },
    {
        "ID": "40",
        "gender": "NA",
        "age": "NA",
        "character_name": "NA",
        "text": "عەشیرەتەکەم تیری تێ ئەگری",
        "text_original": "عەشیرەتەکەم تیری تێ ئەگری",
        "start": 161426.0,
        "end": 164489.0,
        "audio": "content/segments/17/40.ogg"
    },
    {
        "ID": "41",
        "gender": "NA",
        "age": "NA",
        "character_name": "NA",
        "text": "قوربان گیان بۆ دزی هاتبوو وەڵا",
        "text_original": "قوربان گیان بۆ دزی هاتبوو وەڵا",
        "start": 164489.0,
        "end": 166962.0,
        "audio": "content/segments/17/41.ogg"
    },
    {
        "ID": "42",
        "gender": "NA",
        "age": "NA",
        "character_name": "NA",
        "text": "چەنم پێ وتی مەڵێ دزی بڵێ بۆ چالاکی هاتبوو",
        "text_original": "چەنم پێ وتی مەڵێ دزی بڵێ بۆ چالاکی هاتبوو",
        "start": 167109.0,
        "end": 171279.0,
        "audio": "content/segments/17/42.ogg"
    },
    {
        "ID": "43",
        "gender": "NA",
        "age": "NA",
        "character_name": "NA",
        "text": "ئێ قوربان ئاخر دزی لە بەیتول مال ئەکا نابێ من قسە نەکەم",
        "text_original": "ئێ قوربان ئاخر دزی لە بەیتول مال ئەکا نابێ من قسە نەکەم",
        "start": 171279.0,
        "end": 174712.0,
        "audio": "content/segments/17/43.ogg"
    },
    {
        "ID": "44",
        "gender": "NA",
        "age": "NA",
        "character_name": "NA",
        "text": "سەگ باب تۆ حەق چییە بەسەر بەیتول مالەوە تۆ",
        "text_original": "سەگ باب تۆ حەق چییە بەسەر بەیتول مالەوە تۆ",
        "start": 174712.0,
        "end": 179155.0,
        "audio": "content/segments/17/44.ogg"
    },
    {
        "ID": "45",
        "gender": "NA",
        "age": "NA",
        "character_name": "NA",
        "text": "حەق چییە ئەزانی چی و لێ ئەکەم",
        "text_original": "حەق چییە ئەزانی چی و لێ ئەکەم",
        "start": 179155.0,
        "end": 181477.0,
        "audio": "content/segments/17/45.ogg"
    },
    {
        "ID": "46",
        "gender": "NA",
        "age": "NA",
        "character_name": "NA",
        "text": "ئەزانی دە گەورەم یەک شتی کە",
        "text_original": "ئەزانی دە گەورەم یەک شتی کە",
        "start": 182147.0,
        "end": 183667.0,
        "audio": "content/segments/17/46.ogg"
    },
    {
        "ID": "47",
        "gender": "NA",
        "age": "NA",
        "character_name": "NA",
        "text": "چی",
        "text_original": "چی",
        "start": 183667.0,
        "end": 184479.0,
        "audio": "content/segments/17/47.ogg"
    },
    {
        "ID": "48",
        "gender": "NA",
        "age": "NA",
        "character_name": "NA",
        "text": "خێرت ئەگا من مناڵم وردە با سوڵح کەین",
        "text_original": "خێرت ئەگا من مناڵم وردە با سوڵح کەین",
        "start": 184479.0,
        "end": 186946.0,
        "audio": "content/segments/17/48.ogg"
    },
    {
        "ID": "49",
        "gender": "NA",
        "age": "NA",
        "character_name": "NA",
        "text": "سوڵح",
        "text_original": "سوڵح",
        "start": 186946.0,
        "end": 187606.0,
        "audio": "content/segments/17/49.ogg"
    },
    {
        "ID": "50",
        "gender": "NA",
        "age": "NA",
        "character_name": "NA",
        "text": "ئا",
        "text_original": "ئا",
        "start": 187606.0,
        "end": 188229.0,
        "audio": "content/segments/17/50.ogg"
    },
    {
        "ID": "51",
        "gender": "NA",
        "age": "NA",
        "character_name": "NA",
        "text": "بۆ من دانیشتووم بیست و یەک لەگەڵ ئەکەم وسوڵح لەگەڵا بکەم",
        "text_original": "بۆ من دانیشتووم بیست و یەک لەگەڵ ئەکەم وسوڵح لەگەڵا بکەم",
        "start": 188229.0,
        "end": 192139.0,
        "audio": "content/segments/17/51.ogg"
    },
    {
        "ID": "52",
        "gender": "NA",
        "age": "NA",
        "character_name": "NA",
        "text": "هەتیم تۆ زۆر بێ ئەقڵی سەرگرو بانێک دانیشێ سوڵح",
        "text_original": "هەتیم تۆ زۆر بێ ئەقڵی سەرگرو بانێک دانیشێ سوڵح",
        "start": 192139.0,
        "end": 195852.0,
        "audio": "content/segments/17/52.ogg"
    },
    {
        "ID": "53",
        "gender": "NA",
        "age": "NA",
        "character_name": "NA",
        "text": "لەگەڵ عەشایەرێ بکا",
        "text_original": "لەگەڵ عەشایەرێ بکا",
        "start": 195852.0,
        "end": 196951.0,
        "audio": "content/segments/17/53.ogg"
    },
    {
        "ID": "54",
        "gender": "NA",
        "age": "NA",
        "character_name": "NA",
        "text": "ئەرێ قوربان تۆش زۆر عەجایبی من بێکەسم بێ کەس کاکە ئەمە",
        "text_original": "ئەرێ قوربان تۆش زۆر عەجایبی من بێکەسم بێ کەس کاکە ئەمە",
        "start": 196951.0,
        "end": 200085.0,
        "audio": "content/segments/17/54.ogg"
    },
    {
        "ID": "55",
        "gender": "NA",
        "age": "NA",
        "character_name": "NA",
        "text": "باشترە گەورەم بە قسەم کە با ئەم سوڵحە بکەین",
        "text_original": "باشترە گەورەم بە قسەم کە با ئەم سوڵحە بکەین",
        "start": 200085.0,
        "end": 203142.0,
        "audio": "content/segments/17/55.ogg"
    },
    {
        "ID": "56",
        "gender": "NA",
        "age": "NA",
        "character_name": "NA",
        "text": "چیتان ئەوێ ئەتان دەمێ",
        "text_original": "چیتان ئەوێ ئەتان دەمێ",
        "start": 203142.0,
        "end": 204507.0,
        "audio": "content/segments/17/56.ogg"
    },
    {
        "ID": "57",
        "gender": "NA",
        "age": "NA",
        "character_name": "NA",
        "text": "شتی وا نییە",
        "text_original": "شتی وا نییە",
        "start": 204507.0,
        "end": 205470.0,
        "audio": "content/segments/17/57.ogg"
    },
    {
        "ID": "58",
        "gender": "NA",
        "age": "NA",
        "character_name": "NA",
        "text": "چەنێ پێیە داینێ دەی",
        "text_original": "چەنێ پێیە داینێ دەی",
        "start": 206619.0,
        "end": 208238.0,
        "audio": "content/segments/17/58.ogg"
    },
    {
        "ID": "59",
        "gender": "NA",
        "age": "NA",
        "character_name": "NA",
        "text": "قوربان ئەها ئێستا ئەو سەعات و مستیلەیە",
        "text_original": "قوربان ئەها ئێستا ئەو سەعات و مستیلەیە",
        "start": 208238.0,
        "end": 210168.0,
        "audio": "content/segments/17/59.ogg"
    },
    {
        "ID": "60",
        "gender": "NA",
        "age": "NA",
        "character_name": "NA",
        "text": "ئادەی کاکی حەرەس زەحمەت نەبێ",
        "text_original": "ئادەی کاکی حەرەس زەحمەت نەبێ",
        "start": 210168.0,
        "end": 211547.0,
        "audio": "content/segments/17/60.ogg"
    },
    {
        "ID": "61",
        "gender": "NA",
        "age": "NA",
        "character_name": "NA",
        "text": "لێی وەرگرم",
        "text_original": "لێی وەرگرم",
        "start": 211777.0,
        "end": 212449.0,
        "audio": "content/segments/17/61.ogg"
    },
    {
        "ID": "62",
        "gender": "NA",
        "age": "NA",
        "character_name": "NA",
        "text": "ئاوانەی لێکەرەوە دەی",
        "text_original": "ئاوانەی لێکەرەوە دەی",
        "start": 212449.0,
        "end": 213396.0,
        "audio": "content/segments/17/62.ogg"
    },
    {
        "ID": "63",
        "gender": "NA",
        "age": "NA",
        "character_name": "NA",
        "text": "دەی باشە ئاها",
        "text_original": "دەی باشە ئاها",
        "start": 214386.0,
        "end": 216189.0,
        "audio": "content/segments/17/63.ogg"
    },
    {
        "ID": "64",
        "gender": "NA",
        "age": "NA",
        "character_name": "NA",
        "text": "شتی زیایەی پێوەیە نەیبەی",
        "text_original": "شتی زیایەی پێوەیە نەیبەی",
        "start": 216327.0,
        "end": 217203.0,
        "audio": "content/segments/17/64.ogg"
    },
    {
        "ID": "65",
        "gender": "NA",
        "age": "NA",
        "character_name": "NA",
        "text": "ئەوەش ئەو مستیلانە ئەوە ئەوەی تووتە نا ئەوە",
        "text_original": "ئەوەش ئەو مستیلانە ئەوە ئەوەی تووتە نا ئەوە",
        "start": 218129.0,
        "end": 223435.0,
        "audio": "content/segments/17/65.ogg"
    },
    {
        "ID": "66",
        "gender": "NA",
        "age": "NA",
        "character_name": "NA",
        "text": "قوربان گیان چی بوو شکوور لەوە ئەچێ قەرارتان یابێ ها",
        "text_original": "قوربان گیان چی بوو شکوور لەوە ئەچێ قەرارتان یابێ ها",
        "start": 225154.0,
        "end": 228631.0,
        "audio": "content/segments/17/66.ogg"
    },
    {
        "ID": "67",
        "gender": "NA",
        "age": "NA",
        "character_name": "NA",
        "text": "بۆچی بۆ سوڵح",
        "text_original": "بۆچی بۆ سوڵح",
        "start": 228764.0,
        "end": 230718.0,
        "audio": "content/segments/17/67.ogg"
    },
    {
        "ID": "68",
        "gender": "NA",
        "age": "NA",
        "character_name": "NA",
        "text": "ئا",
        "text_original": "ئا",
        "start": 230718.0,
        "end": 231209.0,
        "audio": "content/segments/17/68.ogg"
    },
    {
        "ID": "69",
        "gender": "NA",
        "age": "NA",
        "character_name": "NA",
        "text": "سوڵح لەگەڵ تۆوا",
        "text_original": "سوڵح لەگەڵ تۆوا",
        "start": 231209.0,
        "end": 232159.0,
        "audio": "content/segments/17/69.ogg"
    },
    {
        "ID": "70",
        "gender": "NA",
        "age": "NA",
        "character_name": "NA",
        "text": "ئەروەڵا خێرتان ئەگا",
        "text_original": "ئەروەڵا خێرتان ئەگا",
        "start": 232159.0,
        "end": 233535.0,
        "audio": "content/segments/17/70.ogg"
    },
    {
        "ID": "71",
        "gender": "NA",
        "age": "NA",
        "character_name": "NA",
        "text": "نەخێر، نەخێر شتی وا نییە",
        "text_original": "نەخێر، نەخێر شتی وا نییە",
        "start": 233535.0,
        "end": 235178.0,
        "audio": "content/segments/17/71.ogg"
    },
    {
        "ID": "72",
        "gender": "NA",
        "age": "NA",
        "character_name": "NA",
        "text": "ئەوە چییە ئەوە بۆوا ئەکەی",
        "text_original": "ئەوە چییە ئەوە بۆوا ئەکەی",
        "start": 235472.0,
        "end": 237413.0,
        "audio": "content/segments/17/72.ogg"
    },
    {
        "ID": "73",
        "gender": "NA",
        "age": "NA",
        "character_name": "NA",
        "text": "قاچم ئەخوورێ قوربان زۆۆر دەمێکە سجنم",
        "text_original": "قاچم ئەخوورێ قوربان زۆۆر دەمێکە سجنم",
        "start": 237413.0,
        "end": 239046.0,
        "audio": "content/segments/17/73.ogg"
    },
    {
        "ID": "74",
        "gender": "NA",
        "age": "NA",
        "character_name": "NA",
        "text": "لە قانوونی ئێمە قاچ خورانی تیا نییە",
        "text_original": "لە قانوونی ئێمە قاچ خورانی تیا نییە",
        "start": 239191.0,
        "end": 241409.0,
        "audio": "content/segments/17/74.ogg"
    },
    {
        "ID": "75",
        "gender": "NA",
        "age": "NA",
        "character_name": "NA",
        "text": "دەی قوربان گیان دەی خێر ڕەحمێکتان",
        "text_original": "دەی قوربان گیان دەی خێر ڕەحمێکتان",
        "start": 241409.0,
        "end": 243608.0,
        "audio": "content/segments/17/75.ogg"
    },
    {
        "ID": "76",
        "gender": "NA",
        "age": "NA",
        "character_name": "NA",
        "text": "ئێستا ئێستا ئێستا",
        "text_original": "ئێستا ئێستا ئێستا",
        "start": 243608.0,
        "end": 245276.0,
        "audio": "content/segments/17/76.ogg"
    },
    {
        "ID": "77",
        "gender": "NA",
        "age": "NA",
        "character_name": "NA",
        "text": "جەلال",
        "text_original": "جەلال",
        "start": 245951.0,
        "end": 246911.0,
        "audio": "content/segments/17/77.ogg"
    },
    {
        "ID": "78",
        "gender": "NA",
        "age": "NA",
        "character_name": "NA",
        "text": "بەڵێ قوربان",
        "text_original": "بەڵێ قوربان",
        "start": 246911.0,
        "end": 247538.0,
        "audio": "content/segments/17/78.ogg"
    },
    {
        "ID": "79",
        "gender": "NA",
        "age": "NA",
        "character_name": "NA",
        "text": "هەر ئێستا ملیم بۆ بقرتێنە",
        "text_original": "هەر ئێستا ملیم بۆ بقرتێنە",
        "start": 247741.0,
        "end": 249964.0,
        "audio": "content/segments/17/79.ogg"
    },
    {
        "ID": "80",
        "gender": "NA",
        "age": "NA",
        "character_name": "NA",
        "text": "قوربان گیان پیاوی چاک بە من مناڵم وردە وەڵای گوناحت ئەگا",
        "text_original": "قوربان گیان پیاوی چاک بە من مناڵم وردە وەڵای گوناحت ئەگا",
        "start": 249964.0,
        "end": 254151.0,
        "audio": "content/segments/17/80.ogg"
    },
    {
        "ID": "81",
        "gender": "NA",
        "age": "NA",
        "character_name": "NA",
        "text": "چاو دەرێ",
        "text_original": "چاو دەرێ",
        "start": 254151.0,
        "end": 255341.0,
        "audio": "content/segments/17/81.ogg"
    },
    {
        "ID": "82",
        "gender": "NA",
        "age": "NA",
        "character_name": "NA",
        "text": "یەعنی هەر تەواو تەواو",
        "text_original": "یەعنی هەر تەواو تەواو",
        "start": 255624.0,
        "end": 256719.0,
        "audio": "content/segments/17/82.ogg"
    },
    {
        "ID": "83",
        "gender": "NA",
        "age": "NA",
        "character_name": "NA",
        "text": "بەڵێ",
        "text_original": "بەڵێ",
        "start": 256719.0,
        "end": 257379.00000000003,
        "audio": "content/segments/17/83.ogg"
    },
    {
        "ID": "84",
        "gender": "NA",
        "age": "NA",
        "character_name": "NA",
        "text": "دە باشە ئەزانی چی مادەم وای لێهات دەستم خۆش بێ",
        "text_original": "دە باشە ئەزانی چی مادەم وای لێهات دەستم خۆش بێ",
        "start": 257750.99999999997,
        "end": 260728.99999999997,
        "audio": "content/segments/17/84.ogg"
    },
    {
        "ID": "85",
        "gender": "NA",
        "age": "NA",
        "character_name": "NA",
        "text": "کە ئەو تیرەم تێ گرت لەو هەتیووە بریا بەر ناوی چاوی کەوتایە",
        "text_original": "کە ئەو تیرەم تێ گرت لەو هەتیووە بریا بەر ناوی چاوی کەوتایە",
        "start": 260728.99999999997,
        "end": 264361.0,
        "audio": "content/segments/17/85.ogg"
    },
    {
        "ID": "86",
        "gender": "NA",
        "age": "NA",
        "character_name": "NA",
        "text": "بڕوخی تەخت و تارازی تۆ باشە",
        "text_original": "بڕوخی تەخت و تارازی تۆ باشە",
        "start": 264502.0,
        "end": 266272.0,
        "audio": "content/segments/17/86.ogg"
    },
    {
        "ID": "87",
        "gender": "NA",
        "age": "NA",
        "character_name": "NA",
        "text": "چەنە بازی وەرە زمان درێژکە",
        "text_original": "چەنە بازی وەرە زمان درێژکە",
        "start": 266544.0,
        "end": 268175.0,
        "audio": "content/segments/17/87.ogg"
    },
    {
        "ID": "88",
        "gender": "NA",
        "age": "NA",
        "character_name": "NA",
        "text": "هەست دە دەم و دەم و فڵت بشکێنم پڕیکەم لە خوێن دەی",
        "text_original": "هەست دە دەم و دەم و فڵت بشکێنم پڕیکەم لە خوێن دەی",
        "start": 268175.0,
        "end": 272327.0,
        "audio": "content/segments/17/88.ogg"
    },
    {
        "ID": "89",
        "gender": "NA",
        "age": "NA",
        "character_name": "NA",
        "text": "وەڵای ئەمە غەدرە وەڵای خوا لێو قبووڵ ناکا",
        "text_original": "وەڵای ئەمە غەدرە وەڵای خوا لێو قبووڵ ناکا",
        "start": 272327.0,
        "end": 275090.0,
        "audio": "content/segments/17/89.ogg"
    },
    {
        "ID": "90",
        "gender": "NA",
        "age": "NA",
        "character_name": "NA",
        "text": "ئیشەڵا ئەو تەخت و تارا",
        "text_original": "ئیشەڵا ئەو تەخت و تارا",
        "start": 275090.0,
        "end": 276407.0,
        "audio": "content/segments/17/90.ogg"
    },
    {
        "ID": "91",
        "gender": "NA",
        "age": "NA",
        "character_name": "NA",
        "text": "یەڵا مل درێژکە",
        "text_original": "یەڵا مل درێژکە",
        "start": 276407.0,
        "end": 277130.0,
        "audio": "content/segments/17/91.ogg"
    },
    {
        "ID": "92",
        "gender": "NA",
        "age": "NA",
        "character_name": "NA",
        "text": "جەلال",
        "text_original": "جەلال",
        "start": 277551.0,
        "end": 278261.0,
        "audio": "content/segments/17/92.ogg"
    },
    {
        "ID": "93",
        "gender": "NA",
        "age": "NA",
        "character_name": "NA",
        "text": "ئاگاداربە",
        "text_original": "ئاگاداربە",
        "start": 278261.0,
        "end": 279031.0,
        "audio": "content/segments/17/93.ogg"
    },
    {
        "ID": "94",
        "gender": "NA",
        "age": "NA",
        "character_name": "NA",
        "text": "جەلال",
        "text_original": "جەلال",
        "start": 279336.0,
        "end": 280376.0,
        "audio": "content/segments/17/94.ogg"
    },
    {
        "ID": "95",
        "gender": "NA",
        "age": "NA",
        "character_name": "NA",
        "text": "بەڵێ",
        "text_original": "بەڵێ",
        "start": 280376.0,
        "end": 281096.0,
        "audio": "content/segments/17/95.ogg"
    },
    {
        "ID": "96",
        "gender": "NA",
        "age": "NA",
        "character_name": "NA",
        "text": "تۆزی هێواش پیاو بە ڕەحم کە",
        "text_original": "تۆزی هێواش پیاو بە ڕەحم کە",
        "start": 281096.0,
        "end": 282602.0,
        "audio": "content/segments/17/96.ogg"
    },
    {
        "ID": "97",
        "gender": "NA",
        "age": "NA",
        "character_name": "NA",
        "text": "توو، وەن، زیڕۆ، ئاکشن",
        "text_original": "توو، وەن، زیڕۆ، ئاکشن",
        "start": 282740.0,
        "end": 288450.0,
        "audio": "content/segments/17/97.ogg"
    },
    {
        "ID": "99",
        "gender": "NA",
        "age": "NA",
        "character_name": "NA",
        "text": "ئەوە چییە ئەو جەڕەسە",
        "text_original": "ئەوە چییە ئەو جەڕەسە",
        "start": 291460.0,
        "end": 292730.0,
        "audio": "content/segments/17/99.ogg"
    },
    {
        "ID": "100",
        "gender": "NA",
        "age": "NA",
        "character_name": "NA",
        "text": "جەڕەسە جەڕەس",
        "text_original": "جەڕەسە جەڕەس",
        "start": 292730.0,
        "end": 293840.0,
        "audio": "content/segments/17/100.ogg"
    },
    {
        "ID": "101",
        "gender": "NA",
        "age": "NA",
        "character_name": "NA",
        "text": "قوربان",
        "text_original": "قوربان",
        "start": 293840.0,
        "end": 294631.0,
        "audio": "content/segments/17/101.ogg"
    },
    {
        "ID": "102",
        "gender": "NA",
        "age": "NA",
        "character_name": "NA",
        "text": "ئەوە ئی کێیە ئەو مۆبایلە",
        "text_original": "ئەوە ئی کێیە ئەو مۆبایلە",
        "start": 294631.0,
        "end": 295497.0,
        "audio": "content/segments/17/102.ogg"
    },
    {
        "ID": "103",
        "gender": "NA",
        "age": "NA",
        "character_name": "NA",
        "text": "ئەوە ئی منە ئی مۆبایلەکەی منە",
        "text_original": "ئەوە ئی منە ئی مۆبایلەکەی منە",
        "start": 295497.0,
        "end": 296932.0,
        "audio": "content/segments/17/103.ogg"
    },
    {
        "ID": "104",
        "gender": "NA",
        "age": "NA",
        "character_name": "NA",
        "text": "خێرا جواب بەرەوە حەیوان دەی مل لێبکەینەوە",
        "text_original": "خێرا جواب بەرەوە حەیوان دەی مل لێبکەینەوە",
        "start": 297085.0,
        "end": 300217.0,
        "audio": "content/segments/17/104.ogg"
    },
    {
        "ID": "105",
        "gender": "NA",
        "age": "NA",
        "character_name": "NA",
        "text": "دەسم بمکەنەوە کاکە",
        "text_original": "دەسم بمکەنەوە کاکە",
        "start": 300217.0,
        "end": 301150.0,
        "audio": "content/segments/17/105.ogg"
    },
    {
        "ID": "106",
        "gender": "NA",
        "age": "NA",
        "character_name": "NA",
        "text": "دەسی بکەرەوە دەی",
        "text_original": "دەسی بکەرەوە دەی",
        "start": 301150.0,
        "end": 302574.0,
        "audio": "content/segments/17/106.ogg"
    },
    {
        "ID": "107",
        "gender": "NA",
        "age": "NA",
        "character_name": "NA",
        "text": "بیکەرەوە دەی با جوابی باتەوە",
        "text_original": "بیکەرەوە دەی با جوابی باتەوە",
        "start": 303290.0,
        "end": 304417.0,
        "audio": "content/segments/17/107.ogg"
    },
    {
        "ID": "108",
        "gender": "NA",
        "age": "NA",
        "character_name": "NA",
        "text": "قوربان جوابی بەمەوە",
        "text_original": "قوربان جوابی بەمەوە",
        "start": 304417.0,
        "end": 305187.0,
        "audio": "content/segments/17/108.ogg"
    },
    {
        "ID": "109",
        "gender": "NA",
        "age": "NA",
        "character_name": "NA",
        "text": "جوابی بەرەوە بزانە کێیە کێیە ئەمە",
        "text_original": "جوابی بەرەوە بزانە کێیە کێیە ئەمە",
        "start": 305515.0,
        "end": 307136.0,
        "audio": "content/segments/17/109.ogg"
    },
    {
        "ID": "110",
        "gender": "NA",
        "age": "NA",
        "character_name": "NA",
        "text": "ئێستا لەم وەختە ئەچێ تەلەفون بۆ تۆ ئەکا",
        "text_original": "ئێستا لەم وەختە ئەچێ تەلەفون بۆ تۆ ئەکا",
        "start": 307136.0,
        "end": 308776.0,
        "audio": "content/segments/17/110.ogg"
    },
    {
        "ID": "111",
        "gender": "NA",
        "age": "NA",
        "character_name": "NA",
        "text": "قوربان شەریکەکەمە",
        "text_original": "قوربان شەریکەکەمە",
        "start": 308776.0,
        "end": 310072.0,
        "audio": "content/segments/17/111.ogg"
    },
    {
        "ID": "112",
        "gender": "NA",
        "age": "NA",
        "character_name": "NA",
        "text": "چاوی دەربێنە خێرا جواب بەرەوە دەی بڵێ ئیشم هەیە",
        "text_original": "چاوی دەربێنە خێرا جواب بەرەوە دەی بڵێ ئیشم هەیە",
        "start": 310682.0,
        "end": 313180.0,
        "audio": "content/segments/17/112.ogg"
    },
    {
        "ID": "113",
        "gender": "NA",
        "age": "NA",
        "character_name": "NA",
        "text": "بەڵێ",
        "text_original": "بەڵێ",
        "start": 313203.0,
        "end": 314173.0,
        "audio": "content/segments/17/113.ogg"
    },
    {
        "ID": "114",
        "gender": "NA",
        "age": "NA",
        "character_name": "NA",
        "text": "بەڵێ خۆشبی سوپاست ئەکەم ئەم کاتەی تۆ باش",
        "text_original": "بەڵێ خۆشبی سوپاست ئەکەم ئەم کاتەی تۆ باش",
        "start": 314681.0,
        "end": 319373.0,
        "audio": "content/segments/17/114.ogg"
    },
    {
        "ID": "115",
        "gender": "NA",
        "age": "NA",
        "character_name": "NA",
        "text": "وەڵای ئیشم هەیە",
        "text_original": "وەڵای ئیشم هەیە",
        "start": 320358.0,
        "end": 322323.0,
        "audio": "content/segments/17/115.ogg"
    },
    {
        "ID": "116",
        "gender": "NA",
        "age": "NA",
        "character_name": "NA",
        "text": "بەڵێ شکوور زۆر وەزعم باشە ئەروەڵا",
        "text_original": "بەڵێ شکوور زۆر وەزعم باشە ئەروەڵا",
        "start": 323477.0,
        "end": 325367.0,
        "audio": "content/segments/17/116.ogg"
    },
    {
        "ID": "117",
        "gender": "NA",
        "age": "NA",
        "character_name": "NA",
        "text": "وەڵا بەڵێ وەڵای ئەمری ئیعدام دەرچووە",
        "text_original": "وەڵا بەڵێ وەڵای ئەمری ئیعدام دەرچووە",
        "start": 327028.0,
        "end": 329202.0,
        "audio": "content/segments/17/117.ogg"
    },
    {
        "ID": "118",
        "gender": "NA",
        "age": "NA",
        "character_name": "NA",
        "text": "ئا نە بابە محامی چی تازە فریا ناکەوێ",
        "text_original": "ئا نە بابە محامی چی تازە فریا ناکەوێ",
        "start": 330951.0,
        "end": 333816.0,
        "audio": "content/segments/17/118.ogg"
    },
    {
        "ID": "119",
        "gender": "NA",
        "age": "NA",
        "character_name": "NA",
        "text": "نەوەڵا عەزیەت مەکێشە",
        "text_original": "نەوەڵا عەزیەت مەکێشە",
        "start": 333816.0,
        "end": 334873.0,
        "audio": "content/segments/17/119.ogg"
    },
    {
        "ID": "120",
        "gender": "NA",
        "age": "NA",
        "character_name": "NA",
        "text": "نانا نەوەڵا خۆو تەواو تازە قەرارەکە دەرچوو",
        "text_original": "نانا نەوەڵا خۆو تەواو تازە قەرارەکە دەرچوو",
        "start": 335523.0,
        "end": 339203.0,
        "audio": "content/segments/17/120.ogg"
    },
    {
        "ID": "121",
        "gender": "NA",
        "age": "NA",
        "character_name": "NA",
        "text": "گەورەم ئەڵی مەجالی تیا نییە",
        "text_original": "گەورەم ئەڵی مەجالی تیا نییە",
        "start": 339616.0,
        "end": 340584.0,
        "audio": "content/segments/17/121.ogg"
    },
    {
        "ID": "122",
        "gender": "NA",
        "age": "NA",
        "character_name": "NA",
        "text": "یەک دەنک",
        "text_original": "یەک دەنک",
        "start": 340584.0,
        "end": 341484.0,
        "audio": "content/segments/17/122.ogg"
    },
    {
        "ID": "123",
        "gender": "NA",
        "age": "NA",
        "character_name": "NA",
        "text": "پیاوی شەشەم ئەڵێ یەک دەنک مەجالی تیا نییە",
        "text_original": "پیاوی شەشەم ئەڵێ یەک دەنک مەجالی تیا نییە",
        "start": 341869.0,
        "end": 343430.0,
        "audio": "content/segments/17/123.ogg"
    },
    {
        "ID": "124",
        "gender": "NA",
        "age": "NA",
        "character_name": "NA",
        "text": "پیاوی شەشەم ئێسا با ئەمانە ئەو مەحکەمە و شت ئیعدام و شتە تەواو کەن",
        "text_original": "پیاوی شەشەم ئێسا با ئەمانە ئەو مەحکەمە و شت ئیعدام و شتە تەواو کەن",
        "start": 343801.0,
        "end": 346740.0,
        "audio": "content/segments/17/124.ogg"
    },
    {
        "ID": "125",
        "gender": "NA",
        "age": "NA",
        "character_name": "NA",
        "text": "دوو دەقەی کە لەلاتانم",
        "text_original": "دوو دەقەی کە لەلاتانم",
        "start": 346939.0,
        "end": 348216.0,
        "audio": "content/segments/17/125.ogg"
    }
]