[
    {
        "ID": "1",
        "gender": "NA",
        "age": "NA",
        "character_name": "NA",
        "text": "دەنگی مۆسیقا",
        "text_original": "دەنگی مۆسیقا",
        "start": 0.0,
        "end": 149496.0,
        "audio": "content/segments/199/1.ogg"
    },
    {
        "ID": "2",
        "gender": "F",
        "age": "A",
        "character_name": "ژنی 1",
        "text": "ئەگەر تۆ لەم چیمەنەیا ڕەقیتەت نەکرد من ڕەعنا نەبم",
        "text_original": "ئەگەر تۆ لەم چیمەنەیا ڕەقیتەت نەکرد من ڕەعنا نەبم",
        "start": 151348.0,
        "end": 154219.0,
        "audio": "content/segments/199/2.ogg"
    },
    {
        "ID": "3",
        "gender": "F",
        "age": "A",
        "character_name": "ژنی 1",
        "text": "ئەه",
        "text_original": "ئەه",
        "start": 154316.0,
        "end": 154936.0,
        "audio": "content/segments/199/3.ogg"
    },
    {
        "ID": "4",
        "gender": "F",
        "age": "A",
        "character_name": "ژنی 1",
        "text": "وەیششششش",
        "text_original": "وەیششششش",
        "start": 155671.0,
        "end": 156821.0,
        "audio": "content/segments/199/4.ogg"
    },
    {
        "ID": "5",
        "gender": "F",
        "age": "A",
        "character_name": "ژنی 1",
        "text": "ئێ دەلای بە ئەو پارەیە بو بە چی",
        "text_original": "ئێ دەلای بە ئەو پارەیە بو بە چی",
        "start": 157897.0,
        "end": 159992.0,
        "audio": "content/segments/199/5.ogg"
    },
    {
        "ID": "6",
        "gender": "M",
        "age": "A",
        "character_name": "پیاوی 1",
        "text": "ئەرێ ژنەکە نابێت بزانین چەندمان پەیا کردوە",
        "text_original": "ئەرێ ژنەکە نابێت بزانین چەندمان پەیا کردوە",
        "start": 159992.0,
        "end": 161858.0,
        "audio": "content/segments/199/6.ogg"
    },
    {
        "ID": "7",
        "gender": "M",
        "age": "A",
        "character_name": "پیاوی 1",
        "text": "،ڕۆژگاری دوێنی من و تن لەسەر ئەو جادەیە بووین",
        "text_original": "،ڕۆژگاری دوێنی من و تن لەسەر ئەو جادەیە بووین",
        "start": 161858.0,
        "end": 163863.0,
        "audio": "content/segments/199/7.ogg"
    },
    {
        "ID": "8",
        "gender": "M",
        "age": "A",
        "character_name": "پیاوی 1",
        "text": "بزانین زەرەرمان کردوە قازانجمان کردوە",
        "text_original": "بزانین زەرەرمان کردوە قازانجمان کردوە",
        "start": 163863.0,
        "end": 165668.0,
        "audio": "content/segments/199/8.ogg"
    },
    {
        "ID": "9",
        "gender": "F",
        "age": "A",
        "character_name": "ژنی 1",
        "text": "ئا ئەڵێم کەی بچین بۆ ئیشەکە",
        "text_original": "ئا ئەڵێم کەی بچین بۆ ئیشەکە",
        "start": 165668.0,
        "end": 167666.0,
        "audio": "content/segments/199/9.ogg"
    },
    {
        "ID": "10",
        "gender": "M",
        "age": "A",
        "character_name": "پیاوی 1",
        "text": "ڕەعنە",
        "text_original": "ڕەعنە",
        "start": 167666.0,
        "end": 168678.0,
        "audio": "content/segments/199/10.ogg"
    },
    {
        "ID": "11",
        "gender": "F",
        "age": "A",
        "character_name": "ژنی 1",
        "text": "ئێ",
        "text_original": "ئێ",
        "start": 168678.0,
        "end": 169021.0,
        "audio": "content/segments/199/11.ogg"
    },
    {
        "ID": "12",
        "gender": "M",
        "age": "A",
        "character_name": "پیاوی 1",
        "text": "یەک شوێنم دۆزیووەتەواێ پارە لەویایە",
        "text_original": "یەک شوێنم دۆزیووەتەواێ پارە لەویایە",
        "start": 169021.0,
        "end": 171901.0,
        "audio": "content/segments/199/12.ogg"
    },
    {
        "ID": "13",
        "gender": "F",
        "age": "A",
        "character_name": "ژنی 1",
        "text": "کوێ کوێ ئێ",
        "text_original": "کوێ کوێ ئێ",
        "start": 171901.0,
        "end": 172921.0,
        "audio": "content/segments/199/13.ogg"
    },
    {
        "ID": "14",
        "gender": "M",
        "age": "A",
        "character_name": "پیاوی 1",
        "text": "تەڕەفلایتەکەی لای نادی موهەندیسی",
        "text_original": "تەڕەفلایتەکەی لای نادی موهەندیسی",
        "start": 172921.0,
        "end": 175069.0,
        "audio": "content/segments/199/14.ogg"
    },
    {
        "ID": "15",
        "gender": "F",
        "age": "A",
        "character_name": "ژنی 1",
        "text": "ئەی کە چاکە قەرەباڵخی و سەیارە جوانەکان لەویایە",
        "text_original": "ئەی کە چاکە قەرەباڵخی و سەیارە جوانەکان لەویایە",
        "start": 175069.0,
        "end": 178023.0,
        "audio": "content/segments/199/15.ogg"
    },
    {
        "ID": "16",
        "gender": "M",
        "age": "A",
        "character_name": "پیاوی 1",
        "text": "ڕەعنە کولی کەرەتێک کە ئەو گڵۆژە سور ئەبێت",
        "text_original": "ڕەعنە کولی کەرەتێک کە ئەو گڵۆژە سور ئەبێت",
        "start": 178023.0,
        "end": 181116.0,
        "audio": "content/segments/199/16.ogg"
    },
    {
        "ID": "17",
        "gender": "M",
        "age": "A",
        "character_name": "پیاوی 1",
        "text": "من دە هەزار دینار ئەخەمە گیفانم",
        "text_original": "من دە هەزار دینار ئەخەمە گیفانم",
        "start": 181116.0,
        "end": 182676.0,
        "audio": "content/segments/199/17.ogg"
    },
    {
        "ID": "18",
        "gender": "F",
        "age": "A",
        "character_name": "ژنی 1",
        "text": "ئەی کە چاکە ئەڵێم با وەکو دوێنیم لێ نەیەت",
        "text_original": "ئەی کە چاکە ئەڵێم با وەکو دوێنیم لێ نەیەت",
        "start": 182676.0,
        "end": 184547.0,
        "audio": "content/segments/199/18.ogg"
    },
    {
        "ID": "19",
        "gender": "F",
        "age": "A",
        "character_name": "ژنی 1",
        "text": "بەخوا هەڤدەهەزارم پەیا کرد دوێنی",
        "text_original": "بەخوا هەڤدەهەزارم پەیا کرد دوێنی",
        "start": 184547.0,
        "end": 186157.0,
        "audio": "content/segments/199/19.ogg"
    },
    {
        "ID": "20",
        "gender": "M",
        "age": "A",
        "character_name": "پیاوی 1",
        "text": "خوا دەوامی تۆ نەیا لەچکەکەت لاچوو بوو",
        "text_original": "خوا دەوامی تۆ نەیا لەچکەکەت لاچوو بوو",
        "start": 186157.0,
        "end": 188513.0,
        "audio": "content/segments/199/20.ogg"
    },
    {
        "ID": "21",
        "gender": "M",
        "age": "A",
        "character_name": "پیاوی 1",
        "text": "هەموو مێشەکەی سەرت دەرچوو بوو هەموو مێشەکەی سەرت دیار بوو",
        "text_original": "هەموو مێشەکەی سەرت دەرچوو بوو هەموو مێشەکەی سەرت دیار بوو",
        "start": 188513.0,
        "end": 190379.0,
        "audio": "content/segments/199/21.ogg"
    },
    {
        "ID": "22",
        "gender": "F",
        "age": "A",
        "character_name": "ژنی 1",
        "text": "نا نا خەمت نەبێت ئەمڕۆ خۆم چاک ئەپێچمەوە",
        "text_original": "نا نا خەمت نەبێت ئەمڕۆ خۆم چاک ئەپێچمەوە",
        "start": 190379.0,
        "end": 192620.0,
        "audio": "content/segments/199/22.ogg"
    },
    {
        "ID": "23",
        "gender": "M",
        "age": "A",
        "character_name": "پیاوی 1",
        "text": "ژنەکە من دوێنی نیە لەوێ پارەم پەیا نەیەکرد",
        "text_original": "ژنەکە من دوێنی نیە لەوێ پارەم پەیا نەیەکرد",
        "start": 192620.0,
        "end": 194787.0,
        "audio": "content/segments/199/23.ogg"
    },
    {
        "ID": "24",
        "gender": "F",
        "age": "A",
        "character_name": "ژنی 1",
        "text": "ئێ",
        "text_original": "ئێ",
        "start": 194827.0,
        "end": 195297.0,
        "audio": "content/segments/199/24.ogg"
    },
    {
        "ID": "25",
        "gender": "M",
        "age": "A",
        "character_name": "پیاوی 1",
        "text": "لەجامی سەیارەیەکەوە بە قەبری باوکم خۆم بینی",
        "text_original": "لەجامی سەیارەیەکەوە بە قەبری باوکم خۆم بینی",
        "start": 195297.0,
        "end": 198787.0,
        "audio": "content/segments/199/25.ogg"
    },
    {
        "ID": "26",
        "gender": "M",
        "age": "A",
        "character_name": "پیاوی 1",
        "text": "ئاگرم لە دڵم بەر بوو خەریک بوو دە هەزار بەم بەخۆم",
        "text_original": "ئاگرم لە دڵم بەر بوو خەریک بوو دە هەزار بەم بەخۆم",
        "start": 198787.0,
        "end": 201317.0,
        "audio": "content/segments/199/26.ogg"
    },
    {
        "ID": "27",
        "gender": "F",
        "age": "A",
        "character_name": "ژنی 1",
        "text": "ئێ دە تۆ بەسە دڵی منیشت تەنک کرد دە بەس بگری قەینا",
        "text_original": "ئێ دە تۆ بەسە دڵی منیشت تەنک کرد دە بەس بگری قەینا",
        "start": 201317.0,
        "end": 203647.0,
        "audio": "content/segments/199/27.ogg"
    },
    {
        "ID": "28",
        "gender": "F",
        "age": "A",
        "character_name": "ژنی 1",
        "text": "خەمت نەبێت ئەمڕۆ حەق ئەکەینەوانێ خەمت نەبێ تۆ چاکەت بخۆ دەی",
        "text_original": "خەمت نەبێت ئەمڕۆ حەق ئەکەینەوانێ خەمت نەبێ تۆ چاکەت بخۆ دەی",
        "start": 203647.0,
        "end": 206267.0,
        "audio": "content/segments/199/28.ogg"
    },
    {
        "ID": "29",
        "gender": "M",
        "age": "A",
        "character_name": "پیاوی 1",
        "text": "گوێی بگرە ڕەعنا",
        "text_original": "گوێی بگرە ڕەعنا",
        "start": 206267.0,
        "end": 207208.0,
        "audio": "content/segments/199/29.ogg"
    },
    {
        "ID": "30",
        "gender": "F",
        "age": "A",
        "character_name": "ژنی 1",
        "text": "ها",
        "text_original": "ها",
        "start": 207208.0,
        "end": 207803.0,
        "audio": "content/segments/199/30.ogg"
    },
    {
        "ID": "31",
        "gender": "M",
        "age": "A",
        "character_name": "پیاوی 1",
        "text": "هەتا خۆت گوناح کەی پارەمان زیاتر دەست دەکەوێت",
        "text_original": "هەتا خۆت گوناح کەی پارەمان زیاتر دەست دەکەوێت",
        "start": 207803.0,
        "end": 210259.0,
        "audio": "content/segments/199/31.ogg"
    },
    {
        "ID": "32",
        "gender": "F",
        "age": "A",
        "character_name": "ژنی 1",
        "text": "خەمت نەبێت بزانە ئەمڕۆ چی لەخۆم ئەکەم پارەی چاک کۆدەکەمەوە",
        "text_original": "خەمت نەبێت بزانە ئەمڕۆ چی لەخۆم ئەکەم پارەی چاک کۆدەکەمەوە",
        "start": 210259.0,
        "end": 212977.0,
        "audio": "content/segments/199/32.ogg"
    },
    {
        "ID": "33",
        "gender": "M",
        "age": "A",
        "character_name": "پیاوی 1",
        "text": "ئا وس وس",
        "text_original": "ئا وس وس",
        "start": 212977.0,
        "end": 213619.0,
        "audio": "content/segments/199/33.ogg"
    },
    {
        "ID": "34",
        "gender": "M",
        "age": "A",
        "character_name": "پیاوی 1",
        "text": "باشە ئەوە هەمزەیە دیسانەوە بزمار دا ئەکوتێ",
        "text_original": "باشە ئەوە هەمزەیە دیسانەوە بزمار دا ئەکوتێ",
        "start": 214671.0,
        "end": 217636.0,
        "audio": "content/segments/199/34.ogg"
    },
    {
        "ID": "35",
        "gender": "F",
        "age": "A",
        "character_name": "ژنی 1",
        "text": "تخوا",
        "text_original": "تخوا",
        "start": 217636.0,
        "end": 218253.0,
        "audio": "content/segments/199/35.ogg"
    },
    {
        "ID": "36",
        "gender": "M",
        "age": "A",
        "character_name": "پیاوی 1",
        "text": "ژنەکە کە ئەو کابرایە کە بزمار دائەکوتێ ئەڵەی بزمار ئەکوتێ بەناوی جەرگما",
        "text_original": "ژنەکە کە ئەو کابرایە کە بزمار دائەکوتێ ئەڵەی بزمار ئەکوتێ بەناوی جەرگما",
        "start": 218253.0,
        "end": 222015.0,
        "audio": "content/segments/199/36.ogg"
    },
    {
        "ID": "37",
        "gender": "F",
        "age": "A",
        "character_name": "ژنی 1",
        "text": "ئەوە خەتای چەتیوەکەی ژنیەتی هەڵسە بچوو سەریان هەڵسە حەیایان بەرە",
        "text_original": "ئەوە خەتای چەتیوەکەی ژنیەتی هەڵسە بچوو سەریان هەڵسە حەیایان بەرە",
        "start": 222015.0,
        "end": 225022.0,
        "audio": "content/segments/199/37.ogg"
    },
    {
        "ID": "38",
        "gender": "M",
        "age": "A",
        "character_name": "پیاوی 1",
        "text": "ئێ",
        "text_original": "ئێ",
        "start": 225022.0,
        "end": 225472.0,
        "audio": "content/segments/199/38.ogg"
    },
    {
        "ID": "39",
        "gender": "M",
        "age": "A",
        "character_name": "پیاوی 1",
        "text": "ئێستا ئەچم شرو شیتەڵیان فڕی ئەدەمە دەرەوە و",
        "text_original": "ئێستا ئەچم شرو شیتەڵیان فڕی ئەدەمە دەرەوە و",
        "start": 225472.0,
        "end": 227630.0,
        "audio": "content/segments/199/39.ogg"
    },
    {
        "ID": "40",
        "gender": "M",
        "age": "A",
        "character_name": "پیاوی 1",
        "text": "چوار شەقی مزریش لە هەمزە هەڵەیەم",
        "text_original": "چوار شەقی مزریش لە هەمزە هەڵەیەم",
        "start": 227630.0,
        "end": 229334.0,
        "audio": "content/segments/199/40.ogg"
    },
    {
        "ID": "41",
        "gender": "NA",
        "age": "NA",
        "character_name": "NA",
        "text": "دەنگی مۆسیقا",
        "text_original": "دەنگی مۆسیقا",
        "start": 229399.0,
        "end": 232160.0,
        "audio": "content/segments/199/41.ogg"
    },
    {
        "ID": "42",
        "gender": "M",
        "age": "A",
        "character_name": "پیاوی 2",
        "text": "ئێرە باشە",
        "text_original": "ئێرە باشە",
        "start": 232160.0,
        "end": 232690.0,
        "audio": "content/segments/199/42.ogg"
    },
    {
        "ID": "43",
        "gender": "F",
        "age": "A",
        "character_name": "ژنی 2",
        "text": "نا نا نا",
        "text_original": "نا نا نا",
        "start": 232690.0,
        "end": 234062.0,
        "audio": "content/segments/199/43.ogg"
    },
    {
        "ID": "44",
        "gender": "M",
        "age": "A",
        "character_name": "پیاوی 2",
        "text": "ئەی",
        "text_original": "ئەی",
        "start": 234062.0,
        "end": 234502.0,
        "audio": "content/segments/199/44.ogg"
    },
    {
        "ID": "45",
        "gender": "F",
        "age": "A",
        "character_name": "ژنی 1",
        "text": "تۆزی خوارتر",
        "text_original": "تۆزی خوارتر",
        "start": 234502.0,
        "end": 235590.0,
        "audio": "content/segments/199/45.ogg"
    },
    {
        "ID": "46",
        "gender": "M",
        "age": "A",
        "character_name": "پیاوی 2",
        "text": "ئێرە باشە",
        "text_original": "ئێرە باشە",
        "start": 236460.0,
        "end": 237340.0,
        "audio": "content/segments/199/46.ogg"
    },
    {
        "ID": "47",
        "gender": "NA",
        "age": "NA",
        "character_name": "NA",
        "text": "اللە",
        "text_original": "اللە",
        "start": 237850.0,
        "end": 239450.0,
        "audio": "content/segments/199/47.ogg"
    },
    {
        "ID": "48",
        "gender": "F",
        "age": "A",
        "character_name": "ژنی 2",
        "text": "تخوا یەک تۆز بیهێنە خوارتر",
        "text_original": "تخوا یەک تۆز بیهێنە خوارتر",
        "start": 239450.0,
        "end": 240974.0,
        "audio": "content/segments/199/48.ogg"
    },
    {
        "ID": "49",
        "gender": "M",
        "age": "A",
        "character_name": "پیاوی 2",
        "text": "ئێرە باشە",
        "text_original": "ئێرە باشە",
        "start": 240974.0,
        "end": 241697.0,
        "audio": "content/segments/199/49.ogg"
    },
    {
        "ID": "50",
        "gender": "F",
        "age": "A",
        "character_name": "ژنی 2",
        "text": "ئەویا زۆر چاکە ، هەر زۆر باشە دەست خۆش",
        "text_original": "ئەویا زۆر چاکە ، هەر زۆر باشە دەست خۆش",
        "start": 241697.0,
        "end": 244489.0,
        "audio": "content/segments/199/50.ogg"
    },
    {
        "ID": "51",
        "gender": "F",
        "age": "A",
        "character_name": "ژنی 1",
        "text": "مناڵیش دەستی ناگاتێ",
        "text_original": "مناڵیش دەستی ناگاتێ",
        "start": 244489.0,
        "end": 246272.0,
        "audio": "content/segments/199/51.ogg"
    },
    {
        "ID": "52",
        "gender": "M",
        "age": "A",
        "character_name": "پیاوی 1",
        "text": "حەی حەی حەی حەی بەخوا جوانە ئەرێ ئەمە جەنابتانن ئەم تەپە تەپە ئەکەن",
        "text_original": "حەی حەی حەی حەی بەخوا جوانە ئەرێ ئەمە جەنابتانن ئەم تەپە تەپە ئەکەن",
        "start": 246272.0,
        "end": 250823.0,
        "audio": "content/segments/199/52.ogg"
    },
    {
        "ID": "53",
        "gender": "F",
        "age": "A",
        "character_name": "ژنی 1",
        "text": "ئەیەڕۆ کابرا ئەمە تۆ کێت کە ئاوا بەبێ پرس خۆت کردوە بە ماڵمانا",
        "text_original": "ئەیەڕۆ کابرا ئەمە تۆ کێت کە ئاوا بەبێ پرس خۆت کردوە بە ماڵمانا",
        "start": 250823.0,
        "end": 254053.0,
        "audio": "content/segments/199/53.ogg"
    },
    {
        "ID": "54",
        "gender": "M",
        "age": "A",
        "character_name": "پیاوی 1",
        "text": "یانی من ناناسن",
        "text_original": "یانی من ناناسن",
        "start": 254053.0,
        "end": 255643.0,
        "audio": "content/segments/199/54.ogg"
    },
    {
        "ID": "55",
        "gender": "M",
        "age": "A",
        "character_name": "پیاوی 2",
        "text": "ئەرێ ئەوە کاکە تۆ تەواوی",
        "text_original": "ئەرێ ئەوە کاکە تۆ تەواوی",
        "start": 255643.0,
        "end": 257173.0,
        "audio": "content/segments/199/55.ogg"
    },
    {
        "ID": "56",
        "gender": "M",
        "age": "A",
        "character_name": "پیاوی 1",
        "text": "کوڕە خۆت تەواو نی چونکە من ساحێب ماڵەکەم سەعیدم سەعید",
        "text_original": "کوڕە خۆت تەواو نی چونکە من ساحێب ماڵەکەم سەعیدم سەعید",
        "start": 257173.0,
        "end": 261173.0,
        "audio": "content/segments/199/56.ogg"
    },
    {
        "ID": "57",
        "gender": "M",
        "age": "A",
        "character_name": "پیاوی 2",
        "text": "ئەها کاک سەعیدگیان بەخێربێت ، سەعیە ،بەخێربێت یاخوا کاک سەعیدگیان",
        "text_original": "ئەها کاک سەعیدگیان بەخێربێت ، سەعیە ،بەخێربێت یاخوا کاک سەعیدگیان",
        "start": 261173.0,
        "end": 265060.0,
        "audio": "content/segments/199/57.ogg"
    },
    {
        "ID": "58",
        "gender": "M",
        "age": "A",
        "character_name": "پیاوی 2",
        "text": "وەللەهی ئەوە ویستم ڕەسمی ئەو مناڵەمان لەویا هەڵواسم",
        "text_original": "وەللەهی ئەوە ویستم ڕەسمی ئەو مناڵەمان لەویا هەڵواسم",
        "start": 265060.0,
        "end": 267883.0,
        "audio": "content/segments/199/58.ogg"
    },
    {
        "ID": "59",
        "gender": "M",
        "age": "A",
        "character_name": "پیاوی 1",
        "text": "بۆ زۆر مەعجونن بە مناڵەکەتان",
        "text_original": "بۆ زۆر مەعجونن بە مناڵەکەتان",
        "start": 267883.0,
        "end": 269955.0,
        "audio": "content/segments/199/59.ogg"
    },
    {
        "ID": "60",
        "gender": "F",
        "age": "A",
        "character_name": "ژنی 2",
        "text": "چۆن دڵت یە ئەمە هێدی کوڕمە بەقوربانی بم",
        "text_original": "چۆن دڵت یە ئەمە هێدی کوڕمە بەقوربانی بم",
        "start": 269955.0,
        "end": 272192.0,
        "audio": "content/segments/199/60.ogg"
    },
    {
        "ID": "61",
        "gender": "M",
        "age": "A",
        "character_name": "پیاوی 1",
        "text": "دایکی من یەک بزمارتان داکوتی بوو ئا ئەمەنە شتێک لە عامود بچوکتر",
        "text_original": "دایکی من یەک بزمارتان داکوتی بوو ئا ئەمەنە شتێک لە عامود بچوکتر",
        "start": 272192.0,
        "end": 276387.0,
        "audio": "content/segments/199/61.ogg"
    },
    {
        "ID": "62",
        "gender": "M",
        "age": "A",
        "character_name": "پیاوی 1",
        "text": "کاکەگیان بزمارێکت داکوت یەکێکی بچوک داکوتن",
        "text_original": "کاکەگیان بزمارێکت داکوت یەکێکی بچوک داکوتن",
        "start": 276387.0,
        "end": 280052.0,
        "audio": "content/segments/199/62.ogg"
    },
    {
        "ID": "63",
        "gender": "M",
        "age": "A",
        "character_name": "پیاوی 2",
        "text": "ئێستا واز لەو شتانە بێنت دانیشە دانیشە",
        "text_original": "ئێستا واز لەو شتانە بێنت دانیشە دانیشە",
        "start": 280052.0,
        "end": 282702.0,
        "audio": "content/segments/199/63.ogg"
    },
    {
        "ID": "64",
        "gender": "M",
        "age": "A",
        "character_name": "پیاوی 2",
        "text": "ئادەی نەجیبە ڕاکە خێرا چایەک لێبنی",
        "text_original": "ئادەی نەجیبە ڕاکە خێرا چایەک لێبنی",
        "start": 282702.0,
        "end": 284632.0,
        "audio": "content/segments/199/64.ogg"
    },
    {
        "ID": "65",
        "gender": "F",
        "age": "A",
        "character_name": "ژنی 2",
        "text": "کاکە سەعیدگیان یاخوا بەخێربێت تۆ دانیشە ، بابچم چایەکت بۆ لێنیم",
        "text_original": "کاکە سەعیدگیان یاخوا بەخێربێت تۆ دانیشە ، بابچم چایەکت بۆ لێنیم",
        "start": 284632.0,
        "end": 288082.0,
        "audio": "content/segments/199/65.ogg"
    },
    {
        "ID": "66",
        "gender": "F",
        "age": "A",
        "character_name": "ژنی 2",
        "text": "ئێستا ماڵێ باوکم یەن با ئەوانیش بناسی",
        "text_original": "ئێستا ماڵێ باوکم یەن با ئەوانیش بناسی",
        "start": 288082.0,
        "end": 290475.0,
        "audio": "content/segments/199/66.ogg"
    },
    {
        "ID": "67",
        "gender": "M",
        "age": "A",
        "character_name": "پیاوی 1",
        "text": "حەی حەی حەی بەخوا تەواو ،تەواومان کرد ئەوە وتی ماڵی باوکی",
        "text_original": "حەی حەی حەی بەخوا تەواو ،تەواومان کرد ئەوە وتی ماڵی باوکی",
        "start": 290475.0,
        "end": 295097.0,
        "audio": "content/segments/199/67.ogg"
    },
    {
        "ID": "68",
        "gender": "M",
        "age": "A",
        "character_name": "پیاوی 2",
        "text": "بەڵێ ماڵێ خەزورم بۆ",
        "text_original": "بەڵێ ماڵێ خەزورم بۆ",
        "start": 295097.0,
        "end": 296692.0,
        "audio": "content/segments/199/68.ogg"
    },
    {
        "ID": "69",
        "gender": "M",
        "age": "A",
        "character_name": "پیاوی 1",
        "text": "یانی جەنابت پرست بەمن کرد بڵەی ماڵێ خەزورم دێتە ئێرە",
        "text_original": "یانی جەنابت پرست بەمن کرد بڵەی ماڵێ خەزورم دێتە ئێرە",
        "start": 296692.0,
        "end": 299997.0,
        "audio": "content/segments/199/69.ogg"
    },
    {
        "ID": "70",
        "gender": "M",
        "age": "A",
        "character_name": "پیاوی 1",
        "text": "یانی جەنابت پرست بەمن کرد بڵەی ماڵێ خەزورم دێتە ئێرە",
        "text_original": "یانی جەنابت پرست بەمن کرد بڵەی ماڵێ خەزورم دێتە ئێرە",
        "start": 300116.0,
        "end": 303066.0,
        "audio": "content/segments/199/70.ogg"
    },
    {
        "ID": "71",
        "gender": "M",
        "age": "A",
        "character_name": "پیاوی 1",
        "text": "بەڵێ ، ئێ خۆ منیش وتێلم نەیاوتێ براکەی من ئەم بێت و ئەو بڕوات",
        "text_original": "بەڵێ ، ئێ خۆ منیش وتێلم نەیاوتێ براکەی من ئەم بێت و ئەو بڕوات",
        "start": 303066.0,
        "end": 306736.0,
        "audio": "content/segments/199/71.ogg"
    },
    {
        "ID": "72",
        "gender": "M",
        "age": "A",
        "character_name": "پیاوی 2",
        "text": "ئێ کاکە خۆ مینوان دەرناکرێت",
        "text_original": "ئێ کاکە خۆ مینوان دەرناکرێت",
        "start": 306736.0,
        "end": 308351.0,
        "audio": "content/segments/199/72.ogg"
    },
    {
        "ID": "73",
        "gender": "M",
        "age": "A",
        "character_name": "پیاوی 1",
        "text": "دەرەکرێت دەرناکرێت کەیفی خۆتە حەی ، ئەی ئەمه چیە هەڵت واسیوە",
        "text_original": "دەرەکرێت دەرناکرێت کەیفی خۆتە حەی ، ئەی ئەمه چیە هەڵت واسیوە",
        "start": 308351.0,
        "end": 312351.0,
        "audio": "content/segments/199/73.ogg"
    },
    {
        "ID": "74",
        "gender": "M",
        "age": "A",
        "character_name": "پیاوی 2",
        "text": "پەردەیە",
        "text_original": "پەردەیە",
        "start": 312351.0,
        "end": 313167.0,
        "audio": "content/segments/199/74.ogg"
    },
    {
        "ID": "75",
        "gender": "M",
        "age": "A",
        "character_name": "پیاوی 1",
        "text": "ئێ خۆ ئەزانم پەردەیە بەڵام بە چی هەڵت واسیوە براڕۆ",
        "text_original": "ئێ خۆ ئەزانم پەردەیە بەڵام بە چی هەڵت واسیوە براڕۆ",
        "start": 313167.0,
        "end": 316457.0,
        "audio": "content/segments/199/75.ogg"
    },
    {
        "ID": "76",
        "gender": "M",
        "age": "A",
        "character_name": "پیاوی 2",
        "text": "قابیله به تیپی ئاوا هەڵناواستم ، بەبزمار هەڵواسیوە",
        "text_original": "قابیله به تیپی ئاوا هەڵناواستم ، بەبزمار هەڵواسیوە",
        "start": 316457.0,
        "end": 319672.0,
        "audio": "content/segments/199/76.ogg"
    },
    {
        "ID": "77",
        "gender": "M",
        "age": "A",
        "character_name": "پیاوی 1",
        "text": "کوڕە بابە ئەمه هەموو خەرامەی هەیە",
        "text_original": "کوڕە بابە ئەمه هەموو خەرامەی هەیە",
        "start": 319672.0,
        "end": 321692.0,
        "audio": "content/segments/199/77.ogg"
    },
    {
        "ID": "78",
        "gender": "M",
        "age": "A",
        "character_name": "پیاوی 2",
        "text": "بۆ",
        "text_original": "بۆ",
        "start": 321692.0,
        "end": 322262.0,
        "audio": "content/segments/199/78.ogg"
    },
    {
        "ID": "79",
        "gender": "M",
        "age": "A",
        "character_name": "پیاوی 1",
        "text": "چونکە لە قانونی منا ، هەر کونێک بکەیتە ئەو دیوارە",
        "text_original": "چونکە لە قانونی منا ، هەر کونێک بکەیتە ئەو دیوارە",
        "start": 322262.0,
        "end": 325502.0,
        "audio": "content/segments/199/79.ogg"
    },
    {
        "ID": "80",
        "gender": "M",
        "age": "A",
        "character_name": "پیاوی 1",
        "text": "چەند کونی تێبکەیت ئەوەنە دەهەزاری ئەخەمە سەر کرێکەو",
        "text_original": "چەند کونی تێبکەیت ئەوەنە دەهەزاری ئەخەمە سەر کرێکەو",
        "start": 325502.0,
        "end": 328812.0,
        "audio": "content/segments/199/80.ogg"
    },
    {
        "ID": "81",
        "gender": "NA",
        "age": "NA",
        "character_name": "NA",
        "text": "دەنگی مۆسیقا",
        "text_original": "دەنگی مۆسیقا",
        "start": 328812.0,
        "end": 333199.0,
        "audio": "content/segments/199/81.ogg"
    },
    {
        "ID": "82",
        "gender": "M",
        "age": "A",
        "character_name": "پیاوی 1",
        "text": "کوێرایم دایە چۆن ئا ئەم خانوەم نافرۆشرێ ئەڵەی ڤیلایە",
        "text_original": "کوێرایم دایە چۆن ئا ئەم خانوەم نافرۆشرێ ئەڵەی ڤیلایە",
        "start": 333199.0,
        "end": 337439.0,
        "audio": "content/segments/199/82.ogg"
    },
    {
        "ID": "83",
        "gender": "M",
        "age": "A",
        "character_name": "پیاوی 1",
        "text": "دەرگاو پەنجەرە هەموو ئەلەملیۆن ، سەتار",
        "text_original": "دەرگاو پەنجەرە هەموو ئەلەملیۆن ، سەتار",
        "start": 337439.0,
        "end": 341561.0,
        "audio": "content/segments/199/83.ogg"
    },
    {
        "ID": "84",
        "gender": "NA",
        "age": "NA",
        "character_name": "NA",
        "text": "دەنگی لە دەرگا دان",
        "text_original": "دەنگی لە دەرگا دان",
        "start": 342561.0,
        "end": 343631.0,
        "audio": "content/segments/199/84.ogg"
    },
    {
        "ID": "85",
        "gender": "M",
        "age": "A",
        "character_name": "پیاوی 1",
        "text": "سەتار",
        "text_original": "سەتار",
        "start": 343631.0,
        "end": 344471.0,
        "audio": "content/segments/199/85.ogg"
    },
    {
        "ID": "86",
        "gender": "M",
        "age": "A",
        "character_name": "پیاوی 1",
        "text": "ئەڵەی ئا",
        "text_original": "ئەڵەی ئا",
        "start": 346709.0,
        "end": 347329.0,
        "audio": "content/segments/199/86.ogg"
    },
    {
        "ID": "87",
        "gender": "M",
        "age": "A",
        "character_name": "پیاوی 3",
        "text": "فەرموو کاک سەعید بەڵێ",
        "text_original": "فەرموو کاک سەعید بەڵێ",
        "start": 347329.0,
        "end": 348389.0,
        "audio": "content/segments/199/87.ogg"
    },
    {
        "ID": "88",
        "gender": "M",
        "age": "A",
        "character_name": "پیاوی 1",
        "text": "وەرە باش بوو هاتیتە دەرەوە خەریک بوو بیەم بەم ناوچەوانەتا",
        "text_original": "وەرە باش بوو هاتیتە دەرەوە خەریک بوو بیەم بەم ناوچەوانەتا",
        "start": 348389.0,
        "end": 351034.0,
        "audio": "content/segments/199/88.ogg"
    },
    {
        "ID": "89",
        "gender": "M",
        "age": "A",
        "character_name": "پیاوی 3",
        "text": "بەخێربێت یاخوا کاک سەعید ئەوە خێر",
        "text_original": "بەخێربێت یاخوا کاک سەعید ئەوە خێر",
        "start": 351034.0,
        "end": 353194.0,
        "audio": "content/segments/199/89.ogg"
    },
    {
        "ID": "90",
        "gender": "M",
        "age": "A",
        "character_name": "پیاوی 1",
        "text": "خێری چی ، هاتوم بۆ کرێ خانوەکە گوێربگرە",
        "text_original": "خێری چی ، هاتوم بۆ کرێ خانوەکە گوێربگرە",
        "start": 353194.0,
        "end": 358177.0,
        "audio": "content/segments/199/90.ogg"
    },
    {
        "ID": "91",
        "gender": "M",
        "age": "A",
        "character_name": "پیاوی 1",
        "text": "ئەوە کە من ئەو خانوەم یاتێ دەستت شکاوە قتوێ بۆیاخ ئا ئاوا بدەی لەم دەرگایە",
        "text_original": "ئەوە کە من ئەو خانوەم یاتێ دەستت شکاوە قتوێ بۆیاخ ئا ئاوا بدەی لەم دەرگایە",
        "start": 358177.0,
        "end": 360733.0,
        "audio": "content/segments/199/91.ogg"
    },
    {
        "ID": "92",
        "gender": "M",
        "age": "A",
        "character_name": "پیاوی 3",
        "text": "ئای بەسەرچاو",
        "text_original": "ئای بەسەرچاو",
        "start": 360733.0,
        "end": 361368.0,
        "audio": "content/segments/199/92.ogg"
    },
    {
        "ID": "93",
        "gender": "M",
        "age": "A",
        "character_name": "پیاوی 3",
        "text": "ئەوە کرێکەشم بۆ دانابووی بەقەبر باوکم سەیری ئەو سوتفەیە بکە",
        "text_original": "ئەوە کرێکەشم بۆ دانابووی بەقەبر باوکم سەیری ئەو سوتفەیە بکە",
        "start": 361368.0,
        "end": 364818.0,
        "audio": "content/segments/199/93.ogg"
    },
    {
        "ID": "94",
        "gender": "M",
        "age": "A",
        "character_name": "پیاوی 3",
        "text": "خەریک بوو خۆم بۆت بێنم باش بوو خۆت هاتی",
        "text_original": "خەریک بوو خۆم بۆت بێنم باش بوو خۆت هاتی",
        "start": 364818.0,
        "end": 366838.0,
        "audio": "content/segments/199/94.ogg"
    },
    {
        "ID": "95",
        "gender": "NA",
        "age": "NA",
        "character_name": "NA",
        "text": "ئەمە خێر ئا ئاوا خۆت گۆریوە نیازی شتێکت هەیە",
        "text_original": "ئەمە خێر ئا ئاوا خۆت گۆریوە نیازی شتێکت هەیە",
        "start": 366838.0,
        "end": 371428.0,
        "audio": "content/segments/199/95.ogg"
    },
    {
        "ID": "96",
        "gender": "M",
        "age": "A",
        "character_name": "پیاوی 3",
        "text": "وەللەهی ئەوەی ڕاستی بێت بەتەمام ژن بۆ کوڕەکەم بێنم",
        "text_original": "وەللەهی ئەوەی ڕاستی بێت بەتەمام ژن بۆ کوڕەکەم بێنم",
        "start": 371428.0,
        "end": 374601.0,
        "audio": "content/segments/199/96.ogg"
    },
    {
        "ID": "97",
        "gender": "M",
        "age": "A",
        "character_name": "پیاوی 1",
        "text": "تیاح وەللە تەواومان کرد ، کاک ناستار جەنابت پرست بە من کرد ژن بۆ کوڕەکەت دێنی",
        "text_original": "تیاح وەللە تەواومان کرد ، کاک ناستار جەنابت پرست بە من کرد ژن بۆ کوڕەکەت دێنی",
        "start": 374601.0,
        "end": 380565.0,
        "audio": "content/segments/199/97.ogg"
    },
    {
        "ID": "98",
        "gender": "M",
        "age": "A",
        "character_name": "پیاوی 3",
        "text": "جا تۆی بۆ چیە",
        "text_original": "جا تۆی بۆ چیە",
        "start": 380565.0,
        "end": 381625.0,
        "audio": "content/segments/199/98.ogg"
    },
    {
        "ID": "99",
        "gender": "M",
        "age": "A",
        "character_name": "پیاوی 1",
        "text": "حەی حەی حەی ئەڵەی تۆی بۆچیە",
        "text_original": "حەی حەی حەی ئەڵەی تۆی بۆچیە",
        "start": 381625.0,
        "end": 383512.0,
        "audio": "content/segments/199/99.ogg"
    },
    {
        "ID": "100",
        "gender": "M",
        "age": "A",
        "character_name": "پیاوی 1",
        "text": "ئەرێ کاکە کە من ئەو خانوەم یا بە ئێوە ئێوە سێ کەس نەبوون",
        "text_original": "ئەرێ کاکە کە من ئەو خانوەم یا بە ئێوە ئێوە سێ کەس نەبوون",
        "start": 383512.0,
        "end": 386815.0,
        "audio": "content/segments/199/100.ogg"
    },
    {
        "ID": "101",
        "gender": "M",
        "age": "A",
        "character_name": "پیاوی 3",
        "text": "بەڵێ",
        "text_original": "بەڵێ",
        "start": 386815.0,
        "end": 387185.0,
        "audio": "content/segments/199/101.ogg"
    },
    {
        "ID": "102",
        "gender": "M",
        "age": "A",
        "character_name": "پیاوی 1",
        "text": "ئێ ماقوڵە یەچکەش بێتە سەر ماڵ ، گوێی بگرە لە عیبارەتی ئەم دەقەیەوە",
        "text_original": "ئێ ماقوڵە یەچکەش بێتە سەر ماڵ ، گوێی بگرە لە عیبارەتی ئەم دەقەیەوە",
        "start": 387185.0,
        "end": 391255.0,
        "audio": "content/segments/199/102.ogg"
    },
    {
        "ID": "103",
        "gender": "M",
        "age": "A",
        "character_name": "پیاوی 1",
        "text": "هەموو مانگی پەنجە هەزار ئەخەمه سەر کرێکە",
        "text_original": "هەموو مانگی پەنجە هەزار ئەخەمه سەر کرێکە",
        "start": 391255.0,
        "end": 394195.0,
        "audio": "content/segments/199/103.ogg"
    },
    {
        "ID": "104",
        "gender": "M",
        "age": "A",
        "character_name": "پیاوی 3",
        "text": "کاک سەعیدگیان ئەو پەری هەفتەیەک لێرەیە خانوی بۆ ئەگرم و ئەڕوا",
        "text_original": "کاک سەعیدگیان ئەو پەری هەفتەیەک لێرەیە خانوی بۆ ئەگرم و ئەڕوا",
        "start": 394195.0,
        "end": 397324.0,
        "audio": "content/segments/199/104.ogg"
    },
    {
        "ID": "105",
        "gender": "M",
        "age": "A",
        "character_name": "پیاوی 1",
        "text": "نا نا نا نا شتی واقبوڵ ناکەم ، خانو خانوی خۆمە کلیلی هەموو دەرگاکانم پێ یە",
        "text_original": "نا نا نا نا شتی واقبوڵ ناکەم ، خانو خانوی خۆمە کلیلی هەموو دەرگاکانم پێ یە",
        "start": 397324.0,
        "end": 402254.0,
        "audio": "content/segments/199/105.ogg"
    },
    {
        "ID": "106",
        "gender": "M",
        "age": "A",
        "character_name": "پیاوی 1",
        "text": "وەختی ئەزانی ڕێک کاک سەعی یەتە ژورەوە و کەشفەکا",
        "text_original": "وەختی ئەزانی ڕێک کاک سەعی یەتە ژورەوە و کەشفەکا",
        "start": 402254.0,
        "end": 404862.0,
        "audio": "content/segments/199/106.ogg"
    },
    {
        "ID": "107",
        "gender": "M",
        "age": "A",
        "character_name": "پیاوی 1",
        "text": "عاجز نەبی لێم ئەوە من ئەڕۆم سەتار",
        "text_original": "عاجز نەبی لێم ئەوە من ئەڕۆم سەتار",
        "start": 404862.0,
        "end": 407403.0,
        "audio": "content/segments/199/107.ogg"
    },
    {
        "ID": "108",
        "gender": "M",
        "age": "A",
        "character_name": "پیاوی 1",
        "text": "کێم ماوە کێم ماوە کرێکەی لێ بسەنم فەرەج",
        "text_original": "کێم ماوە کێم ماوە کرێکەی لێ بسەنم فەرەج",
        "start": 409972.0,
        "end": 413462.0,
        "audio": "content/segments/199/108.ogg"
    },
    {
        "ID": "109",
        "gender": "M",
        "age": "A",
        "character_name": "پیاوی 1",
        "text": "بەخوا فەرەج سەرەتە",
        "text_original": "بەخوا فەرەج سەرەتە",
        "start": 413462.0,
        "end": 415398.0,
        "audio": "content/segments/199/109.ogg"
    },
    {
        "ID": "110",
        "gender": "M",
        "age": "A",
        "character_name": "پیاوی 1",
        "text": "جەی ئەمە چیە ، کردویەتی بە کارەبا جەڕەسەکەی",
        "text_original": "جەی ئەمە چیە ، کردویەتی بە کارەبا جەڕەسەکەی",
        "start": 416568.0,
        "end": 420058.0,
        "audio": "content/segments/199/110.ogg"
    },
    {
        "ID": "111",
        "gender": "M",
        "age": "A",
        "character_name": "پیاوی 1",
        "text": "،بەخوا دینارێک ناهێڵم لە کرێیەکە دایشکێنی",
        "text_original": "،بەخوا دینارێک ناهێڵم لە کرێیەکە دایشکێنی",
        "start": 420058.0,
        "end": 422318.0,
        "audio": "content/segments/199/111.ogg"
    },
    {
        "ID": "112",
        "gender": "NA",
        "age": "NA",
        "character_name": "NA",
        "text": "هاوارەکە ناڕوونە",
        "text_original": "هاوارەکە ناڕوونە",
        "start": 423578.0,
        "end": 425438.0,
        "audio": "content/segments/199/112.ogg"
    },
    {
        "ID": "113",
        "gender": "M",
        "age": "A",
        "character_name": "پیاوی 1",
        "text": "ماڵت بە قوڕنەگیرێ",
        "text_original": "ماڵت بە قوڕنەگیرێ",
        "start": 425438.0,
        "end": 427288.0,
        "audio": "content/segments/199/113.ogg"
    },
    {
        "ID": "114",
        "gender": "NA",
        "age": "NA",
        "character_name": "NA",
        "text": "فەرەج",
        "text_original": "فەرەج",
        "start": 427288.0,
        "end": 428452.0,
        "audio": "content/segments/199/114.ogg"
    },
    {
        "ID": "115",
        "gender": "NA",
        "age": "NA",
        "character_name": "NA",
        "text": "دەنگی لە دەرگا دان",
        "text_original": "دەنگی لە دەرگا دان",
        "start": 428603.0,
        "end": 430133.0,
        "audio": "content/segments/199/115.ogg"
    },
    {
        "ID": "116",
        "gender": "M",
        "age": "A",
        "character_name": "پیاوی 1",
        "text": "فەرەج",
        "text_original": "فەرەج",
        "start": 430670.0,
        "end": 431510.0,
        "audio": "content/segments/199/116.ogg"
    },
    {
        "ID": "117",
        "gender": "M",
        "age": "A",
        "character_name": "پیاوی 4",
        "text": "بەڵێ بەڵێ کاکە سەعیدگیان فەرموو",
        "text_original": "بەڵێ بەڵێ کاکە سەعیدگیان فەرموو",
        "start": 431600.0,
        "end": 433097.0,
        "audio": "content/segments/199/117.ogg"
    },
    {
        "ID": "118",
        "gender": "M",
        "age": "A",
        "character_name": "پیاوی 1",
        "text": "بەڵێ و باقێ نەبێ",
        "text_original": "بەڵێ و باقێ نەبێ",
        "start": 433097.0,
        "end": 434567.0,
        "audio": "content/segments/199/118.ogg"
    },
    {
        "ID": "119",
        "gender": "M",
        "age": "A",
        "character_name": "پیاوی 4",
        "text": "یاخوا بەخێربێت",
        "text_original": "یاخوا بەخێربێت",
        "start": 434567.0,
        "end": 435317.0,
        "audio": "content/segments/199/119.ogg"
    },
    {
        "ID": "120",
        "gender": "M",
        "age": "A",
        "character_name": "پیاوی 1",
        "text": "ئا ئەمە خەریک بوو باڵم دەربێنی لە بنا ، گوێبگرە هاتوم بۆ کرێکە",
        "text_original": "ئا ئەمە خەریک بوو باڵم دەربێنی لە بنا ، گوێبگرە هاتوم بۆ کرێکە",
        "start": 435317.0,
        "end": 438912.0,
        "audio": "content/segments/199/120.ogg"
    },
    {
        "ID": "121",
        "gender": "M",
        "age": "A",
        "character_name": "پیاوی 1",
        "text": "وایششششش",
        "text_original": "وایششششش",
        "start": 438912.0,
        "end": 440102.0,
        "audio": "content/segments/199/121.ogg"
    },
    {
        "ID": "122",
        "gender": "M",
        "age": "A",
        "character_name": "پیاوی 4",
        "text": "بۆ کاک سەعیدگیان بۆ چی هاتوی",
        "text_original": "بۆ کاک سەعیدگیان بۆ چی هاتوی",
        "start": 440102.0,
        "end": 441562.0,
        "audio": "content/segments/199/122.ogg"
    },
    {
        "ID": "123",
        "gender": "M",
        "age": "A",
        "character_name": "پیاوی 1",
        "text": "هاتوم بۆ کرێکە بۆ شێتمەکەیت",
        "text_original": "هاتوم بۆ کرێکە بۆ شێتمەکەیت",
        "start": 441595.0,
        "end": 443299.0,
        "audio": "content/segments/199/123.ogg"
    },
    {
        "ID": "124",
        "gender": "M",
        "age": "A",
        "character_name": "پیاوی 4",
        "text": "وەللەهی کاک سەعیدگیان داوایلێ بوردنەکەم ئەبێ هەفتەیەک لەسەرم بوەستی",
        "text_original": "وەللەهی کاک سەعیدگیان داوایلێ بوردنەکەم ئەبێ هەفتەیەک لەسەرم بوەستی",
        "start": 443299.0,
        "end": 446469.0,
        "audio": "content/segments/199/124.ogg"
    },
    {
        "ID": "125",
        "gender": "M",
        "age": "A",
        "character_name": "پیاوی 1",
        "text": "بەخوا تەواومان کرد هەفتە بۆ کاکە بۆ ئاخر",
        "text_original": "بەخوا تەواومان کرد هەفتە بۆ کاکە بۆ ئاخر",
        "start": 446469.0,
        "end": 449589.0,
        "audio": "content/segments/199/125.ogg"
    },
    {
        "ID": "126",
        "gender": "M",
        "age": "A",
        "character_name": "پیاوی 4",
        "text": "وەللەهی کاک سەعیدگیان تۆش وەکو برام وایت",
        "text_original": "وەللەهی کاک سەعیدگیان تۆش وەکو برام وایت",
        "start": 449589.0,
        "end": 451399.0,
        "audio": "content/segments/199/126.ogg"
    },
    {
        "ID": "127",
        "gender": "M",
        "age": "A",
        "character_name": "پیاوی 4",
        "text": "خێزانەکەم لە خەستەخانە مناڵی بووە",
        "text_original": "خێزانەکەم لە خەستەخانە مناڵی بووە",
        "start": 451399.0,
        "end": 452969.0,
        "audio": "content/segments/199/127.ogg"
    },
    {
        "ID": "128",
        "gender": "M",
        "age": "A",
        "character_name": "پیاوی 1",
        "text": "ئینجا کاکە من هەقم چیە ، ئەها گوێی بگرە",
        "text_original": "ئینجا کاکە من هەقم چیە ، ئەها گوێی بگرە",
        "start": 452969.0,
        "end": 455399.0,
        "audio": "content/segments/199/128.ogg"
    },
    {
        "ID": "129",
        "gender": "M",
        "age": "A",
        "character_name": "پیاوی 1",
        "text": "جەنابت پرست بە من کرد مناڵتان بووە کاکە",
        "text_original": "جەنابت پرست بە من کرد مناڵتان بووە کاکە",
        "start": 455399.0,
        "end": 458719.0,
        "audio": "content/segments/199/129.ogg"
    },
    {
        "ID": "130",
        "gender": "M",
        "age": "A",
        "character_name": "پیاوی 4",
        "text": "چۆن چۆن",
        "text_original": "چۆن چۆن",
        "start": 458719.0,
        "end": 459719.0,
        "audio": "content/segments/199/130.ogg"
    },
    {
        "ID": "131",
        "gender": "M",
        "age": "A",
        "character_name": "پیاوی 1",
        "text": "مەبەستم ئەمەیە فەرەج من ئەم ئەمانە نازنم کرێکەم ئەوێت تەواو",
        "text_original": "مەبەستم ئەمەیە فەرەج من ئەم ئەمانە نازنم کرێکەم ئەوێت تەواو",
        "start": 459719.0,
        "end": 463719.0,
        "audio": "content/segments/199/131.ogg"
    },
    {
        "ID": "132",
        "gender": "M",
        "age": "A",
        "character_name": "پیاوی 4",
        "text": "خواگەورەیە انشاللە",
        "text_original": "خواگەورەیە انشاللە",
        "start": 463719.0,
        "end": 464705.0,
        "audio": "content/segments/199/132.ogg"
    },
    {
        "ID": "133",
        "gender": "M",
        "age": "A",
        "character_name": "پیاوی 1",
        "text": "بەملی شکاویشت ئەم ئینجانەیە لابەرە",
        "text_original": "بەملی شکاویشت ئەم ئینجانەیە لابەرە",
        "start": 464705.0,
        "end": 466945.0,
        "audio": "content/segments/199/133.ogg"
    },
    {
        "ID": "134",
        "gender": "M",
        "age": "A",
        "character_name": "پیاوی 1",
        "text": "ئاوەکەی هاتۆتەوە ناو ئەوە خەریک بوو باڵم دەربێت",
        "text_original": "ئاوەکەی هاتۆتەوە ناو ئەوە خەریک بوو باڵم دەربێت",
        "start": 466945.0,
        "end": 469055.0,
        "audio": "content/segments/199/134.ogg"
    },
    {
        "ID": "135",
        "gender": "M",
        "age": "A",
        "character_name": "پیاوی 4",
        "text": "خەمت نەبێت ئەمەش لائەبەم بەسەرچاوم",
        "text_original": "خەمت نەبێت ئەمەش لائەبەم بەسەرچاوم",
        "start": 469055.0,
        "end": 470742.0,
        "audio": "content/segments/199/135.ogg"
    },
    {
        "ID": "136",
        "gender": "M",
        "age": "A",
        "character_name": "پیاوی 1",
        "text": "دەیخواخافیز",
        "text_original": "دەیخواخافیز",
        "start": 470742.0,
        "end": 471282.0,
        "audio": "content/segments/199/136.ogg"
    },
    {
        "ID": "137",
        "gender": "M",
        "age": "A",
        "character_name": "پیاوی 4",
        "text": "سەرچاوم کاک سەعید",
        "text_original": "سەرچاوم کاک سەعید",
        "start": 471282.0,
        "end": 472162.0,
        "audio": "content/segments/199/137.ogg"
    },
    {
        "ID": "138",
        "gender": "M",
        "age": "A",
        "character_name": "پیاوی 1",
        "text": "یەمەوە بەیانی ها",
        "text_original": "یەمەوە بەیانی ها",
        "start": 472162.0,
        "end": 473098.0,
        "audio": "content/segments/199/138.ogg"
    },
    {
        "ID": "139",
        "gender": "M",
        "age": "A",
        "character_name": "پیاوی 4",
        "text": "خواگەورەیە انشاللە کاک سەعیدگیان خواحافیزت بێت",
        "text_original": "خواگەورەیە انشاللە کاک سەعیدگیان خواحافیزت بێت",
        "start": 473098.0,
        "end": 475711.0,
        "audio": "content/segments/199/139.ogg"
    },
    {
        "ID": "140",
        "gender": "M",
        "age": "A",
        "character_name": "پیاوی 1",
        "text": "باشە کاک ناتایەر جەنابت نابێت",
        "text_original": "باشە کاک ناتایەر جەنابت نابێت",
        "start": 475711.0,
        "end": 478419.0,
        "audio": "content/segments/199/140.ogg"
    },
    {
        "ID": "141",
        "gender": "M",
        "age": "A",
        "character_name": "پیاوی 1",
        "text": "ئاگایەکت لەم پلاگو گۆڵاپانەی ئەم ماڵی من بێت",
        "text_original": "ئاگایەکت لەم پلاگو گۆڵاپانەی ئەم ماڵی من بێت",
        "start": 478419.0,
        "end": 480751.0,
        "audio": "content/segments/199/141.ogg"
    },
    {
        "ID": "142",
        "gender": "M",
        "age": "A",
        "character_name": "پیاوی 5",
        "text": "ئینجا چیم لێکردوە ها پێم ناڵەی چیم لێکردوە",
        "text_original": "ئینجا چیم لێکردوە ها پێم ناڵەی چیم لێکردوە",
        "start": 480751.0,
        "end": 482851.0,
        "audio": "content/segments/199/142.ogg"
    },
    {
        "ID": "143",
        "gender": "M",
        "age": "A",
        "character_name": "پیاوی 1",
        "text": "چۆن چیو لێکردوە کاکە من برغوم هەموو لێبەست بوو",
        "text_original": "چۆن چیو لێکردوە کاکە من برغوم هەموو لێبەست بوو",
        "start": 482851.0,
        "end": 485185.0,
        "audio": "content/segments/199/143.ogg"
    },
    {
        "ID": "144",
        "gender": "M",
        "age": "A",
        "character_name": "پیاوی 1",
        "text": "ئەت وت ستیلە ئێستاش هەموو ژەن خواردویەتی",
        "text_original": "ئەت وت ستیلە ئێستاش هەموو ژەن خواردویەتی",
        "start": 485185.0,
        "end": 487525.0,
        "audio": "content/segments/199/144.ogg"
    },
    {
        "ID": "145",
        "gender": "M",
        "age": "A",
        "character_name": "پیاوی 5",
        "text": "ئەی چۆن ژەنک نایخوا ، باران لێیا ژەنگ ئیخوا",
        "text_original": "ئەی چۆن ژەنک نایخوا ، باران لێیا ژەنگ ئیخوا",
        "start": 487525.0,
        "end": 489747.0,
        "audio": "content/segments/199/145.ogg"
    },
    {
        "ID": "146",
        "gender": "M",
        "age": "A",
        "character_name": "پیاوی 1",
        "text": "چۆن ئەبێت کاکە بێ پرسی من لەخۆتەوە شەرداخێکت",
        "text_original": "چۆن ئەبێت کاکە بێ پرسی من لەخۆتەوە شەرداخێکت",
        "start": 489747.0,
        "end": 491577.0,
        "audio": "content/segments/199/146.ogg"
    },
    {
        "ID": "147",
        "gender": "M",
        "age": "A",
        "character_name": "پیاوی 1",
        "text": "قوت کردۆتەوە پرسیشت بە من نەکردوە",
        "text_original": "قوت کردۆتەوە پرسیشت بە من نەکردوە",
        "start": 491577.0,
        "end": 493117.0,
        "audio": "content/segments/199/147.ogg"
    },
    {
        "ID": "148",
        "gender": "M",
        "age": "A",
        "character_name": "پیاوی 5",
        "text": "کوڕە چارداخ بۆ بۆ چی کردوە بکوەی باران نەیتە ژوورەوە",
        "text_original": "کوڕە چارداخ بۆ بۆ چی کردوە بکوەی باران نەیتە ژوورەوە",
        "start": 493117.0,
        "end": 496956.0,
        "audio": "content/segments/199/148.ogg"
    },
    {
        "ID": "149",
        "gender": "M",
        "age": "A",
        "character_name": "پیاوی 1",
        "text": "گوێی بگرە کاک تایەر هەرچیەک لەم ماڵەیا ئەکەوێ ئەبێ پرس بە من بکەی",
        "text_original": "گوێی بگرە کاک تایەر هەرچیەک لەم ماڵەیا ئەکەوێ ئەبێ پرس بە من بکەی",
        "start": 496956.0,
        "end": 500151.0,
        "audio": "content/segments/199/149.ogg"
    },
    {
        "ID": "150",
        "gender": "M",
        "age": "A",
        "character_name": "پیاوی 1",
        "text": "هەر لەخۆتەوە بۆ لەبخت کردوە و بۆیاغێکی ناشیرنیشت کردوە",
        "text_original": "هەر لەخۆتەوە بۆ لەبخت کردوە و بۆیاغێکی ناشیرنیشت کردوە",
        "start": 500151.0,
        "end": 502976.0,
        "audio": "content/segments/199/150.ogg"
    },
    {
        "ID": "151",
        "gender": "M",
        "age": "A",
        "character_name": "پیاوی 5",
        "text": "ئەی چ نەوعێکت بۆیاغ بکەم ها",
        "text_original": "ئەی چ نەوعێکت بۆیاغ بکەم ها",
        "start": 502976.0,
        "end": 504216.0,
        "audio": "content/segments/199/151.ogg"
    },
    {
        "ID": "152",
        "gender": "M",
        "age": "A",
        "character_name": "پیاوی 1",
        "text": "ئەبێ لێکەیتەوە و بۆیاغێکی جوان جوان بە ئارەزوی من بکەیت",
        "text_original": "ئەبێ لێکەیتەوە و بۆیاغێکی جوان جوان بە ئارەزوی من بکەیت",
        "start": 504216.0,
        "end": 507326.0,
        "audio": "content/segments/199/152.ogg"
    },
    {
        "ID": "153",
        "gender": "M",
        "age": "A",
        "character_name": "پیاوی 5",
        "text": "ئێستا تۆ وازناهێنیت لەم قسانە",
        "text_original": "ئێستا تۆ وازناهێنیت لەم قسانە",
        "start": 507326.0,
        "end": 509531.0,
        "audio": "content/segments/199/153.ogg"
    },
    {
        "ID": "154",
        "gender": "M",
        "age": "A",
        "character_name": "پیاوی 1",
        "text": "نەشی کەیت واو لێ ئەکەم هەرچی",
        "text_original": "نەشی کەیت واو لێ ئەکەم هەرچی",
        "start": 509531.0,
        "end": 511051.0,
        "audio": "content/segments/199/154.ogg"
    },
    {
        "ID": "155",
        "gender": "M",
        "age": "A",
        "character_name": "پیاوی 5",
        "text": "کوڕە حەدت چیە هەتیو تۆ چۆن ئەتوانی قسە لەگەڵ منا بکەی",
        "text_original": "کوڕە حەدت چیە هەتیو تۆ چۆن ئەتوانی قسە لەگەڵ منا بکەی",
        "start": 511051.0,
        "end": 513660.99999999994,
        "audio": "content/segments/199/155.ogg"
    },
    {
        "ID": "156",
        "gender": "M",
        "age": "A",
        "character_name": "پیاوی 1",
        "text": "ئەوە بە منەڵێی تۆ",
        "text_original": "ئەوە بە منەڵێی تۆ",
        "start": 513660.99999999994,
        "end": 514280.99999999994,
        "audio": "content/segments/199/156.ogg"
    },
    {
        "ID": "157",
        "gender": "M",
        "age": "A",
        "character_name": "پیاوی 5",
        "text": "کوڕە ئەرێ وەللە پێت ئەڵێم زۆر جوان",
        "text_original": "کوڕە ئەرێ وەللە پێت ئەڵێم زۆر جوان",
        "start": 514280.99999999994,
        "end": 516631.99999999994,
        "audio": "content/segments/199/157.ogg"
    },
    {
        "ID": "158",
        "gender": "M",
        "age": "A",
        "character_name": "پیاوی 1",
        "text": "کوڕە ئاگات لە دەمت بێت بەسە ، ئەڵێم بەسە بەس ،بەس بەسە",
        "text_original": "کوڕە ئاگات لە دەمت بێت بەسە ، ئەڵێم بەسە بەس ،بەس بەسە",
        "start": 516631.99999999994,
        "end": 520631.99999999994,
        "audio": "content/segments/199/158.ogg"
    },
    {
        "ID": "159",
        "gender": "M",
        "age": "A",
        "character_name": "پیاوی 1",
        "text": "ئاخ خۆزگەم ئەوەستای فایدەی چی خۆ نەوەستای",
        "text_original": "ئاخ خۆزگەم ئەوەستای فایدەی چی خۆ نەوەستای",
        "start": 522212.0,
        "end": 525052.0,
        "audio": "content/segments/199/159.ogg"
    },
    {
        "ID": "160",
        "gender": "M",
        "age": "A",
        "character_name": "پیاوی 5",
        "text": "ئەگەر بوەستابومەیە چیت لێ ئەکردم ها",
        "text_original": "ئەگەر بوەستابومەیە چیت لێ ئەکردم ها",
        "start": 525052.0,
        "end": 528045.0,
        "audio": "content/segments/199/160.ogg"
    },
    {
        "ID": "161",
        "gender": "M",
        "age": "A",
        "character_name": "پیاوی 1",
        "text": "بەس پێم ئەوەتی پرست پێم کردوە لە خۆتەوە ئاوا توڕە بویت لێم",
        "text_original": "بەس پێم ئەوەتی پرست پێم کردوە لە خۆتەوە ئاوا توڕە بویت لێم",
        "start": 528045.0,
        "end": 532655.0,
        "audio": "content/segments/199/161.ogg"
    },
    {
        "ID": "162",
        "gender": "NA",
        "age": "NA",
        "character_name": "NA",
        "text": "بێ دەنگی",
        "text_original": "بێ دەنگی",
        "start": 532655.0,
        "end": 536320.0,
        "audio": "content/segments/199/162.ogg"
    },
    {
        "ID": "163",
        "gender": "NA",
        "age": "NA",
        "character_name": "NA",
        "text": "دەنگی شکانی گوێز",
        "text_original": "دەنگی شکانی گوێز",
        "start": 536335.0,
        "end": 538175.0,
        "audio": "content/segments/199/163.ogg"
    },
    {
        "ID": "164",
        "gender": "M",
        "age": "A",
        "character_name": "پیاوی 2",
        "text": "ئۆ وەیشششششش",
        "text_original": "ئۆ وەیشششششش",
        "start": 541226.0,
        "end": 544726.0,
        "audio": "content/segments/199/164.ogg"
    },
    {
        "ID": "165",
        "gender": "F",
        "age": "A",
        "character_name": "ژنی 2",
        "text": "یاخوا کوێرایم دایە دە ئاگات لە خۆ بێت",
        "text_original": "یاخوا کوێرایم دایە دە ئاگات لە خۆ بێت",
        "start": 544726.0,
        "end": 547326.0,
        "audio": "content/segments/199/165.ogg"
    },
    {
        "ID": "166",
        "gender": "M",
        "age": "A",
        "character_name": "پیاوی 2",
        "text": "کوێرای چی من یەک سعاتە هەر پائەکەم و تۆ هەر ئەیخۆی خانم",
        "text_original": "کوێرای چی من یەک سعاتە هەر پائەکەم و تۆ هەر ئەیخۆی خانم",
        "start": 547326.0,
        "end": 550801.0,
        "audio": "content/segments/199/166.ogg"
    },
    {
        "ID": "167",
        "gender": "F",
        "age": "A",
        "character_name": "ژنی 2",
        "text": "ئۆ وەیش",
        "text_original": "ئۆ وەیش",
        "start": 550801.0,
        "end": 551441.0,
        "audio": "content/segments/199/167.ogg"
    },
    {
        "ID": "168",
        "gender": "F",
        "age": "A",
        "character_name": "ژنی 2",
        "text": "دەها بەقوربانت بم دەی",
        "text_original": "دەها بەقوربانت بم دەی",
        "start": 551802.0,
        "end": 553842.0,
        "audio": "content/segments/199/168.ogg"
    },
    {
        "ID": "169",
        "gender": "M",
        "age": "A",
        "character_name": "پیاوی 2",
        "text": "ئەرێ باشە تۆ بە کاک سەعیدت گووت ئێمە بایۆ ئەشکێنین",
        "text_original": "ئەرێ باشە تۆ بە کاک سەعیدت گووت ئێمە بایۆ ئەشکێنین",
        "start": 555072.0,
        "end": 558902.0,
        "audio": "content/segments/199/169.ogg"
    },
    {
        "ID": "170",
        "gender": "NA",
        "age": "NA",
        "character_name": "NA",
        "text": "دەنگی پێکەنین",
        "text_original": "دەنگی پێکەنین",
        "start": 558902.0,
        "end": 560302.0,
        "audio": "content/segments/199/170.ogg"
    },
    {
        "ID": "171",
        "gender": "F",
        "age": "A",
        "character_name": "ژنی 2",
        "text": "وەللە نەم بینی دەنا پێم ئەوت",
        "text_original": "وەللە نەم بینی دەنا پێم ئەوت",
        "start": 560302.0,
        "end": 562282.0,
        "audio": "content/segments/199/171.ogg"
    },
    {
        "ID": "172",
        "gender": "M",
        "age": "A",
        "character_name": "پیاوی 2",
        "text": "بەخوا کابرایەکی چروکو پیسە",
        "text_original": "بەخوا کابرایەکی چروکو پیسە",
        "start": 562282.0,
        "end": 563771.0,
        "audio": "content/segments/199/172.ogg"
    },
    {
        "ID": "173",
        "gender": "F",
        "age": "A",
        "character_name": "ژنی 2",
        "text": "ئا وسسس",
        "text_original": "ئا وسسس",
        "start": 563771.0,
        "end": 564893.0,
        "audio": "content/segments/199/173.ogg"
    },
    {
        "ID": "174",
        "gender": "NA",
        "age": "NA",
        "character_name": "NA",
        "text": "هەمزە گوێیت لەم تەپەیەیە",
        "text_original": "هەمزە گوێیت لەم تەپەیەیە",
        "start": 565333.0,
        "end": 569040.0,
        "audio": "content/segments/199/174.ogg"
    },
    {
        "ID": "175",
        "gender": "M",
        "age": "A",
        "character_name": "پیاوی 1",
        "text": "کوڕە بەخوا ئەمانە هەم دیسان بزمار دائەکوتن",
        "text_original": "کوڕە بەخوا ئەمانە هەم دیسان بزمار دائەکوتن",
        "start": 569040.0,
        "end": 571540.0,
        "audio": "content/segments/199/175.ogg"
    },
    {
        "ID": "176",
        "gender": "M",
        "age": "A",
        "character_name": "پیاوی 1",
        "text": "ئێستا ئەچم شرو شیتاڵیان بەشەق فێڕی ئەدەمە دەرەوە",
        "text_original": "ئێستا ئەچم شرو شیتاڵیان بەشەق فێڕی ئەدەمە دەرەوە",
        "start": 571540.0,
        "end": 575653.0,
        "audio": "content/segments/199/176.ogg"
    },
    {
        "ID": "177",
        "gender": "F",
        "age": "A",
        "character_name": "ژنی 2",
        "text": "بەخوا وابزانم دز هاتۆتە سەرمان",
        "text_original": "بەخوا وابزانم دز هاتۆتە سەرمان",
        "start": 575653.0,
        "end": 577783.0,
        "audio": "content/segments/199/177.ogg"
    },
    {
        "ID": "178",
        "gender": "M",
        "age": "A",
        "character_name": "پیاوی 2",
        "text": "کچی بەم نیواڕۆیە دزی چی",
        "text_original": "کچی بەم نیواڕۆیە دزی چی",
        "start": 577783.0,
        "end": 579363.0,
        "audio": "content/segments/199/178.ogg"
    },
    {
        "ID": "179",
        "gender": "F",
        "age": "A",
        "character_name": "ژنی 2",
        "text": "ئا تۆ بوەستە",
        "text_original": "ئا تۆ بوەستە",
        "start": 579363.0,
        "end": 580323.0,
        "audio": "content/segments/199/179.ogg"
    },
    {
        "ID": "180",
        "gender": "M",
        "age": "A",
        "character_name": "پیاوی 2",
        "text": "گوێی بگرە گوێی بگرە ئەگەر دز بوو تەلەفۆنێک ئەکەم بۆ پۆلیس باشە",
        "text_original": "گوێی بگرە گوێی بگرە ئەگەر دز بوو تەلەفۆنێک ئەکەم بۆ پۆلیس باشە",
        "start": 581893.0,
        "end": 586393.0,
        "audio": "content/segments/199/180.ogg"
    },
    {
        "ID": "181",
        "gender": "F",
        "age": "A",
        "character_name": "ژنی 2",
        "text": "باشە",
        "text_original": "باشە",
        "start": 586393.0,
        "end": 586923.0,
        "audio": "content/segments/199/181.ogg"
    },
    {
        "ID": "182",
        "gender": "NA",
        "age": "NA",
        "character_name": "NA",
        "text": "دەنگی مۆسیقا",
        "text_original": "دەنگی مۆسیقا",
        "start": 586923.0,
        "end": 598179.0,
        "audio": "content/segments/199/182.ogg"
    },
    {
        "ID": "183",
        "gender": "M",
        "age": "A",
        "character_name": "پیاوی 2",
        "text": "ئەرێ تۆ عەیب ناکەیت کاک سەعید",
        "text_original": "ئەرێ تۆ عەیب ناکەیت کاک سەعید",
        "start": 598179.0,
        "end": 600492.0,
        "audio": "content/segments/199/183.ogg"
    },
    {
        "ID": "184",
        "gender": "M",
        "age": "A",
        "character_name": "پیاوی 2",
        "text": "کاتو ناکاتت بۆ نیە ڕێک خۆت ئەکەیت بە ماڵەکەیا",
        "text_original": "کاتو ناکاتت بۆ نیە ڕێک خۆت ئەکەیت بە ماڵەکەیا",
        "start": 600492.0,
        "end": 603012.0,
        "audio": "content/segments/199/184.ogg"
    },
    {
        "ID": "185",
        "gender": "M",
        "age": "A",
        "character_name": "پیاوی 1",
        "text": "کوڕە بابە ئێوە خۆتان عەیب ناکەن ،ئێوە پرستان بە من کرد بوو",
        "text_original": "کوڕە بابە ئێوە خۆتان عەیب ناکەن ،ئێوە پرستان بە من کرد بوو",
        "start": 603012.0,
        "end": 605992.0,
        "audio": "content/segments/199/185.ogg"
    },
    {
        "ID": "186",
        "gender": "M",
        "age": "A",
        "character_name": "پیاوی 1",
        "text": "لەو دیو دەرگاکە خۆتان لەمن گرت بوو",
        "text_original": "لەو دیو دەرگاکە خۆتان لەمن گرت بوو",
        "start": 605992.0,
        "end": 607792.0,
        "audio": "content/segments/199/186.ogg"
    },
    {
        "ID": "187",
        "gender": "M",
        "age": "A",
        "character_name": "پیاوی 2",
        "text": "ماڵ ماڵی خۆمە ئارەزووی خۆمە کاکە من",
        "text_original": "ماڵ ماڵی خۆمە ئارەزووی خۆمە کاکە من",
        "start": 607792.0,
        "end": 609652.0,
        "audio": "content/segments/199/187.ogg"
    },
    {
        "ID": "188",
        "gender": "M",
        "age": "A",
        "character_name": "پیاوی 1",
        "text": "ئێ باشە تاپۆکەی بەناوی کێ وەیە",
        "text_original": "ئێ باشە تاپۆکەی بەناوی کێ وەیە",
        "start": 609652.0,
        "end": 611092.0,
        "audio": "content/segments/199/188.ogg"
    },
    {
        "ID": "189",
        "gender": "M",
        "age": "A",
        "character_name": "پیاوی 2",
        "text": "بەناوی تۆوە",
        "text_original": "بەناوی تۆوە",
        "start": 611092.0,
        "end": 611702.0,
        "audio": "content/segments/199/189.ogg"
    },
    {
        "ID": "190",
        "gender": "M",
        "age": "A",
        "character_name": "پیاوی 1",
        "text": "ئێ تەواو ئەمە چیە ئەم زرمە زرمە دیسانەوە بزمار داکوتین",
        "text_original": "ئێ تەواو ئەمە چیە ئەم زرمە زرمە دیسانەوە بزمار داکوتین",
        "start": 611702.0,
        "end": 615122.0,
        "audio": "content/segments/199/190.ogg"
    },
    {
        "ID": "191",
        "gender": "F",
        "age": "A",
        "character_name": "ژنی 2",
        "text": "نەخێر باێۆم لەت ئەکەین",
        "text_original": "نەخێر باێۆم لەت ئەکەین",
        "start": 615122.0,
        "end": 617110.0,
        "audio": "content/segments/199/191.ogg"
    },
    {
        "ID": "192",
        "gender": "M",
        "age": "A",
        "character_name": "پیاوی 2",
        "text": "ئەوە بەجدیتە خەریکی بایۆم بوون",
        "text_original": "ئەوە بەجدیتە خەریکی بایۆم بوون",
        "start": 617110.0,
        "end": 618560.0,
        "audio": "content/segments/199/192.ogg"
    },
    {
        "ID": "193",
        "gender": "F",
        "age": "A",
        "character_name": "ژنی 2",
        "text": "ئەری وەللە",
        "text_original": "ئەری وەللە",
        "start": 618560.0,
        "end": 619155.0,
        "audio": "content/segments/199/193.ogg"
    },
    {
        "ID": "194",
        "gender": "M",
        "age": "A",
        "character_name": "پیاوی 1",
        "text": "وەللەهی وەمزانی خەریکی بزمار بوون ،بەهەڵە تاوەر هاتوم بۆ ئێرە",
        "text_original": "وەللەهی وەمزانی خەریکی بزمار بوون ،بەهەڵە تاوەر هاتوم بۆ ئێرە",
        "start": 619155.0,
        "end": 622675.0,
        "audio": "content/segments/199/194.ogg"
    },
    {
        "ID": "195",
        "gender": "M",
        "age": "A",
        "character_name": "پیاوی 1",
        "text": "ئەڵێم نەجیبەخان بڕیارە داوە بایۆم بکەی بە چی",
        "text_original": "ئەڵێم نەجیبەخان بڕیارە داوە بایۆم بکەی بە چی",
        "start": 622675.0,
        "end": 626225.0,
        "audio": "content/segments/199/195.ogg"
    },
    {
        "ID": "196",
        "gender": "F",
        "age": "A",
        "character_name": "ژنی 2",
        "text": "ئەیکەم بە کوبە",
        "text_original": "ئەیکەم بە کوبە",
        "start": 626225.0,
        "end": 627075.0,
        "audio": "content/segments/199/196.ogg"
    },
    {
        "ID": "197",
        "gender": "M",
        "age": "A",
        "character_name": "پیاوی 1",
        "text": "کوبە",
        "text_original": "کوبە",
        "start": 627075.0,
        "end": 627465.0,
        "audio": "content/segments/199/197.ogg"
    },
    {
        "ID": "198",
        "gender": "F",
        "age": "A",
        "character_name": "ژنی 2",
        "text": "ئەرێ وەللە",
        "text_original": "ئەرێ وەللە",
        "start": 627465.0,
        "end": 627945.0,
        "audio": "content/segments/199/198.ogg"
    },
    {
        "ID": "199",
        "gender": "M",
        "age": "A",
        "character_name": "پیاوی 1",
        "text": "دەی ئەگەر کردت بە کوبە دوو سێ کوبەش بۆ مامی خۆت بنێرە خواحافیز",
        "text_original": "دەی ئەگەر کردت بە کوبە دوو سێ کوبەش بۆ مامی خۆت بنێرە خواحافیز",
        "start": 627945.0,
        "end": 631228.0,
        "audio": "content/segments/199/199.ogg"
    },
    {
        "ID": "200",
        "gender": "F",
        "age": "A",
        "character_name": "ژنی 2",
        "text": "بەسەرچاو",
        "text_original": "بەسەرچاو",
        "start": 631228.0,
        "end": 632658.0,
        "audio": "content/segments/199/200.ogg"
    },
    {
        "ID": "201",
        "gender": "M",
        "age": "A",
        "character_name": "پیاوی 2",
        "text": "وتی چی",
        "text_original": "وتی چی",
        "start": 633472.0,
        "end": 634212.0,
        "audio": "content/segments/199/201.ogg"
    },
    {
        "ID": "202",
        "gender": "F",
        "age": "A",
        "character_name": "ژنی 2",
        "text": "کوبە",
        "text_original": "کوبە",
        "start": 634212.0,
        "end": 634925.0,
        "audio": "content/segments/199/202.ogg"
    },
    {
        "ID": "203",
        "gender": "M",
        "age": "A",
        "character_name": "پیاوی 2",
        "text": "بیکە بە کفتە",
        "text_original": "بیکە بە کفتە",
        "start": 635022.0,
        "end": 636102.0,
        "audio": "content/segments/199/203.ogg"
    },
    {
        "ID": "204",
        "gender": "NA",
        "age": "NA",
        "character_name": "NA",
        "text": "دەنگی مۆسیقا",
        "text_original": "دەنگی مۆسیقا",
        "start": 636102.0,
        "end": 639172.0,
        "audio": "content/segments/199/204.ogg"
    },
    {
        "ID": "205",
        "gender": "NA",
        "age": "NA",
        "character_name": "پۆلیس",
        "text": "باشە کاک سەعید",
        "text_original": "باشە کاک سەعید",
        "start": 639172.0,
        "end": 639813.0,
        "audio": "content/segments/199/205.ogg"
    },
    {
        "ID": "206",
        "gender": "M",
        "age": "A",
        "character_name": "پیاوی 1",
        "text": "بەڵێ",
        "text_original": "بەڵێ",
        "start": 639997.0,
        "end": 640557.0,
        "audio": "content/segments/199/206.ogg"
    },
    {
        "ID": "207",
        "gender": "NA",
        "age": "NA",
        "character_name": "پۆلیس",
        "text": "بە چ هەقێک چۆتیە سەر ماڵێ کاک هەمزە و کردۆتە بەهەرا",
        "text_original": "بە چ هەقێک چۆتیە سەر ماڵێ کاک هەمزە و کردۆتە بەهەرا",
        "start": 640557.0,
        "end": 643671.0,
        "audio": "content/segments/199/207.ogg"
    },
    {
        "ID": "208",
        "gender": "M",
        "age": "A",
        "character_name": "پیاوی 1",
        "text": "قوربان من",
        "text_original": "قوربان من",
        "start": 643671.0,
        "end": 644781.0,
        "audio": "content/segments/199/208.ogg"
    },
    {
        "ID": "209",
        "gender": "NA",
        "age": "NA",
        "character_name": "پۆلیس",
        "text": "بەڵێ تۆ",
        "text_original": "بەڵێ تۆ",
        "start": 644781.0,
        "end": 645471.0,
        "audio": "content/segments/199/209.ogg"
    },
    {
        "ID": "210",
        "gender": "M",
        "age": "A",
        "character_name": "پیاوی 1",
        "text": "ئای ئای ئای ئایییی ، چۆن شتی وائەبێت قوربان من کابرایەکم و مەعروفم و خەڵک",
        "text_original": "ئای ئای ئای ئایییی ، چۆن شتی وائەبێت قوربان من کابرایەکم و مەعروفم و خەڵک",
        "start": 645471.0,
        "end": 650161.0,
        "audio": "content/segments/199/210.ogg"
    },
    {
        "ID": "211",
        "gender": "M",
        "age": "A",
        "character_name": "پیاوی 1",
        "text": "ئەمناسێ ،باشە کێ ئەم درۆیانەی بە دەمی منەوە کردوە",
        "text_original": "ئەمناسێ ،باشە کێ ئەم درۆیانەی بە دەمی منەوە کردوە",
        "start": 650161.0,
        "end": 652971.0,
        "audio": "content/segments/199/211.ogg"
    },
    {
        "ID": "212",
        "gender": "NA",
        "age": "NA",
        "character_name": "پۆلیس",
        "text": "کاکە هەمزە خۆی تەلەفۆنی بۆ کردم",
        "text_original": "کاکە هەمزە خۆی تەلەفۆنی بۆ کردم",
        "start": 652971.0,
        "end": 654771.0,
        "audio": "content/segments/199/212.ogg"
    },
    {
        "ID": "213",
        "gender": "M",
        "age": "A",
        "character_name": "پیاوی 1",
        "text": "ئەم هەمزەیە قوربان",
        "text_original": "ئەم هەمزەیە قوربان",
        "start": 655499.0,
        "end": 656199.0,
        "audio": "content/segments/199/213.ogg"
    },
    {
        "ID": "214",
        "gender": "NA",
        "age": "NA",
        "character_name": "پۆلیس",
        "text": "بەڵێ",
        "text_original": "بەڵێ",
        "start": 656199.0,
        "end": 657309.0,
        "audio": "content/segments/199/214.ogg"
    },
    {
        "ID": "215",
        "gender": "M",
        "age": "A",
        "character_name": "پیاوی 1",
        "text": "حەی حەی حەی ، تەواومان کرد وەللە",
        "text_original": "حەی حەی حەی ، تەواومان کرد وەللە",
        "start": 657309.0,
        "end": 660449.0,
        "audio": "content/segments/199/215.ogg"
    },
    {
        "ID": "216",
        "gender": "M",
        "age": "A",
        "character_name": "پیاوی 1",
        "text": "جەنابت پرست بە من کرد تەلەفۆنت بۆ مەعاون کردوە",
        "text_original": "جەنابت پرست بە من کرد تەلەفۆنت بۆ مەعاون کردوە",
        "start": 660449.0,
        "end": 663479.0,
        "audio": "content/segments/199/216.ogg"
    },
    {
        "ID": "217",
        "gender": "M",
        "age": "A",
        "character_name": "پیاوی 2",
        "text": "قوربان ئەوە وەزعەکەی منە خوا وەکیل سەر شێتی کردوم ناتوانم هیچ شتێک بکەم",
        "text_original": "قوربان ئەوە وەزعەکەی منە خوا وەکیل سەر شێتی کردوم ناتوانم هیچ شتێک بکەم",
        "start": 663479.0,
        "end": 667399.0,
        "audio": "content/segments/199/217.ogg"
    },
    {
        "ID": "218",
        "gender": "M",
        "age": "A",
        "character_name": "پیاوی 2",
        "text": "باوەڕو قەناعەتت هەبێت بڵیندە عەلادینەکە بگۆڕم ئەبێ بڵێم کاک سەعید بیگۆڕم",
        "text_original": "باوەڕو قەناعەتت هەبێت بڵیندە عەلادینەکە بگۆڕم ئەبێ بڵێم کاک سەعید بیگۆڕم",
        "start": 667399.0,
        "end": 671609.0,
        "audio": "content/segments/199/218.ogg"
    },
    {
        "ID": "219",
        "gender": "M",
        "age": "A",
        "character_name": "پیاوی 1",
        "text": "ئێ تەبعەن",
        "text_original": "ئێ تەبعەن",
        "start": 671609.0,
        "end": 672449.0,
        "audio": "content/segments/199/219.ogg"
    },
    {
        "ID": "220",
        "gender": "M",
        "age": "A",
        "character_name": "پیاوی 2",
        "text": "ئەو ڕۆژە ڕۆشتومەتە بازاڕ کۆمە شتم کڕیوە نەم وێراوە بیهێنمەوانێ هەتا شەو",
        "text_original": "ئەو ڕۆژە ڕۆشتومەتە بازاڕ کۆمە شتم کڕیوە نەم وێراوە بیهێنمەوانێ هەتا شەو",
        "start": 672449.0,
        "end": 677279.0,
        "audio": "content/segments/199/220.ogg"
    },
    {
        "ID": "221",
        "gender": "M",
        "age": "A",
        "character_name": "پیاوی 1",
        "text": "تیاح ئەمەشت کردوە مردو مرێ ،بەچاوی جەنابت ئێستا لەدەمی خۆیەوە بیبیستم",
        "text_original": "تیاح ئەمەشت کردوە مردو مرێ ،بەچاوی جەنابت ئێستا لەدەمی خۆیەوە بیبیستم",
        "start": 677279.0,
        "end": 682289.0,
        "audio": "content/segments/199/221.ogg"
    },
    {
        "ID": "222",
        "gender": "M",
        "age": "A",
        "character_name": "پیاوی 1",
        "text": "باشە هەتیو کە شەو شت ئەبەیتەوانێ نابێ پرس بە من بکەیت ئاییی",
        "text_original": "باشە هەتیو کە شەو شت ئەبەیتەوانێ نابێ پرس بە من بکەیت ئاییی",
        "start": 682289.0,
        "end": 687239.0,
        "audio": "content/segments/199/222.ogg"
    },
    {
        "ID": "223",
        "gender": "M",
        "age": "A",
        "character_name": "پیاوی 2",
        "text": "ئەوە وەزعەکەمە قوربان ئاگات لێیەتی ئەوەتا",
        "text_original": "ئەوە وەزعەکەمە قوربان ئاگات لێیەتی ئەوەتا",
        "start": 687239.0,
        "end": 689469.0,
        "audio": "content/segments/199/223.ogg"
    },
    {
        "ID": "224",
        "gender": "NA",
        "age": "NA",
        "character_name": "پۆلیس",
        "text": "بەپێ ئەو شکایەتە بێت کە ئێستا کاک هەمزە کردویەتی هەر ئەبێت ئێستا سزن بکرێت",
        "text_original": "بەپێ ئەو شکایەتە بێت کە ئێستا کاک هەمزە کردویەتی هەر ئەبێت ئێستا سزن بکرێت",
        "start": 689469.0,
        "end": 693089.0,
        "audio": "content/segments/199/224.ogg"
    },
    {
        "ID": "225",
        "gender": "M",
        "age": "A",
        "character_name": "پیاوی 1",
        "text": "ئاخر قوربان بە چ هەقێک تۆ پرست بە من کردوە کە سزن هین",
        "text_original": "ئاخر قوربان بە چ هەقێک تۆ پرست بە من کردوە کە سزن هین",
        "start": 693089.0,
        "end": 696449.0,
        "audio": "content/segments/199/225.ogg"
    },
    {
        "ID": "226",
        "gender": "M",
        "age": "A",
        "character_name": "پیاوی 1",
        "text": "مەبەستم ئەوەیە قوربان گیان یانی بۆ سجن بکرێم من ئیشم هەیە دوای",
        "text_original": "مەبەستم ئەوەیە قوربان گیان یانی بۆ سجن بکرێم من ئیشم هەیە دوای",
        "start": 696449.0,
        "end": 701829.0,
        "audio": "content/segments/199/226.ogg"
    },
    {
        "ID": "227",
        "gender": "M",
        "age": "A",
        "character_name": "پیاوی 1",
        "text": "ئەمه ئێمە برای یەکین ئەمە ئەمە هەر کرێچیمە و هەمزە وەکو برام وایە قوربان",
        "text_original": "ئەمه ئێمە برای یەکین ئەمە ئەمە هەر کرێچیمە و هەمزە وەکو برام وایە قوربان",
        "start": 701829.0,
        "end": 704229.0,
        "audio": "content/segments/199/227.ogg"
    },
    {
        "ID": "228",
        "gender": "NA",
        "age": "NA",
        "character_name": "پۆلیس",
        "text": "ئەگەر کاکە هەمزە لێوخۆش بێت ئەوا من هیچ موشکیلەیەکم نیە",
        "text_original": "ئەگەر کاکە هەمزە لێوخۆش بێت ئەوا من هیچ موشکیلەیەکم نیە",
        "start": 704229.0,
        "end": 707106.0,
        "audio": "content/segments/199/228.ogg"
    },
    {
        "ID": "229",
        "gender": "M",
        "age": "A",
        "character_name": "پیاوی 2",
        "text": "قوربان بەشەرتێک",
        "text_original": "قوربان بەشەرتێک",
        "start": 707106.0,
        "end": 708256.0,
        "audio": "content/segments/199/229.ogg"
    },
    {
        "ID": "230",
        "gender": "M",
        "age": "A",
        "character_name": "پیاوی 1",
        "text": "ئا",
        "text_original": "ئا",
        "start": 708256.0,
        "end": 708876.0,
        "audio": "content/segments/199/230.ogg"
    },
    {
        "ID": "231",
        "gender": "M",
        "age": "A",
        "character_name": "پیاوی 2",
        "text": "دایکوتم",
        "text_original": "دایکوتم",
        "start": 708876.0,
        "end": 709916.0,
        "audio": "content/segments/199/231.ogg"
    },
    {
        "ID": "232",
        "gender": "M",
        "age": "A",
        "character_name": "پیاوی 1",
        "text": "کێ دایەکوتی دایەکوتی",
        "text_original": "کێ دایەکوتی دایەکوتی",
        "start": 709916.0,
        "end": 711251.0,
        "audio": "content/segments/199/232.ogg"
    },
    {
        "ID": "233",
        "gender": "M",
        "age": "A",
        "character_name": "پیاوی 2",
        "text": "بزمارەکە",
        "text_original": "بزمارەکە",
        "start": 711316.0,
        "end": 712166.0,
        "audio": "content/segments/199/233.ogg"
    },
    {
        "ID": "234",
        "gender": "M",
        "age": "A",
        "character_name": "پیاوی 1",
        "text": "ئا",
        "text_original": "ئا",
        "start": 712166.0,
        "end": 712936.0,
        "audio": "content/segments/199/234.ogg"
    },
    {
        "ID": "235",
        "gender": "M",
        "age": "A",
        "character_name": "پیاوی 1",
        "text": "قوربان لەسەر دەستی جەنابت",
        "text_original": "قوربان لەسەر دەستی جەنابت",
        "start": 712936.0,
        "end": 714895.0,
        "audio": "content/segments/199/235.ogg"
    },
    {
        "ID": "236",
        "gender": "M",
        "age": "A",
        "character_name": "پیاوی 1",
        "text": "هەتا لەو جۆرە شوێنانەبم ئاوا لە تەنگانە بم بزماری خۆت داکوتە",
        "text_original": "هەتا لەو جۆرە شوێنانەبم ئاوا لە تەنگانە بم بزماری خۆت داکوتە",
        "start": 714895.0,
        "end": 718235.0,
        "audio": "content/segments/199/236.ogg"
    },
    {
        "ID": "237",
        "gender": "NA",
        "age": "NA",
        "character_name": "NA",
        "text": "دەنگی مۆسیقا",
        "text_original": "دەنگی مۆسیقا",
        "start": 718235.0,
        "end": 724248.0,
        "audio": "content/segments/199/237.ogg"
    },
    {
        "ID": "238",
        "gender": "NA",
        "age": "NA",
        "character_name": "NA",
        "text": "دەنگی لێدانی جەڕەس",
        "text_original": "دەنگی لێدانی جەڕەس",
        "start": 724248.0,
        "end": 726718.0,
        "audio": "content/segments/199/238.ogg"
    },
    {
        "ID": "239",
        "gender": "M",
        "age": "A",
        "character_name": "پیاوی 2",
        "text": "ئەه براڕۆ ئەمەیە سەعیە ئیزعاجە سەعی ، بەڵێ",
        "text_original": "ئەه براڕۆ ئەمەیە سەعیە ئیزعاجە سەعی ، بەڵێ",
        "start": 726718.0,
        "end": 731888.0,
        "audio": "content/segments/199/239.ogg"
    },
    {
        "ID": "240",
        "gender": "M",
        "age": "A",
        "character_name": "پیاوی 2",
        "text": "بەڵێ کاک سەعیدگیان",
        "text_original": "بەڵێ کاک سەعیدگیان",
        "start": 732702.0,
        "end": 733892.0,
        "audio": "content/segments/199/240.ogg"
    },
    {
        "ID": "241",
        "gender": "M",
        "age": "A",
        "character_name": "پیاوی 2",
        "text": "ئەمرکە بەقوربان",
        "text_original": "ئەمرکە بەقوربان",
        "start": 734422.0,
        "end": 735443.0,
        "audio": "content/segments/199/241.ogg"
    },
    {
        "ID": "242",
        "gender": "M",
        "age": "A",
        "character_name": "پیاوی 2",
        "text": "ئەرێ وەللە من چاندم بۆ",
        "text_original": "ئەرێ وەللە من چاندم بۆ",
        "start": 737027.0,
        "end": 738720.0,
        "audio": "content/segments/199/242.ogg"
    },
    {
        "ID": "243",
        "gender": "M",
        "age": "A",
        "character_name": "پیاوی 2",
        "text": "جا کاک سەعی گیان من دارێکی جوانم لەبەر دەمی ماڵەکەیا چاندوە",
        "text_original": "جا کاک سەعی گیان من دارێکی جوانم لەبەر دەمی ماڵەکەیا چاندوە",
        "start": 739777.0,
        "end": 743037.0,
        "audio": "content/segments/199/243.ogg"
    },
    {
        "ID": "244",
        "gender": "M",
        "age": "A",
        "character_name": "پیاوی 2",
        "text": "هێشتا تۆش قسەئەکەی",
        "text_original": "هێشتا تۆش قسەئەکەی",
        "start": 743037.0,
        "end": 744516.0,
        "audio": "content/segments/199/244.ogg"
    },
    {
        "ID": "245",
        "gender": "M",
        "age": "A",
        "character_name": "پیاوی 2",
        "text": "ئێ کاکە بۆ ئەبێ بۆ هەموو شتێک پرس بکەم بە تۆ",
        "text_original": "ئێ کاکە بۆ ئەبێ بۆ هەموو شتێک پرس بکەم بە تۆ",
        "start": 746315.0,
        "end": 748951.0,
        "audio": "content/segments/199/245.ogg"
    },
    {
        "ID": "246",
        "gender": "M",
        "age": "A",
        "character_name": "پیاوی 2",
        "text": "ئێ بەردەم",
        "text_original": "ئێ بەردەم",
        "start": 749453.0,
        "end": 750483.0,
        "audio": "content/segments/199/246.ogg"
    },
    {
        "ID": "247",
        "gender": "M",
        "age": "A",
        "character_name": "پیاوی 2",
        "text": "ئێ کاکە خۆ بەردەمی ماڵێ تۆیە ڕاست ئەکەی بەڵام خۆ جوانی کردوە",
        "text_original": "ئێ کاکە خۆ بەردەمی ماڵێ تۆیە ڕاست ئەکەی بەڵام خۆ جوانی کردوە",
        "start": 751464.0,
        "end": 754834.0,
        "audio": "content/segments/199/247.ogg"
    },
    {
        "ID": "248",
        "gender": "M",
        "age": "A",
        "character_name": "پیاوی 2",
        "text": "بێم بۆ کۆمپانیا ، وەللەهی کاک سەعیدگیان من ئێستا",
        "text_original": "بێم بۆ کۆمپانیا ، وەللەهی کاک سەعیدگیان من ئێستا",
        "start": 756652.0,
        "end": 759602.0,
        "audio": "content/segments/199/248.ogg"
    },
    {
        "ID": "249",
        "gender": "M",
        "age": "A",
        "character_name": "پیاوی 2",
        "text": "من لێرە شاگردم کاکە ئێستا ساحێب محەلی دێتەوانێ",
        "text_original": "من لێرە شاگردم کاکە ئێستا ساحێب محەلی دێتەوانێ",
        "start": 759602.0,
        "end": 765451.0,
        "audio": "content/segments/199/249.ogg"
    }
]