[
    {
        "ID": "1",
        "gender": "NA",
        "age": "NA",
        "character_name": "NA",
        "text": "دەنگی مۆسیقا",
        "text_original": "دەنگی مۆسیقا",
        "start": 0.0,
        "end": 148242.0,
        "audio": "content/segments/202/1.ogg"
    },
    {
        "ID": "2",
        "gender": "NA",
        "age": "NA",
        "character_name": "NA",
        "text": "بێ دەنگی",
        "text_original": "بێ دەنگی",
        "start": 149317.0,
        "end": 154187.0,
        "audio": "content/segments/202/2.ogg"
    },
    {
        "ID": "3",
        "gender": "M",
        "age": "A",
        "character_name": "پیاوی 1",
        "text": "فەرموو دەی کاکە",
        "text_original": "فەرموو دەی کاکە",
        "start": 154187.0,
        "end": 155600.0,
        "audio": "content/segments/202/3.ogg"
    },
    {
        "ID": "4",
        "gender": "M",
        "age": "A",
        "character_name": "پیاوی 2",
        "text": "کاکە تۆ ئەمە لابە ئەم هەرمێ یە چیە",
        "text_original": "کاکە تۆ ئەمە لابە ئەم هەرمێ یە چیە",
        "start": 155600.0,
        "end": 157094.0,
        "audio": "content/segments/202/4.ogg"
    },
    {
        "ID": "5",
        "gender": "M",
        "age": "A",
        "character_name": "پیاوی 2",
        "text": "ئەمە خڕە بە هەر چواردەورەیا ئەسوڕێتەوە هەرچۆنێک دای ئەنێ هەر ڕیز ئەبێ",
        "text_original": "ئەمە خڕە بە هەر چواردەورەیا ئەسوڕێتەوە هەرچۆنێک دای ئەنێ هەر ڕیز ئەبێ",
        "start": 157094.0,
        "end": 160383.0,
        "audio": "content/segments/202/5.ogg"
    },
    {
        "ID": "6",
        "gender": "M",
        "age": "A",
        "character_name": "پیاوی 1",
        "text": "یانی بۆو تەخت کەم",
        "text_original": "یانی بۆو تەخت کەم",
        "start": 160383.0,
        "end": 161278.0,
        "audio": "content/segments/202/6.ogg"
    },
    {
        "ID": "7",
        "gender": "M",
        "age": "A",
        "character_name": "پیاوی 2",
        "text": "تەختی کە قوربانوبم ، ئا ها باشە دەی",
        "text_original": "تەختی کە قوربانوبم ، ئا ها باشە دەی",
        "start": 161278.0,
        "end": 165236.0,
        "audio": "content/segments/202/7.ogg"
    },
    {
        "ID": "8",
        "gender": "M",
        "age": "A",
        "character_name": "پیاوی 1",
        "text": "دەبجوڵێ",
        "text_original": "دەبجوڵێ",
        "start": 165236.0,
        "end": 165806.0,
        "audio": "content/segments/202/8.ogg"
    },
    {
        "ID": "9",
        "gender": "M",
        "age": "A",
        "character_name": "پیاوی 2",
        "text": "ئەوە قالە شتێکی خۆشت پێ بڵێم",
        "text_original": "ئەوە قالە شتێکی خۆشت پێ بڵێم",
        "start": 165806.0,
        "end": 168058.0,
        "audio": "content/segments/202/9.ogg"
    },
    {
        "ID": "10",
        "gender": "M",
        "age": "A",
        "character_name": "پیاوی 1",
        "text": "فەرموو",
        "text_original": "فەرموو",
        "start": 168058.0,
        "end": 168577.0,
        "audio": "content/segments/202/10.ogg"
    },
    {
        "ID": "11",
        "gender": "M",
        "age": "A",
        "character_name": "پیاوی 2",
        "text": "لەهەفتەی پێشوا",
        "text_original": "لەهەفتەی پێشوا",
        "start": 168577.0,
        "end": 169752.0,
        "audio": "content/segments/202/11.ogg"
    },
    {
        "ID": "12",
        "gender": "M",
        "age": "A",
        "character_name": "پیاوی 1",
        "text": "ئێ",
        "text_original": "ئێ",
        "start": 169752.0,
        "end": 170316.0,
        "audio": "content/segments/202/12.ogg"
    },
    {
        "ID": "13",
        "gender": "M",
        "age": "A",
        "character_name": "پیاوی 2",
        "text": "چووم بۆلای خەلە ورچە",
        "text_original": "چووم بۆلای خەلە ورچە",
        "start": 170316.0,
        "end": 171723.0,
        "audio": "content/segments/202/13.ogg"
    },
    {
        "ID": "14",
        "gender": "M",
        "age": "A",
        "character_name": "پیاوی 1",
        "text": "بۆ چ",
        "text_original": "بۆ چ",
        "start": 171723.0,
        "end": 172583.0,
        "audio": "content/segments/202/14.ogg"
    },
    {
        "ID": "15",
        "gender": "M",
        "age": "A",
        "character_name": "پیاوی 1",
        "text": "بۆ خوازبێنی ئا ، خوازبێنی کوڵەباخی کچی بۆ ئەرسەلانی کوڕم",
        "text_original": "بۆ خوازبێنی ئا ، خوازبێنی کوڵەباخی کچی بۆ ئەرسەلانی کوڕم",
        "start": 172583.0,
        "end": 175539.0,
        "audio": "content/segments/202/15.ogg"
    },
    {
        "ID": "16",
        "gender": "M",
        "age": "A",
        "character_name": "پیاوی 1",
        "text": "ئێ",
        "text_original": "ئێ",
        "start": 175539.0,
        "end": 175969.0,
        "audio": "content/segments/202/16.ogg"
    },
    {
        "ID": "17",
        "gender": "M",
        "age": "A",
        "character_name": "پیاوی 2",
        "text": "کەچی پێم ئەڵێ چی باشە ، وەللە کاکەگیان",
        "text_original": "کەچی پێم ئەڵێ چی باشە ، وەللە کاکەگیان",
        "start": 175969.0,
        "end": 178959.0,
        "audio": "content/segments/202/17.ogg"
    },
    {
        "ID": "18",
        "gender": "M",
        "age": "A",
        "character_name": "پیاوی 2",
        "text": "من مەتەڵێکم هەیە ئەوە مەتەڵەکەمی زانی کچەکەمی ئەیەمێ",
        "text_original": "من مەتەڵێکم هەیە ئەوە مەتەڵەکەمی زانی کچەکەمی ئەیەمێ",
        "start": 178959.0,
        "end": 181932.0,
        "audio": "content/segments/202/18.ogg"
    },
    {
        "ID": "19",
        "gender": "M",
        "age": "A",
        "character_name": "پیاوی 2",
        "text": "ئەوە نەیزانی خواحافیزیبێت نای یەمێ",
        "text_original": "ئەوە نەیزانی خواحافیزیبێت نای یەمێ",
        "start": 181932.0,
        "end": 184442.0,
        "audio": "content/segments/202/19.ogg"
    },
    {
        "ID": "20",
        "gender": "M",
        "age": "A",
        "character_name": "پیاوی 1",
        "text": "مەتەڵەکە ئاسان بوو",
        "text_original": "مەتەڵەکە ئاسان بوو",
        "start": 184452.0,
        "end": 185858.0,
        "audio": "content/segments/202/20.ogg"
    },
    {
        "ID": "21",
        "gender": "M",
        "age": "A",
        "character_name": "پیاوی 2",
        "text": "ئاسانی چی قالە بەشەڕەفم من خۆم نەمدەزانی ئیتر ئەرسەلان چۆی بیزانێ",
        "text_original": "ئاسانی چی قالە بەشەڕەفم من خۆم نەمدەزانی ئیتر ئەرسەلان چۆی بیزانێ",
        "start": 185858.0,
        "end": 191849.0,
        "audio": "content/segments/202/21.ogg"
    },
    {
        "ID": "22",
        "gender": "M",
        "age": "A",
        "character_name": "پیاوی 1",
        "text": "وەللە عزەگیان بەم قسانەوە مەژخوڵم مەکە تۆ دانیەکی کەم بۆ لێ یە دەی کاکە",
        "text_original": "وەللە عزەگیان بەم قسانەوە مەژخوڵم مەکە تۆ دانیەکی کەم بۆ لێ یە دەی کاکە",
        "start": 191849.0,
        "end": 194976.0,
        "audio": "content/segments/202/22.ogg"
    },
    {
        "ID": "23",
        "gender": "M",
        "age": "A",
        "character_name": "پیاوی 2",
        "text": "بەسەرچاو ئەوەتا ها ئا",
        "text_original": "بەسەرچاو ئەوەتا ها ئا",
        "start": 194976.0,
        "end": 196472.0,
        "audio": "content/segments/202/23.ogg"
    },
    {
        "ID": "24",
        "gender": "M",
        "age": "A",
        "character_name": "پیاوی 1",
        "text": "دەی",
        "text_original": "دەی",
        "start": 196472.0,
        "end": 196936.0,
        "audio": "content/segments/202/24.ogg"
    },
    {
        "ID": "25",
        "gender": "M",
        "age": "A",
        "character_name": "پیاوی 1",
        "text": "دەستت خۆشبێت ئاوە لەسەر ئەم قسەیەی جەنابت",
        "text_original": "دەستت خۆشبێت ئاوە لەسەر ئەم قسەیەی جەنابت",
        "start": 196936.0,
        "end": 199963.0,
        "audio": "content/segments/202/25.ogg"
    },
    {
        "ID": "26",
        "gender": "M",
        "age": "A",
        "character_name": "پیاوی 1",
        "text": "هەفتەی پیشو منیش چووم سەرێکم لەم کاک ناخدرەیا",
        "text_original": "هەفتەی پیشو منیش چووم سەرێکم لەم کاک ناخدرەیا",
        "start": 199963.0,
        "end": 202546.0,
        "audio": "content/segments/202/26.ogg"
    },
    {
        "ID": "27",
        "gender": "M",
        "age": "A",
        "character_name": "پیاوی 2",
        "text": "ئێ",
        "text_original": "ئێ",
        "start": 202546.0,
        "end": 202971.0,
        "audio": "content/segments/202/27.ogg"
    },
    {
        "ID": "28",
        "gender": "M",
        "age": "A",
        "character_name": "پیاوی 1",
        "text": "یەک هەشرم پێکرد با بەگەڵای شڕی نەکردبێ",
        "text_original": "یەک هەشرم پێکرد با بەگەڵای شڕی نەکردبێ",
        "start": 202971.0,
        "end": 205595.0,
        "audio": "content/segments/202/28.ogg"
    },
    {
        "ID": "29",
        "gender": "M",
        "age": "A",
        "character_name": "پیاوی 2",
        "text": "ئم",
        "text_original": "ئم",
        "start": 205595.0,
        "end": 205975.0,
        "audio": "content/segments/202/29.ogg"
    },
    {
        "ID": "30",
        "gender": "M",
        "age": "A",
        "character_name": "پیاوی 1",
        "text": "بڵێ لەسەر چی",
        "text_original": "بڵێ لەسەر چی",
        "start": 205975.0,
        "end": 206735.0,
        "audio": "content/segments/202/30.ogg"
    },
    {
        "ID": "31",
        "gender": "M",
        "age": "A",
        "character_name": "پیاوی 2",
        "text": "بەڵێ",
        "text_original": "بەڵێ",
        "start": 206965.0,
        "end": 207605.0,
        "audio": "content/segments/202/31.ogg"
    },
    {
        "ID": "32",
        "gender": "M",
        "age": "A",
        "character_name": "پیاوی 1",
        "text": "لەسەر ئەوەی وتم تو شەڕفت عەیب ناکەی کچ بە مەتەڵ دراوە بە شوو",
        "text_original": "لەسەر ئەوەی وتم تو شەڕفت عەیب ناکەی کچ بە مەتەڵ دراوە بە شوو",
        "start": 207605.0,
        "end": 211125.0,
        "audio": "content/segments/202/32.ogg"
    },
    {
        "ID": "33",
        "gender": "M",
        "age": "A",
        "character_name": "پیاوی 2",
        "text": "بەڵام قالە شتێکی خۆش",
        "text_original": "بەڵام قالە شتێکی خۆش",
        "start": 211125.0,
        "end": 212675.0,
        "audio": "content/segments/202/33.ogg"
    },
    {
        "ID": "34",
        "gender": "M",
        "age": "A",
        "character_name": "پیاوی 1",
        "text": "ها",
        "text_original": "ها",
        "start": 212675.0,
        "end": 213000.0,
        "audio": "content/segments/202/34.ogg"
    },
    {
        "ID": "35",
        "gender": "M",
        "age": "A",
        "character_name": "پیاوی 2",
        "text": "وەللەهی ئەو مەتەڵەی ئەو دای ناوە بەشەڕەفم ئەو خلەیە خۆشی نایزانێ",
        "text_original": "وەللەهی ئەو مەتەڵەی ئەو دای ناوە بەشەڕەفم ئەو خلەیە خۆشی نایزانێ",
        "start": 213000.0,
        "end": 217562.0,
        "audio": "content/segments/202/35.ogg"
    },
    {
        "ID": "36",
        "gender": "M",
        "age": "A",
        "character_name": "پیاوی 1",
        "text": "ئێستا مۆدەیەتی کاکە کۆدەیەتی کە ئەچی داوای کچەکێی ئەکەی ئەڵێ برڕۆ",
        "text_original": "ئێستا مۆدەیەتی کاکە کۆدەیەتی کە ئەچی داوای کچەکێی ئەکەی ئەڵێ برڕۆ",
        "start": 217605.0,
        "end": 221535.0,
        "audio": "content/segments/202/36.ogg"
    },
    {
        "ID": "37",
        "gender": "NA",
        "age": "NA",
        "character_name": "NA",
        "text": "شەش مانکیکە وەرەوە جوابت لێ ئەگێڕمەوە ئەڵەی فیزەی ئەوروپات بۆ لێ ئەیا",
        "text_original": "شەش مانکیکە وەرەوە جوابت لێ ئەگێڕمەوە ئەڵەی فیزەی ئەوروپات بۆ لێ ئەیا",
        "start": 221535.0,
        "end": 226145.0,
        "audio": "content/segments/202/37.ogg"
    },
    {
        "ID": "38",
        "gender": "NA",
        "age": "NA",
        "character_name": "NA",
        "text": "دەنگی پێکەنین",
        "text_original": "دەنگی پێکەنین",
        "start": 226145.0,
        "end": 228015.0,
        "audio": "content/segments/202/38.ogg"
    },
    {
        "ID": "39",
        "gender": "M",
        "age": "A",
        "character_name": "پیاوی 2",
        "text": "باشە دەی باشە کاکە",
        "text_original": "باشە دەی باشە کاکە",
        "start": 228015.0,
        "end": 229523.0,
        "audio": "content/segments/202/39.ogg"
    },
    {
        "ID": "40",
        "gender": "NA",
        "age": "NA",
        "character_name": "NA",
        "text": "دەنگی مۆسیقا",
        "text_original": "دەنگی مۆسیقا",
        "start": 229523.0,
        "end": 233263.0,
        "audio": "content/segments/202/40.ogg"
    },
    {
        "ID": "41",
        "gender": "M",
        "age": "A",
        "character_name": "پیاوی 3",
        "text": "کوڕی شیرینم هاتوی یاخوا بەخێربێت",
        "text_original": "کوڕی شیرینم هاتوی یاخوا بەخێربێت",
        "start": 233263.0,
        "end": 236293.0,
        "audio": "content/segments/202/41.ogg"
    },
    {
        "ID": "42",
        "gender": "M",
        "age": "A",
        "character_name": "پیاوی 3",
        "text": "بەڵام ئەوەی بێ بۆ خوازبێنی ئەم کچەی من ، من شەرتێکم هەیە، مەتەڵێکم هەیە",
        "text_original": "بەڵام ئەوەی بێ بۆ خوازبێنی ئەم کچەی من ، من شەرتێکم هەیە، مەتەڵێکم هەیە",
        "start": 236293.0,
        "end": 240888.0,
        "audio": "content/segments/202/42.ogg"
    },
    {
        "ID": "43",
        "gender": "M",
        "age": "A",
        "character_name": "پیاوی 3",
        "text": "ئەگەر زانی ئەوە بەسەرچاو بەسەر ڕووح ئەتدەمێ",
        "text_original": "ئەگەر زانی ئەوە بەسەرچاو بەسەر ڕووح ئەتدەمێ",
        "start": 240888.0,
        "end": 245909.0,
        "audio": "content/segments/202/43.ogg"
    },
    {
        "ID": "44",
        "gender": "NA",
        "age": "NA",
        "character_name": "NA",
        "text": "ئەگەر نەت زانی چۆن هاتوی وابڕۆڕەوە",
        "text_original": "ئەگەر نەت زانی چۆن هاتوی وابڕۆڕەوە",
        "start": 245909.0,
        "end": 248813.0,
        "audio": "content/segments/202/44.ogg"
    },
    {
        "ID": "45",
        "gender": "M",
        "age": "A",
        "character_name": "پیاوی 4",
        "text": "باشە مام غدرگیان گوێیم گرتوە بزانم مەتەڵەکەی تۆ چیە",
        "text_original": "باشە مام غدرگیان گوێیم گرتوە بزانم مەتەڵەکەی تۆ چیە",
        "start": 248813.0,
        "end": 252073.0,
        "audio": "content/segments/202/45.ogg"
    },
    {
        "ID": "46",
        "gender": "M",
        "age": "A",
        "character_name": "پیاوی 3",
        "text": "ئەزانی مەتەڵەکەم چیە",
        "text_original": "ئەزانی مەتەڵەکەم چیە",
        "start": 252073.0,
        "end": 253342.0,
        "audio": "content/segments/202/46.ogg"
    },
    {
        "ID": "47",
        "gender": "M",
        "age": "A",
        "character_name": "پیاوی 3",
        "text": "چیە حاجی گیان",
        "text_original": "چیە حاجی گیان",
        "start": 253342.0,
        "end": 254022.0,
        "audio": "content/segments/202/47.ogg"
    },
    {
        "ID": "48",
        "gender": "M",
        "age": "A",
        "character_name": "پیاوی 3",
        "text": "گوێم لێ ڕاگرە ، ئەگەر مەنجەڵێک بێنی",
        "text_original": "گوێم لێ ڕاگرە ، ئەگەر مەنجەڵێک بێنی",
        "start": 254022.0,
        "end": 256591.99999999997,
        "audio": "content/segments/202/48.ogg"
    },
    {
        "ID": "49",
        "gender": "M",
        "age": "A",
        "character_name": "پیاوی 4",
        "text": "بەڵێ",
        "text_original": "بەڵێ",
        "start": 256591.99999999997,
        "end": 257036.99999999997,
        "audio": "content/segments/202/49.ogg"
    },
    {
        "ID": "50",
        "gender": "M",
        "age": "A",
        "character_name": "پیاوی 3",
        "text": "ئاوی تێکەی ، دار بخەیتە ژێری ، قوڵپە قوڵپ بکوڵێ ، ئەو ئاوە ئەڵێ چی",
        "text_original": "ئاوی تێکەی ، دار بخەیتە ژێری ، قوڵپە قوڵپ بکوڵێ ، ئەو ئاوە ئەڵێ چی",
        "start": 257036.99999999997,
        "end": 262482.0,
        "audio": "content/segments/202/50.ogg"
    },
    {
        "ID": "51",
        "gender": "M",
        "age": "A",
        "character_name": "پیاوی 4",
        "text": "مام خدرگیان ئەوە زۆر بەسیتە ، ئاوەکە ئەڵێ کوڵام وەرن دام گرن",
        "text_original": "مام خدرگیان ئەوە زۆر بەسیتە ، ئاوەکە ئەڵێ کوڵام وەرن دام گرن",
        "start": 262482.0,
        "end": 266432.0,
        "audio": "content/segments/202/51.ogg"
    },
    {
        "ID": "52",
        "gender": "M",
        "age": "A",
        "character_name": "پیاوی 3",
        "text": "نەخێر وانیە ساقت بووی فەرموو خواحافیزت بێت",
        "text_original": "نەخێر وانیە ساقت بووی فەرموو خواحافیزت بێت",
        "start": 266432.0,
        "end": 269107.0,
        "audio": "content/segments/202/52.ogg"
    },
    {
        "ID": "53",
        "gender": "M",
        "age": "A",
        "character_name": "پیاوی 5",
        "text": "من نیو دانە سعاتە لێرە چاوەڕوانی ئەکەم",
        "text_original": "من نیو دانە سعاتە لێرە چاوەڕوانی ئەکەم",
        "start": 295173.0,
        "end": 298411.0,
        "audio": "content/segments/202/53.ogg"
    },
    {
        "ID": "54",
        "gender": "M",
        "age": "A",
        "character_name": "پیاوی 5",
        "text": "ئەوە هات",
        "text_original": "ئەوە هات",
        "start": 299413.0,
        "end": 300623.0,
        "audio": "content/segments/202/54.ogg"
    },
    {
        "ID": "55",
        "gender": "M",
        "age": "A",
        "character_name": "پیاوی 5",
        "text": "ئەوە هات گوڵە باخەکەم ئەوە هات",
        "text_original": "ئەوە هات گوڵە باخەکەم ئەوە هات",
        "start": 301484.0,
        "end": 304309.0,
        "audio": "content/segments/202/55.ogg"
    },
    {
        "ID": "56",
        "gender": "F",
        "age": "A",
        "character_name": "ژنی 1",
        "text": "عەونی بۆچی ناردوتە بەشوێنما ، ئێستا باوکم بزانێ لێم توڕە ئەبێ",
        "text_original": "عەونی بۆچی ناردوتە بەشوێنما ، ئێستا باوکم بزانێ لێم توڕە ئەبێ",
        "start": 305066.0,
        "end": 307926.0,
        "audio": "content/segments/202/56.ogg"
    },
    {
        "ID": "57",
        "gender": "M",
        "age": "A",
        "character_name": "پیاوی 5",
        "text": "کوڵەباخ ئەوە چیە ئەم هەموو کەسەیە ێیت بۆ داوات",
        "text_original": "کوڵەباخ ئەوە چیە ئەم هەموو کەسەیە ێیت بۆ داوات",
        "start": 308024.0,
        "end": 310744.0,
        "audio": "content/segments/202/57.ogg"
    },
    {
        "ID": "58",
        "gender": "M",
        "age": "A",
        "character_name": "پیاوی 5",
        "text": "بەو قورئانە ئەترسم یەکێ مەتەڵەکە بزانێ و قوڕ کرێ بەسەرما",
        "text_original": "بەو قورئانە ئەترسم یەکێ مەتەڵەکە بزانێ و قوڕ کرێ بەسەرما",
        "start": 310744.0,
        "end": 314164.0,
        "audio": "content/segments/202/58.ogg"
    },
    {
        "ID": "59",
        "gender": "F",
        "age": "A",
        "character_name": "ژنی 1",
        "text": "ئێ دەتۆش هەوڵ دە مەتەڵەکە بزانە با قوڕنەکرێ بەسەرتا",
        "text_original": "ئێ دەتۆش هەوڵ دە مەتەڵەکە بزانە با قوڕنەکرێ بەسەرتا",
        "start": 314164.0,
        "end": 317338.0,
        "audio": "content/segments/202/59.ogg"
    },
    {
        "ID": "60",
        "gender": "M",
        "age": "A",
        "character_name": "پیاوی 5",
        "text": "ئەڵێم منیش بۆ ئەوە نادومی بەدواتە گوڵەباخ گیان",
        "text_original": "ئەڵێم منیش بۆ ئەوە نادومی بەدواتە گوڵەباخ گیان",
        "start": 317338.0,
        "end": 319658.0,
        "audio": "content/segments/202/60.ogg"
    },
    {
        "ID": "61",
        "gender": "M",
        "age": "A",
        "character_name": "پیاوی 5",
        "text": "بچوو بەباوکە بڵێ با پێو بڵێ مەتەڵەکەت پێ بڵێ",
        "text_original": "بچوو بەباوکە بڵێ با پێو بڵێ مەتەڵەکەت پێ بڵێ",
        "start": 319658.0,
        "end": 322688.0,
        "audio": "content/segments/202/61.ogg"
    },
    {
        "ID": "62",
        "gender": "F",
        "age": "A",
        "character_name": "ژنی 1",
        "text": "باوکم بە من بڵێ وەللە قەت پێم نالێ",
        "text_original": "باوکم بە من بڵێ وەللە قەت پێم نالێ",
        "start": 322688.0,
        "end": 325210.0,
        "audio": "content/segments/202/62.ogg"
    },
    {
        "ID": "63",
        "gender": "M",
        "age": "A",
        "character_name": "پیاوی 5",
        "text": "پێت ئەڵێ تۆی خۆش ئەوێیت گوڵەباخ",
        "text_original": "پێت ئەڵێ تۆی خۆش ئەوێیت گوڵەباخ",
        "start": 325210.0,
        "end": 327259.0,
        "audio": "content/segments/202/63.ogg"
    },
    {
        "ID": "64",
        "gender": "F",
        "age": "A",
        "character_name": "ژنی 1",
        "text": "دە تۆ عەونی واز بێنە با من بیرێکی لێبکەمەوە بابڕۆم",
        "text_original": "دە تۆ عەونی واز بێنە با من بیرێکی لێبکەمەوە بابڕۆم",
        "start": 328339.0,
        "end": 331057.0,
        "audio": "content/segments/202/64.ogg"
    },
    {
        "ID": "65",
        "gender": "F",
        "age": "A",
        "character_name": "ژنی 1",
        "text": "با باوکم نەزانی بەقوربانت بم خواحافیز",
        "text_original": "با باوکم نەزانی بەقوربانت بم خواحافیز",
        "start": 331057.0,
        "end": 333458.0,
        "audio": "content/segments/202/65.ogg"
    },
    {
        "ID": "66",
        "gender": "M",
        "age": "A",
        "character_name": "پیاوی 5",
        "text": "ئەڵێم بەشکم انشاللە مەتەڵەکەی پێ بڵێ",
        "text_original": "ئەڵێم بەشکم انشاللە مەتەڵەکەی پێ بڵێ",
        "start": 335200.0,
        "end": 337852.0,
        "audio": "content/segments/202/66.ogg"
    },
    {
        "ID": "67",
        "gender": "F",
        "age": "A",
        "character_name": "ژنی 1",
        "text": "بابە",
        "text_original": "بابە",
        "start": 346084.0,
        "end": 347264.0,
        "audio": "content/segments/202/67.ogg"
    },
    {
        "ID": "68",
        "gender": "M",
        "age": "A",
        "character_name": "پیاوی 3",
        "text": "بابەگیان",
        "text_original": "بابەگیان",
        "start": 347264.0,
        "end": 347887.0,
        "audio": "content/segments/202/68.ogg"
    },
    {
        "ID": "69",
        "gender": "F",
        "age": "A",
        "character_name": "ژنی 1",
        "text": "ئەڵێم خۆ ئەزانی لەم ڕۆژانە شەش حەو کەس داوای منی کردوە",
        "text_original": "ئەڵێم خۆ ئەزانی لەم ڕۆژانە شەش حەو کەس داوای منی کردوە",
        "start": 347963.0,
        "end": 350554.0,
        "audio": "content/segments/202/69.ogg"
    },
    {
        "ID": "70",
        "gender": "F",
        "age": "A",
        "character_name": "ژنی 1",
        "text": "کەس مەتەڵەکەی نەزانی وە",
        "text_original": "کەس مەتەڵەکەی نەزانی وە",
        "start": 350554.0,
        "end": 351913.0,
        "audio": "content/segments/202/70.ogg"
    },
    {
        "ID": "71",
        "gender": "M",
        "age": "A",
        "character_name": "پیاوی 3",
        "text": "ئەی دەستم خۆش نەبێت",
        "text_original": "ئەی دەستم خۆش نەبێت",
        "start": 351913.0,
        "end": 353411.0,
        "audio": "content/segments/202/71.ogg"
    },
    {
        "ID": "72",
        "gender": "F",
        "age": "A",
        "character_name": "ژنی 1",
        "text": "بەرێ وەللە باوەگیان دەستت خۆش بێت ، ئەڵێم خۆ منیش مەتەڵەکە نازانم",
        "text_original": "بەرێ وەللە باوەگیان دەستت خۆش بێت ، ئەڵێم خۆ منیش مەتەڵەکە نازانم",
        "start": 353411.0,
        "end": 358272.0,
        "audio": "content/segments/202/72.ogg"
    },
    {
        "ID": "73",
        "gender": "M",
        "age": "A",
        "character_name": "پیاوی 3",
        "text": "با نەیزانی کچم باشترە",
        "text_original": "با نەیزانی کچم باشترە",
        "start": 358272.0,
        "end": 360573.0,
        "audio": "content/segments/202/73.ogg"
    },
    {
        "ID": "74",
        "gender": "F",
        "age": "A",
        "character_name": "ژنی 1",
        "text": "جا بۆ نەیزانم باوکە ، ئەڵێ دەتخوا مەتەڵەکەم پێ بڵێ",
        "text_original": "جا بۆ نەیزانم باوکە ، ئەڵێ دەتخوا مەتەڵەکەم پێ بڵێ",
        "start": 361184.0,
        "end": 364882.0,
        "audio": "content/segments/202/74.ogg"
    },
    {
        "ID": "75",
        "gender": "M",
        "age": "A",
        "character_name": "پیاوی 3",
        "text": "نا نا پێت ناڵێم",
        "text_original": "نا نا پێت ناڵێم",
        "start": 364882.0,
        "end": 366447.0,
        "audio": "content/segments/202/75.ogg"
    },
    {
        "ID": "76",
        "gender": "F",
        "age": "A",
        "character_name": "ژنی 1",
        "text": "بابە دڵت یێت دڵی من بشکێنی",
        "text_original": "بابە دڵت یێت دڵی من بشکێنی",
        "start": 366447.0,
        "end": 368789.0,
        "audio": "content/segments/202/76.ogg"
    },
    {
        "ID": "77",
        "gender": "M",
        "age": "A",
        "character_name": "پیاوی 3",
        "text": "گوڵەباخ دڵم نایە دڵت بشکێنم ، وەعدم ئەیەتێ لای کەس باسی نەکەی",
        "text_original": "گوڵەباخ دڵم نایە دڵت بشکێنم ، وەعدم ئەیەتێ لای کەس باسی نەکەی",
        "start": 368789.0,
        "end": 375424.0,
        "audio": "content/segments/202/77.ogg"
    },
    {
        "ID": "78",
        "gender": "F",
        "age": "A",
        "character_name": "ژنی 1",
        "text": "ئەوە چیە بابە یانی سیقە بە کچی خۆت ناکەی ، قابیلە من بچم لای خەڵک باسی بکەم",
        "text_original": "ئەوە چیە بابە یانی سیقە بە کچی خۆت ناکەی ، قابیلە من بچم لای خەڵک باسی بکەم",
        "start": 375424.0,
        "end": 380608.0,
        "audio": "content/segments/202/78.ogg"
    },
    {
        "ID": "79",
        "gender": "M",
        "age": "A",
        "character_name": "پیاوی 3",
        "text": "جوابی مەتەڵەکە ئەمەیە",
        "text_original": "جوابی مەتەڵەکە ئەمەیە",
        "start": 380608.0,
        "end": 382094.0,
        "audio": "content/segments/202/79.ogg"
    },
    {
        "ID": "80",
        "gender": "F",
        "age": "A",
        "character_name": "ژنی 1",
        "text": "ئێ",
        "text_original": "ئێ",
        "start": 382094.0,
        "end": 383010.0,
        "audio": "content/segments/202/80.ogg"
    },
    {
        "ID": "81",
        "gender": "M",
        "age": "A",
        "character_name": "پیاوی 3",
        "text": "ئاوەکە ئەڵێ خۆم بەخۆمم کرد",
        "text_original": "ئاوەکە ئەڵێ خۆم بەخۆمم کرد",
        "start": 383010.0,
        "end": 385282.0,
        "audio": "content/segments/202/81.ogg"
    },
    {
        "ID": "82",
        "gender": "F",
        "age": "A",
        "character_name": "ژنی 1",
        "text": "یانی چی بابە خۆم بەخۆمم کرد",
        "text_original": "یانی چی بابە خۆم بەخۆمم کرد",
        "start": 385282.0,
        "end": 386371.0,
        "audio": "content/segments/202/82.ogg"
    },
    {
        "ID": "83",
        "gender": "M",
        "age": "A",
        "character_name": "پیاوی 3",
        "text": "ئێ ڕاوەستە کچی شیرینم با تێوگەیەنم",
        "text_original": "ئێ ڕاوەستە کچی شیرینم با تێوگەیەنم",
        "start": 386371.0,
        "end": 388309.0,
        "audio": "content/segments/202/83.ogg"
    },
    {
        "ID": "84",
        "gender": "F",
        "age": "A",
        "character_name": "ژنی 1",
        "text": "ئا",
        "text_original": "ئا",
        "start": 388309.0,
        "end": 388992.0,
        "audio": "content/segments/202/84.ogg"
    },
    {
        "ID": "85",
        "gender": "M",
        "age": "A",
        "character_name": "پیاوی 3",
        "text": "ئاوەکە ئەگەر نەیخاتە ژێر دارەکەوە ، یانی دارەکە بەر نەکرێت",
        "text_original": "ئاوەکە ئەگەر نەیخاتە ژێر دارەکەوە ، یانی دارەکە بەر نەکرێت",
        "start": 388992.0,
        "end": 393161.0,
        "audio": "content/segments/202/85.ogg"
    },
    {
        "ID": "86",
        "gender": "M",
        "age": "A",
        "character_name": "پیاوی 3",
        "text": "گەورە نەبێ وردە وردە",
        "text_original": "گەورە نەبێ وردە وردە",
        "start": 393161.0,
        "end": 395309.0,
        "audio": "content/segments/202/86.ogg"
    },
    {
        "ID": "87",
        "gender": "F",
        "age": "A",
        "character_name": "ژنی 1",
        "text": "ها",
        "text_original": "ها",
        "start": 395309.0,
        "end": 395699.0,
        "audio": "content/segments/202/87.ogg"
    },
    {
        "ID": "88",
        "gender": "M",
        "age": "A",
        "character_name": "پیاوی 3",
        "text": "چۆن لەباشە پارچە پارەچەی ئەکەن و ئەیخەنە ژێر مەنجەڵ و قوڵپە قوڵپ بکوڵێ",
        "text_original": "چۆن لەباشە پارچە پارەچەی ئەکەن و ئەیخەنە ژێر مەنجەڵ و قوڵپە قوڵپ بکوڵێ",
        "start": 395699.0,
        "end": 399235.0,
        "audio": "content/segments/202/88.ogg"
    },
    {
        "ID": "89",
        "gender": "M",
        "age": "A",
        "character_name": "پیاوی 3",
        "text": "خێر خەتای خۆم بوو",
        "text_original": "خێر خەتای خۆم بوو",
        "start": 399235.0,
        "end": 400965.0,
        "audio": "content/segments/202/89.ogg"
    },
    {
        "ID": "90",
        "gender": "F",
        "age": "A",
        "character_name": "ژنی 1",
        "text": "ئا ئێ ئێ ئێستا ئاوەکە ئەڵێ خۆم بەخۆمم کرد",
        "text_original": "ئا ئێ ئێ ئێستا ئاوەکە ئەڵێ خۆم بەخۆمم کرد",
        "start": 400965.0,
        "end": 407310.0,
        "audio": "content/segments/202/90.ogg"
    },
    {
        "ID": "91",
        "gender": "NA",
        "age": "NA",
        "character_name": "NA",
        "text": "دەنگەکه ناڕوونە",
        "text_original": "دەنگەکه ناڕوونە",
        "start": 422883.0,
        "end": 424313.0,
        "audio": "content/segments/202/91.ogg"
    },
    {
        "ID": "92",
        "gender": "M",
        "age": "A",
        "character_name": "پیاوی 5",
        "text": "ئەزانی چیەکەم هەر لە عەسر زووتر",
        "text_original": "ئەزانی چیەکەم هەر لە عەسر زووتر",
        "start": 424313.0,
        "end": 428173.0,
        "audio": "content/segments/202/92.ogg"
    },
    {
        "ID": "93",
        "gender": "M",
        "age": "A",
        "character_name": "پیاوی 5",
        "text": "نیە یەم بۆلای مامم ،یەم بۆلای خەزورم ،ئەزانی چی پێ ئەڵێم",
        "text_original": "نیە یەم بۆلای مامم ،یەم بۆلای خەزورم ،ئەزانی چی پێ ئەڵێم",
        "start": 428173.0,
        "end": 431902.0,
        "audio": "content/segments/202/93.ogg"
    },
    {
        "ID": "94",
        "gender": "M",
        "age": "A",
        "character_name": "پیاوی 5",
        "text": "پێ ئەڵێم مامە ئەزانی مەتەڵەکەی چیە",
        "text_original": "پێ ئەڵێم مامە ئەزانی مەتەڵەکەی چیە",
        "start": 431902.0,
        "end": 435512.0,
        "audio": "content/segments/202/94.ogg"
    },
    {
        "ID": "95",
        "gender": "F",
        "age": "A",
        "character_name": "ژنی 1",
        "text": "فشەکەر خۆم پێم وتی",
        "text_original": "فشەکەر خۆم پێم وتی",
        "start": 435512.0,
        "end": 438225.0,
        "audio": "content/segments/202/95.ogg"
    },
    {
        "ID": "96",
        "gender": "M",
        "age": "A",
        "character_name": "پیاوی 5",
        "text": "ئەمەیە مامە ئازارەکەت ئەمەیە",
        "text_original": "ئەمەیە مامە ئازارەکەت ئەمەیە",
        "start": 447024.0,
        "end": 449864.0,
        "audio": "content/segments/202/96.ogg"
    },
    {
        "ID": "97",
        "gender": "M",
        "age": "A",
        "character_name": "پیاوی 3",
        "text": "سەرەواتر سەرەوەتر",
        "text_original": "سەرەواتر سەرەوەتر",
        "start": 449864.0,
        "end": 451097.0,
        "audio": "content/segments/202/97.ogg"
    },
    {
        "ID": "98",
        "gender": "M",
        "age": "A",
        "character_name": "پیاوی 5",
        "text": "ئا ئەمەیە",
        "text_original": "ئا ئەمەیە",
        "start": 451097.0,
        "end": 452077.0,
        "audio": "content/segments/202/98.ogg"
    },
    {
        "ID": "99",
        "gender": "M",
        "age": "A",
        "character_name": "پیاوی 3",
        "text": "سەروتر سەروتر",
        "text_original": "سەروتر سەروتر",
        "start": 452077.0,
        "end": 452877.0,
        "audio": "content/segments/202/99.ogg"
    },
    {
        "ID": "100",
        "gender": "M",
        "age": "A",
        "character_name": "پیاوی 5",
        "text": "ئەمە",
        "text_original": "ئەمە",
        "start": 452877.0,
        "end": 453857.0,
        "audio": "content/segments/202/100.ogg"
    },
    {
        "ID": "101",
        "gender": "M",
        "age": "A",
        "character_name": "پیاوی 3",
        "text": "سەروتر سەروتر",
        "text_original": "سەروتر سەروتر",
        "start": 453857.0,
        "end": 455137.0,
        "audio": "content/segments/202/101.ogg"
    },
    {
        "ID": "102",
        "gender": "NA",
        "age": "NA",
        "character_name": "NA",
        "text": "سەروتر",
        "text_original": "سەروتر",
        "start": 455137.0,
        "end": 456187.0,
        "audio": "content/segments/202/102.ogg"
    },
    {
        "ID": "103",
        "gender": "NA",
        "age": "NA",
        "character_name": "NA",
        "text": "ئێ هی هی گرتت گرتت",
        "text_original": "ئێ هی هی گرتت گرتت",
        "start": 456187.0,
        "end": 459070.0,
        "audio": "content/segments/202/103.ogg"
    },
    {
        "ID": "104",
        "gender": "M",
        "age": "A",
        "character_name": "پیاوی 5",
        "text": "ئەه ، مامەگیان",
        "text_original": "ئەه ، مامەگیان",
        "start": 459070.0,
        "end": 460140.0,
        "audio": "content/segments/202/104.ogg"
    },
    {
        "ID": "105",
        "gender": "M",
        "age": "A",
        "character_name": "پیاوی 3",
        "text": "ها",
        "text_original": "ها",
        "start": 460140.0,
        "end": 460867.0,
        "audio": "content/segments/202/105.ogg"
    },
    {
        "ID": "106",
        "gender": "M",
        "age": "A",
        "character_name": "پیاوی 5",
        "text": "ئەوە هیچ نیە ئەزانی ڕۆمانتیزمە",
        "text_original": "ئەوە هیچ نیە ئەزانی ڕۆمانتیزمە",
        "start": 460980.0,
        "end": 464030.0,
        "audio": "content/segments/202/106.ogg"
    },
    {
        "ID": "107",
        "gender": "M",
        "age": "A",
        "character_name": "پیاوی 3",
        "text": "ئەوە ڕۆمانتیزمە",
        "text_original": "ئەوە ڕۆمانتیزمە",
        "start": 464030.0,
        "end": 464870.0,
        "audio": "content/segments/202/107.ogg"
    },
    {
        "ID": "108",
        "gender": "M",
        "age": "A",
        "character_name": "پیاوی 5",
        "text": "ئا",
        "text_original": "ئا",
        "start": 464870.0,
        "end": 465350.0,
        "audio": "content/segments/202/108.ogg"
    },
    {
        "ID": "109",
        "gender": "M",
        "age": "A",
        "character_name": "پیاوی 3",
        "text": "تۆ گوێی بگرە",
        "text_original": "تۆ گوێی بگرە",
        "start": 465350.0,
        "end": 466090.0,
        "audio": "content/segments/202/109.ogg"
    },
    {
        "ID": "110",
        "gender": "M",
        "age": "A",
        "character_name": "پیاوی 5",
        "text": "ئا",
        "text_original": "ئا",
        "start": 466090.0,
        "end": 466405.0,
        "audio": "content/segments/202/110.ogg"
    },
    {
        "ID": "111",
        "gender": "M",
        "age": "A",
        "character_name": "پیاوی 3",
        "text": "ئەڵێم",
        "text_original": "ئەڵێم",
        "start": 466625.0,
        "end": 467575.0,
        "audio": "content/segments/202/111.ogg"
    },
    {
        "ID": "112",
        "gender": "M",
        "age": "A",
        "character_name": "پیاوی 3",
        "text": "عەونی",
        "text_original": "عەونی",
        "start": 467575.0,
        "end": 468375.0,
        "audio": "content/segments/202/112.ogg"
    },
    {
        "ID": "113",
        "gender": "M",
        "age": "A",
        "character_name": "پیاوی 5",
        "text": "بەڵێ",
        "text_original": "بەڵێ",
        "start": 468375.0,
        "end": 468955.0,
        "audio": "content/segments/202/113.ogg"
    },
    {
        "ID": "114",
        "gender": "M",
        "age": "A",
        "character_name": "پیاوی 3",
        "text": "زەحمەت نەبێت",
        "text_original": "زەحمەت نەبێت",
        "start": 468955.0,
        "end": 470004.0,
        "audio": "content/segments/202/114.ogg"
    },
    {
        "ID": "115",
        "gender": "M",
        "age": "A",
        "character_name": "پیاوی 5",
        "text": "بەڵێ",
        "text_original": "بەڵێ",
        "start": 470004.0,
        "end": 470435.0,
        "audio": "content/segments/202/115.ogg"
    },
    {
        "ID": "116",
        "gender": "M",
        "age": "A",
        "character_name": "پیاوی 3",
        "text": "تۆ کە دەستی جلت کڕی بۆچی قاتێک بچوکترت نەکری لەم قاتە",
        "text_original": "تۆ کە دەستی جلت کڕی بۆچی قاتێک بچوکترت نەکری لەم قاتە",
        "start": 470435.0,
        "end": 474747.0,
        "audio": "content/segments/202/116.ogg"
    },
    {
        "ID": "117",
        "gender": "M",
        "age": "A",
        "character_name": "پیاوی 5",
        "text": "بۆ مامە ئەمە عەیبی چیە پڕ بەبەرمە",
        "text_original": "بۆ مامە ئەمە عەیبی چیە پڕ بەبەرمە",
        "start": 474747.0,
        "end": 476932.0,
        "audio": "content/segments/202/117.ogg"
    },
    {
        "ID": "118",
        "gender": "M",
        "age": "A",
        "character_name": "پیاوی 3",
        "text": "وەللە خۆ وەللەهی کوڕی شیرینم بەشی مناڵێکیشی تیا ماوە بەشی بکات",
        "text_original": "وەللە خۆ وەللەهی کوڕی شیرینم بەشی مناڵێکیشی تیا ماوە بەشی بکات",
        "start": 476932.0,
        "end": 482369.0,
        "audio": "content/segments/202/118.ogg"
    },
    {
        "ID": "119",
        "gender": "M",
        "age": "A",
        "character_name": "پیاوی 5",
        "text": "مامەگیان ئەوە ڕاستی بێت ئەزانی هاتومەتە خزمەت جەنابت بۆ چی",
        "text_original": "مامەگیان ئەوە ڕاستی بێت ئەزانی هاتومەتە خزمەت جەنابت بۆ چی",
        "start": 482369.0,
        "end": 487206.0,
        "audio": "content/segments/202/119.ogg"
    },
    {
        "ID": "120",
        "gender": "M",
        "age": "A",
        "character_name": "پیاوی 3",
        "text": "بۆ چی",
        "text_original": "بۆ چی",
        "start": 487206.0,
        "end": 487791.0,
        "audio": "content/segments/202/120.ogg"
    },
    {
        "ID": "121",
        "gender": "M",
        "age": "A",
        "character_name": "پیاوی 5",
        "text": "هاتوم داخوازی گوڵەباخی کچت بکەم ، بمکەی بە کوڕە گەورەی خۆت",
        "text_original": "هاتوم داخوازی گوڵەباخی کچت بکەم ، بمکەی بە کوڕە گەورەی خۆت",
        "start": 487791.0,
        "end": 493504.0,
        "audio": "content/segments/202/121.ogg"
    },
    {
        "ID": "122",
        "gender": "M",
        "age": "A",
        "character_name": "پیاوی 3",
        "text": "ئێ ئاخر کوڕی شیرینم لەوا ئەچێ تۆ مەتەڵەکە نەزانی ، سبەینێ ساقیت ئەبی",
        "text_original": "ئێ ئاخر کوڕی شیرینم لەوا ئەچێ تۆ مەتەڵەکە نەزانی ، سبەینێ ساقیت ئەبی",
        "start": 493504.0,
        "end": 500596.0,
        "audio": "content/segments/202/122.ogg"
    },
    {
        "ID": "123",
        "gender": "M",
        "age": "A",
        "character_name": "پیاوی 5",
        "text": "مامە ، مامە چۆن نایزانم ئادەی مەتەڵەکە بڵێ",
        "text_original": "مامە ، مامە چۆن نایزانم ئادەی مەتەڵەکە بڵێ",
        "start": 500596.0,
        "end": 504572.0,
        "audio": "content/segments/202/123.ogg"
    },
    {
        "ID": "124",
        "gender": "M",
        "age": "A",
        "character_name": "پیاوی 3",
        "text": "مەتەڵەکە ، مەتەڵەکە ، باشە من یەک سوئالی بەسیتت لێ ئەکەم",
        "text_original": "مەتەڵەکە ، مەتەڵەکە ، باشە من یەک سوئالی بەسیتت لێ ئەکەم",
        "start": 504572.0,
        "end": 510107.0,
        "audio": "content/segments/202/124.ogg"
    },
    {
        "ID": "125",
        "gender": "M",
        "age": "A",
        "character_name": "پیاوی 5",
        "text": "ها مامەگیان",
        "text_original": "ها مامەگیان",
        "start": 510107.0,
        "end": 510717.0,
        "audio": "content/segments/202/125.ogg"
    },
    {
        "ID": "126",
        "gender": "M",
        "age": "A",
        "character_name": "پیاوی 3",
        "text": "ئاو کە لەمەنجەڵەکا قۆڵپە قوڵپ ئەکوڵی و یت و ئەچێ ئەڵێ چی",
        "text_original": "ئاو کە لەمەنجەڵەکا قۆڵپە قوڵپ ئەکوڵی و یت و ئەچێ ئەڵێ چی",
        "start": 511392.0,
        "end": 516131.99999999994,
        "audio": "content/segments/202/126.ogg"
    },
    {
        "ID": "127",
        "gender": "M",
        "age": "A",
        "character_name": "پیاوی 3",
        "text": "ئەڵێ ،مامە ئەزانی ئەڵێ چی",
        "text_original": "ئەڵێ ،مامە ئەزانی ئەڵێ چی",
        "start": 516965.00000000006,
        "end": 520173.0,
        "audio": "content/segments/202/127.ogg"
    },
    {
        "ID": "128",
        "gender": "M",
        "age": "A",
        "character_name": "پیاوی 3",
        "text": "ئەڵێ چی",
        "text_original": "ئەڵێ چی",
        "start": 520173.0,
        "end": 520673.0,
        "audio": "content/segments/202/128.ogg"
    },
    {
        "ID": "129",
        "gender": "M",
        "age": "A",
        "character_name": "پیاوی 5",
        "text": "ئەڵێ خۆم بەخۆمم کرد",
        "text_original": "ئەڵێ خۆم بەخۆمم کرد",
        "start": 520673.0,
        "end": 522381.99999999994,
        "audio": "content/segments/202/129.ogg"
    },
    {
        "ID": "130",
        "gender": "NA",
        "age": "NA",
        "character_name": "NA",
        "text": "دەنگی مۆسیقا",
        "text_original": "دەنگی مۆسیقا",
        "start": 522381.99999999994,
        "end": 524168.0,
        "audio": "content/segments/202/130.ogg"
    },
    {
        "ID": "131",
        "gender": "M",
        "age": "A",
        "character_name": "پیاوی 3",
        "text": "ئافەرم عەونی مەتەڵەکەت زانی من هیچم نەماوە پیرۆزت بێت",
        "text_original": "ئافەرم عەونی مەتەڵەکەت زانی من هیچم نەماوە پیرۆزت بێت",
        "start": 524168.0,
        "end": 529231.0,
        "audio": "content/segments/202/131.ogg"
    },
    {
        "ID": "132",
        "gender": "M",
        "age": "A",
        "character_name": "پیاوی 5",
        "text": "ئەی بەقوربانی مامی خۆم بم",
        "text_original": "ئەی بەقوربانی مامی خۆم بم",
        "start": 529231.0,
        "end": 533501.0,
        "audio": "content/segments/202/132.ogg"
    },
    {
        "ID": "133",
        "gender": "NA",
        "age": "NA",
        "character_name": "NA",
        "text": "دەنگی مۆسیقا",
        "text_original": "دەنگی مۆسیقا",
        "start": 533501.0,
        "end": 536009.0,
        "audio": "content/segments/202/133.ogg"
    },
    {
        "ID": "134",
        "gender": "NA",
        "age": "NA",
        "character_name": "NA",
        "text": "دەنگی مۆسیقا",
        "text_original": "دەنگی مۆسیقا",
        "start": 539901.0,
        "end": 542941.0,
        "audio": "content/segments/202/134.ogg"
    },
    {
        "ID": "135",
        "gender": "M",
        "age": "A",
        "character_name": "پیاوی 3",
        "text": "گوڵەباخ ماڵەکەت چۆڵ کردوە ، تۆ چرای ماڵەکەم بووی",
        "text_original": "گوڵەباخ ماڵەکەت چۆڵ کردوە ، تۆ چرای ماڵەکەم بووی",
        "start": 542941.0,
        "end": 546221.0,
        "audio": "content/segments/202/135.ogg"
    },
    {
        "ID": "136",
        "gender": "M",
        "age": "A",
        "character_name": "پیاوی 3",
        "text": "دەوەرە فەرموو سەیرکە ،ماڵەکە چۆڵ بووە",
        "text_original": "دەوەرە فەرموو سەیرکە ،ماڵەکە چۆڵ بووە",
        "start": 547171.0,
        "end": 550241.0,
        "audio": "content/segments/202/136.ogg"
    },
    {
        "ID": "137",
        "gender": "M",
        "age": "A",
        "character_name": "پیاوی 3",
        "text": "دەوەرە حەرم لە تۆکڵیوێکە ، کورە لە مزرۆکەیەکە",
        "text_original": "دەوەرە حەرم لە تۆکڵیوێکە ، کورە لە مزرۆکەیەکە",
        "start": 550601.0,
        "end": 555183.0,
        "audio": "content/segments/202/137.ogg"
    },
    {
        "ID": "138",
        "gender": "NA",
        "age": "NA",
        "character_name": "NA",
        "text": "کورە بۆخاتری خوا بۆخاتری پێغەمبەر",
        "text_original": "کورە بۆخاتری خوا بۆخاتری پێغەمبەر",
        "start": 555183.0,
        "end": 558465.0,
        "audio": "content/segments/202/138.ogg"
    },
    {
        "ID": "139",
        "gender": "M",
        "age": "A",
        "character_name": "پیاوی 3",
        "text": "باشە عەیبی چی تیایە ئێستا من بگەڕێم بۆ ژن",
        "text_original": "باشە عەیبی چی تیایە ئێستا من بگەڕێم بۆ ژن",
        "start": 558465.0,
        "end": 561245.0,
        "audio": "content/segments/202/139.ogg"
    },
    {
        "ID": "140",
        "gender": "M",
        "age": "A",
        "character_name": "پیاوی 3",
        "text": "ئاها چاوم چاوم ،کاکە حەزم لێ یەتی",
        "text_original": "ئاها چاوم چاوم ،کاکە حەزم لێ یەتی",
        "start": 561245.0,
        "end": 563545.0,
        "audio": "content/segments/202/140.ogg"
    },
    {
        "ID": "141",
        "gender": "M",
        "age": "A",
        "character_name": "پیاوی 3",
        "text": "شۆربایەکم بۆ بکا هیچی ترم بۆ نەکا بۆخاتری خوا",
        "text_original": "شۆربایەکم بۆ بکا هیچی ترم بۆ نەکا بۆخاتری خوا",
        "start": 563545.0,
        "end": 565945.0,
        "audio": "content/segments/202/141.ogg"
    },
    {
        "ID": "142",
        "gender": "NA",
        "age": "NA",
        "character_name": "NA",
        "text": "بابە ، بابە",
        "text_original": "بابە ، بابە",
        "start": 565945.0,
        "end": 567725.0,
        "audio": "content/segments/202/142.ogg"
    },
    {
        "ID": "143",
        "gender": "M",
        "age": "A",
        "character_name": "پیاوی 3",
        "text": "بابە ، بابە",
        "text_original": "بابە ، بابە",
        "start": 567725.0,
        "end": 569635.0,
        "audio": "content/segments/202/143.ogg"
    },
    {
        "ID": "144",
        "gender": "NA",
        "age": "NA",
        "character_name": "NA",
        "text": "دەنگی گریان",
        "text_original": "دەنگی گریان",
        "start": 569635.0,
        "end": 571405.0,
        "audio": "content/segments/202/144.ogg"
    },
    {
        "ID": "145",
        "gender": "F",
        "age": "A",
        "character_name": "ژنی 1",
        "text": "عەونی ئەوەنە خراپە",
        "text_original": "عەونی ئەوەنە خراپە",
        "start": 571405.0,
        "end": 574305.0,
        "audio": "content/segments/202/145.ogg"
    },
    {
        "ID": "146",
        "gender": "M",
        "age": "A",
        "character_name": "پیاوی 3",
        "text": "بۆ",
        "text_original": "بۆ",
        "start": 574305.0,
        "end": 574915.0,
        "audio": "content/segments/202/146.ogg"
    },
    {
        "ID": "147",
        "gender": "M",
        "age": "A",
        "character_name": "پیاوی 3",
        "text": "ئەی چی خراپە عەونی هەر لێم ئەیا",
        "text_original": "ئەی چی خراپە عەونی هەر لێم ئەیا",
        "start": 574915.0,
        "end": 576955.0,
        "audio": "content/segments/202/147.ogg"
    },
    {
        "ID": "148",
        "gender": "M",
        "age": "A",
        "character_name": "پیاوی 3",
        "text": "خۆ خەتای منە",
        "text_original": "خۆ خەتای منە",
        "start": 576955.0,
        "end": 578875.0,
        "audio": "content/segments/202/148.ogg"
    },
    {
        "ID": "149",
        "gender": "F",
        "age": "A",
        "character_name": "ژنی 1",
        "text": "هیچ خەتای تۆ نیە",
        "text_original": "هیچ خەتای تۆ نیە",
        "start": 578875.0,
        "end": 580465.0,
        "audio": "content/segments/202/149.ogg"
    },
    {
        "ID": "150",
        "gender": "M",
        "age": "A",
        "character_name": "پیاوی 3",
        "text": "نەوەللە خەتای منە وەکو ئاوەکە ئەڵێ خەتای منە",
        "text_original": "نەوەللە خەتای منە وەکو ئاوەکە ئەڵێ خەتای منە",
        "start": 580465.0,
        "end": 583345.0,
        "audio": "content/segments/202/150.ogg"
    },
    {
        "ID": "151",
        "gender": "F",
        "age": "A",
        "character_name": "ژنی 1",
        "text": "ئاوی چی",
        "text_original": "ئاوی چی",
        "start": 583345.0,
        "end": 584735.0,
        "audio": "content/segments/202/151.ogg"
    },
    {
        "ID": "152",
        "gender": "M",
        "age": "A",
        "character_name": "پیاوی 3",
        "text": "ئێ ئەگەر من مەتەڵەکەم بە تۆ نەوتبایە",
        "text_original": "ئێ ئەگەر من مەتەڵەکەم بە تۆ نەوتبایە",
        "start": 584735.0,
        "end": 587866.0,
        "audio": "content/segments/202/152.ogg"
    },
    {
        "ID": "153",
        "gender": "M",
        "age": "A",
        "character_name": "پیاوی 3",
        "text": "تۆ نەچویتایە و پێت نەوتبایە ، ئەم هەتیوەمان توش ئەبوو",
        "text_original": "تۆ نەچویتایە و پێت نەوتبایە ، ئەم هەتیوەمان توش ئەبوو",
        "start": 587866.0,
        "end": 591893.0,
        "audio": "content/segments/202/153.ogg"
    },
    {
        "ID": "154",
        "gender": "M",
        "age": "A",
        "character_name": "پیاوی 3",
        "text": "بەس خەتای منە ، خۆم بە خۆمم کرد خۆم",
        "text_original": "بەس خەتای منە ، خۆم بە خۆمم کرد خۆم",
        "start": 592860.0,
        "end": 595120.0,
        "audio": "content/segments/202/154.ogg"
    },
    {
        "ID": "155",
        "gender": "NA",
        "age": "NA",
        "character_name": "NA",
        "text": "دەنگی مۆسیقا",
        "text_original": "دەنگی مۆسیقا",
        "start": 595120.0,
        "end": 639000.0,
        "audio": "content/segments/202/155.ogg"
    }
]