[
    {
        "ID": "3",
        "gender": "M",
        "age": "A",
        "character_name": "ئاغا",
        "text": "خۆت ئەزانی بە قەدەر ئەو دوو چاوەم عەزیزیت تێئەگەی",
        "text_original": "خۆت ئەزانی بە قەدەر ئەو دوو چاوەم عەزیزیت تێئەگەی",
        "start": 91998.0,
        "end": 95027.0,
        "audio": "content/segments/204/3.ogg"
    },
    {
        "ID": "4",
        "gender": "M",
        "age": "A",
        "character_name": "ئاغا",
        "text": "ڕجای خوات لێئەکەم تەکلیفی ئەوەم لێمەکە وەریگرمەوە",
        "text_original": "ڕجای خوات لێئەکەم تەکلیفی ئەوەم لێمەکە وەریگرمەوە",
        "start": 95027.0,
        "end": 97645.0,
        "audio": "content/segments/204/4.ogg"
    },
    {
        "ID": "5",
        "gender": "M",
        "age": "A",
        "character_name": "ئاغا",
        "text": "وەری ناگرمەوە و تەواو",
        "text_original": "وەری ناگرمەوە و تەواو",
        "start": 97645.0,
        "end": 99264.0,
        "audio": "content/segments/204/5.ogg"
    },
    {
        "ID": "6",
        "gender": "M",
        "age": "A",
        "character_name": "میرزا",
        "text": "ئەزانم خوا چاوت لێ نەسێنێ ئاغا گیان",
        "text_original": "ئەزانم خوا چاوت لێ نەسێنێ ئاغا گیان",
        "start": 99264.0,
        "end": 101656.0,
        "audio": "content/segments/204/6.ogg"
    },
    {
        "ID": "7",
        "gender": "M",
        "age": "A",
        "character_name": "میرزا",
        "text": "جەنابت گەورەی ئێمەی ئەبێ ئەمجارەش",
        "text_original": "جەنابت گەورەی ئێمەی ئەبێ ئەمجارەش",
        "start": 101656.0,
        "end": 104130.0,
        "audio": "content/segments/204/7.ogg"
    },
    {
        "ID": "8",
        "gender": "M",
        "age": "A",
        "character_name": "میرزا",
        "text": "لەبەر خاتری من ئەحۆل وەربگریتەوە",
        "text_original": "لەبەر خاتری من ئەحۆل وەربگریتەوە",
        "start": 104130.0,
        "end": 106171.0,
        "audio": "content/segments/204/8.ogg"
    },
    {
        "ID": "9",
        "gender": "M",
        "age": "A",
        "character_name": "ئاغا",
        "text": "ئاخە میرزا ڕجای خوات لێئەکەم تۆ بیتە پاچپانێکی پێیە ها",
        "text_original": "ئاخە میرزا ڕجای خوات لێئەکەم تۆ بیتە پاچپانێکی پێیە ها",
        "start": 106171.0,
        "end": 109881.0,
        "audio": "content/segments/204/9.ogg"
    },
    {
        "ID": "10",
        "gender": "M",
        "age": "A",
        "character_name": "میرزا",
        "text": "ئەزانم",
        "text_original": "ئەزانم",
        "start": 109954.0,
        "end": 110416.0,
        "audio": "content/segments/204/10.ogg"
    },
    {
        "ID": "11",
        "gender": "M",
        "age": "A",
        "character_name": "ئاغا",
        "text": "ئەزانی چۆن سوتا",
        "text_original": "ئەزانی چۆن سوتا",
        "start": 110614.0,
        "end": 111534.0,
        "audio": "content/segments/204/11.ogg"
    },
    {
        "ID": "12",
        "gender": "M",
        "age": "A",
        "character_name": "میرزا",
        "text": "ئەزانم",
        "text_original": "ئەزانم",
        "start": 111571.0,
        "end": 111950.0,
        "audio": "content/segments/204/12.ogg"
    },
    {
        "ID": "13",
        "gender": "M",
        "age": "A",
        "character_name": "ئاغا",
        "text": "باسیکەم",
        "text_original": "باسیکەم",
        "start": 112025.0,
        "end": 112525.0,
        "audio": "content/segments/204/13.ogg"
    },
    {
        "ID": "14",
        "gender": "M",
        "age": "A",
        "character_name": "میرزا",
        "text": "نا باسی مەکە",
        "text_original": "نا باسی مەکە",
        "start": 112544.0,
        "end": 113194.0,
        "audio": "content/segments/204/14.ogg"
    },
    {
        "ID": "15",
        "gender": "M",
        "age": "A",
        "character_name": "ئاغا",
        "text": "ئاخە مەعقول نیە ، یەک دانە سالە من تەداوی خۆمەکەم",
        "text_original": "ئاخە مەعقول نیە ، یەک دانە سالە من تەداوی خۆمەکەم",
        "start": 113216.0,
        "end": 115961.0,
        "audio": "content/segments/204/15.ogg"
    },
    {
        "ID": "16",
        "gender": "M",
        "age": "A",
        "character_name": "ئاغا",
        "text": "ئێستاش ئەچوزێتەوە",
        "text_original": "ئێستاش ئەچوزێتەوە",
        "start": 115961.0,
        "end": 116961.0,
        "audio": "content/segments/204/16.ogg"
    },
    {
        "ID": "17",
        "gender": "M",
        "age": "A",
        "character_name": "میرزا",
        "text": "خوا فرسەتت با ئاغ گیان ، ئەزانم ئەبێ دلت گەورە بێ",
        "text_original": "خوا فرسەتت با ئاغ گیان ، ئەزانم ئەبێ دلت گەورە بێ",
        "start": 117742.0,
        "end": 120738.0,
        "audio": "content/segments/204/17.ogg"
    },
    {
        "ID": "18",
        "gender": "NA",
        "age": "NA",
        "character_name": "NA",
        "text": "ئێمە چەند سالە عەیامە باو و باپیرمان تێکەڵە",
        "text_original": "ئێمە چەند سالە عەیامە باو و باپیرمان تێکەڵە",
        "start": 120738.0,
        "end": 123944.0,
        "audio": "content/segments/204/18.ogg"
    },
    {
        "ID": "19",
        "gender": "M",
        "age": "A",
        "character_name": "میرزا",
        "text": "ئەبێ ئەمجارەش دلم نەشکێنی و ئەحۆلم بۆ بێنیتەوە",
        "text_original": "ئەبێ ئەمجارەش دلم نەشکێنی و ئەحۆلم بۆ بێنیتەوە",
        "start": 123944.0,
        "end": 127394.0,
        "audio": "content/segments/204/19.ogg"
    },
    {
        "ID": "20",
        "gender": "M",
        "age": "A",
        "character_name": "میرزا",
        "text": "ئەها چۆن دانیشتوە کەساسانە ئەبێ خۆ و بەزەی و پیایا بێتەوە",
        "text_original": "ئەها چۆن دانیشتوە کەساسانە ئەبێ خۆ و بەزەی و پیایا بێتەوە",
        "start": 127394.0,
        "end": 131886.0,
        "audio": "content/segments/204/20.ogg"
    },
    {
        "ID": "21",
        "gender": "M",
        "age": "A",
        "character_name": "ئاغا",
        "text": "میرزا، تەمەشایەکەم بە قەبری باوکم مچورکەم پیایا",
        "text_original": "میرزا، تەمەشایەکەم بە قەبری باوکم مچورکەم پیایا",
        "start": 131938.0,
        "end": 135718.0,
        "audio": "content/segments/204/21.ogg"
    },
    {
        "ID": "22",
        "gender": "M",
        "age": "A",
        "character_name": "میرزا",
        "text": "دەکەواتە با بانگی کەم",
        "text_original": "دەکەواتە با بانگی کەم",
        "start": 135738.0,
        "end": 137118.0,
        "audio": "content/segments/204/22.ogg"
    },
    {
        "ID": "23",
        "gender": "M",
        "age": "A",
        "character_name": "ئاغا",
        "text": "بەزەیشم پیا یێتەوە",
        "text_original": "بەزەیشم پیا یێتەوە",
        "start": 137123.0,
        "end": 137953.0,
        "audio": "content/segments/204/23.ogg"
    },
    {
        "ID": "24",
        "gender": "M",
        "age": "A",
        "character_name": "میرزا",
        "text": "مەمنونی تۆم ئاغا گیان بێنە ئەو دەستانەت زیارەت",
        "text_original": "مەمنونی تۆم ئاغا گیان بێنە ئەو دەستانەت زیارەت",
        "start": 137953.0,
        "end": 140256.0,
        "audio": "content/segments/204/24.ogg"
    },
    {
        "ID": "25",
        "gender": "M",
        "age": "A",
        "character_name": "میرزا",
        "text": "کەم بەساقەو بم",
        "text_original": "کەم بەساقەو بم",
        "start": 140256.0,
        "end": 141869.0,
        "audio": "content/segments/204/25.ogg"
    },
    {
        "ID": "26",
        "gender": "M",
        "age": "A",
        "character_name": "ئاغا",
        "text": "کورە بابە ئێمە کەسی یەکین",
        "text_original": "کورە بابە ئێمە کەسی یەکین",
        "start": 141869.0,
        "end": 143209.0,
        "audio": "content/segments/204/26.ogg"
    },
    {
        "ID": "27",
        "gender": "M",
        "age": "A",
        "character_name": "میرزا",
        "text": "ئەحۆل، ئەحۆل",
        "text_original": "ئەحۆل، ئەحۆل",
        "start": 143229.0,
        "end": 146019.0,
        "audio": "content/segments/204/27.ogg"
    },
    {
        "ID": "29",
        "gender": "M",
        "age": "A",
        "character_name": "میرزا",
        "text": "ئەوە هات",
        "text_original": "ئەوە هات",
        "start": 155252.0,
        "end": 155972.0,
        "audio": "content/segments/204/29.ogg"
    },
    {
        "ID": "30",
        "gender": "M",
        "age": "A",
        "character_name": "ئاغا",
        "text": "باوکە ڕۆ کە تیزە ئە هاهاهاها",
        "text_original": "باوکە ڕۆ کە تیزە ئە هاهاهاها",
        "start": 156272.0,
        "end": 160472.0,
        "audio": "content/segments/204/30.ogg"
    },
    {
        "ID": "31",
        "gender": "M",
        "age": "A",
        "character_name": "ئاغا",
        "text": "ئەوە کوا",
        "text_original": "ئەوە کوا",
        "start": 162114.0,
        "end": 162584.0,
        "audio": "content/segments/204/31.ogg"
    },
    {
        "ID": "32",
        "gender": "M",
        "age": "A",
        "character_name": "میرزا",
        "text": "ئەوتە",
        "text_original": "ئەوتە",
        "start": 162874.0,
        "end": 163374.0,
        "audio": "content/segments/204/32.ogg"
    },
    {
        "ID": "33",
        "gender": "M",
        "age": "A",
        "character_name": "میرزا",
        "text": "ئەحۆل ، ئەوە ئاغایە هەروو دەستی ماچکە خێرا دەی",
        "text_original": "ئەحۆل ، ئەوە ئاغایە هەروو دەستی ماچکە خێرا دەی",
        "start": 165143.0,
        "end": 168431.0,
        "audio": "content/segments/204/33.ogg"
    },
    {
        "ID": "34",
        "gender": "M",
        "age": "A",
        "character_name": "ئەحۆل",
        "text": "بەسەرچاو",
        "text_original": "بەسەرچاو",
        "start": 168431.0,
        "end": 168951.0,
        "audio": "content/segments/204/34.ogg"
    },
    {
        "ID": "35",
        "gender": "M",
        "age": "A",
        "character_name": "ئاغا",
        "text": "ئاخە هینە میرزا نایەوێ",
        "text_original": "ئاخە هینە میرزا نایەوێ",
        "start": 168951.0,
        "end": 169761.0,
        "audio": "content/segments/204/35.ogg"
    },
    {
        "ID": "36",
        "gender": "M",
        "age": "A",
        "character_name": "میرزا",
        "text": "نانا دەیەوێ",
        "text_original": "نانا دەیەوێ",
        "start": 169761.0,
        "end": 170551.0,
        "audio": "content/segments/204/36.ogg"
    },
    {
        "ID": "37",
        "gender": "M",
        "age": "A",
        "character_name": "ئاغا",
        "text": "ئاخر تۆ یەک دەقە نا نا میرزا ئاخر",
        "text_original": "ئاخر تۆ یەک دەقە نا نا میرزا ئاخر",
        "start": 170558.0,
        "end": 173168.0,
        "audio": "content/segments/204/37.ogg"
    },
    {
        "ID": "38",
        "gender": "M",
        "age": "A",
        "character_name": "ئاغا",
        "text": "میرزا ڕجای خوات لێناکەم ئەمە وەزعە",
        "text_original": "میرزا ڕجای خوات لێناکەم ئەمە وەزعە",
        "start": 175862.0,
        "end": 178092.0,
        "audio": "content/segments/204/38.ogg"
    },
    {
        "ID": "39",
        "gender": "M",
        "age": "A",
        "character_name": "میرزا",
        "text": "بۆ",
        "text_original": "بۆ",
        "start": 178092.0,
        "end": 178492.0,
        "audio": "content/segments/204/39.ogg"
    },
    {
        "ID": "40",
        "gender": "M",
        "age": "A",
        "character_name": "میرزا",
        "text": "ئەحۆل ، ئەوە ئاغایە",
        "text_original": "ئەحۆل ، ئەوە ئاغایە",
        "start": 178973.0,
        "end": 180933.0,
        "audio": "content/segments/204/40.ogg"
    },
    {
        "ID": "41",
        "gender": "M",
        "age": "A",
        "character_name": "ئەحۆل",
        "text": "ئەیناسم ئەو نەبوو پار مەسینەی ئەهێنا",
        "text_original": "ئەیناسم ئەو نەبوو پار مەسینەی ئەهێنا",
        "start": 183011.0,
        "end": 185501.0,
        "audio": "content/segments/204/41.ogg"
    },
    {
        "ID": "42",
        "gender": "M",
        "age": "A",
        "character_name": "ئاغا",
        "text": "نەیلێی نەیلێی ، میرزا ڕجای خواو لێیەکەم",
        "text_original": "نەیلێی نەیلێی ، میرزا ڕجای خواو لێیەکەم",
        "start": 186730.0,
        "end": 189078.0,
        "audio": "content/segments/204/42.ogg"
    },
    {
        "ID": "43",
        "gender": "M",
        "age": "A",
        "character_name": "ئاغا",
        "text": "پێلاوەکانت سەر تەپلی سەرم بیبەرەوە کاکە نامەوێ برا",
        "text_original": "پێلاوەکانت سەر تەپلی سەرم بیبەرەوە کاکە نامەوێ برا",
        "start": 189078.0,
        "end": 191910.0,
        "audio": "content/segments/204/43.ogg"
    },
    {
        "ID": "44",
        "gender": "M",
        "age": "A",
        "character_name": "میرزا",
        "text": "ئەحۆل ئەیمن نەسیحەتی چیم کردی",
        "text_original": "ئەحۆل ئەیمن نەسیحەتی چیم کردی",
        "start": 191910.0,
        "end": 193764.0,
        "audio": "content/segments/204/44.ogg"
    },
    {
        "ID": "45",
        "gender": "M",
        "age": "A",
        "character_name": "ئەحۆل",
        "text": "ئێ باشە تەواو",
        "text_original": "ئێ باشە تەواو",
        "start": 193764.0,
        "end": 195001.0,
        "audio": "content/segments/204/45.ogg"
    },
    {
        "ID": "46",
        "gender": "M",
        "age": "A",
        "character_name": "ئاغا",
        "text": "ئاخر تەواو هەر بەدەم نا تەواو بە فیعلی بۆم بکە",
        "text_original": "ئاخر تەواو هەر بەدەم نا تەواو بە فیعلی بۆم بکە",
        "start": 195916.0,
        "end": 197906.0,
        "audio": "content/segments/204/46.ogg"
    },
    {
        "ID": "47",
        "gender": "M",
        "age": "A",
        "character_name": "ئەحۆل",
        "text": "کورە مارە ئیندۆمینە",
        "text_original": "کورە مارە ئیندۆمینە",
        "start": 197937.0,
        "end": 199588.0,
        "audio": "content/segments/204/47.ogg"
    },
    {
        "ID": "48",
        "gender": "M",
        "age": "A",
        "character_name": "ئاغا",
        "text": "هینە چیە",
        "text_original": "هینە چیە",
        "start": 199742.0,
        "end": 200302.0,
        "audio": "content/segments/204/48.ogg"
    },
    {
        "ID": "49",
        "gender": "M",
        "age": "A",
        "character_name": "ئەحۆل",
        "text": "ئێ وتم یەعنی تۆ",
        "text_original": "ئێ وتم یەعنی تۆ",
        "start": 200318.0,
        "end": 201729.0,
        "audio": "content/segments/204/49.ogg"
    },
    {
        "ID": "50",
        "gender": "M",
        "age": "A",
        "character_name": "ئاغا",
        "text": "یاخوا وابێ",
        "text_original": "یاخوا وابێ",
        "start": 201736.0,
        "end": 203306.0,
        "audio": "content/segments/204/50.ogg"
    },
    {
        "ID": "51",
        "gender": "M",
        "age": "A",
        "character_name": "ئاغا",
        "text": "ئەحۆل",
        "text_original": "ئەحۆل",
        "start": 205905.0,
        "end": 206926.0,
        "audio": "content/segments/204/51.ogg"
    },
    {
        "ID": "52",
        "gender": "M",
        "age": "A",
        "character_name": "ئەحۆل",
        "text": "ها",
        "text_original": "ها",
        "start": 207559.0,
        "end": 207989.0,
        "audio": "content/segments/204/52.ogg"
    },
    {
        "ID": "53",
        "gender": "M",
        "age": "A",
        "character_name": "ئاغا",
        "text": "ئەوە بشۆ دەی دەی دەی بەرزی کەرەوە ئۆخەی ئۆخەی",
        "text_original": "ئەوە بشۆ دەی دەی دەی بەرزی کەرەوە ئۆخەی ئۆخەی",
        "start": 210674.0,
        "end": 214674.0,
        "audio": "content/segments/204/53.ogg"
    },
    {
        "ID": "54",
        "gender": "M",
        "age": "A",
        "character_name": "ئاغا",
        "text": "ئەوجا پارەی ئاو نایەین",
        "text_original": "ئەوجا پارەی ئاو نایەین",
        "start": 214728.0,
        "end": 215865.0,
        "audio": "content/segments/204/54.ogg"
    },
    {
        "ID": "55",
        "gender": "M",
        "age": "A",
        "character_name": "ئاغا",
        "text": "ەئاخ میرزا بەو دوعایانەی ئەیکەم ڕۆزانە بۆت ئەنێرم",
        "text_original": "ەئاخ میرزا بەو دوعایانەی ئەیکەم ڕۆزانە بۆت ئەنێرم",
        "start": 215865.0,
        "end": 219325.0,
        "audio": "content/segments/204/55.ogg"
    },
    {
        "ID": "56",
        "gender": "M",
        "age": "A",
        "character_name": "ئاغا",
        "text": "دە لایبە لایبە هەموو لاشەم تەربوو بابە دە لایبە",
        "text_original": "دە لایبە لایبە هەموو لاشەم تەربوو بابە دە لایبە",
        "start": 220016.0,
        "end": 222536.0,
        "audio": "content/segments/204/56.ogg"
    },
    {
        "ID": "57",
        "gender": "M",
        "age": "A",
        "character_name": "ئەحۆل",
        "text": "ئاخر ئاغا گیان من با ئاغای ئەمبەر نەمنێرنەوە ئاوای ئەمبەر",
        "text_original": "ئاخر ئاغا گیان من با ئاغای ئەمبەر نەمنێرنەوە ئاوای ئەمبەر",
        "start": 222878.0,
        "end": 226933.0,
        "audio": "content/segments/204/57.ogg"
    },
    {
        "ID": "58",
        "gender": "M",
        "age": "A",
        "character_name": "ئاغا",
        "text": "گوێ بگرە ئەحۆل ، تا بازارئەچم نەچیتە دەرەوە ها",
        "text_original": "گوێ بگرە ئەحۆل ، تا بازارئەچم نەچیتە دەرەوە ها",
        "start": 226962.0,
        "end": 230112.0,
        "audio": "content/segments/204/58.ogg"
    },
    {
        "ID": "59",
        "gender": "M",
        "age": "A",
        "character_name": "ئەحۆل",
        "text": "نانا ئاغا گیان جا بۆ بچم ئەوجا بۆ نامبەیتەوە",
        "text_original": "نانا ئاغا گیان جا بۆ بچم ئەوجا بۆ نامبەیتەوە",
        "start": 230112.0,
        "end": 232997.0,
        "audio": "content/segments/204/59.ogg"
    },
    {
        "ID": "60",
        "gender": "M",
        "age": "A",
        "character_name": "ئاغا",
        "text": "دەباشە دەی دە لایبە بابرۆم کاکە دە لایبە دەبابرۆم",
        "text_original": "دەباشە دەی دە لایبە بابرۆم کاکە دە لایبە دەبابرۆم",
        "start": 233008.0,
        "end": 235612.0,
        "audio": "content/segments/204/60.ogg"
    },
    {
        "ID": "61",
        "gender": "M",
        "age": "A",
        "character_name": "ئەحۆل",
        "text": "تۆ بۆکوێ ئەرۆی ئاغا گیان",
        "text_original": "تۆ بۆکوێ ئەرۆی ئاغا گیان",
        "start": 235612.0,
        "end": 236812.0,
        "audio": "content/segments/204/61.ogg"
    },
    {
        "ID": "62",
        "gender": "M",
        "age": "A",
        "character_name": "ئاغا",
        "text": "ها من دەلێم ئەچم بۆ بازار",
        "text_original": "ها من دەلێم ئەچم بۆ بازار",
        "start": 236812.0,
        "end": 238462.0,
        "audio": "content/segments/204/62.ogg"
    },
    {
        "ID": "63",
        "gender": "M",
        "age": "A",
        "character_name": "ئەحۆل",
        "text": "ئێ بۆ بازار ئەچی",
        "text_original": "ئێ بۆ بازار ئەچی",
        "start": 238478.0,
        "end": 239818.0,
        "audio": "content/segments/204/63.ogg"
    },
    {
        "ID": "64",
        "gender": "M",
        "age": "A",
        "character_name": "ئاغا",
        "text": "ئەحۆل لایبە",
        "text_original": "ئەحۆل لایبە",
        "start": 239818.0,
        "end": 240526.0,
        "audio": "content/segments/204/64.ogg"
    },
    {
        "ID": "65",
        "gender": "M",
        "age": "A",
        "character_name": "ئەحۆل",
        "text": "هاها جوانە ئاغا گیان وەلای ئاغا گیان ئیشێکم پێتە",
        "text_original": "هاها جوانە ئاغا گیان وەلای ئاغا گیان ئیشێکم پێتە",
        "start": 240526.0,
        "end": 243996.0,
        "audio": "content/segments/204/65.ogg"
    },
    {
        "ID": "66",
        "gender": "M",
        "age": "A",
        "character_name": "ئاغا",
        "text": "دەی بزانم دەی",
        "text_original": "دەی بزانم دەی",
        "start": 244007.0,
        "end": 244707.0,
        "audio": "content/segments/204/66.ogg"
    },
    {
        "ID": "67",
        "gender": "M",
        "age": "A",
        "character_name": "ئەحۆل",
        "text": "ئەلێم حەزم لە هینە ئەو شتە چی پێ ئەلێن",
        "text_original": "ئەلێم حەزم لە هینە ئەو شتە چی پێ ئەلێن",
        "start": 244707.0,
        "end": 247877.0,
        "audio": "content/segments/204/67.ogg"
    },
    {
        "ID": "68",
        "gender": "M",
        "age": "A",
        "character_name": "ئاغا",
        "text": "چی دەبیلێ درەنگمە",
        "text_original": "چی دەبیلێ درەنگمە",
        "start": 247877.0,
        "end": 249050.0,
        "audio": "content/segments/204/68.ogg"
    },
    {
        "ID": "69",
        "gender": "M",
        "age": "A",
        "character_name": "ئەحۆل",
        "text": "حەزم لە گۆشتە",
        "text_original": "حەزم لە گۆشتە",
        "start": 249069.0,
        "end": 250199.0,
        "audio": "content/segments/204/69.ogg"
    },
    {
        "ID": "70",
        "gender": "M",
        "age": "A",
        "character_name": "ئاغا",
        "text": "گۆشتی چی باوکەرۆ",
        "text_original": "گۆشتی چی باوکەرۆ",
        "start": 250779.0,
        "end": 252311.0,
        "audio": "content/segments/204/70.ogg"
    },
    {
        "ID": "71",
        "gender": "M",
        "age": "A",
        "character_name": "ئەحۆل",
        "text": "هینە ئاغا گیان وەلا حەزم لە گۆشتی هینە",
        "text_original": "هینە ئاغا گیان وەلا حەزم لە گۆشتی هینە",
        "start": 252479.0,
        "end": 255569.0,
        "audio": "content/segments/204/71.ogg"
    },
    {
        "ID": "72",
        "gender": "M",
        "age": "A",
        "character_name": "ئاغا",
        "text": "گۆشتی چی",
        "text_original": "گۆشتی چی",
        "start": 255585.0,
        "end": 256714.99999999997,
        "audio": "content/segments/204/72.ogg"
    },
    {
        "ID": "73",
        "gender": "M",
        "age": "A",
        "character_name": "ئەحۆل",
        "text": "گۆشتی قاز",
        "text_original": "گۆشتی قاز",
        "start": 256714.99999999997,
        "end": 258127.0,
        "audio": "content/segments/204/73.ogg"
    },
    {
        "ID": "74",
        "gender": "M",
        "age": "A",
        "character_name": "ئاغا",
        "text": "حەزم لە گۆشتی قازە",
        "text_original": "حەزم لە گۆشتی قازە",
        "start": 260265.0,
        "end": 261242.00000000003,
        "audio": "content/segments/204/74.ogg"
    },
    {
        "ID": "75",
        "gender": "M",
        "age": "A",
        "character_name": "ئاغا",
        "text": "زۆرت حەز لێیە",
        "text_original": "زۆرت حەز لێیە",
        "start": 261985.0,
        "end": 263354.0,
        "audio": "content/segments/204/75.ogg"
    },
    {
        "ID": "76",
        "gender": "M",
        "age": "A",
        "character_name": "ئەحۆل",
        "text": "ئەرێوەلا هەر زۆر زۆرم حەز لێیەتی",
        "text_original": "ئەرێوەلا هەر زۆر زۆرم حەز لێیەتی",
        "start": 263354.0,
        "end": 265191.0,
        "audio": "content/segments/204/76.ogg"
    },
    {
        "ID": "77",
        "gender": "M",
        "age": "A",
        "character_name": "ئاغا",
        "text": "ئەرێ ئەحۆل باشە بۆ زوتر قسەت نەکرد",
        "text_original": "ئەرێ ئەحۆل باشە بۆ زوتر قسەت نەکرد",
        "start": 265191.0,
        "end": 267001.0,
        "audio": "content/segments/204/77.ogg"
    },
    {
        "ID": "78",
        "gender": "M",
        "age": "A",
        "character_name": "ئەحۆل",
        "text": "ئەی ئەوەنیە پێتەلێم حەزم لێیەتی",
        "text_original": "ئەی ئەوەنیە پێتەلێم حەزم لێیەتی",
        "start": 267004.0,
        "end": 269621.0,
        "audio": "content/segments/204/78.ogg"
    },
    {
        "ID": "79",
        "gender": "M",
        "age": "A",
        "character_name": "ئاغا",
        "text": "حەزت لە گۆشتی قازە",
        "text_original": "حەزت لە گۆشتی قازە",
        "start": 269622.0,
        "end": 270852.0,
        "audio": "content/segments/204/79.ogg"
    },
    {
        "ID": "80",
        "gender": "M",
        "age": "A",
        "character_name": "ئەحۆل",
        "text": "هەر زۆر زۆر حەزم لێیەتی",
        "text_original": "هەر زۆر زۆر حەزم لێیەتی",
        "start": 270868.0,
        "end": 271690.0,
        "audio": "content/segments/204/80.ogg"
    },
    {
        "ID": "81",
        "gender": "M",
        "age": "A",
        "character_name": "ئاغا",
        "text": "حەزت لە گۆشتی قازە ها",
        "text_original": "حەزت لە گۆشتی قازە ها",
        "start": 271690.0,
        "end": 273368.0,
        "audio": "content/segments/204/81.ogg"
    },
    {
        "ID": "82",
        "gender": "M",
        "age": "A",
        "character_name": "ئاغا",
        "text": "نا دسنی نا ڕەسەن خۆم وەختە کوێرایم دایە بۆ پارچەیە گۆشت",
        "text_original": "نا دسنی نا ڕەسەن خۆم وەختە کوێرایم دایە بۆ پارچەیە گۆشت",
        "start": 273368.0,
        "end": 276613.0,
        "audio": "content/segments/204/82.ogg"
    },
    {
        "ID": "83",
        "gender": "M",
        "age": "A",
        "character_name": "ئاغا",
        "text": "چەند دانە سالە لەو کۆلانانە فلافلە خۆم، گۆشتی قاز",
        "text_original": "چەند دانە سالە لەو کۆلانانە فلافلە خۆم، گۆشتی قاز",
        "start": 278859.0,
        "end": 283011.0,
        "audio": "content/segments/204/83.ogg"
    },
    {
        "ID": "84",
        "gender": "M",
        "age": "A",
        "character_name": "ئاغا",
        "text": "لایبە ئەو ئاوە لایبە ئەو ئاوە",
        "text_original": "لایبە ئەو ئاوە لایبە ئەو ئاوە",
        "start": 283214.0,
        "end": 284424.0,
        "audio": "content/segments/204/84.ogg"
    },
    {
        "ID": "85",
        "gender": "M",
        "age": "A",
        "character_name": "ئەحۆل",
        "text": "ئێ دە بەبنی دابرۆ بەبنی دابرۆ",
        "text_original": "ئێ دە بەبنی دابرۆ بەبنی دابرۆ",
        "start": 284432.0,
        "end": 286342.0,
        "audio": "content/segments/204/85.ogg"
    },
    {
        "ID": "86",
        "gender": "M",
        "age": "A",
        "character_name": "ئاغا",
        "text": "نادسنی نارەسەن",
        "text_original": "نادسنی نارەسەن",
        "start": 286342.0,
        "end": 287485.0,
        "audio": "content/segments/204/86.ogg"
    },
    {
        "ID": "87",
        "gender": "M",
        "age": "A",
        "character_name": "ئەحۆل",
        "text": "عەیبمان بەنێ دەی دەمە ئاغا فشەکەر",
        "text_original": "عەیبمان بەنێ دەی دەمە ئاغا فشەکەر",
        "start": 293498.0,
        "end": 296812.0,
        "audio": "content/segments/204/87.ogg"
    },
    {
        "ID": "88",
        "gender": "M",
        "age": "A",
        "character_name": "ئەحۆل",
        "text": "وەلای ئەبێ بتنێرمە بیابان لە پەلەکە پان",
        "text_original": "وەلای ئەبێ بتنێرمە بیابان لە پەلەکە پان",
        "start": 296827.0,
        "end": 302878.0,
        "audio": "content/segments/204/88.ogg"
    },
    {
        "ID": "89",
        "gender": "M",
        "age": "A",
        "character_name": "ئەحۆل",
        "text": "ئاغا بە یارمەتی و ئەو مۆبایلە و تخوا بێ زەحمەت",
        "text_original": "ئاغا بە یارمەتی و ئەو مۆبایلە و تخوا بێ زەحمەت",
        "start": 307776.0,
        "end": 310773.0,
        "audio": "content/segments/204/89.ogg"
    },
    {
        "ID": "90",
        "gender": "M",
        "age": "A",
        "character_name": "ئەحۆل",
        "text": "ئادەی لەوەی با ئاغاوە با نوکەیێ بۆ وەی خۆم بکەم بزانم چۆنە",
        "text_original": "ئادەی لەوەی با ئاغاوە با نوکەیێ بۆ وەی خۆم بکەم بزانم چۆنە",
        "start": 311949.0,
        "end": 314771.0,
        "audio": "content/segments/204/90.ogg"
    },
    {
        "ID": "91",
        "gender": "M",
        "age": "A",
        "character_name": "ئەحۆل",
        "text": "ئەروەلا گرتم",
        "text_original": "ئەروەلا گرتم",
        "start": 316654.0,
        "end": 319020.0,
        "audio": "content/segments/204/91.ogg"
    },
    {
        "ID": "92",
        "gender": "M",
        "age": "A",
        "character_name": "ئەحۆل",
        "text": "ئادەی ئەم جارەشیان",
        "text_original": "ئادەی ئەم جارەشیان",
        "start": 319344.0,
        "end": 320794.0,
        "audio": "content/segments/204/92.ogg"
    },
    {
        "ID": "93",
        "gender": "M",
        "age": "A",
        "character_name": "ئەحۆل",
        "text": "ئەرێوەلا گرتم",
        "text_original": "ئەرێوەلا گرتم",
        "start": 324208.0,
        "end": 325158.0,
        "audio": "content/segments/204/93.ogg"
    },
    {
        "ID": "94",
        "gender": "M",
        "age": "A",
        "character_name": "ئاغا",
        "text": "ناجسنی نارەسەن ئەوە ئەفعالە",
        "text_original": "ناجسنی نارەسەن ئەوە ئەفعالە",
        "start": 329699.0,
        "end": 332431.0,
        "audio": "content/segments/204/94.ogg"
    },
    {
        "ID": "95",
        "gender": "M",
        "age": "A",
        "character_name": "ئاغا",
        "text": "دوێنێ دەم تێکرد ئەمرۆ خوایە بۆ دووی تیا ماوە ها ئەمە چیە",
        "text_original": "دوێنێ دەم تێکرد ئەمرۆ خوایە بۆ دووی تیا ماوە ها ئەمە چیە",
        "start": 332431.0,
        "end": 335774.0,
        "audio": "content/segments/204/95.ogg"
    },
    {
        "ID": "96",
        "gender": "M",
        "age": "A",
        "character_name": "ئەحۆل",
        "text": "ئێ قەیچیەکە ئاغا گیان چیمان کردوە",
        "text_original": "ئێ قەیچیەکە ئاغا گیان چیمان کردوە",
        "start": 335774.0,
        "end": 337251.0,
        "audio": "content/segments/204/96.ogg"
    },
    {
        "ID": "97",
        "gender": "M",
        "age": "A",
        "character_name": "ئەحۆل",
        "text": "تۆزێک لەوەی توەوە دوو نوکەم بۆوەی خۆم کرو گرتم و تەواو",
        "text_original": "تۆزێک لەوەی توەوە دوو نوکەم بۆوەی خۆم کرو گرتم و تەواو",
        "start": 337251.0,
        "end": 340447.0,
        "audio": "content/segments/204/97.ogg"
    },
    {
        "ID": "98",
        "gender": "M",
        "age": "A",
        "character_name": "ئاغا",
        "text": "یەعنی ئەوە میرزا فێری کردوی ئەو فعلە جوانانەو",
        "text_original": "یەعنی ئەوە میرزا فێری کردوی ئەو فعلە جوانانەو",
        "start": 340447.0,
        "end": 343347.0,
        "audio": "content/segments/204/98.ogg"
    },
    {
        "ID": "99",
        "gender": "M",
        "age": "A",
        "character_name": "ئەحۆل",
        "text": "نەوەلا هەر خۆم ئەیزانم و حەزیشم لێیەتی و تەواو",
        "text_original": "نەوەلا هەر خۆم ئەیزانم و حەزیشم لێیەتی و تەواو",
        "start": 343352.0,
        "end": 345937.0,
        "audio": "content/segments/204/99.ogg"
    },
    {
        "ID": "100",
        "gender": "M",
        "age": "A",
        "character_name": "ئاغا",
        "text": "حەزیشم لێیەتی",
        "text_original": "حەزیشم لێیەتی",
        "start": 345942.0,
        "end": 346832.0,
        "audio": "content/segments/204/100.ogg"
    },
    {
        "ID": "101",
        "gender": "M",
        "age": "A",
        "character_name": "ئەحۆل",
        "text": "بەرێ",
        "text_original": "بەرێ",
        "start": 346832.0,
        "end": 347512.0,
        "audio": "content/segments/204/101.ogg"
    },
    {
        "ID": "102",
        "gender": "M",
        "age": "A",
        "character_name": "ئاغا",
        "text": "نادسنی نارەسەن",
        "text_original": "نادسنی نارەسەن",
        "start": 349333.0,
        "end": 350311.0,
        "audio": "content/segments/204/102.ogg"
    },
    {
        "ID": "103",
        "gender": "M",
        "age": "A",
        "character_name": "ئاغا",
        "text": "ئەلێم خوایە بۆ تێیەکەم تیا نامێنێ",
        "text_original": "ئەلێم خوایە بۆ تێیەکەم تیا نامێنێ",
        "start": 351264.0,
        "end": 353654.0,
        "audio": "content/segments/204/103.ogg"
    },
    {
        "ID": "104",
        "gender": "M",
        "age": "A",
        "character_name": "ئاغا",
        "text": "داواشم لێیەکە ڕەقەمەکەی من غەزن بکە",
        "text_original": "داواشم لێیەکە ڕەقەمەکەی من غەزن بکە",
        "start": 354064.0,
        "end": 356143.0,
        "audio": "content/segments/204/104.ogg"
    },
    {
        "ID": "105",
        "gender": "M",
        "age": "A",
        "character_name": "ئاغا",
        "text": "وەلا قەت غەزنی ناکەم ئەتو دایمەن بە دوای کنهمەوەی",
        "text_original": "وەلا قەت غەزنی ناکەم ئەتو دایمەن بە دوای کنهمەوەی",
        "start": 356143.0,
        "end": 358482.0,
        "audio": "content/segments/204/105.ogg"
    },
    {
        "ID": "106",
        "gender": "M",
        "age": "A",
        "character_name": "ئەحۆل",
        "text": "بۆ ئاغا بۆ ڕەقەمەکەی من و لانیە",
        "text_original": "بۆ ئاغا بۆ ڕەقەمەکەی من و لانیە",
        "start": 358482.0,
        "end": 360611.0,
        "audio": "content/segments/204/106.ogg"
    },
    {
        "ID": "107",
        "gender": "M",
        "age": "A",
        "character_name": "ئاغا",
        "text": "ناجسنی نارەسەن گوێبگرە ئەچمە باخەکە",
        "text_original": "ناجسنی نارەسەن گوێبگرە ئەچمە باخەکە",
        "start": 362502.0,
        "end": 365891.0,
        "audio": "content/segments/204/107.ogg"
    },
    {
        "ID": "108",
        "gender": "M",
        "age": "A",
        "character_name": "ئاغا",
        "text": "خوام لەو خوایەی یەک دەنگت بێت ، دەنگت بێ",
        "text_original": "خوام لەو خوایەی یەک دەنگت بێت ، دەنگت بێ",
        "start": 365891.0,
        "end": 368046.0,
        "audio": "content/segments/204/108.ogg"
    },
    {
        "ID": "109",
        "gender": "M",
        "age": "A",
        "character_name": "ئاغا",
        "text": "نیە ئاوا تێدچێنم ئا ئاوای باشە",
        "text_original": "نیە ئاوا تێدچێنم ئا ئاوای باشە",
        "start": 368046.0,
        "end": 370347.0,
        "audio": "content/segments/204/109.ogg"
    },
    {
        "ID": "110",
        "gender": "M",
        "age": "A",
        "character_name": "ئەحۆل",
        "text": "ئەو چوار بەنێ بەو گۆنەم ئاغا",
        "text_original": "ئەو چوار بەنێ بەو گۆنەم ئاغا",
        "start": 378720.0,
        "end": 381401.0,
        "audio": "content/segments/204/110.ogg"
    },
    {
        "ID": "111",
        "gender": "M",
        "age": "A",
        "character_name": "ئەحۆل",
        "text": "ئێستا چۆن پەنێک و پیا ، ئێستا کاتی پەنەکە هاتووە",
        "text_original": "ئێستا چۆن پەنێک و پیا ، ئێستا کاتی پەنەکە هاتووە",
        "start": 381401.0,
        "end": 385380.0,
        "audio": "content/segments/204/111.ogg"
    },
    {
        "ID": "112",
        "gender": "M",
        "age": "A",
        "character_name": "ئەحۆل",
        "text": "ئا ئێستا بزانە چۆن خۆم بۆو لێئەکەم بە کچ",
        "text_original": "ئا ئێستا بزانە چۆن خۆم بۆو لێئەکەم بە کچ",
        "start": 385460.0,
        "end": 388897.0,
        "audio": "content/segments/204/112.ogg"
    },
    {
        "ID": "113",
        "gender": "M",
        "age": "A",
        "character_name": "ئاغا",
        "text": "جا ئێستا بزانە چۆن پەنێکت پیا ئەهێنم یەک دەقە",
        "text_original": "جا ئێستا بزانە چۆن پەنێکت پیا ئەهێنم یەک دەقە",
        "start": 390344.0,
        "end": 391704.0,
        "audio": "content/segments/204/113.ogg"
    },
    {
        "ID": "114",
        "gender": "M",
        "age": "A",
        "character_name": "ئاغا",
        "text": "بۆم بوەستە ئەی فشەکەر",
        "text_original": "بۆم بوەستە ئەی فشەکەر",
        "start": 391704.0,
        "end": 393873.0,
        "audio": "content/segments/204/114.ogg"
    },
    {
        "ID": "115",
        "gender": "M",
        "age": "A",
        "character_name": "ئاغا",
        "text": "بزانم تانکیەکەی پرکردوە",
        "text_original": "بزانم تانکیەکەی پرکردوە",
        "start": 400544.0,
        "end": 402357.0,
        "audio": "content/segments/204/115.ogg"
    },
    {
        "ID": "116",
        "gender": "M",
        "age": "A",
        "character_name": "ئاغا",
        "text": "ئەی ئافەریم ئەحۆل وەلا ئافەرین ئەی ئافەرین ئەحۆل",
        "text_original": "ئەی ئافەریم ئەحۆل وەلا ئافەرین ئەی ئافەرین ئەحۆل",
        "start": 404273.0,
        "end": 408565.0,
        "audio": "content/segments/204/116.ogg"
    },
    {
        "ID": "117",
        "gender": "M",
        "age": "A",
        "character_name": "ئاغا",
        "text": "ئەی مل و شکێ ئەحۆل هەتی هەرچی بەلوعە هەیە",
        "text_original": "ئەی مل و شکێ ئەحۆل هەتی هەرچی بەلوعە هەیە",
        "start": 409465.0,
        "end": 412206.0,
        "audio": "content/segments/204/117.ogg"
    },
    {
        "ID": "118",
        "gender": "M",
        "age": "A",
        "character_name": "ئاغا",
        "text": "سیلاکی کردوە هەتی دەلێی بە گاز ئەیکاتەوە",
        "text_original": "سیلاکی کردوە هەتی دەلێی بە گاز ئەیکاتەوە",
        "start": 412206.0,
        "end": 414232.0,
        "audio": "content/segments/204/118.ogg"
    },
    {
        "ID": "119",
        "gender": "M",
        "age": "A",
        "character_name": "ئاغا",
        "text": "تەلەفونە ئێستا میرزایە",
        "text_original": "تەلەفونە ئێستا میرزایە",
        "start": 415258.0,
        "end": 418328.0,
        "audio": "content/segments/204/119.ogg"
    },
    {
        "ID": "120",
        "gender": "M",
        "age": "A",
        "character_name": "ئاغا",
        "text": "لەکوێی بەس دەچیە دۆمینە ناوەلا ئەو نیە",
        "text_original": "لەکوێی بەس دەچیە دۆمینە ناوەلا ئەو نیە",
        "start": 418823.0,
        "end": 422823.0,
        "audio": "content/segments/204/120.ogg"
    },
    {
        "ID": "121",
        "gender": "M",
        "age": "A",
        "character_name": "ئاغا",
        "text": "ئەو ڕەقەمە ناناسم ، ئەلو",
        "text_original": "ئەو ڕەقەمە ناناسم ، ئەلو",
        "start": 423845.0,
        "end": 428077.0,
        "audio": "content/segments/204/121.ogg"
    },
    {
        "ID": "122",
        "gender": "M",
        "age": "A",
        "character_name": "ئەحۆل",
        "text": "ئەلو ، تۆ ئاغا بالا بەرزە چاو سەوزە قوزەکەی",
        "text_original": "ئەلو ، تۆ ئاغا بالا بەرزە چاو سەوزە قوزەکەی",
        "start": 428440.0,
        "end": 434100.0,
        "audio": "content/segments/204/122.ogg"
    },
    {
        "ID": "123",
        "gender": "M",
        "age": "A",
        "character_name": "ئاغا",
        "text": "ئا ئا ئەوم ئاغا بالا بەرزەکەم",
        "text_original": "ئا ئا ئەوم ئاغا بالا بەرزەکەم",
        "start": 437512.0,
        "end": 441205.0,
        "audio": "content/segments/204/123.ogg"
    },
    {
        "ID": "124",
        "gender": "M",
        "age": "A",
        "character_name": "ئاغا",
        "text": "بەساقەی ئەو دەنگەت بم کەتۆ هەتە کێی جەنابت",
        "text_original": "بەساقەی ئەو دەنگەت بم کەتۆ هەتە کێی جەنابت",
        "start": 441205.0,
        "end": 445253.0,
        "audio": "content/segments/204/124.ogg"
    },
    {
        "ID": "125",
        "gender": "M",
        "age": "A",
        "character_name": "ئەحۆل",
        "text": "تۆ من ناناسی من زیاتر حەزەکەم لێ و نزیک ببمەوە",
        "text_original": "تۆ من ناناسی من زیاتر حەزەکەم لێ و نزیک ببمەوە",
        "start": 445253.0,
        "end": 449690.0,
        "audio": "content/segments/204/125.ogg"
    },
    {
        "ID": "126",
        "gender": "M",
        "age": "A",
        "character_name": "ئاغا",
        "text": "بۆ نا وەلا منیش ئەوەنە حەزەکەم نزیک ببمەوە ئەمەنە حەزەکەم",
        "text_original": "بۆ نا وەلا منیش ئەوەنە حەزەکەم نزیک ببمەوە ئەمەنە حەزەکەم",
        "start": 451221.0,
        "end": 455923.0,
        "audio": "content/segments/204/126.ogg"
    },
    {
        "ID": "127",
        "gender": "M",
        "age": "A",
        "character_name": "ئاغا",
        "text": "نزیک ببمەوە ڕێک بێمە باوشتەوە",
        "text_original": "نزیک ببمەوە ڕێک بێمە باوشتەوە",
        "start": 455923.0,
        "end": 457502.0,
        "audio": "content/segments/204/127.ogg"
    },
    {
        "ID": "128",
        "gender": "M",
        "age": "A",
        "character_name": "ئاغا",
        "text": "یەعنی مەخسەدم بێیتە باوشمەوە قوربانی ئەو دەنگەو بم",
        "text_original": "یەعنی مەخسەدم بێیتە باوشمەوە قوربانی ئەو دەنگەو بم",
        "start": 457502.0,
        "end": 461418.0,
        "audio": "content/segments/204/128.ogg"
    },
    {
        "ID": "129",
        "gender": "M",
        "age": "A",
        "character_name": "ئەحۆل",
        "text": "وەیی وەلا وات لێکرد من لە ئێستاوە خەریکە لێت",
        "text_original": "وەیی وەلا وات لێکرد من لە ئێستاوە خەریکە لێت",
        "start": 461655.0,
        "end": 464982.0,
        "audio": "content/segments/204/129.ogg"
    },
    {
        "ID": "130",
        "gender": "M",
        "age": "A",
        "character_name": "ئەحۆل",
        "text": "ئەترسم وەحشی",
        "text_original": "ئەترسم وەحشی",
        "start": 464982.0,
        "end": 466741.0,
        "audio": "content/segments/204/130.ogg"
    },
    {
        "ID": "131",
        "gender": "M",
        "age": "A",
        "character_name": "ئاغا",
        "text": "بە کێ ئەلێی مەحشی کچێ کچێ ئەوە نازەکەم بە سەرتا",
        "text_original": "بە کێ ئەلێی مەحشی کچێ کچێ ئەوە نازەکەم بە سەرتا",
        "start": 467501.0,
        "end": 471992.0,
        "audio": "content/segments/204/131.ogg"
    },
    {
        "ID": "132",
        "gender": "M",
        "age": "A",
        "character_name": "ئاغا",
        "text": "بدە تۆ پێت نەوتم تۆکێی تخوا",
        "text_original": "بدە تۆ پێت نەوتم تۆکێی تخوا",
        "start": 472459.0,
        "end": 476209.0,
        "audio": "content/segments/204/132.ogg"
    },
    {
        "ID": "133",
        "gender": "M",
        "age": "A",
        "character_name": "ئەحۆل",
        "text": "پێت نالێم حەزەکەم بە موفاجیئی بێم",
        "text_original": "پێت نالێم حەزەکەم بە موفاجیئی بێم",
        "start": 476220.0,
        "end": 479167.0,
        "audio": "content/segments/204/133.ogg"
    },
    {
        "ID": "134",
        "gender": "M",
        "age": "A",
        "character_name": "ئەحۆل",
        "text": "بۆلات ئاغا گیان میوان قبولەکەی",
        "text_original": "بۆلات ئاغا گیان میوان قبولەکەی",
        "start": 479167.0,
        "end": 482640.0,
        "audio": "content/segments/204/134.ogg"
    },
    {
        "ID": "135",
        "gender": "M",
        "age": "A",
        "character_name": "ئاغا",
        "text": "میوان، کچێ چۆن ڕایناگرم میوان بە ساقەی ئەو دلەت بم",
        "text_original": "میوان، کچێ چۆن ڕایناگرم میوان بە ساقەی ئەو دلەت بم",
        "start": 482850.0,
        "end": 487561.0,
        "audio": "content/segments/204/135.ogg"
    },
    {
        "ID": "136",
        "gender": "M",
        "age": "A",
        "character_name": "ئاغا",
        "text": "بەس تۆ ناوت چیە ناو",
        "text_original": "بەس تۆ ناوت چیە ناو",
        "start": 488381.0,
        "end": 491476.0,
        "audio": "content/segments/204/136.ogg"
    },
    {
        "ID": "137",
        "gender": "M",
        "age": "A",
        "character_name": "ئەحۆل",
        "text": "من ناوم فاتیمەیە بەس لە خۆشەویستیا پێم ئەلێن فاتە",
        "text_original": "من ناوم فاتیمەیە بەس لە خۆشەویستیا پێم ئەلێن فاتە",
        "start": 491476.0,
        "end": 496226.0,
        "audio": "content/segments/204/137.ogg"
    },
    {
        "ID": "138",
        "gender": "M",
        "age": "A",
        "character_name": "ئاغا",
        "text": "فاتە ئەلا لەو ناوە خۆشە فاتە، فاتە لەسەر وەزنی تەماتە",
        "text_original": "فاتە ئەلا لەو ناوە خۆشە فاتە، فاتە لەسەر وەزنی تەماتە",
        "start": 497684.0,
        "end": 504063.0,
        "audio": "content/segments/204/138.ogg"
    },
    {
        "ID": "139",
        "gender": "M",
        "age": "A",
        "character_name": "ئاغا",
        "text": "لەسەر وەزنی زەلاتە خرە عەین هەلماتە",
        "text_original": "لەسەر وەزنی زەلاتە خرە عەین هەلماتە",
        "start": 504079.0,
        "end": 507569.0,
        "audio": "content/segments/204/139.ogg"
    },
    {
        "ID": "140",
        "gender": "M",
        "age": "A",
        "character_name": "ئاغا",
        "text": "ئەی من من شاعیریشم",
        "text_original": "ئەی من من شاعیریشم",
        "start": 509730.0,
        "end": 512309.99999999994,
        "audio": "content/segments/204/140.ogg"
    },
    {
        "ID": "141",
        "gender": "M",
        "age": "A",
        "character_name": "ئەحۆل",
        "text": "نا ئاغا گیان شاعیریشیت",
        "text_original": "نا ئاغا گیان شاعیریشیت",
        "start": 512635.0,
        "end": 516128.00000000006,
        "audio": "content/segments/204/141.ogg"
    },
    {
        "ID": "142",
        "gender": "M",
        "age": "A",
        "character_name": "ئەحۆل",
        "text": "دەمن زۆرم حەز لە شعرە دە تخوا شعرەکم بۆبلێ",
        "text_original": "دەمن زۆرم حەز لە شعرە دە تخوا شعرەکم بۆبلێ",
        "start": 516128.00000000006,
        "end": 519758.00000000006,
        "audio": "content/segments/204/142.ogg"
    },
    {
        "ID": "143",
        "gender": "M",
        "age": "A",
        "character_name": "ئاغا",
        "text": "ئاخر ناوێرم بیلێم دەزانی بۆ ئەترسم ئە ئەحۆلە کەرە گوێی لێمبێ",
        "text_original": "ئاخر ناوێرم بیلێم دەزانی بۆ ئەترسم ئە ئەحۆلە کەرە گوێی لێمبێ",
        "start": 521524.0,
        "end": 526738.0,
        "audio": "content/segments/204/143.ogg"
    },
    {
        "ID": "144",
        "gender": "M",
        "age": "A",
        "character_name": "ئەحۆل",
        "text": "پێی مەلێ کەر دە تخوا حەزم لێنیە بەکەس بلێی کەر",
        "text_original": "پێی مەلێ کەر دە تخوا حەزم لێنیە بەکەس بلێی کەر",
        "start": 526738.0,
        "end": 530199.0,
        "audio": "content/segments/204/144.ogg"
    },
    {
        "ID": "145",
        "gender": "M",
        "age": "A",
        "character_name": "ئەحۆل",
        "text": "تۆ شعرەکەم بۆ بخوێنەرەوە زۆرم حەز لە شعرە",
        "text_original": "تۆ شعرەکەم بۆ بخوێنەرەوە زۆرم حەز لە شعرە",
        "start": 530202.0,
        "end": 533294.0,
        "audio": "content/segments/204/145.ogg"
    },
    {
        "ID": "146",
        "gender": "M",
        "age": "A",
        "character_name": "ئەحۆل",
        "text": "هەر زۆر زۆرم حەز لێیەتی",
        "text_original": "هەر زۆر زۆرم حەز لێیەتی",
        "start": 533294.0,
        "end": 534920.0,
        "audio": "content/segments/204/146.ogg"
    },
    {
        "ID": "147",
        "gender": "M",
        "age": "A",
        "character_name": "ئاغا",
        "text": "شعرت بۆ بلێم دە گوێ بگرە",
        "text_original": "شعرت بۆ بلێم دە گوێ بگرە",
        "start": 535547.0,
        "end": 538597.0,
        "audio": "content/segments/204/147.ogg"
    },
    {
        "ID": "148",
        "gender": "M",
        "age": "A",
        "character_name": "ئاغا",
        "text": "ئەمن ئاغا و ئەتۆ فاتە دایمەن دلم لەلاتە",
        "text_original": "ئەمن ئاغا و ئەتۆ فاتە دایمەن دلم لەلاتە",
        "start": 539236.0,
        "end": 543835.0,
        "audio": "content/segments/204/148.ogg"
    },
    {
        "ID": "149",
        "gender": "M",
        "age": "A",
        "character_name": "ئاغا",
        "text": "خرە عەینن هەلماتە زوو وەرە فاتە زوو وەرە فاتە تەواو",
        "text_original": "خرە عەینن هەلماتە زوو وەرە فاتە زوو وەرە فاتە تەواو",
        "start": 543835.0,
        "end": 550378.0,
        "audio": "content/segments/204/149.ogg"
    },
    {
        "ID": "150",
        "gender": "M",
        "age": "A",
        "character_name": "ئەحۆل",
        "text": "وی کە خۆش بوو ئەلێم ئاغا گیان",
        "text_original": "وی کە خۆش بوو ئەلێم ئاغا گیان",
        "start": 550378.0,
        "end": 554648.0,
        "audio": "content/segments/204/150.ogg"
    },
    {
        "ID": "151",
        "gender": "M",
        "age": "A",
        "character_name": "ئاغا",
        "text": "کچێ گیانی ئاغا کچێ ڕووحی ئاغا",
        "text_original": "کچێ گیانی ئاغا کچێ ڕووحی ئاغا",
        "start": 556118.0,
        "end": 559630.0,
        "audio": "content/segments/204/151.ogg"
    },
    {
        "ID": "152",
        "gender": "M",
        "age": "A",
        "character_name": "ئاغا",
        "text": "دە تۆ وا بانگم مەکە من پیاوم بەقورعان",
        "text_original": "دە تۆ وا بانگم مەکە من پیاوم بەقورعان",
        "start": 559630.0,
        "end": 562754.0,
        "audio": "content/segments/204/152.ogg"
    },
    {
        "ID": "153",
        "gender": "M",
        "age": "A",
        "character_name": "ئاغا",
        "text": "کە وا قسەم لەگەلا دەکەی مهوی گیانم ڕەپ بووە",
        "text_original": "کە وا قسەم لەگەلا دەکەی مهوی گیانم ڕەپ بووە",
        "start": 562754.0,
        "end": 564594.0,
        "audio": "content/segments/204/153.ogg"
    },
    {
        "ID": "154",
        "gender": "M",
        "age": "A",
        "character_name": "ئاغا",
        "text": "یەکی ئا ئەوەنەی لێهاتوە",
        "text_original": "یەکی ئا ئەوەنەی لێهاتوە",
        "start": 564594.0,
        "end": 565787.0,
        "audio": "content/segments/204/154.ogg"
    },
    {
        "ID": "155",
        "gender": "M",
        "age": "A",
        "character_name": "ئەحۆل",
        "text": "ئەلێم حەزەکەی بەیانی بێم",
        "text_original": "ئەلێم حەزەکەی بەیانی بێم",
        "start": 565981.0,
        "end": 569981.0,
        "audio": "content/segments/204/155.ogg"
    },
    {
        "ID": "156",
        "gender": "M",
        "age": "A",
        "character_name": "ئاغا",
        "text": "بۆلای من ئا دەەئا ئا دە ئەگەر ڕاست دەکەی ئا دەی",
        "text_original": "بۆلای من ئا دەەئا ئا دە ئەگەر ڕاست دەکەی ئا دەی",
        "start": 570016.0,
        "end": 574477.0,
        "audio": "content/segments/204/156.ogg"
    },
    {
        "ID": "157",
        "gender": "M",
        "age": "A",
        "character_name": "ئەحۆل",
        "text": "ئاغا گیان بۆ نیوەرۆ چیم بۆ لێ ئەنێی",
        "text_original": "ئاغا گیان بۆ نیوەرۆ چیم بۆ لێ ئەنێی",
        "start": 574492.0,
        "end": 578132.0,
        "audio": "content/segments/204/157.ogg"
    },
    {
        "ID": "158",
        "gender": "M",
        "age": "A",
        "character_name": "ئاغا",
        "text": "چی و بۆ لێنێم کچێ یەکشتت بۆ لێ ئەنێم لە دونیایا نیە",
        "text_original": "چی و بۆ لێنێم کچێ یەکشتت بۆ لێ ئەنێم لە دونیایا نیە",
        "start": 578146.0,
        "end": 583639.0,
        "audio": "content/segments/204/158.ogg"
    },
    {
        "ID": "159",
        "gender": "M",
        "age": "A",
        "character_name": "ئاغا",
        "text": "دوێنێ بەینی خۆمان بێ لە ئەسحابە سپی سیپەلکێکی مەرم کڕی وە",
        "text_original": "دوێنێ بەینی خۆمان بێ لە ئەسحابە سپی سیپەلکێکی مەرم کڕی وە",
        "start": 583639.0,
        "end": 587322.0,
        "audio": "content/segments/204/159.ogg"
    },
    {
        "ID": "160",
        "gender": "M",
        "age": "A",
        "character_name": "ئاغا",
        "text": "بە ئەلقە پیاز و تەماتە لە دونیایا نیە یا جا ئەگەر حەزیشت لێیە شتیکە دەکەم",
        "text_original": "بە ئەلقە پیاز و تەماتە لە دونیایا نیە یا جا ئەگەر حەزیشت لێیە شتیکە دەکەم",
        "start": 587322.0,
        "end": 590583.0,
        "audio": "content/segments/204/160.ogg"
    },
    {
        "ID": "161",
        "gender": "M",
        "age": "A",
        "character_name": "ئاغا",
        "text": "حەزیشت لێیە شتیکە دەکەم",
        "text_original": "حەزیشت لێیە شتیکە دەکەم",
        "start": 590583.0,
        "end": 591931.0,
        "audio": "content/segments/204/161.ogg"
    },
    {
        "ID": "162",
        "gender": "M",
        "age": "A",
        "character_name": "ئاغا",
        "text": "لەو بەر مانەوە پیزا هەیە جووتی بە (حەوت) هەزار",
        "text_original": "لەو بەر مانەوە پیزا هەیە جووتی بە (حەوت) هەزار",
        "start": 592279.0,
        "end": 593955.0,
        "audio": "content/segments/204/162.ogg"
    },
    {
        "ID": "163",
        "gender": "M",
        "age": "A",
        "character_name": "ئاغا",
        "text": "ئا یەکی سێ و نی و ئەکا",
        "text_original": "ئا یەکی سێ و نی و ئەکا",
        "start": 594262.0,
        "end": 595262.0,
        "audio": "content/segments/204/163.ogg"
    },
    {
        "ID": "164",
        "gender": "M",
        "age": "A",
        "character_name": "ئاغا",
        "text": "ئا یک خۆشە تێ ئ ئەگەی بە قاچک و تەرتیباتەوە",
        "text_original": "ئا یک خۆشە تێ ئ ئەگەی بە قاچک و تەرتیباتەوە",
        "start": 595569.0,
        "end": 598559.0,
        "audio": "content/segments/204/164.ogg"
    },
    {
        "ID": "165",
        "gender": "M",
        "age": "A",
        "character_name": "ئاغا",
        "text": "یان تۆ ڕاوەستە ڕاوەستە بۆ وابکەین هەر بە ئەحۆلەکە ئەلێم",
        "text_original": "یان تۆ ڕاوەستە ڕاوەستە بۆ وابکەین هەر بە ئەحۆلەکە ئەلێم",
        "start": 598559.0,
        "end": 601378.0,
        "audio": "content/segments/204/165.ogg"
    },
    {
        "ID": "166",
        "gender": "M",
        "age": "A",
        "character_name": "ئاغا",
        "text": "ساوارێکی تەربەرمان بۆ لێنێ چۆنە",
        "text_original": "ساوارێکی تەربەرمان بۆ لێنێ چۆنە",
        "start": 601378.0,
        "end": 603207.0,
        "audio": "content/segments/204/166.ogg"
    },
    {
        "ID": "167",
        "gender": "M",
        "age": "A",
        "character_name": "ئەحۆل",
        "text": "بە کێ ئەلێی کەر ئاغا بەو خوایە ساوار بێ دوو پێم",
        "text_original": "بە کێ ئەلێی کەر ئاغا بەو خوایە ساوار بێ دوو پێم",
        "start": 603207.0,
        "end": 607395.0,
        "audio": "content/segments/204/167.ogg"
    },
    {
        "ID": "168",
        "gender": "M",
        "age": "A",
        "character_name": "ئەحۆل",
        "text": "هەر نایە بەو ناوەیا",
        "text_original": "هەر نایە بەو ناوەیا",
        "start": 607395.0,
        "end": 608513.0,
        "audio": "content/segments/204/168.ogg"
    },
    {
        "ID": "169",
        "gender": "M",
        "age": "A",
        "character_name": "ئاغا",
        "text": "ئێ باشە باشە دە تۆ عاجز مەبە چیم وتوە ها",
        "text_original": "ئێ باشە باشە دە تۆ عاجز مەبە چیم وتوە ها",
        "start": 608632.0,
        "end": 612488.0,
        "audio": "content/segments/204/169.ogg"
    },
    {
        "ID": "170",
        "gender": "M",
        "age": "A",
        "character_name": "ئاغا",
        "text": "چیم وتوە ئێ باشە ئەگەر حەزت لێیە باوکم قوبلیەکی سورت",
        "text_original": "چیم وتوە ئێ باشە ئەگەر حەزت لێیە باوکم قوبلیەکی سورت",
        "start": 612488.0,
        "end": 616216.0,
        "audio": "content/segments/204/170.ogg"
    },
    {
        "ID": "171",
        "gender": "M",
        "age": "A",
        "character_name": "ئاغا",
        "text": "بۆ لوێ ئەنێم نەختێ خیار و تەماتەشی لەگەلا قاشەکەین چۆنە",
        "text_original": "بۆ لوێ ئەنێم نەختێ خیار و تەماتەشی لەگەلا قاشەکەین چۆنە",
        "start": 616216.0,
        "end": 618945.0,
        "audio": "content/segments/204/171.ogg"
    },
    {
        "ID": "172",
        "gender": "M",
        "age": "A",
        "character_name": "ئەحۆل",
        "text": "دە نانا تۆ من و خۆش ناوێ ئاغا گیان ئەگەر",
        "text_original": "دە نانا تۆ من و خۆش ناوێ ئاغا گیان ئەگەر",
        "start": 618945.0,
        "end": 623251.0,
        "audio": "content/segments/204/172.ogg"
    },
    {
        "ID": "173",
        "gender": "M",
        "age": "A",
        "character_name": "ئەحۆل",
        "text": "منت خۆش بوێ خواردنێکی زۆر زۆر خۆشم بۆ دروستەکەی",
        "text_original": "منت خۆش بوێ خواردنێکی زۆر زۆر خۆشم بۆ دروستەکەی",
        "start": 623251.0,
        "end": 627108.0,
        "audio": "content/segments/204/173.ogg"
    },
    {
        "ID": "174",
        "gender": "M",
        "age": "A",
        "character_name": "ئاغا",
        "text": "ئێ باشە بە ساقەو بم باوکم خۆو بیڵێ، خۆو بیڵێ",
        "text_original": "ئێ باشە بە ساقەو بم باوکم خۆو بیڵێ، خۆو بیڵێ",
        "start": 627108.0,
        "end": 630009.0,
        "audio": "content/segments/204/174.ogg"
    },
    {
        "ID": "175",
        "gender": "M",
        "age": "A",
        "character_name": "ئاغا",
        "text": "حەزت لەچیە بۆو بکرم دەدەی دەی تخوا بە ساقەو بم",
        "text_original": "حەزت لەچیە بۆو بکرم دەدەی دەی تخوا بە ساقەو بم",
        "start": 630009.0,
        "end": 633957.0,
        "audio": "content/segments/204/175.ogg"
    },
    {
        "ID": "176",
        "gender": "M",
        "age": "A",
        "character_name": "ئەحۆل",
        "text": "وەلا ئاغا گیان",
        "text_original": "وەلا ئاغا گیان",
        "start": 633957.0,
        "end": 634847.0,
        "audio": "content/segments/204/176.ogg"
    },
    {
        "ID": "177",
        "gender": "M",
        "age": "A",
        "character_name": "ئەحۆل",
        "text": "ئاغا گیان زۆر زۆرم حەز لە گۆشتی قازە",
        "text_original": "ئاغا گیان زۆر زۆرم حەز لە گۆشتی قازە",
        "start": 638121.0,
        "end": 642121.0,
        "audio": "content/segments/204/177.ogg"
    },
    {
        "ID": "178",
        "gender": "M",
        "age": "A",
        "character_name": "ئاغا",
        "text": "چۆن گۆشت قاز هەتی ئەمە ئەحۆل نەبێ پێم ڕابوێرێ",
        "text_original": "چۆن گۆشت قاز هەتی ئەمە ئەحۆل نەبێ پێم ڕابوێرێ",
        "start": 642290.0,
        "end": 650750.0,
        "audio": "content/segments/204/178.ogg"
    },
    {
        "ID": "179",
        "gender": "M",
        "age": "A",
        "character_name": "ئاغا",
        "text": "بابچم تەئکیدێ بکەم",
        "text_original": "بابچم تەئکیدێ بکەم",
        "start": 650813.0,
        "end": 652968.0,
        "audio": "content/segments/204/179.ogg"
    },
    {
        "ID": "181",
        "gender": "M",
        "age": "A",
        "character_name": "ئەحۆل",
        "text": "باوکە ڕۆ ئاغا هاو کەشف بووم",
        "text_original": "باوکە ڕۆ ئاغا هاو کەشف بووم",
        "start": 655664.0,
        "end": 658454.0,
        "audio": "content/segments/204/181.ogg"
    },
    {
        "ID": "183",
        "gender": "M",
        "age": "A",
        "character_name": "ئاغا",
        "text": "ئەحۆل، ئەحۆل، ئەحۆل نوستوە",
        "text_original": "ئەحۆل، ئەحۆل، ئەحۆل نوستوە",
        "start": 667769.0,
        "end": 675939.0,
        "audio": "content/segments/204/183.ogg"
    },
    {
        "ID": "184",
        "gender": "M",
        "age": "A",
        "character_name": "ئەحۆل",
        "text": "چاک نە خەوتم ئاغا گیان",
        "text_original": "چاک نە خەوتم ئاغا گیان",
        "start": 686725.0,
        "end": 690725.0,
        "audio": "content/segments/204/184.ogg"
    },
    {
        "ID": "185",
        "gender": "M",
        "age": "A",
        "character_name": "ئەحۆل",
        "text": "ئاغا گیان ئەوە بۆ دەنگت نەما",
        "text_original": "ئاغا گیان ئەوە بۆ دەنگت نەما",
        "start": 690732.0,
        "end": 694732.0,
        "audio": "content/segments/204/185.ogg"
    },
    {
        "ID": "186",
        "gender": "M",
        "age": "A",
        "character_name": "ئاغا",
        "text": "من ئەزانی چۆن ئەوە هین بوو شەبەکە و شت جاری وایە",
        "text_original": "من ئەزانی چۆن ئەوە هین بوو شەبەکە و شت جاری وایە",
        "start": 694948.0,
        "end": 698993.0,
        "audio": "content/segments/204/186.ogg"
    },
    {
        "ID": "187",
        "gender": "M",
        "age": "A",
        "character_name": "ئاغا",
        "text": "لێرە، ئا ئەوە مەسەل شەبەکەکەیە دە تۆ گوێبگرە فاتە گیان",
        "text_original": "لێرە، ئا ئەوە مەسەل شەبەکەکەیە دە تۆ گوێبگرە فاتە گیان",
        "start": 698993.0,
        "end": 703701.0,
        "audio": "content/segments/204/187.ogg"
    },
    {
        "ID": "188",
        "gender": "M",
        "age": "A",
        "character_name": "ئاغا",
        "text": "ئێستا ئەگەر بەیانی گۆشت قازت بۆ حازرکەم وەعد مەیتێ یێیت",
        "text_original": "ئێستا ئەگەر بەیانی گۆشت قازت بۆ حازرکەم وەعد مەیتێ یێیت",
        "start": 704450.0,
        "end": 709268.0,
        "audio": "content/segments/204/188.ogg"
    },
    {
        "ID": "189",
        "gender": "M",
        "age": "A",
        "character_name": "ئەحۆل",
        "text": "ئێ دە ئا دە تۆ گۆشت قازم بۆ لێنێ بزانە چۆن یێم",
        "text_original": "ئێ دە ئا دە تۆ گۆشت قازم بۆ لێنێ بزانە چۆن یێم",
        "start": 711748.0,
        "end": 715790.0,
        "audio": "content/segments/204/189.ogg"
    },
    {
        "ID": "190",
        "gender": "M",
        "age": "A",
        "character_name": "ئاغا",
        "text": "دەباشە مادەم وایە ئا ئێستا ئەچم بۆ زێر پردەکە",
        "text_original": "دەباشە مادەم وایە ئا ئێستا ئەچم بۆ زێر پردەکە",
        "start": 717246.0,
        "end": 720219.0,
        "audio": "content/segments/204/190.ogg"
    },
    {
        "ID": "191",
        "gender": "M",
        "age": "A",
        "character_name": "ئاغا",
        "text": "یەک قازت بۆ ئەکرم تێ ئەگەی باوەش نەیتوانێ",
        "text_original": "یەک قازت بۆ ئەکرم تێ ئەگەی باوەش نەیتوانێ",
        "start": 720219.0,
        "end": 722626.0,
        "audio": "content/segments/204/191.ogg"
    },
    {
        "ID": "192",
        "gender": "M",
        "age": "A",
        "character_name": "ئاغا",
        "text": "خوات لەگەل بەساقە و بمم",
        "text_original": "خوات لەگەل بەساقە و بمم",
        "start": 722626.0,
        "end": 725646.0,
        "audio": "content/segments/204/192.ogg"
    },
    {
        "ID": "194",
        "gender": "M",
        "age": "A",
        "character_name": "ئەحۆل",
        "text": "ئاغا ئاغا پشدێنەکە و پشدێنەکە و",
        "text_original": "ئاغا ئاغا پشدێنەکە و پشدێنەکە و",
        "start": 739142.0,
        "end": 743142.0,
        "audio": "content/segments/204/194.ogg"
    },
    {
        "ID": "196",
        "gender": "M",
        "age": "A",
        "character_name": "ئەحۆل",
        "text": "ئا ئاواو لێئەکەم ئاغا هەتا لە مالا بم ئەبێ شەریک و بم",
        "text_original": "ئا ئاواو لێئەکەم ئاغا هەتا لە مالا بم ئەبێ شەریک و بم",
        "start": 752767.0,
        "end": 756959.0,
        "audio": "content/segments/204/196.ogg"
    },
    {
        "ID": "198",
        "gender": "M",
        "age": "A",
        "character_name": "ئەحۆل",
        "text": "تۆ سەیر تۆسەیر تۆ کەی ئەوەنە لەش و سووک بووە",
        "text_original": "تۆ سەیر تۆسەیر تۆ کەی ئەوەنە لەش و سووک بووە",
        "start": 783248.0,
        "end": 786591.0,
        "audio": "content/segments/204/198.ogg"
    },
    {
        "ID": "199",
        "gender": "M",
        "age": "A",
        "character_name": "ئەحۆل",
        "text": "ئەو هەموو جرت و فرتە ئەکەی، ئەها ها ئەوە هاتەوە هاتەوە",
        "text_original": "ئەو هەموو جرت و فرتە ئەکەی، ئەها ها ئەوە هاتەوە هاتەوە",
        "start": 786591.0,
        "end": 789985.0,
        "audio": "content/segments/204/199.ogg"
    },
    {
        "ID": "200",
        "gender": "M",
        "age": "A",
        "character_name": "ئاغا",
        "text": "هەلمەسە هەلمەسە ئەحۆل گوێبگرە نێیتەوە زورەوە ها",
        "text_original": "هەلمەسە هەلمەسە ئەحۆل گوێبگرە نێیتەوە زورەوە ها",
        "start": 791100.0,
        "end": 795800.0,
        "audio": "content/segments/204/200.ogg"
    },
    {
        "ID": "201",
        "gender": "M",
        "age": "A",
        "character_name": "ئەحۆل",
        "text": "ئێ بۆ",
        "text_original": "ئێ بۆ",
        "start": 795810.0,
        "end": 796530.0,
        "audio": "content/segments/204/201.ogg"
    },
    {
        "ID": "202",
        "gender": "M",
        "age": "A",
        "character_name": "ئاغا",
        "text": "ئا وتیەوە بۆ ئەرێ کاکە وتم مەیەرە زورەوە یەک قەپ لەگوێت",
        "text_original": "ئا وتیەوە بۆ ئەرێ کاکە وتم مەیەرە زورەوە یەک قەپ لەگوێت",
        "start": 796530.0,
        "end": 800679.0,
        "audio": "content/segments/204/202.ogg"
    },
    {
        "ID": "203",
        "gender": "M",
        "age": "A",
        "character_name": "ئاغا",
        "text": "یەک گوێت لێ ئەکەمەوە بە قورعان ها نێیتەوە زورەوە",
        "text_original": "یەک گوێت لێ ئەکەمەوە بە قورعان ها نێیتەوە زورەوە",
        "start": 800679.0,
        "end": 802960.0,
        "audio": "content/segments/204/203.ogg"
    },
    {
        "ID": "204",
        "gender": "M",
        "age": "A",
        "character_name": "ئەحۆل",
        "text": "ئێ دەباشە نایەمە زورەوە",
        "text_original": "ئێ دەباشە نایەمە زورەوە",
        "start": 802960.0,
        "end": 805561.0,
        "audio": "content/segments/204/204.ogg"
    },
    {
        "ID": "205",
        "gender": "M",
        "age": "A",
        "character_name": "ئاغا",
        "text": "برۆم دلنیابم",
        "text_original": "برۆم دلنیابم",
        "start": 805561.0,
        "end": 806059.0,
        "audio": "content/segments/204/205.ogg"
    },
    {
        "ID": "206",
        "gender": "M",
        "age": "A",
        "character_name": "ئاغا",
        "text": "برۆ دلنیابە برۆ",
        "text_original": "برۆ دلنیابە برۆ",
        "start": 806251.0,
        "end": 807971.0,
        "audio": "content/segments/204/206.ogg"
    },
    {
        "ID": "208",
        "gender": "M",
        "age": "A",
        "character_name": "ئاغا",
        "text": "ئەحۆل، ئەحۆل",
        "text_original": "ئەحۆل، ئەحۆل",
        "start": 822215.0,
        "end": 823820.0,
        "audio": "content/segments/204/208.ogg"
    },
    {
        "ID": "209",
        "gender": "M",
        "age": "A",
        "character_name": "ئاغا",
        "text": "وەی مردم",
        "text_original": "وەی مردم",
        "start": 827526.0,
        "end": 828646.0,
        "audio": "content/segments/204/209.ogg"
    },
    {
        "ID": "210",
        "gender": "M",
        "age": "A",
        "character_name": "ئەحۆل",
        "text": "ئینشەلا",
        "text_original": "ئینشەلا",
        "start": 828701.0,
        "end": 829091.0,
        "audio": "content/segments/204/210.ogg"
    },
    {
        "ID": "211",
        "gender": "M",
        "age": "A",
        "character_name": "ئاغا",
        "text": "بەقوربانم بی ئەلێم ئەحۆل گوێبگرە ڕۆڵە",
        "text_original": "بەقوربانم بی ئەلێم ئەحۆل گوێبگرە ڕۆڵە",
        "start": 829230.0,
        "end": 833230.0,
        "audio": "content/segments/204/211.ogg"
    },
    {
        "ID": "212",
        "gender": "M",
        "age": "A",
        "character_name": "ئااغا",
        "text": "ئەلێم بۆ بۆخۆت ناچی بۆ بازار",
        "text_original": "ئەلێم بۆ بۆخۆت ناچی بۆ بازار",
        "start": 835271.0,
        "end": 838031.0,
        "audio": "content/segments/204/212.ogg"
    },
    {
        "ID": "213",
        "gender": "M",
        "age": "A",
        "character_name": "ئەحۆل",
        "text": "بۆکوێ",
        "text_original": "بۆکوێ",
        "start": 838067.0,
        "end": 838517.0,
        "audio": "content/segments/204/213.ogg"
    },
    {
        "ID": "214",
        "gender": "M",
        "age": "A",
        "character_name": "ئاغا",
        "text": "بازار",
        "text_original": "بازار",
        "start": 838521.0,
        "end": 838821.0,
        "audio": "content/segments/204/214.ogg"
    },
    {
        "ID": "215",
        "gender": "M",
        "age": "A",
        "character_name": "ئەحۆل",
        "text": "ئەجا کا ئەچم بۆ بازار ئەی ئەمان نەبووم",
        "text_original": "ئەجا کا ئەچم بۆ بازار ئەی ئەمان نەبووم",
        "start": 838835.0,
        "end": 841145.0,
        "audio": "content/segments/204/215.ogg"
    },
    {
        "ID": "216",
        "gender": "M",
        "age": "A",
        "character_name": "ئاغا",
        "text": "ئاخە کەرانی( هەزر و دوو سەد و پەنجا) ئەیەمێ برۆ بۆخۆو بیە",
        "text_original": "ئاخە کەرانی( هەزر و دوو سەد و پەنجا) ئەیەمێ برۆ بۆخۆو بیە",
        "start": 841146.0,
        "end": 843737.0,
        "audio": "content/segments/204/216.ogg"
    },
    {
        "ID": "217",
        "gender": "M",
        "age": "A",
        "character_name": "ئاغا",
        "text": "بە محەلەبیەک سێ پاقلاوەی تێکە لە دنیایێ نییا، دە بڕۆ",
        "text_original": "بە محەلەبیەک سێ پاقلاوەی تێکە لە دنیایێ نییا، دە بڕۆ",
        "start": 843737.0,
        "end": 846216.0,
        "audio": "content/segments/204/217.ogg"
    },
    {
        "ID": "218",
        "gender": "M",
        "age": "A",
        "character_name": "ئەحۆل",
        "text": "وەلا( هەزار و پێنسەتم)، بەیتێ ناچم",
        "text_original": "وەلا( هەزار و پێنسەتم)، بەیتێ ناچم",
        "start": 846216.0,
        "end": 848392.0,
        "audio": "content/segments/204/218.ogg"
    },
    {
        "ID": "219",
        "gender": "M",
        "age": "A",
        "character_name": "ئاغا",
        "text": "ناچی",
        "text_original": "ناچی",
        "start": 848504.0,
        "end": 849164.0,
        "audio": "content/segments/204/219.ogg"
    },
    {
        "ID": "220",
        "gender": "M",
        "age": "A",
        "character_name": "ئاغا",
        "text": "ناوەلا",
        "text_original": "ناوەلا",
        "start": 849167.0,
        "end": 849657.0,
        "audio": "content/segments/204/220.ogg"
    },
    {
        "ID": "221",
        "gender": "M",
        "age": "A",
        "character_name": "ئەحۆل",
        "text": "شانسی منە",
        "text_original": "شانسی منە",
        "start": 849679.0,
        "end": 850499.0,
        "audio": "content/segments/204/221.ogg"
    },
    {
        "ID": "222",
        "gender": "M",
        "age": "A",
        "character_name": "ئاغا",
        "text": "دەباشە دە هەستە برۆ پاکەتێکم بۆبێنە دەی",
        "text_original": "دەباشە دە هەستە برۆ پاکەتێکم بۆبێنە دەی",
        "start": 850656.0,
        "end": 852988.0,
        "audio": "content/segments/204/222.ogg"
    },
    {
        "ID": "223",
        "gender": "M",
        "age": "A",
        "character_name": "ئەحۆل",
        "text": "ئێ تو کوا پاکەتت خواردوە تا پاکەتت بۆ بکرم",
        "text_original": "ئێ تو کوا پاکەتت خواردوە تا پاکەتت بۆ بکرم",
        "start": 852988.0,
        "end": 855208.0,
        "audio": "content/segments/204/223.ogg"
    },
    {
        "ID": "224",
        "gender": "M",
        "age": "A",
        "character_name": "ئاغا",
        "text": "ئێ تۆ حاقت چیە لە زگی دایکم ئەیخۆم دە بەسە تەواو",
        "text_original": "ئێ تۆ حاقت چیە لە زگی دایکم ئەیخۆم دە بەسە تەواو",
        "start": 855212.0,
        "end": 858131.0,
        "audio": "content/segments/204/224.ogg"
    },
    {
        "ID": "225",
        "gender": "M",
        "age": "A",
        "character_name": "ئاغا",
        "text": "دەبرۆ بۆم بکرە دەی هەستە",
        "text_original": "دەبرۆ بۆم بکرە دەی هەستە",
        "start": 858131.0,
        "end": 859572.0,
        "audio": "content/segments/204/225.ogg"
    },
    {
        "ID": "226",
        "gender": "M",
        "age": "A",
        "character_name": "ئەحۆل",
        "text": "ئێ دەوەلای ناچم",
        "text_original": "ئێ دەوەلای ناچم",
        "start": 859572.0,
        "end": 860337.0,
        "audio": "content/segments/204/226.ogg"
    },
    {
        "ID": "227",
        "gender": "M",
        "age": "A",
        "character_name": "ئاغا",
        "text": "ئێ دەوەلای دەو تۆپێنێم",
        "text_original": "ئێ دەوەلای دەو تۆپێنێم",
        "start": 861205.0,
        "end": 862275.0,
        "audio": "content/segments/204/227.ogg"
    },
    {
        "ID": "228",
        "gender": "M",
        "age": "A",
        "character_name": "ئەحۆل",
        "text": "ئەی دەمادە ئەم تۆپێنی ئەچم",
        "text_original": "ئەی دەمادە ئەم تۆپێنی ئەچم",
        "start": 862434.0,
        "end": 863594.0,
        "audio": "content/segments/204/228.ogg"
    },
    {
        "ID": "229",
        "gender": "M",
        "age": "A",
        "character_name": "ئاغا",
        "text": "ئێه، دە بڕۆ دەی پاکەتێکم بۆ بکڕە",
        "text_original": "ئێه، دە بڕۆ دەی پاکەتێکم بۆ بکڕە",
        "start": 863665.0,
        "end": 865455.0,
        "audio": "content/segments/204/229.ogg"
    },
    {
        "ID": "230",
        "gender": "M",
        "age": "A",
        "character_name": "ئەحۆل",
        "text": "پاکەتی چیت بۆ بکنم",
        "text_original": "پاکەتی چیت بۆ بکنم",
        "start": 865504.0,
        "end": 866694.0,
        "audio": "content/segments/204/230.ogg"
    },
    {
        "ID": "231",
        "gender": "M",
        "age": "A",
        "character_name": "ئاغا",
        "text": "دەخن، فشن، ئا",
        "text_original": "دەخن، فشن، ئا",
        "start": 866851.0,
        "end": 868291.0,
        "audio": "content/segments/204/231.ogg"
    },
    {
        "ID": "232",
        "gender": "M",
        "age": "A",
        "character_name": "ئەحۆل",
        "text": "چی",
        "text_original": "چی",
        "start": 868301.0,
        "end": 869111.0,
        "audio": "content/segments/204/232.ogg"
    },
    {
        "ID": "233",
        "gender": "M",
        "age": "A",
        "character_name": "ئاغا",
        "text": "دەخن، فشن، ئا",
        "text_original": "دەخن، فشن، ئا",
        "start": 869111.0,
        "end": 869871.0,
        "audio": "content/segments/204/233.ogg"
    },
    {
        "ID": "234",
        "gender": "M",
        "age": "A",
        "character_name": "ئەحۆل",
        "text": "ئێ باشە، ئەمە کەی پاکەتە، ئەوە ناوی بستیت و",
        "text_original": "ئێ باشە، ئەمە کەی پاکەتە، ئەوە ناوی بستیت و",
        "start": 869989.0,
        "end": 872572.0,
        "audio": "content/segments/204/234.ogg"
    },
    {
        "ID": "235",
        "gender": "M",
        "age": "A",
        "character_name": "ئەحۆل",
        "text": "نەستەلە و شتی وایە",
        "text_original": "نەستەلە و شتی وایە",
        "start": 872572.0,
        "end": 873625.0,
        "audio": "content/segments/204/235.ogg"
    },
    {
        "ID": "236",
        "gender": "M",
        "age": "A",
        "character_name": "ئاغا",
        "text": "ئەرێ دە بابە هەیە و تۆعیلاقەت چییە بەسەر",
        "text_original": "ئەرێ دە بابە هەیە و تۆعیلاقەت چییە بەسەر",
        "start": 873679.0,
        "end": 875052.0,
        "audio": "content/segments/204/236.ogg"
    },
    {
        "ID": "237",
        "gender": "M",
        "age": "A",
        "character_name": "ئاغا",
        "text": "ئەمەوە، هەیە و ئەھ",
        "text_original": "ئەمەوە، هەیە و ئەھ",
        "start": 875313.0,
        "end": 876313.0,
        "audio": "content/segments/204/237.ogg"
    },
    {
        "ID": "238",
        "gender": "M",
        "age": "A",
        "character_name": "ئەحۆل",
        "text": "ئێ دە لە کوۆا",
        "text_original": "ئێ دە لە کوۆا",
        "start": 876575.0,
        "end": 877174.0,
        "audio": "content/segments/204/238.ogg"
    },
    {
        "ID": "239",
        "gender": "M",
        "age": "A",
        "character_name": "ئاغا",
        "text": "لەلای سەیتەڕەکەی تاسڵوجەوە، دە هەڵسا بڕۆ دەی",
        "text_original": "لەلای سەیتەڕەکەی تاسڵوجەوە، دە هەڵسا بڕۆ دەی",
        "start": 877187.0,
        "end": 879377.0,
        "audio": "content/segments/204/239.ogg"
    },
    {
        "ID": "240",
        "gender": "M",
        "age": "A",
        "character_name": "ئەحۆل",
        "text": "دە بێنە پانتکەم بدەنێ",
        "text_original": "دە بێنە پانتکەم بدەنێ",
        "start": 879377.0,
        "end": 880150.0,
        "audio": "content/segments/204/240.ogg"
    },
    {
        "ID": "241",
        "gender": "M",
        "age": "A",
        "character_name": "ئاغا",
        "text": "ئافەرم، ئەوە بڵێ تۆ",
        "text_original": "ئافەرم، ئەوە بڵێ تۆ",
        "start": 880150.0,
        "end": 880878.0,
        "audio": "content/segments/204/241.ogg"
    },
    {
        "ID": "242",
        "gender": "M",
        "age": "A",
        "character_name": "ئاغا",
        "text": "باوکەڕۆ درگایا، ئەحۆل درگایا",
        "text_original": "باوکەڕۆ درگایا، ئەحۆل درگایا",
        "start": 883957.0,
        "end": 887117.0,
        "audio": "content/segments/204/242.ogg"
    },
    {
        "ID": "243",
        "gender": "M",
        "age": "A",
        "character_name": "ئەحۆل",
        "text": "ئەزا سیا، ئێسا دەچم دەیکەمەوە ئەمن",
        "text_original": "ئەزا سیا، ئێسا دەچم دەیکەمەوە ئەمن",
        "start": 887136.0,
        "end": 889066.0,
        "audio": "content/segments/204/243.ogg"
    },
    {
        "ID": "244",
        "gender": "M",
        "age": "A",
        "character_name": "ئاغا",
        "text": "بۆ کوێیە چیت، درگای چی دەکەیتەوە باوکەڕۆ",
        "text_original": "بۆ کوێیە چیت، درگای چی دەکەیتەوە باوکەڕۆ",
        "start": 889066.0,
        "end": 891535.0,
        "audio": "content/segments/204/244.ogg"
    },
    {
        "ID": "245",
        "gender": "M",
        "age": "A",
        "character_name": "ئاغا",
        "text": "هەستە، هەستە بڕۆ زوورەوە، نێیتە دەرەوە تێ دەگەی",
        "text_original": "هەستە، هەستە بڕۆ زوورەوە، نێیتە دەرەوە تێ دەگەی",
        "start": 891535.0,
        "end": 894727.0,
        "audio": "content/segments/204/245.ogg"
    },
    {
        "ID": "246",
        "gender": "M",
        "age": "A",
        "character_name": "ئاغا",
        "text": "بێیتە دەرەوە بە شەق پانتەکەمەوە",
        "text_original": "بێیتە دەرەوە بە شەق پانتەکەمەوە",
        "start": 894727.0,
        "end": 896485.0,
        "audio": "content/segments/204/246.ogg"
    },
    {
        "ID": "247",
        "gender": "M",
        "age": "A",
        "character_name": "ئەحۆل",
        "text": "ئێ دە نایەنە زوونەوە",
        "text_original": "ئێ دە نایەنە زوونەوە",
        "start": 896756.0,
        "end": 898498.0,
        "audio": "content/segments/204/247.ogg"
    },
    {
        "ID": "248",
        "gender": "M",
        "age": "A",
        "character_name": "ئاغا",
        "text": "لە درگاکەوە ، دە بڕۆ نەجاتم بە",
        "text_original": "لە درگاکەوە ، دە بڕۆ نەجاتم بە",
        "start": 898508.0,
        "end": 902758.0,
        "audio": "content/segments/204/248.ogg"
    },
    {
        "ID": "250",
        "gender": "M",
        "age": "A",
        "character_name": "ئاغا زن",
        "text": "ئاغا گیان چۆنی",
        "text_original": "ئاغا گیان چۆنی",
        "start": 910307.0,
        "end": 911997.0,
        "audio": "content/segments/204/250.ogg"
    },
    {
        "ID": "251",
        "gender": "M",
        "age": "A",
        "character_name": "ئاغا",
        "text": "ئێسا وەختی هاتنەوەیە",
        "text_original": "ئێسا وەختی هاتنەوەیە",
        "start": 915190.0,
        "end": 916380.0,
        "audio": "content/segments/204/251.ogg"
    },
    {
        "ID": "252",
        "gender": "M",
        "age": "A",
        "character_name": "ئاغا زن",
        "text": "ئێ خۆت نەت ناردووە بە شوێنما",
        "text_original": "ئێ خۆت نەت ناردووە بە شوێنما",
        "start": 916903.0,
        "end": 918593.0,
        "audio": "content/segments/204/252.ogg"
    },
    {
        "ID": "253",
        "gender": "M",
        "age": "A",
        "character_name": "ئاغا",
        "text": "من ناردوومە بە شوێنتا",
        "text_original": "من ناردوومە بە شوێنتا",
        "start": 918800.0,
        "end": 921690.0,
        "audio": "content/segments/204/253.ogg"
    },
    {
        "ID": "254",
        "gender": "M",
        "age": "A",
        "character_name": "ئاغا زن",
        "text": "ئەی چی، ئەحۆل دوو، سێ ڕۆزا کەوتۆتە بەینمانەوانێ",
        "text_original": "ئەی چی، ئەحۆل دوو، سێ ڕۆزا کەوتۆتە بەینمانەوانێ",
        "start": 921690.0,
        "end": 924305.0,
        "audio": "content/segments/204/254.ogg"
    },
    {
        "ID": "255",
        "gender": "M",
        "age": "A",
        "character_name": "ئاغا",
        "text": "ئەحۆل",
        "text_original": "ئەحۆل",
        "start": 924454.0,
        "end": 924994.0,
        "audio": "content/segments/204/255.ogg"
    },
    {
        "ID": "256",
        "gender": "M",
        "age": "A",
        "character_name": "ئاغا زن",
        "text": "ئا، حەفتەکە تەلەفوون بۆ من دەکا ئەڵێ",
        "text_original": "ئا، حەفتەکە تەلەفوون بۆ من دەکا ئەڵێ",
        "start": 925123.0,
        "end": 928263.0,
        "audio": "content/segments/204/256.ogg"
    },
    {
        "ID": "257",
        "gender": "M",
        "age": "A",
        "character_name": "ئاغا زن",
        "text": "نێیتەوانێ ئاغا خۆیی ئینتیحاڕ دەکا",
        "text_original": "نێیتەوانێ ئاغا خۆیی ئینتیحاڕ دەکا",
        "start": 928263.0,
        "end": 929932.0,
        "audio": "content/segments/204/257.ogg"
    },
    {
        "ID": "258",
        "gender": "M",
        "age": "A",
        "character_name": "ئاغا",
        "text": "من خۆم ئینتیحاڕ دەکەم",
        "text_original": "من خۆم ئینتیحاڕ دەکەم",
        "start": 930602.0,
        "end": 931783.0,
        "audio": "content/segments/204/258.ogg"
    },
    {
        "ID": "259",
        "gender": "M",
        "age": "A",
        "character_name": "ئاغا زن",
        "text": "ئا",
        "text_original": "ئا",
        "start": 931783.0,
        "end": 932772.0,
        "audio": "content/segments/204/259.ogg"
    },
    {
        "ID": "260",
        "gender": "M",
        "age": "A",
        "character_name": "ئاغا",
        "text": "ئەحۆل، وەرە، وەرە، ئەحۆل",
        "text_original": "ئەحۆل، وەرە، وەرە، ئەحۆل",
        "start": 932772.0,
        "end": 935716.0,
        "audio": "content/segments/204/260.ogg"
    },
    {
        "ID": "261",
        "gender": "M",
        "age": "A",
        "character_name": "ئاغا",
        "text": "ئەحۆل",
        "text_original": "ئەحۆل",
        "start": 937679.0,
        "end": 938219.0,
        "audio": "content/segments/204/261.ogg"
    },
    {
        "ID": "262",
        "gender": "M",
        "age": "A",
        "character_name": "ئاغا زن",
        "text": "ئەرێ دەستم ڕامەکێشا، خێل بووم",
        "text_original": "ئەرێ دەستم ڕامەکێشا، خێل بووم",
        "start": 938849.0,
        "end": 940510.0,
        "audio": "content/segments/204/262.ogg"
    },
    {
        "ID": "263",
        "gender": "M",
        "age": "A",
        "character_name": "ئاغا",
        "text": "خێل بوویت، ئێسا بە قووربانی توو و ئەحۆل ئەبم، وەرە، ئەحۆل",
        "text_original": "خێل بوویت، ئێسا بە قووربانی توو و ئەحۆل ئەبم، وەرە، ئەحۆل",
        "start": 940510.0,
        "end": 944750.0,
        "audio": "content/segments/204/263.ogg"
    },
    {
        "ID": "265",
        "gender": "M",
        "age": "A",
        "character_name": "ئەحۆل",
        "text": "ئەی یاخوا بەخێربێیتەوە ئاغا زن",
        "text_original": "ئەی یاخوا بەخێربێیتەوە ئاغا زن",
        "start": 970474.0,
        "end": 972405.0,
        "audio": "content/segments/204/265.ogg"
    },
    {
        "ID": "266",
        "gender": "M",
        "age": "A",
        "character_name": "ئەحۆل",
        "text": "دوو دانە ساڵە سوێم بۆتەوە بۆ ئئا ئەوەنە گۆشتی قاز",
        "text_original": "دوو دانە ساڵە سوێم بۆتەوە بۆ ئئا ئەوەنە گۆشتی قاز",
        "start": 973720.0,
        "end": 976611.0,
        "audio": "content/segments/204/266.ogg"
    },
    {
        "ID": "267",
        "gender": "NA",
        "age": "NA",
        "character_name": "NA",
        "text": "ئەوە لە سایەی سەری جەنابتەوە خواردم، ئەه یاخوا بەخێربێیتەوە",
        "text_original": "ئەوە لە سایەی سەری جەنابتەوە خواردم، ئەه یاخوا بەخێربێیتەوە",
        "start": 976815.0,
        "end": 981765.0,
        "audio": "content/segments/204/267.ogg"
    }
]