[
    {
        "ID": "2",
        "gender": "M",
        "age": "A",
        "character_name": "سەمیعە",
        "text": "ئەلوعومەر ئەوە تۆ لەکوێیتتۆ چیەکیت",
        "text_original": "ئەلوعومەر ئەوە تۆ لەکوێیتتۆ چیەکیت",
        "start": 80820.0,
        "end": 84232.0,
        "audio": "content/segments/207/2.ogg"
    },
    {
        "ID": "3",
        "gender": "M",
        "age": "A",
        "character_name": "عومەر",
        "text": "لەکوێم چیە زنەکە لە سەهۆلەکەم دەستم گرتوە",
        "text_original": "لەکوێم چیە زنەکە لە سەهۆلەکەم دەستم گرتوە",
        "start": 84232.0,
        "end": 87174.0,
        "audio": "content/segments/207/3.ogg"
    },
    {
        "ID": "4",
        "gender": "M",
        "age": "A",
        "character_name": "عومەر",
        "text": "ەهەلەپەرم لەگەل کەرەکەیا پیاسە ئەکەم",
        "text_original": "ەهەلەپەرم لەگەل کەرەکەیا پیاسە ئەکەم",
        "start": 87174.0,
        "end": 89972.0,
        "audio": "content/segments/207/4.ogg"
    },
    {
        "ID": "5",
        "gender": "M",
        "age": "A",
        "character_name": "عومەر",
        "text": "چی عەباس بەگی لێیە دەباشە چۆرێ ئاوێ چایەک",
        "text_original": "چی عەباس بەگی لێیە دەباشە چۆرێ ئاوێ چایەک",
        "start": 90428.0,
        "end": 94840.0,
        "audio": "content/segments/207/5.ogg"
    },
    {
        "ID": "6",
        "gender": "M",
        "age": "A",
        "character_name": "عومەر",
        "text": "شتەکی بەرێ ئستا بە غار یێمەوە ئەھ",
        "text_original": "شتەکی بەرێ ئستا بە غار یێمەوە ئەھ",
        "start": 94840.0,
        "end": 96360.0,
        "audio": "content/segments/207/6.ogg"
    },
    {
        "ID": "7",
        "gender": "M",
        "age": "A",
        "character_name": "سەمیعە",
        "text": "خێراکە دەباشە دەی خوا حافیز",
        "text_original": "خێراکە دەباشە دەی خوا حافیز",
        "start": 96360.0,
        "end": 97940.0,
        "audio": "content/segments/207/7.ogg"
    },
    {
        "ID": "8",
        "gender": "M",
        "age": "A",
        "character_name": "عومەر",
        "text": "دەی خوا حافیز",
        "text_original": "دەی خوا حافیز",
        "start": 97963.0,
        "end": 98813.0,
        "audio": "content/segments/207/8.ogg"
    },
    {
        "ID": "9",
        "gender": "M",
        "age": "A",
        "character_name": "عومەر",
        "text": "حەچە بەساقە دگلم دگلل حەچە",
        "text_original": "حەچە بەساقە دگلم دگلل حەچە",
        "start": 98820.0,
        "end": 101300.0,
        "audio": "content/segments/207/9.ogg"
    },
    {
        "ID": "11",
        "gender": "M",
        "age": "A",
        "character_name": "عومەر",
        "text": "کاکە تەلیعە هۆو ، کچێ تەلیعە زنەکاااا",
        "text_original": "کاکە تەلیعە هۆو ، کچێ تەلیعە زنەکاااا",
        "start": 143152.0,
        "end": 147678.0,
        "audio": "content/segments/207/11.ogg"
    },
    {
        "ID": "12",
        "gender": "M",
        "age": "A",
        "character_name": "عومەر",
        "text": "زنەکە هۆو",
        "text_original": "زنەکە هۆو",
        "start": 148960.0,
        "end": 150450.0,
        "audio": "content/segments/207/12.ogg"
    },
    {
        "ID": "13",
        "gender": "M",
        "age": "A",
        "character_name": "تەلیعە",
        "text": "ئەرێ ئەوە چیە ئەو نەرە نەرە",
        "text_original": "ئەرێ ئەوە چیە ئەو نەرە نەرە",
        "start": 150462.0,
        "end": 152113.0,
        "audio": "content/segments/207/13.ogg"
    },
    {
        "ID": "14",
        "gender": "M",
        "age": "A",
        "character_name": "عومەر",
        "text": "ئەلێم عەباس بەگ لەوێیە",
        "text_original": "ئەلێم عەباس بەگ لەوێیە",
        "start": 152779.0,
        "end": 154066.0,
        "audio": "content/segments/207/14.ogg"
    },
    {
        "ID": "15",
        "gender": "M",
        "age": "A",
        "character_name": "تەلیعە",
        "text": "ئەوەتە لە زورەوە دەی برۆ دەی بەملیشکاوت",
        "text_original": "ئەوەتە لە زورەوە دەی برۆ دەی بەملیشکاوت",
        "start": 154222.0,
        "end": 156782.0,
        "audio": "content/segments/207/15.ogg"
    },
    {
        "ID": "16",
        "gender": "M",
        "age": "A",
        "character_name": "عومەر",
        "text": "باشە دەی ئەو گوێ درێزەم بۆ ببەستەرەوە ئەوە بەکێت وت",
        "text_original": "باشە دەی ئەو گوێ درێزەم بۆ ببەستەرەوە ئەوە بەکێت وت",
        "start": 156792.0,
        "end": 159550.0,
        "audio": "content/segments/207/16.ogg"
    },
    {
        "ID": "17",
        "gender": "M",
        "age": "A",
        "character_name": "تەلیعە",
        "text": "بە تۆ",
        "text_original": "بە تۆ",
        "start": 159755.0,
        "end": 160574.0,
        "audio": "content/segments/207/17.ogg"
    },
    {
        "ID": "18",
        "gender": "M",
        "age": "A",
        "character_name": "عومەر",
        "text": "چوزانم چونکە من سهوعبەتی وام لەگەل کەسا نیە",
        "text_original": "چوزانم چونکە من سهوعبەتی وام لەگەل کەسا نیە",
        "start": 160666.0,
        "end": 163396.0,
        "audio": "content/segments/207/18.ogg"
    },
    {
        "ID": "19",
        "gender": "M",
        "age": "A",
        "character_name": "عومەر",
        "text": "خوایە بەخێرێی، خوایە بەخێرێی",
        "text_original": "خوایە بەخێرێی، خوایە بەخێرێی",
        "start": 164084.0,
        "end": 166398.0,
        "audio": "content/segments/207/19.ogg"
    },
    {
        "ID": "20",
        "gender": "M",
        "age": "A",
        "character_name": "عومەر",
        "text": "خوایە بەخێربێی عەباس بەگ ئەلێم ئەی بۆ پێشتر",
        "text_original": "خوایە بەخێربێی عەباس بەگ ئەلێم ئەی بۆ پێشتر",
        "start": 173628.0,
        "end": 176813.0,
        "audio": "content/segments/207/20.ogg"
    },
    {
        "ID": "21",
        "gender": "M",
        "age": "A",
        "character_name": "عومەر",
        "text": "نوکەیەکت بۆ نەکردم",
        "text_original": "نوکەیەکت بۆ نەکردم",
        "start": 176813.0,
        "end": 177990.0,
        "audio": "content/segments/207/21.ogg"
    },
    {
        "ID": "22",
        "gender": "M",
        "age": "A",
        "character_name": "عومەر",
        "text": "هەتا لە خزمەتابم چومایە لە مالی کا حەمە ڕەسول",
        "text_original": "هەتا لە خزمەتابم چومایە لە مالی کا حەمە ڕەسول",
        "start": 178168.0,
        "end": 180875.0,
        "audio": "content/segments/207/22.ogg"
    },
    {
        "ID": "23",
        "gender": "M",
        "age": "A",
        "character_name": "عومەر",
        "text": "گیسکێکم بەقەرز بێنایە بۆم بایتایە لە عەرزا",
        "text_original": "گیسکێکم بەقەرز بێنایە بۆم بایتایە لە عەرزا",
        "start": 180875.0,
        "end": 183149.0,
        "audio": "content/segments/207/23.ogg"
    },
    {
        "ID": "24",
        "gender": "M",
        "age": "A",
        "character_name": "عەباس",
        "text": "پێویست بەوە ناکات",
        "text_original": "پێویست بەوە ناکات",
        "start": 183149.0,
        "end": 184269.0,
        "audio": "content/segments/207/24.ogg"
    },
    {
        "ID": "25",
        "gender": "M",
        "age": "A",
        "character_name": "عومەر",
        "text": "یاخوا بەخێربێی ئەلێم جەنابت چویتە شار",
        "text_original": "یاخوا بەخێربێی ئەلێم جەنابت چویتە شار",
        "start": 184269.0,
        "end": 187044.0,
        "audio": "content/segments/207/25.ogg"
    },
    {
        "ID": "26",
        "gender": "M",
        "age": "A",
        "character_name": "عومەر",
        "text": "یەکەم جارتە بگەرێیتەوە بۆ ئاوایی",
        "text_original": "یەکەم جارتە بگەرێیتەوە بۆ ئاوایی",
        "start": 187044.0,
        "end": 189517.0,
        "audio": "content/segments/207/26.ogg"
    },
    {
        "ID": "27",
        "gender": "M",
        "age": "A",
        "character_name": "عەباس",
        "text": "عومەر بەراستی هاتووم بۆ گلەیەک بۆلات",
        "text_original": "عومەر بەراستی هاتووم بۆ گلەیەک بۆلات",
        "start": 189517.0,
        "end": 191970.0,
        "audio": "content/segments/207/27.ogg"
    },
    {
        "ID": "28",
        "gender": "M",
        "age": "A",
        "character_name": "عومەر",
        "text": "گلەیی خێر بۆ هیچ بووە",
        "text_original": "گلەیی خێر بۆ هیچ بووە",
        "start": 191970.0,
        "end": 195514.0,
        "audio": "content/segments/207/28.ogg"
    },
    {
        "ID": "29",
        "gender": "M",
        "age": "A",
        "character_name": "عەباس",
        "text": "عومەر گیان ئەوەی ڕاستی بێ ئەهلی ئاوای هاتوون",
        "text_original": "عومەر گیان ئەوەی ڕاستی بێ ئەهلی ئاوای هاتوون",
        "start": 195514.0,
        "end": 198707.0,
        "audio": "content/segments/207/29.ogg"
    },
    {
        "ID": "30",
        "gender": "M",
        "age": "A",
        "character_name": "عومەر",
        "text": "بۆلی من گلەیت لێ ئەکەن داو بێ داویانە لە دەست کەرەکەت",
        "text_original": "بۆلی من گلەیت لێ ئەکەن داو بێ داویانە لە دەست کەرەکەت",
        "start": 198707.0,
        "end": 202289.0,
        "audio": "content/segments/207/30.ogg"
    },
    {
        "ID": "31",
        "gender": "M",
        "age": "A",
        "character_name": "عومەر",
        "text": "کەرەکەم بۆ کەرەکەم چیەتی",
        "text_original": "کەرەکەم بۆ کەرەکەم چیەتی",
        "start": 202289.0,
        "end": 205269.0,
        "audio": "content/segments/207/31.ogg"
    },
    {
        "ID": "32",
        "gender": "M",
        "age": "A",
        "character_name": "عەباس",
        "text": "هێشتا ئەلێی چیەتی چۆن چیەتی لە ئێوارەیەوە ئەم",
        "text_original": "هێشتا ئەلێی چیەتی چۆن چیەتی لە ئێوارەیەوە ئەم",
        "start": 205286.0,
        "end": 209122.0,
        "audio": "content/segments/207/32.ogg"
    },
    {
        "ID": "33",
        "gender": "M",
        "age": "A",
        "character_name": "عەباس",
        "text": "کەرە ئەزەرهێنێ تابەیانی ناهێلێ کەس ئیسراحت بکا",
        "text_original": "کەرە ئەزەرهێنێ تابەیانی ناهێلێ کەس ئیسراحت بکا",
        "start": 209122.0,
        "end": 212034.0,
        "audio": "content/segments/207/33.ogg"
    },
    {
        "ID": "34",
        "gender": "M",
        "age": "A",
        "character_name": "عومەر",
        "text": "ئەی چی لێبکەم عەباس بەگ بیخەمە سەر هەزە",
        "text_original": "ئەی چی لێبکەم عەباس بەگ بیخەمە سەر هەزە",
        "start": 212034.0,
        "end": 215279.0,
        "audio": "content/segments/207/34.ogg"
    },
    {
        "ID": "35",
        "gender": "M",
        "age": "A",
        "character_name": "عومەر",
        "text": "ئێ خۆ گوێدرێز هەر ئەزەرێنێ",
        "text_original": "ئێ خۆ گوێدرێز هەر ئەزەرێنێ",
        "start": 215279.0,
        "end": 217003.0,
        "audio": "content/segments/207/35.ogg"
    },
    {
        "ID": "36",
        "gender": "M",
        "age": "A",
        "character_name": "عەباس",
        "text": "احترامی خۆت ڕاگرە کە یام لە دەمتا هەر(سی و دوو)",
        "text_original": "احترامی خۆت ڕاگرە کە یام لە دەمتا هەر(سی و دوو)",
        "start": 217003.0,
        "end": 219863.0,
        "audio": "content/segments/207/36.ogg"
    },
    {
        "ID": "37",
        "gender": "M",
        "age": "A",
        "character_name": "عەباس",
        "text": "ددانەکە ئەخەمە بەر دەمتەوە",
        "text_original": "ددانەکە ئەخەمە بەر دەمتەوە",
        "start": 219863.0,
        "end": 220840.0,
        "audio": "content/segments/207/37.ogg"
    },
    {
        "ID": "39",
        "gender": "M",
        "age": "A",
        "character_name": "تەلیە",
        "text": "ئەوە نەرۆیشتی بەملی شکاوو",
        "text_original": "ئەوە نەرۆیشتی بەملی شکاوو",
        "start": 225703.0,
        "end": 227520.0,
        "audio": "content/segments/207/39.ogg"
    },
    {
        "ID": "40",
        "gender": "M",
        "age": "A",
        "character_name": "عومەر",
        "text": "نەوەلا تەلی عەدەسم تێی ناچێ برۆم ئەزانی بۆ",
        "text_original": "نەوەلا تەلی عەدەسم تێی ناچێ برۆم ئەزانی بۆ",
        "start": 227520.0,
        "end": 230260.0,
        "audio": "content/segments/207/40.ogg"
    },
    {
        "ID": "41",
        "gender": "M",
        "age": "A",
        "character_name": "تەلعە",
        "text": "بۆ",
        "text_original": "بۆ",
        "start": 230260.0,
        "end": 230810.0,
        "audio": "content/segments/207/41.ogg"
    },
    {
        "ID": "42",
        "gender": "M",
        "age": "A",
        "character_name": "عومەر",
        "text": "باشە تو ئەو خوایە لەم ئاوایە بەس من کەرم هەیە",
        "text_original": "باشە تو ئەو خوایە لەم ئاوایە بەس من کەرم هەیە",
        "start": 230832.0,
        "end": 232772.0,
        "audio": "content/segments/207/42.ogg"
    },
    {
        "ID": "43",
        "gender": "M",
        "age": "A",
        "character_name": "عومەر",
        "text": "ئێ هەموو کەریان نیە",
        "text_original": "ئێ هەموو کەریان نیە",
        "start": 232772.0,
        "end": 233808.0,
        "audio": "content/segments/207/43.ogg"
    },
    {
        "ID": "44",
        "gender": "M",
        "age": "A",
        "character_name": "تەلیعە",
        "text": "ئێ تخوا ئەوە کەرە تۆ هەتە",
        "text_original": "ئێ تخوا ئەوە کەرە تۆ هەتە",
        "start": 233844.0,
        "end": 235294.0,
        "audio": "content/segments/207/44.ogg"
    },
    {
        "ID": "45",
        "gender": "M",
        "age": "A",
        "character_name": "عومەر",
        "text": "ئەی چی بکەم",
        "text_original": "ئەی چی بکەم",
        "start": 235294.0,
        "end": 235822.0,
        "audio": "content/segments/207/45.ogg"
    },
    {
        "ID": "46",
        "gender": "M",
        "age": "A",
        "character_name": "تەلیعە",
        "text": "ئێوارێ دێ هەر ئەزەرێت عالەمی بێزارکردوە ئەوە پێ و ئەڵێم",
        "text_original": "ئێوارێ دێ هەر ئەزەرێت عالەمی بێزارکردوە ئەوە پێ و ئەڵێم",
        "start": 235849.0,
        "end": 239361.0,
        "audio": "content/segments/207/46.ogg"
    },
    {
        "ID": "47",
        "gender": "M",
        "age": "A",
        "character_name": "تەلیعە",
        "text": "ئەچی ئەیفرۆشیت نەیفرۆشیت حەیاو شەرەفت ئەبەم لە ئاوایا ها",
        "text_original": "ئەچی ئەیفرۆشیت نەیفرۆشیت حەیاو شەرەفت ئەبەم لە ئاوایا ها",
        "start": 239361.0,
        "end": 243755.0,
        "audio": "content/segments/207/47.ogg"
    },
    {
        "ID": "48",
        "gender": "M",
        "age": "A",
        "character_name": "عومەر",
        "text": "ئەوە بەکێ ئەلێی",
        "text_original": "ئەوە بەکێ ئەلێی",
        "start": 243755.0,
        "end": 244315.0,
        "audio": "content/segments/207/48.ogg"
    },
    {
        "ID": "49",
        "gender": "M",
        "age": "A",
        "character_name": "تەلیعە",
        "text": "بەتۆ",
        "text_original": "بەتۆ",
        "start": 244513.0,
        "end": 245067.0,
        "audio": "content/segments/207/49.ogg"
    },
    {
        "ID": "50",
        "gender": "M",
        "age": "A",
        "character_name": "عومەر",
        "text": "توزانم ئەزانی چی با تەلیعە یەک شتت پێبلێم بەوخوایە",
        "text_original": "توزانم ئەزانی چی با تەلیعە یەک شتت پێبلێم بەوخوایە",
        "start": 245136.0,
        "end": 248808.0,
        "audio": "content/segments/207/50.ogg"
    },
    {
        "ID": "51",
        "gender": "M",
        "age": "A",
        "character_name": "عومەر",
        "text": "دەستم تێی ناچێ بیفرۆشم ئەزانی بۆ",
        "text_original": "دەستم تێی ناچێ بیفرۆشم ئەزانی بۆ",
        "start": 248808.0,
        "end": 250535.0,
        "audio": "content/segments/207/51.ogg"
    },
    {
        "ID": "52",
        "gender": "M",
        "age": "A",
        "character_name": "تەلیعە",
        "text": "بۆ",
        "text_original": "بۆ",
        "start": 250535.0,
        "end": 250883.0,
        "audio": "content/segments/207/52.ogg"
    },
    {
        "ID": "53",
        "gender": "M",
        "age": "A",
        "character_name": "عومەر",
        "text": "هی ڕەحمەتیە بەجێی هێشتوە",
        "text_original": "هی ڕەحمەتیە بەجێی هێشتوە",
        "start": 250883.0,
        "end": 252577.0,
        "audio": "content/segments/207/53.ogg"
    },
    {
        "ID": "54",
        "gender": "M",
        "age": "A",
        "character_name": "تەلیعە",
        "text": "هی باوکتە باوکی خەلک قەسر و قسور بەجێ دەهێلێ",
        "text_original": "هی باوکتە باوکی خەلک قەسر و قسور بەجێ دەهێلێ",
        "start": 252598.0,
        "end": 255336.0,
        "audio": "content/segments/207/54.ogg"
    },
    {
        "ID": "55",
        "gender": "M",
        "age": "A",
        "character_name": "تەلیعە",
        "text": "هیتوش ئەم شتە جووانەی بەجێ هێشتوە دەی برۆ دەی برۆ دەی برۆ",
        "text_original": "هیتوش ئەم شتە جووانەی بەجێ هێشتوە دەی برۆ دەی برۆ دەی برۆ",
        "start": 255336.0,
        "end": 257497.0,
        "audio": "content/segments/207/55.ogg"
    },
    {
        "ID": "56",
        "gender": "M",
        "age": "A",
        "character_name": "عومەر",
        "text": "عەلا کولین، عەلا کولین",
        "text_original": "عەلا کولین، عەلا کولین",
        "start": 257497.0,
        "end": 261497.0,
        "audio": "content/segments/207/56.ogg"
    },
    {
        "ID": "57",
        "gender": "M",
        "age": "A",
        "character_name": "تەلیعە",
        "text": "ئەکە ڕوە ڕێزبی بۆ خاتری ئەو قورعانە باشە",
        "text_original": "ئەکە ڕوە ڕێزبی بۆ خاتری ئەو قورعانە باشە",
        "start": 264801.0,
        "end": 268031.0,
        "audio": "content/segments/207/57.ogg"
    },
    {
        "ID": "58",
        "gender": "M",
        "age": "A",
        "character_name": "عومەر",
        "text": "بۆ زنکە بۆ ئەی نەت بیستوە ئەلێ سوار تا نەگلێ نابێ بە سوار",
        "text_original": "بۆ زنکە بۆ ئەی نەت بیستوە ئەلێ سوار تا نەگلێ نابێ بە سوار",
        "start": 268072.0,
        "end": 272209.0,
        "audio": "content/segments/207/58.ogg"
    },
    {
        "ID": "59",
        "gender": "M",
        "age": "A",
        "character_name": "عومەر",
        "text": "حیکمەتە فەندی خوا قوەتت با",
        "text_original": "حیکمەتە فەندی خوا قوەتت با",
        "start": 288756.0,
        "end": 290556.0,
        "audio": "content/segments/207/59.ogg"
    },
    {
        "ID": "60",
        "gender": "M",
        "age": "A",
        "character_name": "حیکمەت",
        "text": "مەرحەبا کاکە",
        "text_original": "مەرحەبا کاکە",
        "start": 290568.0,
        "end": 291588.0,
        "audio": "content/segments/207/60.ogg"
    },
    {
        "ID": "61",
        "gender": "NA",
        "age": "NA",
        "character_name": "NA",
        "text": "عومەر گیان ئەوە بۆکوێ ئەچی بەقوربانت بم",
        "text_original": "عومەر گیان ئەوە بۆکوێ ئەچی بەقوربانت بم",
        "start": 291598.0,
        "end": 293058.0,
        "audio": "content/segments/207/61.ogg"
    },
    {
        "ID": "62",
        "gender": "M",
        "age": "A",
        "character_name": "عومەر",
        "text": "وەلا ئەوەی ڕاستی بێ ئەچم کەرە فرۆشم",
        "text_original": "وەلا ئەوەی ڕاستی بێ ئەچم کەرە فرۆشم",
        "start": 293059.0,
        "end": 295559.0,
        "audio": "content/segments/207/62.ogg"
    },
    {
        "ID": "63",
        "gender": "M",
        "age": "A",
        "character_name": "حیکمەت",
        "text": "ئاوەرە دەستێکی بەرێ ئەو چارچێوەم لەگەلما داگرا",
        "text_original": "ئاوەرە دەستێکی بەرێ ئەو چارچێوەم لەگەلما داگرا",
        "start": 295573.0,
        "end": 297263.0,
        "audio": "content/segments/207/63.ogg"
    },
    {
        "ID": "64",
        "gender": "M",
        "age": "A",
        "character_name": "عومەر",
        "text": "کورە بابە کەی وەختی ئەوەیە من ئەچم ئەو کەرە",
        "text_original": "کورە بابە کەی وەختی ئەوەیە من ئەچم ئەو کەرە",
        "start": 297263.0,
        "end": 299205.0,
        "audio": "content/segments/207/64.ogg"
    },
    {
        "ID": "65",
        "gender": "M",
        "age": "A",
        "character_name": "عومەر",
        "text": "ئەفرۆشم کەر ئەفرۆشم کەر",
        "text_original": "ئەفرۆشم کەر ئەفرۆشم کەر",
        "start": 299205.0,
        "end": 300869.0,
        "audio": "content/segments/207/65.ogg"
    },
    {
        "ID": "66",
        "gender": "M",
        "age": "A",
        "character_name": "حیکمەت",
        "text": "باشە ئەوە ئەیەی بەچەند",
        "text_original": "باشە ئەوە ئەیەی بەچەند",
        "start": 300869.0,
        "end": 302215.0,
        "audio": "content/segments/207/66.ogg"
    },
    {
        "ID": "67",
        "gender": "M",
        "age": "A",
        "character_name": "عومەر",
        "text": "وەلا هەرچەندێ بکا ئەیەم",
        "text_original": "وەلا هەرچەندێ بکا ئەیەم",
        "start": 302264.0,
        "end": 304046.0,
        "audio": "content/segments/207/67.ogg"
    },
    {
        "ID": "68",
        "gender": "M",
        "age": "A",
        "character_name": "حیکمەت",
        "text": "چۆن هەرچەنێ بکا ئەو کەرە جوان و چاکە ئەو کەرە",
        "text_original": "چۆن هەرچەنێ بکا ئەو کەرە جوان و چاکە ئەو کەرە",
        "start": 304046.0,
        "end": 306639.0,
        "audio": "content/segments/207/68.ogg"
    },
    {
        "ID": "69",
        "gender": "M",
        "age": "A",
        "character_name": "حیکمەت",
        "text": "ڕەسەنە چۆن هەرچەنێ بکا ئەفرۆشی مردوو نەمرێ یاخوا",
        "text_original": "ڕەسەنە چۆن هەرچەنێ بکا ئەفرۆشی مردوو نەمرێ یاخوا",
        "start": 306639.0,
        "end": 308918.0,
        "audio": "content/segments/207/69.ogg"
    },
    {
        "ID": "70",
        "gender": "M",
        "age": "A",
        "character_name": "عومەر",
        "text": "بەخوای بێزار بووم زەرە زەرەکەی لەولاوە",
        "text_original": "بەخوای بێزار بووم زەرە زەرەکەی لەولاوە",
        "start": 308918.0,
        "end": 311561.0,
        "audio": "content/segments/207/70.ogg"
    },
    {
        "ID": "71",
        "gender": "M",
        "age": "A",
        "character_name": "عومەر",
        "text": "بوەستێ ئەبێ هەر بیفرۆشم",
        "text_original": "بوەستێ ئەبێ هەر بیفرۆشم",
        "start": 311561.0,
        "end": 312561.0,
        "audio": "content/segments/207/71.ogg"
    },
    {
        "ID": "72",
        "gender": "M",
        "age": "A",
        "character_name": "حیکمەت",
        "text": "باشە ئەوە داوای چەندی لێ ئەکەی",
        "text_original": "باشە ئەوە داوای چەندی لێ ئەکەی",
        "start": 312561.0,
        "end": 313825.0,
        "audio": "content/segments/207/72.ogg"
    },
    {
        "ID": "73",
        "gender": "M",
        "age": "A",
        "character_name": "عومەر",
        "text": "نالێم هەر چەندێ بکا(پەنجاشم) بەنێ ئەیەم",
        "text_original": "نالێم هەر چەندێ بکا(پەنجاشم) بەنێ ئەیەم",
        "start": 313962.0,
        "end": 315922.0,
        "audio": "content/segments/207/73.ogg"
    },
    {
        "ID": "74",
        "gender": "M",
        "age": "A",
        "character_name": "حیکمەت",
        "text": "گوێگرە لە(دوو سەد)ه، هەزار کەمتری",
        "text_original": "گوێگرە لە(دوو سەد)ه، هەزار کەمتری",
        "start": 315975.0,
        "end": 318143.0,
        "audio": "content/segments/207/74.ogg"
    },
    {
        "ID": "75",
        "gender": "M",
        "age": "A",
        "character_name": "حیکمەت",
        "text": "نەیەی ها ئەوە کەری چاکە ڕەسەنە",
        "text_original": "نەیەی ها ئەوە کەری چاکە ڕەسەنە",
        "start": 318143.0,
        "end": 320330.0,
        "audio": "content/segments/207/75.ogg"
    },
    {
        "ID": "76",
        "gender": "M",
        "age": "A",
        "character_name": "عومەر",
        "text": "کورە من کەری خۆمە ئەیناسم چۆن(دوو سە)، ئەکا",
        "text_original": "کورە من کەری خۆمە ئەیناسم چۆن(دوو سە)، ئەکا",
        "start": 320339.0,
        "end": 323218.0,
        "audio": "content/segments/207/76.ogg"
    },
    {
        "ID": "77",
        "gender": "M",
        "age": "A",
        "character_name": "حیکمەت",
        "text": "بروا بکە لە(دوو سو و پەنجا)، هەزار کەمتر نەیەی ها",
        "text_original": "بروا بکە لە(دوو سو و پەنجا)، هەزار کەمتر نەیەی ها",
        "start": 323218.0,
        "end": 328430.0,
        "audio": "content/segments/207/77.ogg"
    },
    {
        "ID": "78",
        "gender": "M",
        "age": "A",
        "character_name": "حیکمەت",
        "text": "بەقسەی من بکە ئەکا زیاترەکە چاوت لێیە",
        "text_original": "بەقسەی من بکە ئەکا زیاترەکە چاوت لێیە",
        "start": 328430.0,
        "end": 330778.0,
        "audio": "content/segments/207/78.ogg"
    },
    {
        "ID": "79",
        "gender": "M",
        "age": "A",
        "character_name": "حیکمەت",
        "text": "ئەم گوێیانەی ئەلێی ڕادارە",
        "text_original": "ئەم گوێیانەی ئەلێی ڕادارە",
        "start": 330778.0,
        "end": 331778.0,
        "audio": "content/segments/207/79.ogg"
    },
    {
        "ID": "80",
        "gender": "M",
        "age": "A",
        "character_name": "عومەر",
        "text": "وەلا بەقسەت دەکەمدەی خوا حافیز",
        "text_original": "وەلا بەقسەت دەکەمدەی خوا حافیز",
        "start": 331778.0,
        "end": 334758.0,
        "audio": "content/segments/207/80.ogg"
    },
    {
        "ID": "81",
        "gender": "M",
        "age": "A",
        "character_name": "حیکمەت",
        "text": "ئەی هەیش ئای عومەر باشە بیفرۆشە کاکە بیفرۆشە",
        "text_original": "ئەی هەیش ئای عومەر باشە بیفرۆشە کاکە بیفرۆشە",
        "start": 338005.0,
        "end": 342005.0,
        "audio": "content/segments/207/81.ogg"
    },
    {
        "ID": "82",
        "gender": "M",
        "age": "A",
        "character_name": "زاهیر",
        "text": "گوێبگرە هەتیوە کەلە زلە ئەمجارە ئەو گویلەکەیە",
        "text_original": "گوێبگرە هەتیوە کەلە زلە ئەمجارە ئەو گویلەکەیە",
        "start": 346984.0,
        "end": 350540.0,
        "audio": "content/segments/207/82.ogg"
    },
    {
        "ID": "83",
        "gender": "M",
        "age": "A",
        "character_name": "زاهیر",
        "text": "ڕابکات لە جێگاکەی ئەو ئتبەستمەوە جوان بەستەرەوە ها",
        "text_original": "ڕابکات لە جێگاکەی ئەو ئتبەستمەوە جوان بەستەرەوە ها",
        "start": 350540.0,
        "end": 354324.0,
        "audio": "content/segments/207/83.ogg"
    },
    {
        "ID": "84",
        "gender": "M",
        "age": "A",
        "character_name": "زاهیر",
        "text": "ئەوە من لە دەرەوە وەستاوم هەتاکو یێی، باشە",
        "text_original": "ئەوە من لە دەرەوە وەستاوم هەتاکو یێی، باشە",
        "start": 354324.0,
        "end": 357544.0,
        "audio": "content/segments/207/84.ogg"
    },
    {
        "ID": "85",
        "gender": "M",
        "age": "A",
        "character_name": "عومەر",
        "text": "زاهیر خوا قوەتت با",
        "text_original": "زاهیر خوا قوەتت با",
        "start": 359638.0,
        "end": 361048.0,
        "audio": "content/segments/207/85.ogg"
    },
    {
        "ID": "86",
        "gender": "M",
        "age": "A",
        "character_name": "زاهیر",
        "text": "ئەی یاخوا بەخێرووێی عومەر چۆنی ئەوە خێرە بۆکوێ ئەچی",
        "text_original": "ئەی یاخوا بەخێرووێی عومەر چۆنی ئەوە خێرە بۆکوێ ئەچی",
        "start": 361066.0,
        "end": 364883.0,
        "audio": "content/segments/207/86.ogg"
    },
    {
        "ID": "87",
        "gender": "M",
        "age": "A",
        "character_name": "عومەر",
        "text": "وەلای ئەوەی ڕاستی بێ ئەچم ئەم کەرە ئەفرۆشم",
        "text_original": "وەلای ئەوەی ڕاستی بێ ئەچم ئەم کەرە ئەفرۆشم",
        "start": 364913.0,
        "end": 366988.0,
        "audio": "content/segments/207/87.ogg"
    },
    {
        "ID": "88",
        "gender": "M",
        "age": "A",
        "character_name": "زاهیر",
        "text": "ئەم کەرە ئەفرۆشی",
        "text_original": "ئەم کەرە ئەفرۆشی",
        "start": 367513.0,
        "end": 368608.0,
        "audio": "content/segments/207/88.ogg"
    },
    {
        "ID": "89",
        "gender": "M",
        "age": "A",
        "character_name": "عومەر",
        "text": "ئەرێوەلا بۆ",
        "text_original": "ئەرێوەلا بۆ",
        "start": 368645.0,
        "end": 369620.0,
        "audio": "content/segments/207/89.ogg"
    },
    {
        "ID": "90",
        "gender": "M",
        "age": "A",
        "character_name": "زاهیر",
        "text": "جا هەتی مردوو مرێ ئەم کەرە بۆچی ئەفرۆشی ئەو کەرە چاکە",
        "text_original": "جا هەتی مردوو مرێ ئەم کەرە بۆچی ئەفرۆشی ئەو کەرە چاکە",
        "start": 369620.0,
        "end": 373170.0,
        "audio": "content/segments/207/90.ogg"
    },
    {
        "ID": "91",
        "gender": "M",
        "age": "A",
        "character_name": "عومەر",
        "text": "ئەی چیبکەم بەخوا لێی بێزار بووم کاکە زەرە زەر شێتی کردبووم",
        "text_original": "ئەی چیبکەم بەخوا لێی بێزار بووم کاکە زەرە زەر شێتی کردبووم",
        "start": 373186.0,
        "end": 376596.0,
        "audio": "content/segments/207/91.ogg"
    },
    {
        "ID": "92",
        "gender": "M",
        "age": "A",
        "character_name": "زاهیر",
        "text": "باشە ئەمە ئەفرۆشی بەچەند",
        "text_original": "باشە ئەمە ئەفرۆشی بەچەند",
        "start": 376636.0,
        "end": 378287.0,
        "audio": "content/segments/207/92.ogg"
    },
    {
        "ID": "93",
        "gender": "M",
        "age": "A",
        "character_name": "عومەر",
        "text": "وەلا حیکمەت وتی لە(دوو سەو و پەنجا) کەمتری مەیە",
        "text_original": "وەلا حیکمەت وتی لە(دوو سەو و پەنجا) کەمتری مەیە",
        "start": 378333.0,
        "end": 380874.0,
        "audio": "content/segments/207/93.ogg"
    },
    {
        "ID": "94",
        "gender": "M",
        "age": "A",
        "character_name": "زاهیر",
        "text": "ئەی سلاو لە ئەقلتان مردوو مرێ هەتی ئەم کەرە",
        "text_original": "ئەی سلاو لە ئەقلتان مردوو مرێ هەتی ئەم کەرە",
        "start": 380972.0,
        "end": 385195.0,
        "audio": "content/segments/207/94.ogg"
    },
    {
        "ID": "95",
        "gender": "M",
        "age": "A",
        "character_name": "زاهیر",
        "text": "(پێنسەت)، هەزار دینار ئەکا",
        "text_original": "(پێنسەت)، هەزار دینار ئەکا",
        "start": 385195.0,
        "end": 386889.0,
        "audio": "content/segments/207/95.ogg"
    },
    {
        "ID": "96",
        "gender": "M",
        "age": "A",
        "character_name": "عومەر",
        "text": "(پێنسەت)",
        "text_original": "(پێنسەت)",
        "start": 386889.0,
        "end": 387339.0,
        "audio": "content/segments/207/96.ogg"
    },
    {
        "ID": "97",
        "gender": "M",
        "age": "A",
        "character_name": "زاهیر",
        "text": "ئەرێوەلا(پێنسەت)، هەزار دینار ئەکا",
        "text_original": "ئەرێوەلا(پێنسەت)، هەزار دینار ئەکا",
        "start": 387676.0,
        "end": 389796.0,
        "audio": "content/segments/207/97.ogg"
    },
    {
        "ID": "98",
        "gender": "M",
        "age": "A",
        "character_name": "عومەر",
        "text": "بەخوا زاهیر عەقلم نابرێ(پێنسەت) هەزر بکا ئەزانی بۆ",
        "text_original": "بەخوا زاهیر عەقلم نابرێ(پێنسەت) هەزر بکا ئەزانی بۆ",
        "start": 389796.0,
        "end": 392067.0,
        "audio": "content/segments/207/98.ogg"
    },
    {
        "ID": "99",
        "gender": "M",
        "age": "A",
        "character_name": "زاهیر",
        "text": "بۆ",
        "text_original": "بۆ",
        "start": 392067.0,
        "end": 392387.0,
        "audio": "content/segments/207/99.ogg"
    },
    {
        "ID": "100",
        "gender": "M",
        "age": "A",
        "character_name": "عومەر",
        "text": "کاکە پەکی کەوتوە کە بە هەورازە بەسەر ناکەوم",
        "text_original": "کاکە پەکی کەوتوە کە بە هەورازە بەسەر ناکەوم",
        "start": 392387.0,
        "end": 394960.0,
        "audio": "content/segments/207/100.ogg"
    },
    {
        "ID": "101",
        "gender": "M",
        "age": "A",
        "character_name": "عومەر",
        "text": "شەقە شەقەکە",
        "text_original": "شەقە شەقەکە",
        "start": 394960.0,
        "end": 395960.0,
        "audio": "content/segments/207/101.ogg"
    },
    {
        "ID": "102",
        "gender": "M",
        "age": "A",
        "character_name": "زاهیز",
        "text": "ئەوجا مردوو مرێ کەرێ شەقەی نێ چ کەرێکە مردوو",
        "text_original": "ئەوجا مردوو مرێ کەرێ شەقەی نێ چ کەرێکە مردوو",
        "start": 395960.0,
        "end": 399487.0,
        "audio": "content/segments/207/102.ogg"
    },
    {
        "ID": "103",
        "gender": "M",
        "age": "A",
        "character_name": "زاهیر",
        "text": "مرێ دەبرۆ دەی لە(پێنسەت)، کەمتری نەیەی ها",
        "text_original": "مرێ دەبرۆ دەی لە(پێنسەت)، کەمتری نەیەی ها",
        "start": 399487.0,
        "end": 402540.0,
        "audio": "content/segments/207/103.ogg"
    },
    {
        "ID": "104",
        "gender": "M",
        "age": "A",
        "character_name": "عومەر",
        "text": "وەلا بە قسەت دەکەم خواحافیز",
        "text_original": "وەلا بە قسەت دەکەم خواحافیز",
        "start": 402832.0,
        "end": 404846.0,
        "audio": "content/segments/207/104.ogg"
    },
    {
        "ID": "105",
        "gender": "M",
        "age": "A",
        "character_name": "زاهیر",
        "text": "خوا حافیزت بێ خوات لەگەل",
        "text_original": "خوا حافیزت بێ خوات لەگەل",
        "start": 404846.0,
        "end": 406243.0,
        "audio": "content/segments/207/105.ogg"
    },
    {
        "ID": "107",
        "gender": "M",
        "age": "A",
        "character_name": "مزەفەر",
        "text": "ئەوەچیە عومەر",
        "text_original": "ئەوەچیە عومەر",
        "start": 442128.0,
        "end": 443208.0,
        "audio": "content/segments/207/107.ogg"
    },
    {
        "ID": "108",
        "gender": "M",
        "age": "A",
        "character_name": "عومەر",
        "text": "چۆنی مزەفەر",
        "text_original": "چۆنی مزەفەر",
        "start": 443208.0,
        "end": 444088.0,
        "audio": "content/segments/207/108.ogg"
    },
    {
        "ID": "109",
        "gender": "M",
        "age": "A",
        "character_name": "مزەفەر",
        "text": "کورە چۆنبممن خەریکە بۆ مەرەکنم ئاو تێ ئەکەم",
        "text_original": "کورە چۆنبممن خەریکە بۆ مەرەکنم ئاو تێ ئەکەم",
        "start": 444104.0,
        "end": 447802.0,
        "audio": "content/segments/207/109.ogg"
    },
    {
        "ID": "110",
        "gender": "M",
        "age": "A",
        "character_name": "مزەفەر",
        "text": "تۆش دەرخواردی کەرەکەتی ئەیەی",
        "text_original": "تۆش دەرخواردی کەرەکەتی ئەیەی",
        "start": 447802.0,
        "end": 449251.0,
        "audio": "content/segments/207/110.ogg"
    },
    {
        "ID": "111",
        "gender": "M",
        "age": "A",
        "character_name": "عومەر",
        "text": "جا فەرقی چیە ئەویش تێویەتی ئاوی ساردت لانیە بۆخۆم",
        "text_original": "جا فەرقی چیە ئەویش تێویەتی ئاوی ساردت لانیە بۆخۆم",
        "start": 449251.0,
        "end": 451881.0,
        "audio": "content/segments/207/111.ogg"
    },
    {
        "ID": "112",
        "gender": "M",
        "age": "A",
        "character_name": "مزەفەر",
        "text": "یائەلا خێر بەو بەیانیە بۆکوێ ئەچی",
        "text_original": "یائەلا خێر بەو بەیانیە بۆکوێ ئەچی",
        "start": 451886.0,
        "end": 453893.0,
        "audio": "content/segments/207/112.ogg"
    },
    {
        "ID": "113",
        "gender": "M",
        "age": "A",
        "character_name": "عومەر",
        "text": "وەلا بە نیازم بیبەم بیفرۆشم",
        "text_original": "وەلا بە نیازم بیبەم بیفرۆشم",
        "start": 453905.0,
        "end": 455710.0,
        "audio": "content/segments/207/113.ogg"
    },
    {
        "ID": "114",
        "gender": "M",
        "age": "A",
        "character_name": "مزەفەر",
        "text": "چی ئەفرۆشی",
        "text_original": "چی ئەفرۆشی",
        "start": 455710.0,
        "end": 456760.0,
        "audio": "content/segments/207/114.ogg"
    },
    {
        "ID": "115",
        "gender": "M",
        "age": "A",
        "character_name": "عومەر",
        "text": "ئەو گوێدرێزە ئەفرۆشم",
        "text_original": "ئەو گوێدرێزە ئەفرۆشم",
        "start": 456760.0,
        "end": 458149.0,
        "audio": "content/segments/207/115.ogg"
    },
    {
        "ID": "116",
        "gender": "M",
        "age": "A",
        "character_name": "مزەفەر",
        "text": "ئەوە داوای چەندی لێئەکەی",
        "text_original": "ئەوە داوای چەندی لێئەکەی",
        "start": 459357.0,
        "end": 460864.0,
        "audio": "content/segments/207/116.ogg"
    },
    {
        "ID": "117",
        "gender": "M",
        "age": "A",
        "character_name": "عومەر",
        "text": "یەک قسە بۆتۆ(پێنسە)، هەزار",
        "text_original": "یەک قسە بۆتۆ(پێنسە)، هەزار",
        "start": 460880.0,
        "end": 462779.0,
        "audio": "content/segments/207/117.ogg"
    },
    {
        "ID": "118",
        "gender": "M",
        "age": "A",
        "character_name": "مزەفەر",
        "text": "کورە بۆخۆمم ناوێ تۆ نالێی ئەیبەم ئەیفرۆشم",
        "text_original": "کورە بۆخۆمم ناوێ تۆ نالێی ئەیبەم ئەیفرۆشم",
        "start": 462831.0,
        "end": 465771.0,
        "audio": "content/segments/207/118.ogg"
    },
    {
        "ID": "119",
        "gender": "M",
        "age": "A",
        "character_name": "عومەر",
        "text": "با",
        "text_original": "با",
        "start": 465790.0,
        "end": 466260.0,
        "audio": "content/segments/207/119.ogg"
    },
    {
        "ID": "120",
        "gender": "M",
        "age": "A",
        "character_name": "مزەفەر",
        "text": "من سعرێکت بۆ دا ئەنێم بۆ ئەوەی زەرەر نەکەی کاکە",
        "text_original": "من سعرێکت بۆ دا ئەنێم بۆ ئەوەی زەرەر نەکەی کاکە",
        "start": 466293.0,
        "end": 468673.0,
        "audio": "content/segments/207/120.ogg"
    },
    {
        "ID": "121",
        "gender": "NA",
        "age": "NA",
        "character_name": "NA",
        "text": "ئادەی بزانم",
        "text_original": "ئادەی بزانم",
        "start": 468679.0,
        "end": 469109.0,
        "audio": "content/segments/207/121.ogg"
    },
    {
        "ID": "122",
        "gender": "M",
        "age": "A",
        "character_name": "مزەفەر",
        "text": "داوای(پێنسەت)ی، لێ ئەکەی",
        "text_original": "داوای(پێنسەت)ی، لێ ئەکەی",
        "start": 469115.0,
        "end": 469995.0,
        "audio": "content/segments/207/122.ogg"
    },
    {
        "ID": "123",
        "gender": "M",
        "age": "A",
        "character_name": "عومەر",
        "text": "بەلێ",
        "text_original": "بەلێ",
        "start": 469996.0,
        "end": 470513.0,
        "audio": "content/segments/207/123.ogg"
    },
    {
        "ID": "124",
        "gender": "M",
        "age": "A",
        "character_name": "مزەفەر",
        "text": "بەخوای بە قسەی منەکەی کەرەکەت کەریچاکە لە",
        "text_original": "بەخوای بە قسەی منەکەی کەرەکەت کەریچاکە لە",
        "start": 470516.0,
        "end": 474317.0,
        "audio": "content/segments/207/124.ogg"
    },
    {
        "ID": "125",
        "gender": "M",
        "age": "A",
        "character_name": "مزەفەر",
        "text": "(حەفسەد و پەنجا)، هەزار کەمتری نەیەی بەخوای دوایە",
        "text_original": "(حەفسەد و پەنجا)، هەزار کەمتری نەیەی بەخوای دوایە",
        "start": 474317.0,
        "end": 477046.0,
        "audio": "content/segments/207/125.ogg"
    },
    {
        "ID": "126",
        "gender": "M",
        "age": "A",
        "character_name": "مزەفەر",
        "text": "زەرەر ئەکەی ها",
        "text_original": "زەرەر ئەکەی ها",
        "start": 477046.0,
        "end": 478046.0,
        "audio": "content/segments/207/126.ogg"
    },
    {
        "ID": "127",
        "gender": "M",
        "age": "A",
        "character_name": "عومەر",
        "text": "کورە مزەفەر گیان من کەر کەری خۆمە باشی ئەناسم",
        "text_original": "کورە مزەفەر گیان من کەر کەری خۆمە باشی ئەناسم",
        "start": 478046.0,
        "end": 481316.0,
        "audio": "content/segments/207/127.ogg"
    },
    {
        "ID": "128",
        "gender": "M",
        "age": "A",
        "character_name": "عومەر",
        "text": "بەساقە ئەوەنە ناکە له(پینسەت)، زیاتر ناکە",
        "text_original": "بەساقە ئەوەنە ناکە له(پینسەت)، زیاتر ناکە",
        "start": 481316.0,
        "end": 483784.0,
        "audio": "content/segments/207/128.ogg"
    },
    {
        "ID": "129",
        "gender": "M",
        "age": "A",
        "character_name": "مزەفەر",
        "text": "کورە منیش ئەیناسم کاکە",
        "text_original": "کورە منیش ئەیناسم کاکە",
        "start": 483784.0,
        "end": 485404.0,
        "audio": "content/segments/207/129.ogg"
    },
    {
        "ID": "130",
        "gender": "M",
        "age": "A",
        "character_name": "مزەفەر",
        "text": "بەخوا(حەفسەت و پەنجا)، ئەکا",
        "text_original": "بەخوا(حەفسەت و پەنجا)، ئەکا",
        "start": 486648.0,
        "end": 487866.0,
        "audio": "content/segments/207/130.ogg"
    },
    {
        "ID": "131",
        "gender": "M",
        "age": "A",
        "character_name": "عومەر",
        "text": "هەر ئەوەنه",
        "text_original": "هەر ئەوەنه",
        "start": 487926.0,
        "end": 488536.0,
        "audio": "content/segments/207/131.ogg"
    },
    {
        "ID": "132",
        "gender": "M",
        "age": "A",
        "character_name": "مزەفەر",
        "text": "بەقسەی من بکە",
        "text_original": "بەقسەی من بکە",
        "start": 488536.0,
        "end": 489166.0,
        "audio": "content/segments/207/132.ogg"
    },
    {
        "ID": "133",
        "gender": "M",
        "age": "A",
        "character_name": "عومەر",
        "text": "وەلا خۆ لەو لاشەوە زالە حیکمەت وایان وت وتیان",
        "text_original": "وەلا خۆ لەو لاشەوە زالە حیکمەت وایان وت وتیان",
        "start": 489210.0,
        "end": 491691.0,
        "audio": "content/segments/207/133.ogg"
    },
    {
        "ID": "134",
        "gender": "M",
        "age": "A",
        "character_name": "عومەر",
        "text": "لەوەنە زیاترەکە بگرە کەمتر ناکە",
        "text_original": "لەوەنە زیاترەکە بگرە کەمتر ناکە",
        "start": 491691.0,
        "end": 493582.0,
        "audio": "content/segments/207/134.ogg"
    },
    {
        "ID": "135",
        "gender": "M",
        "age": "A",
        "character_name": "عومەر",
        "text": "دەی ئیشت نیە",
        "text_original": "دەی ئیشت نیە",
        "start": 494473.0,
        "end": 495483.0,
        "audio": "content/segments/207/135.ogg"
    },
    {
        "ID": "136",
        "gender": "M",
        "age": "A",
        "character_name": "مزەفەر",
        "text": "نەوەلا",
        "text_original": "نەوەلا",
        "start": 495517.0,
        "end": 495987.0,
        "audio": "content/segments/207/136.ogg"
    },
    {
        "ID": "137",
        "gender": "M",
        "age": "A",
        "character_name": "عومەر",
        "text": "دەی خوا حافیز",
        "text_original": "دەی خوا حافیز",
        "start": 495993.0,
        "end": 496653.0,
        "audio": "content/segments/207/137.ogg"
    },
    {
        "ID": "138",
        "gender": "M",
        "age": "A",
        "character_name": "مزەفەر",
        "text": "خوا حافیزت بێ",
        "text_original": "خوا حافیزت بێ",
        "start": 496663.0,
        "end": 497513.0,
        "audio": "content/segments/207/138.ogg"
    },
    {
        "ID": "139",
        "gender": "M",
        "age": "A",
        "character_name": "مزەفەر",
        "text": "بەخوا کەری چاکە",
        "text_original": "بەخوا کەری چاکە",
        "start": 499453.0,
        "end": 501025.0,
        "audio": "content/segments/207/139.ogg"
    },
    {
        "ID": "140",
        "gender": "M",
        "age": "A",
        "character_name": "عومەر",
        "text": "ئەوە بەکێ ئەلێی کەر مزەفەر بە کەرەکە بە کەرەکە",
        "text_original": "ئەوە بەکێ ئەلێی کەر مزەفەر بە کەرەکە بە کەرەکە",
        "start": 501234.0,
        "end": 503664.0,
        "audio": "content/segments/207/140.ogg"
    },
    {
        "ID": "141",
        "gender": "M",
        "age": "A",
        "character_name": "عومەر",
        "text": "چوزانم",
        "text_original": "چوزانم",
        "start": 503664.0,
        "end": 504554.0,
        "audio": "content/segments/207/141.ogg"
    },
    {
        "ID": "142",
        "gender": "M",
        "age": "A",
        "character_name": "سمایل",
        "text": "عومەر عومەر چۆنی",
        "text_original": "عومەر عومەر چۆنی",
        "start": 512941.00000000006,
        "end": 514241.0,
        "audio": "content/segments/207/142.ogg"
    },
    {
        "ID": "143",
        "gender": "M",
        "age": "A",
        "character_name": "عومەر",
        "text": "چۆنی کک سمایل باشی",
        "text_original": "چۆنی کک سمایل باشی",
        "start": 514241.0,
        "end": 515581.0,
        "audio": "content/segments/207/143.ogg"
    },
    {
        "ID": "144",
        "gender": "M",
        "age": "A",
        "character_name": "سمایل",
        "text": "لەچیای",
        "text_original": "لەچیای",
        "start": 515614.00000000006,
        "end": 516076.0,
        "audio": "content/segments/207/144.ogg"
    },
    {
        "ID": "145",
        "gender": "M",
        "age": "A",
        "character_name": "عومەر",
        "text": "یاخوا بێ وەی بی زۆر سوپاس",
        "text_original": "یاخوا بێ وەی بی زۆر سوپاس",
        "start": 516086.0,
        "end": 518326.0,
        "audio": "content/segments/207/145.ogg"
    },
    {
        "ID": "146",
        "gender": "M",
        "age": "A",
        "character_name": "سمایل",
        "text": "ئەمە داوای چەنی لێ ئەکەی",
        "text_original": "ئەمە داوای چەنی لێ ئەکەی",
        "start": 518357.0,
        "end": 519270.99999999994,
        "audio": "content/segments/207/146.ogg"
    },
    {
        "ID": "147",
        "gender": "M",
        "age": "A",
        "character_name": "عومەر",
        "text": "وەلا نایفرۆشم",
        "text_original": "وەلا نایفرۆشم",
        "start": 519270.99999999994,
        "end": 520942.0,
        "audio": "content/segments/207/147.ogg"
    },
    {
        "ID": "148",
        "gender": "M",
        "age": "A",
        "character_name": "سمایل",
        "text": "ئەی چیەکەی لەم ناوە تۆ نازانی ئەمە شوێنی کەر فرۆشتنە",
        "text_original": "ئەی چیەکەی لەم ناوە تۆ نازانی ئەمە شوێنی کەر فرۆشتنە",
        "start": 521306.00000000006,
        "end": 524143.0,
        "audio": "content/segments/207/148.ogg"
    },
    {
        "ID": "149",
        "gender": "M",
        "age": "A",
        "character_name": "عومەر",
        "text": "خۆم ویستم بیفرۆشم بەلام پەشیمان بومەوە ئەزانی بۆ",
        "text_original": "خۆم ویستم بیفرۆشم بەلام پەشیمان بومەوە ئەزانی بۆ",
        "start": 524217.0,
        "end": 527181.0,
        "audio": "content/segments/207/149.ogg"
    },
    {
        "ID": "150",
        "gender": "M",
        "age": "A",
        "character_name": "عومەر",
        "text": "حیکەمەت(دوو سەو پەنجا)، یامێ زالە(پێنسەت)",
        "text_original": "حیکەمەت(دوو سەو پەنجا)، یامێ زالە(پێنسەت)",
        "start": 527195.0,
        "end": 530267.0,
        "audio": "content/segments/207/150.ogg"
    },
    {
        "ID": "151",
        "gender": "M",
        "age": "A",
        "character_name": "عومەر",
        "text": "یامێ مزە(حەفسەد و پەنجای) یامێ نایقرۆشم",
        "text_original": "یامێ مزە(حەفسەد و پەنجای) یامێ نایقرۆشم",
        "start": 530267.0,
        "end": 533492.0,
        "audio": "content/segments/207/151.ogg"
    },
    {
        "ID": "152",
        "gender": "M",
        "age": "A",
        "character_name": "سمایل",
        "text": "ئەی تۆ داوای چەنی لێ ئەکەی خۆت",
        "text_original": "ئەی تۆ داوای چەنی لێ ئەکەی خۆت",
        "start": 533492.0,
        "end": 535408.0,
        "audio": "content/segments/207/152.ogg"
    },
    {
        "ID": "153",
        "gender": "M",
        "age": "A",
        "character_name": "عومەر",
        "text": "وەلای ئەوەی ڕاستی بێ سعرەکەیم دەقە بە دەقە بەرزەبێتەوە",
        "text_original": "وەلای ئەوەی ڕاستی بێ سعرەکەیم دەقە بە دەقە بەرزەبێتەوە",
        "start": 535448.0,
        "end": 539448.0,
        "audio": "content/segments/207/153.ogg"
    },
    {
        "ID": "154",
        "gender": "NA",
        "age": "NA",
        "character_name": "NA",
        "text": "بە نیازم داوای دوو ملیۆنی لێبکەم دوو ملیۆن",
        "text_original": "بە نیازم داوای دوو ملیۆنی لێبکەم دوو ملیۆن",
        "start": 539449.0,
        "end": 541675.0,
        "audio": "content/segments/207/154.ogg"
    },
    {
        "ID": "155",
        "gender": "M",
        "age": "A",
        "character_name": "سمایل",
        "text": "دوو ملوێن",
        "text_original": "دوو ملوێن",
        "start": 541708.0,
        "end": 542358.0,
        "audio": "content/segments/207/155.ogg"
    },
    {
        "ID": "156",
        "gender": "M",
        "age": "A",
        "character_name": "عومەر",
        "text": "بەلێ",
        "text_original": "بەلێ",
        "start": 542388.0,
        "end": 542688.0,
        "audio": "content/segments/207/156.ogg"
    },
    {
        "ID": "157",
        "gender": "M",
        "age": "A",
        "character_name": "سمایل",
        "text": "ئەی بۆمن ملیۆنیکت نەیەمێ",
        "text_original": "ئەی بۆمن ملیۆنیکت نەیەمێ",
        "start": 545199.0,
        "end": 547055.0,
        "audio": "content/segments/207/157.ogg"
    },
    {
        "ID": "158",
        "gender": "M",
        "age": "A",
        "character_name": "عومەر",
        "text": "نایفرۆشم کاکە نایفرۆشم",
        "text_original": "نایفرۆشم کاکە نایفرۆشم",
        "start": 547071.0,
        "end": 548615.0,
        "audio": "content/segments/207/158.ogg"
    },
    {
        "ID": "159",
        "gender": "M",
        "age": "A",
        "character_name": "عومەر",
        "text": "حەچە بەقوربانی خواو بم حەچە سیعر بەرزبۆتەوە",
        "text_original": "حەچە بەقوربانی خواو بم حەچە سیعر بەرزبۆتەوە",
        "start": 549805.0,
        "end": 554365.0,
        "audio": "content/segments/207/159.ogg"
    },
    {
        "ID": "161",
        "gender": "M",
        "age": "A",
        "character_name": "عومەر",
        "text": "ئای باوکە ڕۆ لەم گەرمایە بە زاتی خوا پسام با پشوێک بەم",
        "text_original": "ئای باوکە ڕۆ لەم گەرمایە بە زاتی خوا پسام با پشوێک بەم",
        "start": 569447.0,
        "end": 573447.0,
        "audio": "content/segments/207/161.ogg"
    },
    {
        "ID": "162",
        "gender": "M",
        "age": "A",
        "character_name": "عومەر",
        "text": "وەلای تێکیان یاوم خەریکە شێت بم نازانم تیایا ماوم",
        "text_original": "وەلای تێکیان یاوم خەریکە شێت بم نازانم تیایا ماوم",
        "start": 574843.0,
        "end": 579069.0,
        "audio": "content/segments/207/162.ogg"
    },
    {
        "ID": "163",
        "gender": "M",
        "age": "A",
        "character_name": "عومەر",
        "text": "یەکێ ئەلێ بییە بە(دوو سە و پەنجا)، یەکێ ئەڵێ",
        "text_original": "یەکێ ئەلێ بییە بە(دوو سە و پەنجا)، یەکێ ئەڵێ",
        "start": 579096.0,
        "end": 581349.0,
        "audio": "content/segments/207/163.ogg"
    },
    {
        "ID": "164",
        "gender": "M",
        "age": "A",
        "character_name": "یەعومەر",
        "text": "بییە بە(پێنسەت)، یەکی ئەلێ بێیە بە(حەفسەد و پەنجا)",
        "text_original": "بییە بە(پێنسەت)، یەکی ئەلێ بێیە بە(حەفسەد و پەنجا)",
        "start": 581349.0,
        "end": 583537.0,
        "audio": "content/segments/207/164.ogg"
    },
    {
        "ID": "165",
        "gender": "NA",
        "age": "NA",
        "character_name": "NA",
        "text": "بەقورعان خۆوان لەمن ئاقلترن حیکمەت دونیای زۆر",
        "text_original": "بەقورعان خۆوان لەمن ئاقلترن حیکمەت دونیای زۆر",
        "start": 583537.0,
        "end": 587147.0,
        "audio": "content/segments/207/165.ogg"
    },
    {
        "ID": "166",
        "gender": "M",
        "age": "A",
        "character_name": "عومەر",
        "text": "دیوە بە قسەیان بکەم زۆر زۆر باشترە",
        "text_original": "دیوە بە قسەیان بکەم زۆر زۆر باشترە",
        "start": 587147.0,
        "end": 589597.0,
        "audio": "content/segments/207/166.ogg"
    },
    {
        "ID": "167",
        "gender": "M",
        "age": "A",
        "character_name": "عومەر",
        "text": "بەخوا برۆم باشترە برۆ بەخوا بە قسەیان ئەکەم برۆ",
        "text_original": "بەخوا برۆم باشترە برۆ بەخوا بە قسەیان ئەکەم برۆ",
        "start": 589597.0,
        "end": 593895.0,
        "audio": "content/segments/207/167.ogg"
    },
    {
        "ID": "169",
        "gender": "M",
        "age": "A",
        "character_name": "عومەر",
        "text": "(تەلیعە)",
        "text_original": "(تەلیعە)",
        "start": 612780.0,
        "end": 613720.0,
        "audio": "content/segments/207/169.ogg"
    },
    {
        "ID": "170",
        "gender": "M",
        "age": "A",
        "character_name": "عومەر",
        "text": "کورە دە جوان برۆ بە قوربان دەی گولی",
        "text_original": "کورە دە جوان برۆ بە قوربان دەی گولی",
        "start": 616820.0,
        "end": 620820.0,
        "audio": "content/segments/207/170.ogg"
    },
    {
        "ID": "171",
        "gender": "M",
        "age": "A",
        "character_name": "عومەر",
        "text": "(تەلیعە)",
        "text_original": "(تەلیعە)",
        "start": 621525.0,
        "end": 623005.0,
        "audio": "content/segments/207/171.ogg"
    },
    {
        "ID": "172",
        "gender": "M",
        "age": "A",
        "character_name": "تەلیعە",
        "text": "ئەوە چیە عومەر کەرەکە و هێناوەتەوە",
        "text_original": "ئەوە چیە عومەر کەرەکە و هێناوەتەوە",
        "start": 623053.0,
        "end": 626183.0,
        "audio": "content/segments/207/172.ogg"
    },
    {
        "ID": "173",
        "gender": "M",
        "age": "A",
        "character_name": "عومەر",
        "text": "تەلیعە گیان یەک ملیۆنیان یامێ نەمما",
        "text_original": "تەلیعە گیان یەک ملیۆنیان یامێ نەمما",
        "start": 626343.0,
        "end": 629154.0,
        "audio": "content/segments/207/173.ogg"
    },
    {
        "ID": "174",
        "gender": "M",
        "age": "A",
        "character_name": "عومەر",
        "text": "ئەلێن سعری کەر بەرز بۆتەوە",
        "text_original": "ئەلێن سعری کەر بەرز بۆتەوە",
        "start": 629154.0,
        "end": 631128.0,
        "audio": "content/segments/207/174.ogg"
    },
    {
        "ID": "175",
        "gender": "M",
        "age": "A",
        "character_name": "تەلیعە",
        "text": "ملوێنێک دارزێی ئەوە یاریان بە عەقلت کردوە",
        "text_original": "ملوێنێک دارزێی ئەوە یاریان بە عەقلت کردوە",
        "start": 631128.0,
        "end": 635172.0,
        "audio": "content/segments/207/175.ogg"
    },
    {
        "ID": "176",
        "gender": "M",
        "age": "A",
        "character_name": "عومەر",
        "text": "یاریان بە عەقلی کێکردوە",
        "text_original": "یاریان بە عەقلی کێکردوە",
        "start": 635183.0,
        "end": 636758.0,
        "audio": "content/segments/207/176.ogg"
    },
    {
        "ID": "177",
        "gender": "M",
        "age": "A",
        "character_name": "تەلیعە",
        "text": "هیتۆ",
        "text_original": "هیتۆ",
        "start": 636804.0,
        "end": 637494.0,
        "audio": "content/segments/207/177.ogg"
    },
    {
        "ID": "178",
        "gender": "M",
        "age": "A",
        "character_name": "عومەر",
        "text": "چوزانم",
        "text_original": "چوزانم",
        "start": 637503.0,
        "end": 637993.0,
        "audio": "content/segments/207/178.ogg"
    },
    {
        "ID": "179",
        "gender": "M",
        "age": "A",
        "character_name": "تەلیعە",
        "text": "دە گوێ بگرە عومەر مادە کەرەکەت نەبرد بە قسەی",
        "text_original": "دە گوێ بگرە عومەر مادە کەرەکەت نەبرد بە قسەی",
        "start": 638470.0,
        "end": 641460.0,
        "audio": "content/segments/207/179.ogg"
    },
    {
        "ID": "180",
        "gender": "M",
        "age": "A",
        "character_name": "تەلیعە",
        "text": "ئاوایت نەکردئەمشەو لەو مالەیا نا خەوی",
        "text_original": "ئاوایت نەکردئەمشەو لەو مالەیا نا خەوی",
        "start": 641460.0,
        "end": 643525.0,
        "audio": "content/segments/207/180.ogg"
    },
    {
        "ID": "181",
        "gender": "M",
        "age": "A",
        "character_name": "تەلیعە",
        "text": "ئەچی لە پال کەرەکەتا ئەخەوی ئەزانی بۆ کە ئەزەرێ ئەبێ جوان دەمی بگری",
        "text_original": "ئەچی لە پال کەرەکەتا ئەخەوی ئەزانی بۆ کە ئەزەرێ ئەبێ جوان دەمی بگری",
        "start": 643525.0,
        "end": 646753.0,
        "audio": "content/segments/207/181.ogg"
    },
    {
        "ID": "182",
        "gender": "M",
        "age": "A",
        "character_name": "تەلیعە",
        "text": "کە ئەزەرێ ئەبێ جوان دەمی بگری",
        "text_original": "کە ئەزەرێ ئەبێ جوان دەمی بگری",
        "start": 646753.0,
        "end": 649140.0,
        "audio": "content/segments/207/182.ogg"
    },
    {
        "ID": "184",
        "gender": "M",
        "age": "A",
        "character_name": "عومەر",
        "text": "ئەشەمبیلا تەلیعە ڕاستەکا ئەمە کەری ملوێنی نیە خەتای",
        "text_original": "ئەشەمبیلا تەلیعە ڕاستەکا ئەمە کەری ملوێنی نیە خەتای",
        "start": 655525.0,
        "end": 660747.0,
        "audio": "content/segments/207/184.ogg"
    },
    {
        "ID": "185",
        "gender": "M",
        "age": "A",
        "character_name": "عومەر",
        "text": "خۆم بوو، خۆم ئەقلم خستە ناو دەستی ئە ناکەس بە دەستانەوە",
        "text_original": "خۆم بوو، خۆم ئەقلم خستە ناو دەستی ئە ناکەس بە دەستانەوە",
        "start": 660747.0,
        "end": 663782.0,
        "audio": "content/segments/207/185.ogg"
    },
    {
        "ID": "186",
        "gender": "M",
        "age": "A",
        "character_name": "عومەر",
        "text": "ئەجینا ئەمە کەر کەری خۆمە خۆم ئەزانم بایەی چەندە",
        "text_original": "ئەجینا ئەمە کەر کەری خۆمە خۆم ئەزانم بایەی چەندە",
        "start": 663782.0,
        "end": 667092.0,
        "audio": "content/segments/207/186.ogg"
    }
]