[
    {
        "ID": "2",
        "gender": "M",
        "age": "A",
        "character_name": "غەنی",
        "text": "خوا قوەتت با کاکە سەعە، ئەوە خەریکی چی",
        "text_original": "خوا قوەتت با کاکە سەعە، ئەوە خەریکی چی",
        "start": 25177.0,
        "end": 28353.0,
        "audio": "content/segments/21/2.ogg"
    },
    {
        "ID": "3",
        "gender": "M",
        "age": "A",
        "character_name": "سەعید",
        "text": "ئای بەخێرێربێی یاخوا",
        "text_original": "ئای بەخێرێربێی یاخوا",
        "start": 28685.0,
        "end": 29849.0,
        "audio": "content/segments/21/3.ogg"
    },
    {
        "ID": "4",
        "gender": "M",
        "age": "A",
        "character_name": "سەعید",
        "text": "وەڵا یٔەوە خەریچی، یٔەرێ یٔەمڕۆ شکور بازاڕ باش بوو",
        "text_original": "وەڵا یٔەوە خەریچی، یٔەرێ یٔەمڕۆ شکور بازاڕ باش بوو",
        "start": 29849.0,
        "end": 33518.0,
        "audio": "content/segments/21/4.ogg"
    },
    {
        "ID": "5",
        "gender": "M",
        "age": "A",
        "character_name": "غەنی",
        "text": "تۆ سوئالەکەم بیرمەبەرەوە، ئەمە چییە هەڵھ واسیوە",
        "text_original": "تۆ سوئالەکەم بیرمەبەرەوە، ئەمە چییە هەڵھ واسیوە",
        "start": 33796.0,
        "end": 36654.0,
        "audio": "content/segments/21/5.ogg"
    },
    {
        "ID": "6",
        "gender": "M",
        "age": "A",
        "character_name": "سەعید",
        "text": "ئەوە سنوقی سکاڵایە",
        "text_original": "ئەوە سنوقی سکاڵایە",
        "start": 36945.0,
        "end": 38514.0,
        "audio": "content/segments/21/6.ogg"
    },
    {
        "ID": "7",
        "gender": "M",
        "age": "A",
        "character_name": "غەنی",
        "text": "سنوقی سکاڵا یاعنی چی",
        "text_original": "سنوقی سکاڵا یاعنی چی",
        "start": 38596.0,
        "end": 40155.0,
        "audio": "content/segments/21/7.ogg"
    },
    {
        "ID": "8",
        "gender": "M",
        "age": "A",
        "character_name": "سەعید",
        "text": "سکاڵا یاعنی گلەی، لە حیزبیشا یاعنی تەقریر و ڕەخنە",
        "text_original": "سکاڵا یاعنی گلەی، لە حیزبیشا یاعنی تەقریر و ڕەخنە",
        "start": 40226.0,
        "end": 44384.0,
        "audio": "content/segments/21/8.ogg"
    },
    {
        "ID": "9",
        "gender": "M",
        "age": "A",
        "character_name": "غەنی",
        "text": "ئەی لە ئیدارە و دەوڵەتا یاعنی چی",
        "text_original": "ئەی لە ئیدارە و دەوڵەتا یاعنی چی",
        "start": 44594.0,
        "end": 46324.0,
        "audio": "content/segments/21/9.ogg"
    },
    {
        "ID": "10",
        "gender": "M",
        "age": "A",
        "character_name": "سەعید",
        "text": "ئاه، لە ئیدارە و دەوڵەتا ئەزانی یاعنی چی",
        "text_original": "ئاه، لە ئیدارە و دەوڵەتا ئەزانی یاعنی چی",
        "start": 46358.0,
        "end": 49510.0,
        "audio": "content/segments/21/10.ogg"
    },
    {
        "ID": "11",
        "gender": "M",
        "age": "A",
        "character_name": "سەعید",
        "text": "یاعنی ڕونکرنەوە و پێشنیار و ئا ئەو شتانە",
        "text_original": "یاعنی ڕونکرنەوە و پێشنیار و ئا ئەو شتانە",
        "start": 50181.0,
        "end": 54114.0,
        "audio": "content/segments/21/11.ogg"
    },
    {
        "ID": "12",
        "gender": "M",
        "age": "A",
        "character_name": "سەعید",
        "text": "ئنجا ئەوە هەر شتێکت هەبوو ئەینوسی ئەیخەیتە ئەوسنوقەوە",
        "text_original": "ئنجا ئەوە هەر شتێکت هەبوو ئەینوسی ئەیخەیتە ئەوسنوقەوە",
        "start": 54217.0,
        "end": 57986.0,
        "audio": "content/segments/21/12.ogg"
    },
    {
        "ID": "13",
        "gender": "M",
        "age": "A",
        "character_name": "سەعید",
        "text": "خۆشم نیهایەتی هەموو حەفتەیەک ێم یٔەیکەمەوە و سەیریەکەم",
        "text_original": "خۆشم نیهایەتی هەموو حەفتەیەک ێم یٔەیکەمەوە و سەیریەکەم",
        "start": 58062.0,
        "end": 61873.0,
        "audio": "content/segments/21/13.ogg"
    },
    {
        "ID": "14",
        "gender": "M",
        "age": "A",
        "character_name": "غەنی",
        "text": "باشە کاکە سەعە",
        "text_original": "باشە کاکە سەعە",
        "start": 61914.0,
        "end": 63195.0,
        "audio": "content/segments/21/14.ogg"
    },
    {
        "ID": "15",
        "gender": "M",
        "age": "A",
        "character_name": "سەعید",
        "text": "ها",
        "text_original": "ها",
        "start": 63303.0,
        "end": 63652.0,
        "audio": "content/segments/21/15.ogg"
    },
    {
        "ID": "16",
        "gender": "M",
        "age": "A",
        "character_name": "غەنی",
        "text": "ئەمە ڕووبەڕو باشتر نییە، ئەم سنوقەی بۆ چییە",
        "text_original": "ئەمە ڕووبەڕو باشتر نییە، ئەم سنوقەی بۆ چییە",
        "start": 63702.0,
        "end": 66578.0,
        "audio": "content/segments/21/16.ogg"
    },
    {
        "ID": "17",
        "gender": "NA",
        "age": "NA",
        "character_name": "NA",
        "text": "سەعید نەء ڕوبەڕوو بە عەمەل نایە",
        "text_original": "سەعید نەء ڕوبەڕوو بە عەمەل نایە",
        "start": 66669.0,
        "end": 68618.0,
        "audio": "content/segments/21/17.ogg"
    },
    {
        "ID": "18",
        "gender": "M",
        "age": "A",
        "character_name": "غەنی",
        "text": "چێ ئەڵێ بە عەمەل نایە",
        "text_original": "چێ ئەڵێ بە عەمەل نایە",
        "start": 68826.0,
        "end": 70098.0,
        "audio": "content/segments/21/18.ogg"
    },
    {
        "ID": "19",
        "gender": "M",
        "age": "A",
        "character_name": "سەعید",
        "text": "ئێ عولەماکانی نوتق",
        "text_original": "ئێ عولەماکانی نوتق",
        "start": 70177.0,
        "end": 72017.0,
        "audio": "content/segments/21/19.ogg"
    },
    {
        "ID": "20",
        "gender": "M",
        "age": "A",
        "character_name": "غەنی",
        "text": "عولەمای چی و نوتقی چی تۆ باسی چیەکەی",
        "text_original": "عولەمای چی و نوتقی چی تۆ باسی چیەکەی",
        "start": 72064.0,
        "end": 73984.0,
        "audio": "content/segments/21/20.ogg"
    },
    {
        "ID": "21",
        "gender": "M",
        "age": "A",
        "character_name": "سەعید",
        "text": "کورە عولەمای نوتق، ئەوەی کە قسەیان داهێناوە ئەڵێ لە کۆمەڵگایا",
        "text_original": "کورە عولەمای نوتق، ئەوەی کە قسەیان داهێناوە ئەڵێ لە کۆمەڵگایا",
        "start": 74014.0,
        "end": 78646.0,
        "audio": "content/segments/21/21.ogg"
    },
    {
        "ID": "22",
        "gender": "M",
        "age": "A",
        "character_name": "غەنی",
        "text": "یاعنی گا گەل",
        "text_original": "یاعنی گا گەل",
        "start": 78646.0,
        "end": 79649.0,
        "audio": "content/segments/21/22.ogg"
    },
    {
        "ID": "23",
        "gender": "M",
        "age": "A",
        "character_name": "سەعید",
        "text": "کورە جوێرەکە کۆمەڵگا یاعنی موستەمەع",
        "text_original": "کورە جوێرەکە کۆمەڵگا یاعنی موستەمەع",
        "start": 79722.0,
        "end": 82099.0,
        "audio": "content/segments/21/23.ogg"
    },
    {
        "ID": "24",
        "gender": "M",
        "age": "A",
        "character_name": "سەعید",
        "text": "یٔەڵێ لە موستەمەعی لەکۆمەڵگای نا دیموکراتیا",
        "text_original": "یٔەڵێ لە موستەمەعی لەکۆمەڵگای نا دیموکراتیا",
        "start": 82289.0,
        "end": 85361.0,
        "audio": "content/segments/21/24.ogg"
    },
    {
        "ID": "25",
        "gender": "M",
        "age": "A",
        "character_name": "سەعید",
        "text": "شەعب یاعنی یٔێوە و مانان خەڵکی عەوام",
        "text_original": "شەعب یاعنی یٔێوە و مانان خەڵکی عەوام",
        "start": 85361.0,
        "end": 88328.0,
        "audio": "content/segments/21/25.ogg"
    },
    {
        "ID": "26",
        "gender": "M",
        "age": "A",
        "character_name": "سەعید",
        "text": "ئەڵێ جورئەتی ئەوەتان نییە چیتان لە دڵایە دەربڕن و بە مەسئولی بڵێن",
        "text_original": "ئەڵێ جورئەتی ئەوەتان نییە چیتان لە دڵایە دەربڕن و بە مەسئولی بڵێن",
        "start": 88414.0,
        "end": 92619.0,
        "audio": "content/segments/21/26.ogg"
    },
    {
        "ID": "27",
        "gender": "M",
        "age": "A",
        "character_name": "سەعید",
        "text": "ئەچن لە پاشە ملە قسە ئەهاون",
        "text_original": "ئەچن لە پاشە ملە قسە ئەهاون",
        "start": 92700.0,
        "end": 94705.0,
        "audio": "content/segments/21/27.ogg"
    },
    {
        "ID": "28",
        "gender": "NA",
        "age": "NA",
        "character_name": "NA",
        "text": "غەنی ئەی ئافەرم",
        "text_original": "غەنی ئەی ئافەرم",
        "start": 94762.0,
        "end": 95728.0,
        "audio": "content/segments/21/28.ogg"
    },
    {
        "ID": "29",
        "gender": "M",
        "age": "A",
        "character_name": "غەنی",
        "text": "یٔافەرم بۆ یٔەو کەسەی یٔەو قسەی کردوە، وەڵای یٔەڵێی لەدڵی منایە",
        "text_original": "یٔافەرم بۆ یٔەو کەسەی یٔەو قسەی کردوە، وەڵای یٔەڵێی لەدڵی منایە",
        "start": 96226.0,
        "end": 99142.0,
        "audio": "content/segments/21/29.ogg"
    },
    {
        "ID": "30",
        "gender": "M",
        "age": "A",
        "character_name": "سەعید",
        "text": "دەکەواتە چی ڕەخنە و بۆڵە بۆڵ و گلەی و زەمھ هەیە",
        "text_original": "دەکەواتە چی ڕەخنە و بۆڵە بۆڵ و گلەی و زەمھ هەیە",
        "start": 99295.0,
        "end": 103148.0,
        "audio": "content/segments/21/30.ogg"
    },
    {
        "ID": "31",
        "gender": "M",
        "age": "A",
        "character_name": "سەعید",
        "text": "بینوسە و بیخەرە سنوقەکەوە",
        "text_original": "بینوسە و بیخەرە سنوقەکەوە",
        "start": 103554.0,
        "end": 105876.0,
        "audio": "content/segments/21/31.ogg"
    },
    {
        "ID": "32",
        "gender": "M",
        "age": "A",
        "character_name": "غەنی",
        "text": "ئەی ئەگەر خوێنەواری و نەبوو",
        "text_original": "ئەی ئەگەر خوێنەواری و نەبوو",
        "start": 106070.0,
        "end": 107388.0,
        "audio": "content/segments/21/32.ogg"
    },
    {
        "ID": "33",
        "gender": "M",
        "age": "A",
        "character_name": "سەعید",
        "text": "ئێجا من بۆتە نوسم، خۆ ئەمینم بۆ ئەو شتانە",
        "text_original": "ئێجا من بۆتە نوسم، خۆ ئەمینم بۆ ئەو شتانە",
        "start": 107461.0,
        "end": 109746.0,
        "audio": "content/segments/21/33.ogg"
    },
    {
        "ID": "34",
        "gender": "M",
        "age": "A",
        "character_name": "غەنی",
        "text": "کورە کاکە سەعە گیان، خۆ من شکم لە ئەمینیەکە نییە",
        "text_original": "کورە کاکە سەعە گیان، خۆ من شکم لە ئەمینیەکە نییە",
        "start": 110018.0,
        "end": 113642.0,
        "audio": "content/segments/21/34.ogg"
    },
    {
        "ID": "35",
        "gender": "M",
        "age": "A",
        "character_name": "غەنی",
        "text": "بەڵام یٔەو سنوقە کەس دەستی نایگاتێ بێقەزابی",
        "text_original": "بەڵام یٔەو سنوقە کەس دەستی نایگاتێ بێقەزابی",
        "start": 114108.0,
        "end": 116973.0,
        "audio": "content/segments/21/35.ogg"
    },
    {
        "ID": "36",
        "gender": "M",
        "age": "A",
        "character_name": "سەعید",
        "text": "تەچیدی دەست نایگاتێ",
        "text_original": "تەچیدی دەست نایگاتێ",
        "start": 117035.0,
        "end": 118227.0,
        "audio": "content/segments/21/36.ogg"
    },
    {
        "ID": "37",
        "gender": "M",
        "age": "A",
        "character_name": "غەنی",
        "text": "یٔەرەوەڵا",
        "text_original": "یٔەرەوەڵا",
        "start": 118227.0,
        "end": 118691.0,
        "audio": "content/segments/21/37.ogg"
    },
    {
        "ID": "38",
        "gender": "M",
        "age": "A",
        "character_name": "سەعید",
        "text": "ئێ الحمد الله ئێمەش ئەوەمان ئەوێ کەس دەستی نەیگاتێ",
        "text_original": "ئێ الحمد الله ئێمەش ئەوەمان ئەوێ کەس دەستی نەیگاتێ",
        "start": 118832.0,
        "end": 122172.0,
        "audio": "content/segments/21/38.ogg"
    },
    {
        "ID": "39",
        "gender": "M",
        "age": "A",
        "character_name": "غەنی",
        "text": "ئەی کەواتە کاکە سەعە گیان، وەرە ئێرەوە، وەرە ئێرەوە",
        "text_original": "ئەی کەواتە کاکە سەعە گیان، وەرە ئێرەوە، وەرە ئێرەوە",
        "start": 122262.0,
        "end": 125488.0,
        "audio": "content/segments/21/39.ogg"
    },
    {
        "ID": "40",
        "gender": "M",
        "age": "A",
        "character_name": "غەنی",
        "text": "یٔەی کەواتە بۆچی هەڵتان واسیوە",
        "text_original": "یٔەی کەواتە بۆچی هەڵتان واسیوە",
        "start": 125874.0,
        "end": 127942.0,
        "audio": "content/segments/21/40.ogg"
    },
    {
        "ID": "41",
        "gender": "M",
        "age": "A",
        "character_name": "سەعید",
        "text": "ئای، لەبەر ڕای گشتی",
        "text_original": "ئای، لەبەر ڕای گشتی",
        "start": 128220.0,
        "end": 129887.0,
        "audio": "content/segments/21/41.ogg"
    },
    {
        "ID": "42",
        "gender": "M",
        "age": "A",
        "character_name": "غەنی",
        "text": "ئەک دایکت بمرێ یاخوا",
        "text_original": "ئەک دایکت بمرێ یاخوا",
        "start": 130396.99999999999,
        "end": 132463.0,
        "audio": "content/segments/21/42.ogg"
    },
    {
        "ID": "43",
        "gender": "M",
        "age": "A",
        "character_name": "سەعید",
        "text": "دایچی چێ بمرێ هەتیوو",
        "text_original": "دایچی چێ بمرێ هەتیوو",
        "start": 132714.0,
        "end": 133727.0,
        "audio": "content/segments/21/43.ogg"
    },
    {
        "ID": "44",
        "gender": "M",
        "age": "A",
        "character_name": "غەنی",
        "text": "ڕای گشتی",
        "text_original": "ڕای گشتی",
        "start": 133740.0,
        "end": 134747.0,
        "audio": "content/segments/21/44.ogg"
    },
    {
        "ID": "45",
        "gender": "M",
        "age": "A",
        "character_name": "سەعید",
        "text": "مشکیلە نییە، میلەت بە دایک مردن هەتیوو نابێ",
        "text_original": "مشکیلە نییە، میلەت بە دایک مردن هەتیوو نابێ",
        "start": 135090.0,
        "end": 138640.0,
        "audio": "content/segments/21/45.ogg"
    },
    {
        "ID": "46",
        "gender": "M",
        "age": "A",
        "character_name": "غەنی",
        "text": "ئەی بە چی هەتیوو ئەبێ",
        "text_original": "ئەی بە چی هەتیوو ئەبێ",
        "start": 138702.0,
        "end": 139842.0,
        "audio": "content/segments/21/46.ogg"
    },
    {
        "ID": "47",
        "gender": "M",
        "age": "A",
        "character_name": "سەعید",
        "text": "میلەت بەوە هەتیوو دەبێ زەمیری بمرێ",
        "text_original": "میلەت بەوە هەتیوو دەبێ زەمیری بمرێ",
        "start": 139974.0,
        "end": 141966.0,
        "audio": "content/segments/21/47.ogg"
    },
    {
        "ID": "48",
        "gender": "M",
        "age": "A",
        "character_name": "سەعید",
        "text": "میلەتێ زەمیری بمرێ و زەمیری نەمێنی هەتیووەبێ",
        "text_original": "میلەتێ زەمیری بمرێ و زەمیری نەمێنی هەتیووەبێ",
        "start": 142042.0,
        "end": 145265.0,
        "audio": "content/segments/21/48.ogg"
    },
    {
        "ID": "49",
        "gender": "M",
        "age": "A",
        "character_name": "غەنی",
        "text": "ئاه، یەعنی ئەو کاتە هەتیوانە شمولی ئەکا",
        "text_original": "ئاه، یەعنی ئەو کاتە هەتیوانە شمولی ئەکا",
        "start": 145368.0,
        "end": 148898.0,
        "audio": "content/segments/21/49.ogg"
    },
    {
        "ID": "50",
        "gender": "M",
        "age": "A",
        "character_name": "سەعید",
        "text": "ئیحتیمالە شمولی بکاو و",
        "text_original": "ئیحتیمالە شمولی بکاو و",
        "start": 148968.0,
        "end": 150586.0,
        "audio": "content/segments/21/50.ogg"
    },
    {
        "ID": "51",
        "gender": "M",
        "age": "A",
        "character_name": "غەنی",
        "text": "ئیحتیمالە شمولیشی نەکا",
        "text_original": "ئیحتیمالە شمولیشی نەکا",
        "start": 150738.0,
        "end": 152218.0,
        "audio": "content/segments/21/51.ogg"
    },
    {
        "ID": "52",
        "gender": "M",
        "age": "A",
        "character_name": "سەعید",
        "text": "ئەی ڕەحەمەت لەدینی پوره",
        "text_original": "ئەی ڕەحەمەت لەدینی پوره",
        "start": 152247.0,
        "end": 154078.0,
        "audio": "content/segments/21/52.ogg"
    },
    {
        "ID": "53",
        "gender": "M",
        "age": "A",
        "character_name": "غەنی",
        "text": "یٔاها، کاکە سەعە گیان مادام باسی ڕەحمەت و دین و شتھ کرد",
        "text_original": "یٔاها، کاکە سەعە گیان مادام باسی ڕەحمەت و دین و شتھ کرد",
        "start": 154580.0,
        "end": 159411.0,
        "audio": "content/segments/21/53.ogg"
    },
    {
        "ID": "54",
        "gender": "M",
        "age": "A",
        "character_name": "غەنی",
        "text": "شتێکم بیرهاتەوە",
        "text_original": "شتێکم بیرهاتەوە",
        "start": 159553.0,
        "end": 160807.0,
        "audio": "content/segments/21/54.ogg"
    },
    {
        "ID": "55",
        "gender": "M",
        "age": "A",
        "character_name": "غەنی",
        "text": "ها",
        "text_original": "ها",
        "start": 161207.0,
        "end": 161457.0,
        "audio": "content/segments/21/55.ogg"
    },
    {
        "ID": "56",
        "gender": "M",
        "age": "A",
        "character_name": "سەعید",
        "text": "دەی",
        "text_original": "دەی",
        "start": 161507.0,
        "end": 161773.0,
        "audio": "content/segments/21/56.ogg"
    },
    {
        "ID": "57",
        "gender": "M",
        "age": "A",
        "character_name": "غەنی",
        "text": "ها بگرە",
        "text_original": "ها بگرە",
        "start": 161945.0,
        "end": 162796.0,
        "audio": "content/segments/21/57.ogg"
    },
    {
        "ID": "58",
        "gender": "M",
        "age": "A",
        "character_name": "سەعید",
        "text": "ئەمە چییە",
        "text_original": "ئەمە چییە",
        "start": 163484.0,
        "end": 164312.0,
        "audio": "content/segments/21/58.ogg"
    },
    {
        "ID": "59",
        "gender": "NA",
        "age": "NA",
        "character_name": "NA",
        "text": "غەنی ئەوە نازانی چییە",
        "text_original": "غەنی ئەوە نازانی چییە",
        "start": 164430.0,
        "end": 165394.0,
        "audio": "content/segments/21/59.ogg"
    },
    {
        "ID": "60",
        "gender": "M",
        "age": "A",
        "character_name": "غەنی",
        "text": "حە، بەبیرت دێ شەش حەوت مانگ لەمەو پێش",
        "text_original": "حە، بەبیرت دێ شەش حەوت مانگ لەمەو پێش",
        "start": 165849.0,
        "end": 168686.0,
        "audio": "content/segments/21/60.ogg"
    },
    {
        "ID": "61",
        "gender": "M",
        "age": "A",
        "character_name": "غەنی",
        "text": "شتێ پارەت دامێ بیرھ چوو داوام لێکەیتەوە",
        "text_original": "شتێ پارەت دامێ بیرھ چوو داوام لێکەیتەوە",
        "start": 168686.0,
        "end": 171431.0,
        "audio": "content/segments/21/61.ogg"
    },
    {
        "ID": "62",
        "gender": "M",
        "age": "A",
        "character_name": "سەعید",
        "text": "ئەی تۆ چیو کرد، کە من بیرم چۆوە",
        "text_original": "ئەی تۆ چیو کرد، کە من بیرم چۆوە",
        "start": 171462.0,
        "end": 173199.0,
        "audio": "content/segments/21/62.ogg"
    },
    {
        "ID": "63",
        "gender": "M",
        "age": "A",
        "character_name": "غەنی",
        "text": "ئەی من ویستم لوشیکەم",
        "text_original": "ئەی من ویستم لوشیکەم",
        "start": 173258.0,
        "end": 174566.0,
        "audio": "content/segments/21/63.ogg"
    },
    {
        "ID": "64",
        "gender": "M",
        "age": "A",
        "character_name": "سەعید",
        "text": "ئنجا باشە پارەکەی من سویسری ئەسڵ بوو، علوج نەبوو بەقوربان بم",
        "text_original": "ئنجا باشە پارەکەی من سویسری ئەسڵ بوو، علوج نەبوو بەقوربان بم",
        "start": 175103.0,
        "end": 179003.0,
        "audio": "content/segments/21/64.ogg"
    },
    {
        "ID": "65",
        "gender": "M",
        "age": "A",
        "character_name": "غەنی",
        "text": "کوڕی باوکم نان هەبێ ئەمڕۆ لە علوجایە",
        "text_original": "کوڕی باوکم نان هەبێ ئەمڕۆ لە علوجایە",
        "start": 179077.0,
        "end": 181849.0,
        "audio": "content/segments/21/65.ogg"
    },
    {
        "ID": "66",
        "gender": "NA",
        "age": "NA",
        "character_name": "NA",
        "text": "سەعید کاکە جیان وەری ناگرم، تۆ بڵێ بۆ",
        "text_original": "سەعید کاکە جیان وەری ناگرم، تۆ بڵێ بۆ",
        "start": 182006.0,
        "end": 183831.0,
        "audio": "content/segments/21/66.ogg"
    },
    {
        "ID": "67",
        "gender": "M",
        "age": "A",
        "character_name": "غەنی",
        "text": "بۆ",
        "text_original": "بۆ",
        "start": 183837.0,
        "end": 184296.0,
        "audio": "content/segments/21/67.ogg"
    },
    {
        "ID": "68",
        "gender": "M",
        "age": "A",
        "character_name": "سەعید",
        "text": "یەکەم ئەمە ڕەقەمی پێوەیە ئەم پارەیە",
        "text_original": "یەکەم ئەمە ڕەقەمی پێوەیە ئەم پارەیە",
        "start": 184416.0,
        "end": 186391.0,
        "audio": "content/segments/21/68.ogg"
    },
    {
        "ID": "69",
        "gender": "M",
        "age": "A",
        "character_name": "سەعید",
        "text": "من پارە ڕەقەمی پێوەبێ وەریناگرم",
        "text_original": "من پارە ڕەقەمی پێوەبێ وەریناگرم",
        "start": 186446.0,
        "end": 188575.0,
        "audio": "content/segments/21/69.ogg"
    },
    {
        "ID": "70",
        "gender": "M",
        "age": "A",
        "character_name": "غەنی",
        "text": "ئەوە تۆ چی ئەکەی شێتم ئەکەی",
        "text_original": "ئەوە تۆ چی ئەکەی شێتم ئەکەی",
        "start": 188753.0,
        "end": 190142.0,
        "audio": "content/segments/21/70.ogg"
    },
    {
        "ID": "71",
        "gender": "M",
        "age": "A",
        "character_name": "غەنی",
        "text": "بابە من پارەی دورەقەمم بیستوە پارەی بێرەقەمی چی",
        "text_original": "بابە من پارەی دورەقەمم بیستوە پارەی بێرەقەمی چی",
        "start": 190142.0,
        "end": 193162.0,
        "audio": "content/segments/21/71.ogg"
    },
    {
        "ID": "72",
        "gender": "M",
        "age": "A",
        "character_name": "سەعید",
        "text": "کاکە جیان، من نامەوێ ڕەقەمی لەسەر بێ",
        "text_original": "کاکە جیان، من نامەوێ ڕەقەمی لەسەر بێ",
        "start": 193169.0,
        "end": 195326.0,
        "audio": "content/segments/21/72.ogg"
    },
    {
        "ID": "73",
        "gender": "M",
        "age": "A",
        "character_name": "سەعید",
        "text": "چێ ئەڵێ ڕەقەمەکەی نەجیراوە وەک و زابتە داماوەکە",
        "text_original": "چێ ئەڵێ ڕەقەمەکەی نەجیراوە وەک و زابتە داماوەکە",
        "start": 195427.0,
        "end": 197788.0,
        "audio": "content/segments/21/73.ogg"
    },
    {
        "ID": "74",
        "gender": "M",
        "age": "A",
        "character_name": "سەعید",
        "text": "لە ئاسایشا پەنێکمان پێ نایەی",
        "text_original": "لە ئاسایشا پەنێکمان پێ نایەی",
        "start": 197788.0,
        "end": 199051.0,
        "audio": "content/segments/21/74.ogg"
    },
    {
        "ID": "75",
        "gender": "M",
        "age": "A",
        "character_name": "سەعید",
        "text": "نایکەم وەریناگرم",
        "text_original": "نایکەم وەریناگرم",
        "start": 199051.0,
        "end": 200472.0,
        "audio": "content/segments/21/75.ogg"
    },
    {
        "ID": "76",
        "gender": "M",
        "age": "A",
        "character_name": "سەعید",
        "text": "دووەمین پارەکەی من، پارەکەی من سویسری یٔەسڵ بوو، علوج نەبوو",
        "text_original": "دووەمین پارەکەی من، پارەکەی من سویسری یٔەسڵ بوو، علوج نەبوو",
        "start": 200955.0,
        "end": 205358.0,
        "audio": "content/segments/21/76.ogg"
    },
    {
        "ID": "77",
        "gender": "M",
        "age": "A",
        "character_name": "سەعید",
        "text": "وەری ناگرم بەس بەچیا بیرھ کەوتەوە تۆ یٔەم پارەیەم بەیتەوە",
        "text_original": "وەری ناگرم بەس بەچیا بیرھ کەوتەوە تۆ یٔەم پارەیەم بەیتەوە",
        "start": 205358.0,
        "end": 209302.0,
        "audio": "content/segments/21/77.ogg"
    },
    {
        "ID": "78",
        "gender": "M",
        "age": "A",
        "character_name": "غەنی",
        "text": "زەمیر، خاڵە سەعە گیان زەمیری سەگ باب",
        "text_original": "زەمیر، خاڵە سەعە گیان زەمیری سەگ باب",
        "start": 209519.0,
        "end": 213322.0,
        "audio": "content/segments/21/78.ogg"
    },
    {
        "ID": "79",
        "gender": "M",
        "age": "A",
        "character_name": "غەنی",
        "text": "زەمیر هەموو شەوێ خەبەری یٔەکردمەوە ئەیو بێقیمەت هیچ و پوچ بەمن",
        "text_original": "زەمیر هەموو شەوێ خەبەری یٔەکردمەوە ئەیو بێقیمەت هیچ و پوچ بەمن",
        "start": 213685.0,
        "end": 219474.0,
        "audio": "content/segments/21/79.ogg"
    },
    {
        "ID": "80",
        "gender": "M",
        "age": "A",
        "character_name": "سەعید",
        "text": "ئێھ",
        "text_original": "ئێھ",
        "start": 219521.0,
        "end": 220028.0,
        "audio": "content/segments/21/80.ogg"
    },
    {
        "ID": "81",
        "gender": "M",
        "age": "A",
        "character_name": "غەنی",
        "text": "چۆن دڵت دێ پارەی ئەو هاوڕێیەت دەخۆی",
        "text_original": "چۆن دڵت دێ پارەی ئەو هاوڕێیەت دەخۆی",
        "start": 220059.0,
        "end": 222412.0,
        "audio": "content/segments/21/81.ogg"
    },
    {
        "ID": "82",
        "gender": "M",
        "age": "A",
        "character_name": "سەعید",
        "text": "ئێ، ئەی تۆ وتھ چی",
        "text_original": "ئێ، ئەی تۆ وتھ چی",
        "start": 222541.0,
        "end": 224078.0,
        "audio": "content/segments/21/82.ogg"
    },
    {
        "ID": "83",
        "gender": "M",
        "age": "A",
        "character_name": "سەعید",
        "text": "ئەی تۆ چیو وت کە زەمیرت وای وت",
        "text_original": "ئەی تۆ چیو وت کە زەمیرت وای وت",
        "start": 224389.0,
        "end": 226403.0,
        "audio": "content/segments/21/83.ogg"
    },
    {
        "ID": "84",
        "gender": "M",
        "age": "A",
        "character_name": "غەنی",
        "text": "ئاها، من هیچم نەوت کاکە سەعە گیان",
        "text_original": "ئاها، من هیچم نەوت کاکە سەعە گیان",
        "start": 226556.0,
        "end": 228769.0,
        "audio": "content/segments/21/84.ogg"
    },
    {
        "ID": "85",
        "gender": "M",
        "age": "A",
        "character_name": "غەنی",
        "text": "بەس زەمیرم وتی بڕۆ زۆر سەلامی لێ بکە",
        "text_original": "بەس زەمیرم وتی بڕۆ زۆر سەلامی لێ بکە",
        "start": 228887.0,
        "end": 231091.0,
        "audio": "content/segments/21/85.ogg"
    },
    {
        "ID": "86",
        "gender": "M",
        "age": "A",
        "character_name": "سەعید",
        "text": "بەڵێ",
        "text_original": "بەڵێ",
        "start": 231091.0,
        "end": 231385.0,
        "audio": "content/segments/21/86.ogg"
    },
    {
        "ID": "87",
        "gender": "M",
        "age": "A",
        "character_name": "غەنی",
        "text": "نیوەی پارەکەی بەرێ و با نیوەکەی تری جارێ (نارون)",
        "text_original": "نیوەی پارەکەی بەرێ و با نیوەکەی تری جارێ (نارون)",
        "start": 231385.0,
        "end": 234264.0,
        "audio": "content/segments/21/87.ogg"
    },
    {
        "ID": "88",
        "gender": "NA",
        "age": "NA",
        "character_name": "NA",
        "text": "سەعید وای وت",
        "text_original": "سەعید وای وت",
        "start": 234392.0,
        "end": 234840.0,
        "audio": "content/segments/21/88.ogg"
    },
    {
        "ID": "89",
        "gender": "M",
        "age": "A",
        "character_name": "غەنی",
        "text": "ئەرەوەڵا",
        "text_original": "ئەرەوەڵا",
        "start": 234840.0,
        "end": 235598.0,
        "audio": "content/segments/21/89.ogg"
    },
    {
        "ID": "90",
        "gender": "M",
        "age": "A",
        "character_name": "سەعید",
        "text": "دەکەواتە تێگەشتم زەمیری تۆ ڕادیکاڵی نییە",
        "text_original": "دەکەواتە تێگەشتم زەمیری تۆ ڕادیکاڵی نییە",
        "start": 235674.0,
        "end": 238274.0,
        "audio": "content/segments/21/90.ogg"
    },
    {
        "ID": "91",
        "gender": "M",
        "age": "A",
        "character_name": "غەنی",
        "text": "ڕادیکاڵی چییە",
        "text_original": "ڕادیکاڵی چییە",
        "start": 238406.0,
        "end": 239728.0,
        "audio": "content/segments/21/91.ogg"
    },
    {
        "ID": "92",
        "gender": "M",
        "age": "A",
        "character_name": "سەعید",
        "text": "ڕادیکاڵی یاعنی ئەو نەوعەی کە حەق و عەدالەت تێکەڵەکەن و هەتا سەر ئێسقان",
        "text_original": "ڕادیکاڵی یاعنی ئەو نەوعەی کە حەق و عەدالەت تێکەڵەکەن و هەتا سەر ئێسقان",
        "start": 239832.0,
        "end": 244701.0,
        "audio": "content/segments/21/92.ogg"
    },
    {
        "ID": "93",
        "gender": "M",
        "age": "A",
        "character_name": "سەعید",
        "text": "یەعنی یٔێوە عەیارە بیست و چوار نین",
        "text_original": "یەعنی یٔێوە عەیارە بیست و چوار نین",
        "start": 244753.0,
        "end": 246463.0,
        "audio": "content/segments/21/93.ogg"
    },
    {
        "ID": "94",
        "gender": "M",
        "age": "A",
        "character_name": "غەنی",
        "text": "نەوەڵا بەساقەی سەرت بم، دوو لە ڕوی جەنابت زەمیری من ئیسڵاحیە",
        "text_original": "نەوەڵا بەساقەی سەرت بم، دوو لە ڕوی جەنابت زەمیری من ئیسڵاحیە",
        "start": 246493.0,
        "end": 251107.0,
        "audio": "content/segments/21/94.ogg"
    },
    {
        "ID": "95",
        "gender": "M",
        "age": "A",
        "character_name": "سەعید",
        "text": "ئاا، تێ گەیشتم ئەو چاتر ئیسڵاحیە، ئیسڵاحی بێ باشترە لە،ئەها",
        "text_original": "ئاا، تێ گەیشتم ئەو چاتر ئیسڵاحیە، ئیسڵاحی بێ باشترە لە،ئەها",
        "start": 251296.0,
        "end": 258403.00000000003,
        "audio": "content/segments/21/95.ogg"
    },
    {
        "ID": "96",
        "gender": "M",
        "age": "A",
        "character_name": "پیاوی3",
        "text": "هەلەو گوود مۆڕنینگ هەمە هەواڕ یوو",
        "text_original": "هەلەو گوود مۆڕنینگ هەمە هەواڕ یوو",
        "start": 281889.0,
        "end": 285225.0,
        "audio": "content/segments/21/96.ogg"
    },
    {
        "ID": "97",
        "gender": "M",
        "age": "A",
        "character_name": "سەعید",
        "text": "چاکی",
        "text_original": "چاکی",
        "start": 285710.0,
        "end": 286354.0,
        "audio": "content/segments/21/97.ogg"
    },
    {
        "ID": "98",
        "gender": "M",
        "age": "A",
        "character_name": "پیاوی3",
        "text": "گوود مۆڕنینگ یوسف هەواڕ یوو",
        "text_original": "گوود مۆڕنینگ یوسف هەواڕ یوو",
        "start": 286419.0,
        "end": 288393.0,
        "audio": "content/segments/21/98.ogg"
    },
    {
        "ID": "99",
        "gender": "M",
        "age": "A",
        "character_name": "پیاوی4",
        "text": "ئەوە ئەڵێ، دەمێکە لە دورەوە ناوبانگی کوردم بیستوە و",
        "text_original": "ئەوە ئەڵێ، دەمێکە لە دورەوە ناوبانگی کوردم بیستوە و",
        "start": 288649.0,
        "end": 292636.0,
        "audio": "content/segments/21/99.ogg"
    },
    {
        "ID": "100",
        "gender": "M",
        "age": "A",
        "character_name": "پیاوی4",
        "text": "ناونیشانی ئەم کەلاوەیەشم لای خۆم نوسیوە و پێ خۆشحاڵم بە ناسینتان",
        "text_original": "ناونیشانی ئەم کەلاوەیەشم لای خۆم نوسیوە و پێ خۆشحاڵم بە ناسینتان",
        "start": 292677.0,
        "end": 298337.0,
        "audio": "content/segments/21/100.ogg"
    },
    {
        "ID": "101",
        "gender": "M",
        "age": "A",
        "character_name": "پیاوی3",
        "text": "ئای گۆ توو سکوڵ بای باسکل",
        "text_original": "ئای گۆ توو سکوڵ بای باسکل",
        "start": 299224.0,
        "end": 301399.0,
        "audio": "content/segments/21/101.ogg"
    },
    {
        "ID": "102",
        "gender": "M",
        "age": "A",
        "character_name": "پیاوی4",
        "text": "ئەڵێ هاتووین کەلاوەکەتان بۆ تەعمیر کەین",
        "text_original": "ئەڵێ هاتووین کەلاوەکەتان بۆ تەعمیر کەین",
        "start": 301841.0,
        "end": 304552.0,
        "audio": "content/segments/21/102.ogg"
    },
    {
        "ID": "103",
        "gender": "M",
        "age": "A",
        "character_name": "پیاوی3",
        "text": "سەرما گۆ توو سکول بای باسکیل",
        "text_original": "سەرما گۆ توو سکول بای باسکیل",
        "start": 305366.0,
        "end": 307990.0,
        "audio": "content/segments/21/103.ogg"
    },
    {
        "ID": "104",
        "gender": "M",
        "age": "A",
        "character_name": "پیاوی4",
        "text": "ئەڵێ ئێمە ئەم کەلاوەیەمان بەلاوە زۆر گرنگە",
        "text_original": "ئەڵێ ئێمە ئەم کەلاوەیەمان بەلاوە زۆر گرنگە",
        "start": 308043.0,
        "end": 310809.0,
        "audio": "content/segments/21/104.ogg"
    },
    {
        "ID": "105",
        "gender": "M",
        "age": "A",
        "character_name": "پیاوی4",
        "text": "هەروەها ئێوەشمان بەلاوە گرنگە",
        "text_original": "هەروەها ئێوەشمان بەلاوە گرنگە",
        "start": 311044.0,
        "end": 313063.0,
        "audio": "content/segments/21/105.ogg"
    },
    {
        "ID": "106",
        "gender": "M",
        "age": "A",
        "character_name": "پیاوی3",
        "text": "مای فازە ئز ئە تیچەر",
        "text_original": "مای فازە ئز ئە تیچەر",
        "start": 313602.0,
        "end": 315882.0,
        "audio": "content/segments/21/106.ogg"
    },
    {
        "ID": "107",
        "gender": "M",
        "age": "A",
        "character_name": "پیاوی4",
        "text": "ئەڵێ پارەیەکی باشمان داناوە بۆ تەعمیر کردنی ئەم کەلاوەیە",
        "text_original": "ئەڵێ پارەیەکی باشمان داناوە بۆ تەعمیر کردنی ئەم کەلاوەیە",
        "start": 315957.0,
        "end": 320109.0,
        "audio": "content/segments/21/107.ogg"
    },
    {
        "ID": "108",
        "gender": "M",
        "age": "A",
        "character_name": "سەعید",
        "text": "کاک متەرجیم پێی بڵێ بە مستەر",
        "text_original": "کاک متەرجیم پێی بڵێ بە مستەر",
        "start": 320896.0,
        "end": 322546.0,
        "audio": "content/segments/21/108.ogg"
    },
    {
        "ID": "109",
        "gender": "M",
        "age": "A",
        "character_name": "سەعید",
        "text": "بڵێ کە ئێرە تەئمیر دەکاتەوە با سێ قات بێ",
        "text_original": "بڵێ کە ئێرە تەئمیر دەکاتەوە با سێ قات بێ",
        "start": 322736.0,
        "end": 325196.0,
        "audio": "content/segments/21/109.ogg"
    },
    {
        "ID": "110",
        "gender": "M",
        "age": "A",
        "character_name": "غەنی",
        "text": "ئەرێوەڵا ڕاسئەکا، چوکە ئێمە تەحەمولی بینای بەرز ناکەین سێ قاتمان بەسە",
        "text_original": "ئەرێوەڵا ڕاسئەکا، چوکە ئێمە تەحەمولی بینای بەرز ناکەین سێ قاتمان بەسە",
        "start": 325406.0,
        "end": 329393.0,
        "audio": "content/segments/21/110.ogg"
    },
    {
        "ID": "111",
        "gender": "M",
        "age": "A",
        "character_name": "پیاوی3",
        "text": "وەت",
        "text_original": "وەت",
        "start": 329990.0,
        "end": 330779.0,
        "audio": "content/segments/21/111.ogg"
    },
    {
        "ID": "112",
        "gender": "M",
        "age": "A",
        "character_name": "پیاوی4",
        "text": "ئێ مستەر ئئ، سەن دەی مەن دەی تویسدەی فێرست دەی",
        "text_original": "ئێ مستەر ئئ، سەن دەی مەن دەی تویسدەی فێرست دەی",
        "start": 330924.0,
        "end": 335491.0,
        "audio": "content/segments/21/112.ogg"
    },
    {
        "ID": "113",
        "gender": "M",
        "age": "A",
        "character_name": "پیاوی3",
        "text": "جانیوەری فێبریوەری مارچ ئیپرێڵ",
        "text_original": "جانیوەری فێبریوەری مارچ ئیپرێڵ",
        "start": 336416.0,
        "end": 339237.0,
        "audio": "content/segments/21/113.ogg"
    },
    {
        "ID": "114",
        "gender": "M",
        "age": "A",
        "character_name": "پیاوی4",
        "text": "کاکە، ئەڵێ ئێمە بینا و شتی وا تەعمیر ناکەین",
        "text_original": "کاکە، ئەڵێ ئێمە بینا و شتی وا تەعمیر ناکەین",
        "start": 339348.0,
        "end": 341863.0,
        "audio": "content/segments/21/114.ogg"
    },
    {
        "ID": "115",
        "gender": "M",
        "age": "A",
        "character_name": "پیاوی4",
        "text": "بەس تۆزێ بۆیاخی پیاێنین هیچی تر",
        "text_original": "بەس تۆزێ بۆیاخی پیاێنین هیچی تر",
        "start": 341863.0,
        "end": 344233.0,
        "audio": "content/segments/21/115.ogg"
    },
    {
        "ID": "116",
        "gender": "M",
        "age": "A",
        "character_name": "سەعید",
        "text": "هاتون بۆیاخی ئەکەنەوە",
        "text_original": "هاتون بۆیاخی ئەکەنەوە",
        "start": 344930.0,
        "end": 346359.0,
        "audio": "content/segments/21/116.ogg"
    },
    {
        "ID": "117",
        "gender": "M",
        "age": "A",
        "character_name": "پیاوی4",
        "text": "ئا",
        "text_original": "ئا",
        "start": 346359.0,
        "end": 346814.0,
        "audio": "content/segments/21/117.ogg"
    },
    {
        "ID": "118",
        "gender": "M",
        "age": "A",
        "character_name": "سەعید",
        "text": "حاو",
        "text_original": "حاو",
        "start": 346990.0,
        "end": 347915.0,
        "audio": "content/segments/21/118.ogg"
    },
    {
        "ID": "119",
        "gender": "M",
        "age": "A",
        "character_name": "پیاوی3",
        "text": "وەتس حاو",
        "text_original": "وەتس حاو",
        "start": 348010.0,
        "end": 349027.0,
        "audio": "content/segments/21/119.ogg"
    },
    {
        "ID": "120",
        "gender": "M",
        "age": "A",
        "character_name": "پیاوی4",
        "text": "ئێ، مستەر حاو ئز می سێڤن",
        "text_original": "ئێ، مستەر حاو ئز می سێڤن",
        "start": 349027.0,
        "end": 352874.0,
        "audio": "content/segments/21/120.ogg"
    },
    {
        "ID": "121",
        "gender": "M",
        "age": "A",
        "character_name": "پیاوی3",
        "text": "سێڤن ئەیت ناین تێن",
        "text_original": "سێڤن ئەیت ناین تێن",
        "start": 352958.0,
        "end": 355451.0,
        "audio": "content/segments/21/121.ogg"
    },
    {
        "ID": "122",
        "gender": "M",
        "age": "A",
        "character_name": "پیاوی4",
        "text": "ئەڵێ ئێمە عەقدەکەمان هەر ئەوەیە تەعمیری تیا نییە",
        "text_original": "ئەڵێ ئێمە عەقدەکەمان هەر ئەوەیە تەعمیری تیا نییە",
        "start": 355875.0,
        "end": 360125.0,
        "audio": "content/segments/21/122.ogg"
    },
    {
        "ID": "123",
        "gender": "M",
        "age": "A",
        "character_name": "سەعید",
        "text": "ئادەی کاکی موتەرجیم پێی بڵێ، کەلاوە بۆیاخی بۆ چییە بۆ خاتری خوا",
        "text_original": "ئادەی کاکی موتەرجیم پێی بڵێ، کەلاوە بۆیاخی بۆ چییە بۆ خاتری خوا",
        "start": 360240.0,
        "end": 364283.0,
        "audio": "content/segments/21/123.ogg"
    },
    {
        "ID": "124",
        "gender": "M",
        "age": "A",
        "character_name": "پیاوی3",
        "text": "سپرینگ سەمەر ئۆتۆم وینتەر",
        "text_original": "سپرینگ سەمەر ئۆتۆم وینتەر",
        "start": 364473.0,
        "end": 367333.0,
        "audio": "content/segments/21/124.ogg"
    },
    {
        "ID": "125",
        "gender": "M",
        "age": "A",
        "character_name": "پیاوی4",
        "text": "کاکە ڕجاتان لێ ئەکەم ئەڵێ بەقسەم بکەن و ئەم مەشروعە ڕەفز مەکەن",
        "text_original": "کاکە ڕجاتان لێ ئەکەم ئەڵێ بەقسەم بکەن و ئەم مەشروعە ڕەفز مەکەن",
        "start": 367483.0,
        "end": 371864.0,
        "audio": "content/segments/21/125.ogg"
    },
    {
        "ID": "126",
        "gender": "M",
        "age": "A",
        "character_name": "پیاوی4",
        "text": "با ئیشەکەتان بۆ بکرێ",
        "text_original": "با ئیشەکەتان بۆ بکرێ",
        "start": 371864.0,
        "end": 372988.0,
        "audio": "content/segments/21/126.ogg"
    },
    {
        "ID": "127",
        "gender": "M",
        "age": "A",
        "character_name": "سەعید",
        "text": "وەی بەسەرچاو فەرموو بێنە",
        "text_original": "وەی بەسەرچاو فەرموو بێنە",
        "start": 372988.0,
        "end": 375291.0,
        "audio": "content/segments/21/127.ogg"
    },
    {
        "ID": "128",
        "gender": "M",
        "age": "A",
        "character_name": "سەعید",
        "text": "بڵێ ئەم دۆلارانەمان بەرێ خۆمان تەعمیری ئەکەینەوە",
        "text_original": "بڵێ ئەم دۆلارانەمان بەرێ خۆمان تەعمیری ئەکەینەوە",
        "start": 375291.0,
        "end": 377228.0,
        "audio": "content/segments/21/128.ogg"
    },
    {
        "ID": "129",
        "gender": "M",
        "age": "A",
        "character_name": "سەعید",
        "text": "بائەمان ئەزێت نەکێشن",
        "text_original": "بائەمان ئەزێت نەکێشن",
        "start": 377235.0,
        "end": 378385.0,
        "audio": "content/segments/21/129.ogg"
    },
    {
        "ID": "130",
        "gender": "M",
        "age": "A",
        "character_name": "پیاوی4",
        "text": "میستەر دوو یوو پلەی فیتبۆڵ",
        "text_original": "میستەر دوو یوو پلەی فیتبۆڵ",
        "start": 378543.0,
        "end": 381653.0,
        "audio": "content/segments/21/130.ogg"
    },
    {
        "ID": "131",
        "gender": "M",
        "age": "A",
        "character_name": "پیاوی3",
        "text": "نۆ ئای گۆ توو سینەما",
        "text_original": "نۆ ئای گۆ توو سینەما",
        "start": 382243.0,
        "end": 384510.0,
        "audio": "content/segments/21/131.ogg"
    },
    {
        "ID": "132",
        "gender": "M",
        "age": "A",
        "character_name": "سەعید",
        "text": "بەشەرەف تێگەیشتم غەنی",
        "text_original": "بەشەرەف تێگەیشتم غەنی",
        "start": 385033.0,
        "end": 386411.0,
        "audio": "content/segments/21/132.ogg"
    },
    {
        "ID": "133",
        "gender": "M",
        "age": "A",
        "character_name": "غەنی",
        "text": "ئەڵێ چی",
        "text_original": "ئەڵێ چی",
        "start": 386493.0,
        "end": 387127.0,
        "audio": "content/segments/21/133.ogg"
    },
    {
        "ID": "134",
        "gender": "M",
        "age": "A",
        "character_name": "سەعید",
        "text": "ئەڵێ ڕێگر مەبن لەبەر ئەو مەشروعەیا با مەشروعەکە بکەین",
        "text_original": "ئەڵێ ڕێگر مەبن لەبەر ئەو مەشروعەیا با مەشروعەکە بکەین",
        "start": 387141.0,
        "end": 390330.0,
        "audio": "content/segments/21/134.ogg"
    },
    {
        "ID": "135",
        "gender": "M",
        "age": "A",
        "character_name": "سەعید",
        "text": "با نەبین بە سینەمەی عالەم",
        "text_original": "با نەبین بە سینەمەی عالەم",
        "start": 390330.0,
        "end": 391872.0,
        "audio": "content/segments/21/135.ogg"
    },
    {
        "ID": "136",
        "gender": "M",
        "age": "A",
        "character_name": "پیاوی4",
        "text": "کاکە ئەڵێ هیوادارم",
        "text_original": "کاکە ئەڵێ هیوادارم",
        "start": 392102.0,
        "end": 393575.0,
        "audio": "content/segments/21/136.ogg"
    },
    {
        "ID": "137",
        "gender": "NA",
        "age": "NA",
        "character_name": "NA",
        "text": "هاوکاری مقاولەکە بکەن",
        "text_original": "هاوکاری مقاولەکە بکەن",
        "start": 393598.0,
        "end": 396001.0,
        "audio": "content/segments/21/137.ogg"
    },
    {
        "ID": "138",
        "gender": "M",
        "age": "A",
        "character_name": "کەریم",
        "text": "کاکە سەعە",
        "text_original": "کاکە سەعە",
        "start": 397186.0,
        "end": 399252.0,
        "audio": "content/segments/21/138.ogg"
    },
    {
        "ID": "139",
        "gender": "M",
        "age": "A",
        "character_name": "سەعید",
        "text": "ئا، ئا",
        "text_original": "ئا، ئا",
        "start": 399397.0,
        "end": 400641.0,
        "audio": "content/segments/21/139.ogg"
    },
    {
        "ID": "140",
        "gender": "M",
        "age": "A",
        "character_name": "کەریم",
        "text": "لە چوێی",
        "text_original": "لە چوێی",
        "start": 400783.0,
        "end": 402351.0,
        "audio": "content/segments/21/140.ogg"
    },
    {
        "ID": "141",
        "gender": "M",
        "age": "A",
        "character_name": "سەعید",
        "text": "کورە هەر لە کەلاوەکەم، لە چوێم وەرە",
        "text_original": "کورە هەر لە کەلاوەکەم، لە چوێم وەرە",
        "start": 402735.0,
        "end": 404985.0,
        "audio": "content/segments/21/141.ogg"
    },
    {
        "ID": "142",
        "gender": "NA",
        "age": "NA",
        "character_name": "NA",
        "text": "کەریم سەلامو عەلەیکم",
        "text_original": "کەریم سەلامو عەلەیکم",
        "start": 406229.0,
        "end": 407867.0,
        "audio": "content/segments/21/142.ogg"
    },
    {
        "ID": "143",
        "gender": "M",
        "age": "A",
        "character_name": "سەعید",
        "text": "عەلەیکە سەلام",
        "text_original": "عەلەیکە سەلام",
        "start": 407949.0,
        "end": 409302.0,
        "audio": "content/segments/21/143.ogg"
    },
    {
        "ID": "144",
        "gender": "M",
        "age": "A",
        "character_name": "کەریم",
        "text": "ئەوە جیراوی سەعە",
        "text_original": "ئەوە جیراوی سەعە",
        "start": 410729.0,
        "end": 412539.0,
        "audio": "content/segments/21/144.ogg"
    },
    {
        "ID": "145",
        "gender": "M",
        "age": "A",
        "character_name": "سەعید",
        "text": "نا نا نا میوانمان هاتوە مەترسە",
        "text_original": "نا نا نا میوانمان هاتوە مەترسە",
        "start": 412588.0,
        "end": 415032.0,
        "audio": "content/segments/21/145.ogg"
    },
    {
        "ID": "146",
        "gender": "M",
        "age": "A",
        "character_name": "کەریم",
        "text": "چێیە",
        "text_original": "چێیە",
        "start": 415397.0,
        "end": 416490.0,
        "audio": "content/segments/21/146.ogg"
    },
    {
        "ID": "147",
        "gender": "M",
        "age": "A",
        "character_name": "کەریم",
        "text": "هەتیو من جاران ئەموو ئا ئەمە خەتەرە",
        "text_original": "هەتیو من جاران ئەموو ئا ئەمە خەتەرە",
        "start": 416838.0,
        "end": 420196.0,
        "audio": "content/segments/21/147.ogg"
    },
    {
        "ID": "148",
        "gender": "M",
        "age": "A",
        "character_name": "کەریم",
        "text": "بەڵام ئا ئەمە زۆر خەتەر ترە ئا ئەمە",
        "text_original": "بەڵام ئا ئەمە زۆر خەتەر ترە ئا ئەمە",
        "start": 420196.0,
        "end": 424310.0,
        "audio": "content/segments/21/148.ogg"
    },
    {
        "ID": "149",
        "gender": "M",
        "age": "A",
        "character_name": "سەعید",
        "text": "نا نا خەتەر نییە زۆر کوری چاکە، میوانمانە هاتوە ئێرە تەعمیرکاتەوە",
        "text_original": "نا نا خەتەر نییە زۆر کوری چاکە، میوانمانە هاتوە ئێرە تەعمیرکاتەوە",
        "start": 424499.0,
        "end": 428439.0,
        "audio": "content/segments/21/149.ogg"
    },
    {
        "ID": "150",
        "gender": "M",
        "age": "A",
        "character_name": "کەریم",
        "text": "کورە بابە ئۆی سەعە",
        "text_original": "کورە بابە ئۆی سەعە",
        "start": 428578.0,
        "end": 432088.0,
        "audio": "content/segments/21/150.ogg"
    },
    {
        "ID": "151",
        "gender": "M",
        "age": "A",
        "character_name": "سەعید",
        "text": "ها",
        "text_original": "ها",
        "start": 432088.0,
        "end": 432411.0,
        "audio": "content/segments/21/151.ogg"
    },
    {
        "ID": "152",
        "gender": "M",
        "age": "A",
        "character_name": "کەریم",
        "text": "ئا ئەمەم بینی بە چاوی خۆم لە تەلەفزیۆنا نییە",
        "text_original": "ئا ئەمەم بینی بە چاوی خۆم لە تەلەفزیۆنا نییە",
        "start": 432498.0,
        "end": 436897.0,
        "audio": "content/segments/21/152.ogg"
    },
    {
        "ID": "153",
        "gender": "M",
        "age": "A",
        "character_name": "کەریم",
        "text": "لە فەلوجە حەڤ تورەگەی کردبوو بەسەر حەو هەشت کەسا و",
        "text_original": "لە فەلوجە حەڤ تورەگەی کردبوو بەسەر حەو هەشت کەسا و",
        "start": 437359.0,
        "end": 442790.0,
        "audio": "content/segments/21/153.ogg"
    },
    {
        "ID": "154",
        "gender": "M",
        "age": "A",
        "character_name": "کەریم",
        "text": "ئاوا وەک و گایەل جەڵەبی کرد بوون",
        "text_original": "ئاوا وەک و گایەل جەڵەبی کرد بوون",
        "start": 442808.0,
        "end": 445739.0,
        "audio": "content/segments/21/154.ogg"
    },
    {
        "ID": "155",
        "gender": "M",
        "age": "A",
        "character_name": "سەعید",
        "text": "نانا ئەمە ئەو نییە، ئەمە ئەو نییە",
        "text_original": "نانا ئەمە ئەو نییە، ئەمە ئەو نییە",
        "start": 445831.0,
        "end": 448543.0,
        "audio": "content/segments/21/155.ogg"
    },
    {
        "ID": "156",
        "gender": "M",
        "age": "A",
        "character_name": "سەعید",
        "text": "کورە ئەمە ئەوەکەیە مارێنزەکەی وتھ فیدراڵە بەساقە ئەها سەیرکە",
        "text_original": "کورە ئەمە ئەوەکەیە مارێنزەکەی وتھ فیدراڵە بەساقە ئەها سەیرکە",
        "start": 448835.0,
        "end": 452712.0,
        "audio": "content/segments/21/156.ogg"
    },
    {
        "ID": "157",
        "gender": "M",
        "age": "A",
        "character_name": "کەریم",
        "text": "ئۆو ڕاستەکەی ئافەرم",
        "text_original": "ئۆو ڕاستەکەی ئافەرم",
        "start": 452712.0,
        "end": 456331.0,
        "audio": "content/segments/21/157.ogg"
    },
    {
        "ID": "158",
        "gender": "M",
        "age": "A",
        "character_name": "کەریم",
        "text": "وتم خوایە ئا ئەمەم بینیوە بەم تاقم و تفەنگە لە شوێنێک ئەسورایەوە",
        "text_original": "وتم خوایە ئا ئەمەم بینیوە بەم تاقم و تفەنگە لە شوێنێک ئەسورایەوە",
        "start": 456512.0,
        "end": 462983.0,
        "audio": "content/segments/21/158.ogg"
    },
    {
        "ID": "159",
        "gender": "M",
        "age": "A",
        "character_name": "سەعید",
        "text": "لە چوێ",
        "text_original": "لە چوێ",
        "start": 463034.0,
        "end": 463882.0,
        "audio": "content/segments/21/159.ogg"
    },
    {
        "ID": "160",
        "gender": "M",
        "age": "A",
        "character_name": "کەریم",
        "text": "لەناو حەوشەکەی زانکۆ",
        "text_original": "لەناو حەوشەکەی زانکۆ",
        "start": 463907.0,
        "end": 467211.0,
        "audio": "content/segments/21/160.ogg"
    }
]