[
    {
        "ID": "1",
        "gender": "NA",
        "age": "NA",
        "character_name": "NA",
        "text": "مۆسیقا",
        "text_original": "مۆسیقا",
        "start": 0.0,
        "end": 88230.0,
        "audio": "content/segments/214/1.ogg"
    },
    {
        "ID": "2",
        "gender": "M",
        "age": "A",
        "character_name": "حەیدەر",
        "text": "وەڵاهی زۆر سەیرە خەریکە ئەو مێشکەم دەتەقێ",
        "text_original": "وەڵاهی زۆر سەیرە خەریکە ئەو مێشکەم دەتەقێ",
        "start": 88675.0,
        "end": 90586.0,
        "audio": "content/segments/214/2.ogg"
    },
    {
        "ID": "3",
        "gender": "M",
        "age": "A",
        "character_name": "حەیدەر",
        "text": "پانزە ڕۆژە پانزە ڕۆژە، ئەم ئافرەتە فڕت بێرەیا تێ ئەپەڕێ",
        "text_original": "پانزە ڕۆژە پانزە ڕۆژە، ئەم ئافرەتە فڕت بێرەیا تێ ئەپەڕێ",
        "start": 90874.0,
        "end": 95064.0,
        "audio": "content/segments/214/3.ogg"
    },
    {
        "ID": "4",
        "gender": "M",
        "age": "A",
        "character_name": "حەیدەر",
        "text": "نازانم ئەمڕۆ بۆ نەهاو، شانسەکەی مناا ئایشش",
        "text_original": "نازانم ئەمڕۆ بۆ نەهاو، شانسەکەی مناا ئایشش",
        "start": 95064.0,
        "end": 98882.0,
        "audio": "content/segments/214/4.ogg"
    },
    {
        "ID": "5",
        "gender": "M",
        "age": "A",
        "character_name": "حەیدەر",
        "text": "نا دیار نییە، دیار نییە، قەت من نە بوویم",
        "text_original": "نا دیار نییە، دیار نییە، قەت من نە بوویم",
        "start": 101390.0,
        "end": 104026.0,
        "audio": "content/segments/214/5.ogg"
    },
    {
        "ID": "6",
        "gender": "M",
        "age": "A",
        "character_name": "حەیدەر",
        "text": "بەخوا ئەو جارە بێت ئەگەر با تاکە نەعل کوشتوومی",
        "text_original": "بەخوا ئەو جارە بێت ئەگەر با تاکە نەعل کوشتوومی",
        "start": 104026.0,
        "end": 107213.0,
        "audio": "content/segments/214/6.ogg"
    },
    {
        "ID": "7",
        "gender": "M",
        "age": "A",
        "character_name": "حەیدەر",
        "text": "چاوێکی لێ دە ئەگرم و ئاوایەچی لێ ئەکەم و حەتمەن ڕازی ئەبێ",
        "text_original": "چاوێکی لێ دە ئەگرم و ئاوایەچی لێ ئەکەم و حەتمەن ڕازی ئەبێ",
        "start": 107213.0,
        "end": 110271.0,
        "audio": "content/segments/214/7.ogg"
    },
    {
        "ID": "8",
        "gender": "M",
        "age": "A",
        "character_name": "حەیدەر",
        "text": "ئەه، ئاخر دەتۆ سەیری ئەو شانسە کە، یەک چارەگیکە نێ",
        "text_original": "ئەه، ئاخر دەتۆ سەیری ئەو شانسە کە، یەک چارەگیکە نێ",
        "start": 111060.0,
        "end": 114969.0,
        "audio": "content/segments/214/8.ogg"
    },
    {
        "ID": "9",
        "gender": "M",
        "age": "A",
        "character_name": "حەیدەر",
        "text": "ڕێک تەکسیێ ئەگرم و ڕێک ئەڕۆمەوانێ، ئاخر درەنگە بە چی بگەمەوە ئاوایی",
        "text_original": "ڕێک تەکسیێ ئەگرم و ڕێک ئەڕۆمەوانێ، ئاخر درەنگە بە چی بگەمەوە ئاوایی",
        "start": 114969.0,
        "end": 117974.0,
        "audio": "content/segments/214/9.ogg"
    },
    {
        "ID": "11",
        "gender": "NA",
        "age": "NA",
        "character_name": "پۆلیس",
        "text": "کاکە چۆنی",
        "text_original": "کاکە چۆنی",
        "start": 143841.0,
        "end": 144521.0,
        "audio": "content/segments/214/11.ogg"
    },
    {
        "ID": "12",
        "gender": "M",
        "age": "A",
        "character_name": "حەیدەر",
        "text": "چۆنی برام",
        "text_original": "چۆنی برام",
        "start": 144544.0,
        "end": 145484.0,
        "audio": "content/segments/214/12.ogg"
    },
    {
        "ID": "13",
        "gender": "NA",
        "age": "NA",
        "character_name": "پۆلیس",
        "text": "زەحمەت نەبێ، سەیارەکە و لا نابی مخالفی",
        "text_original": "زەحمەت نەبێ، سەیارەکە و لا نابی مخالفی",
        "start": 145484.0,
        "end": 147555.0,
        "audio": "content/segments/214/13.ogg"
    },
    {
        "ID": "14",
        "gender": "M",
        "age": "A",
        "character_name": "حەیدەر",
        "text": "سەیارەکەی من",
        "text_original": "سەیارەکەی من",
        "start": 147555.0,
        "end": 148424.0,
        "audio": "content/segments/214/14.ogg"
    },
    {
        "ID": "16",
        "gender": "M",
        "age": "A",
        "character_name": "حەیدەر",
        "text": "لای نابەم",
        "text_original": "لای نابەم",
        "start": 151300.0,
        "end": 152101.0,
        "audio": "content/segments/214/16.ogg"
    },
    {
        "ID": "17",
        "gender": "NA",
        "age": "NA",
        "character_name": "پۆلیس",
        "text": "کاکە جیان وەسڵی غەرامەکەو بۆ بکەم",
        "text_original": "کاکە جیان وەسڵی غەرامەکەو بۆ بکەم",
        "start": 152856.0,
        "end": 154861.0,
        "audio": "content/segments/214/17.ogg"
    },
    {
        "ID": "18",
        "gender": "M",
        "age": "A",
        "character_name": "حەیدەر",
        "text": "کورە کاکە بۆ نایکەی زۆر تەبیعیە ئەی هاوار بۆ وازم لێ ناینی تۆ",
        "text_original": "کورە کاکە بۆ نایکەی زۆر تەبیعیە ئەی هاوار بۆ وازم لێ ناینی تۆ",
        "start": 154861.0,
        "end": 157971.0,
        "audio": "content/segments/214/18.ogg"
    },
    {
        "ID": "19",
        "gender": "NA",
        "age": "NA",
        "character_name": "پۆلیس",
        "text": "برا جیان ئەڵێم وەسڵی غرامەکەبو بۆ ئەکەم دوایی",
        "text_original": "برا جیان ئەڵێم وەسڵی غرامەکەبو بۆ ئەکەم دوایی",
        "start": 159360.0,
        "end": 162260.0,
        "audio": "content/segments/214/19.ogg"
    },
    {
        "ID": "20",
        "gender": "M",
        "age": "A",
        "character_name": "حەیدەر",
        "text": "ئاییییییی کوڕە کاکە بیکە زۆر تەبیعیە و زۆر ئیعتیادیشە",
        "text_original": "ئاییییییی کوڕە کاکە بیکە زۆر تەبیعیە و زۆر ئیعتیادیشە",
        "start": 162260.0,
        "end": 165076.0,
        "audio": "content/segments/214/20.ogg"
    },
    {
        "ID": "21",
        "gender": "M",
        "age": "A",
        "character_name": "حەیدەر",
        "text": "ئاییی",
        "text_original": "ئاییی",
        "start": 166102.0,
        "end": 167182.0,
        "audio": "content/segments/214/21.ogg"
    },
    {
        "ID": "22",
        "gender": "NA",
        "age": "NA",
        "character_name": "پۆلیس",
        "text": "باشش",
        "text_original": "باشش",
        "start": 167182.0,
        "end": 167590.0,
        "audio": "content/segments/214/22.ogg"
    },
    {
        "ID": "23",
        "gender": "NA",
        "age": "NA",
        "character_name": "پۆلیس",
        "text": "سەیریکە ئەوەوەسڵەکر دوایی بڕۆ غەرامەکەی بە",
        "text_original": "سەیریکە ئەوەوەسڵەکر دوایی بڕۆ غەرامەکەی بە",
        "start": 168513.0,
        "end": 171356.0,
        "audio": "content/segments/214/23.ogg"
    },
    {
        "ID": "24",
        "gender": "M",
        "age": "A",
        "character_name": "حەیدەر",
        "text": "وەسڵت بۆ کردم",
        "text_original": "وەسڵت بۆ کردم",
        "start": 171356.0,
        "end": 172136.0,
        "audio": "content/segments/214/24.ogg"
    },
    {
        "ID": "25",
        "gender": "NA",
        "age": "NA",
        "character_name": "پۆلیس",
        "text": "بەڵێ",
        "text_original": "بەڵێ",
        "start": 172136.0,
        "end": 172751.0,
        "audio": "content/segments/214/25.ogg"
    },
    {
        "ID": "26",
        "gender": "M",
        "age": "A",
        "character_name": "حەیدەر",
        "text": "وەڵاهی عەسڵەن هەر بە خایاڵیشمااا نایااا",
        "text_original": "وەڵاهی عەسڵەن هەر بە خایاڵیشمااا نایااا",
        "start": 172751.0,
        "end": 174930.0,
        "audio": "content/segments/214/26.ogg"
    },
    {
        "ID": "27",
        "gender": "NA",
        "age": "NA",
        "character_name": "پۆلیس",
        "text": "بۆۆۆ",
        "text_original": "بۆۆۆ",
        "start": 174930.0,
        "end": 175663.0,
        "audio": "content/segments/214/27.ogg"
    },
    {
        "ID": "28",
        "gender": "M",
        "age": "A",
        "character_name": "حەیدەر",
        "text": "ئێ کورە بابە ئەوە سەیارەی من نییە، خوا ئەزانێ",
        "text_original": "ئێ کورە بابە ئەوە سەیارەی من نییە، خوا ئەزانێ",
        "start": 175663.0,
        "end": 178053.0,
        "audio": "content/segments/214/28.ogg"
    },
    {
        "ID": "29",
        "gender": "NA",
        "age": "NA",
        "character_name": "NA",
        "text": "هی چ داماوێکە، تەکسیییییی، تەکسی، تەکسی",
        "text_original": "هی چ داماوێکە، تەکسیییییی، تەکسی، تەکسی",
        "start": 178053.0,
        "end": 180804.0,
        "audio": "content/segments/214/29.ogg"
    },
    {
        "ID": "30",
        "gender": "M",
        "age": "A",
        "character_name": "تەها",
        "text": "کاکە فەرەج ئێوە نازانم بۆ بیرێ لەو کوڕە ناکەنەوە وەڵاهی",
        "text_original": "کاکە فەرەج ئێوە نازانم بۆ بیرێ لەو کوڕە ناکەنەوە وەڵاهی",
        "start": 185244.0,
        "end": 188898.0,
        "audio": "content/segments/214/30.ogg"
    },
    {
        "ID": "31",
        "gender": "M",
        "age": "A",
        "character_name": "تەها",
        "text": "کار وا بڕوا حەیاو شەڕەفمان ئەچێ، ئەوڕۆژ لە شار لەبەردەم مەکتەبی کچانا بینیوومە",
        "text_original": "کار وا بڕوا حەیاو شەڕەفمان ئەچێ، ئەوڕۆژ لە شار لەبەردەم مەکتەبی کچانا بینیوومە",
        "start": 188898.0,
        "end": 192977.0,
        "audio": "content/segments/214/31.ogg"
    },
    {
        "ID": "32",
        "gender": "M",
        "age": "A",
        "character_name": "تەها",
        "text": "تەسەوڕ کەن مەڕحەبام کرد وڵامی نەیامەوە، کار",
        "text_original": "تەسەوڕ کەن مەڕحەبام کرد وڵامی نەیامەوە، کار",
        "start": 193096.0,
        "end": 195994.0,
        "audio": "content/segments/214/32.ogg"
    },
    {
        "ID": "33",
        "gender": "M",
        "age": "A",
        "character_name": "تەها",
        "text": "وا بڕوا تێکەچێ و حسابمان ئەڕوا",
        "text_original": "وا بڕوا تێکەچێ و حسابمان ئەڕوا",
        "start": 195994.0,
        "end": 198464.0,
        "audio": "content/segments/214/33.ogg"
    },
    {
        "ID": "34",
        "gender": "M",
        "age": "A",
        "character_name": "فەرەج",
        "text": "کورە سەت جارم پێ وتوە، سەت ئیشیشم بۆ دۆزیەوە، بە قسەم ناکا",
        "text_original": "کورە سەت جارم پێ وتوە، سەت ئیشیشم بۆ دۆزیەوە، بە قسەم ناکا",
        "start": 198592.0,
        "end": 202346.0,
        "audio": "content/segments/214/34.ogg"
    },
    {
        "ID": "35",
        "gender": "F",
        "age": "A",
        "character_name": "عەتیە",
        "text": "باشە حاجی جیان تۆ بۆ ژنێ بۆ ئەو کوڕە نایەنی نەجاتمان بێ لەو جرت و فرتە",
        "text_original": "باشە حاجی جیان تۆ بۆ ژنێ بۆ ئەو کوڕە نایەنی نەجاتمان بێ لەو جرت و فرتە",
        "start": 203432.0,
        "end": 207638.0,
        "audio": "content/segments/214/35.ogg"
    },
    {
        "ID": "36",
        "gender": "F",
        "age": "A",
        "character_name": "عەتیە",
        "text": "وا تەمەنەکەی بەسەرەچێ تا ئێسا ژنمان بۆ نەهێناوە",
        "text_original": "وا تەمەنەکەی بەسەرەچێ تا ئێسا ژنمان بۆ نەهێناوە",
        "start": 207638.0,
        "end": 210472.0,
        "audio": "content/segments/214/36.ogg"
    },
    {
        "ID": "37",
        "gender": "M",
        "age": "A",
        "character_name": "تەها",
        "text": "ئێێ دە باشە وەرنە پێشەوە، ناوی خوای لێ بێنن",
        "text_original": "ئێێ دە باشە وەرنە پێشەوە، ناوی خوای لێ بێنن",
        "start": 210477.0,
        "end": 213507.0,
        "audio": "content/segments/214/37.ogg"
    },
    {
        "ID": "38",
        "gender": "M",
        "age": "A",
        "character_name": "تەها",
        "text": "ئەچینە ماڵی مام وسوو، مام وسوو کچێکی جوان و عاقڵ و ڕێک و پێکی هەیە",
        "text_original": "ئەچینە ماڵی مام وسوو، مام وسوو کچێکی جوان و عاقڵ و ڕێک و پێکی هەیە",
        "start": 213731.0,
        "end": 217746.0,
        "audio": "content/segments/214/38.ogg"
    },
    {
        "ID": "39",
        "gender": "M",
        "age": "A",
        "character_name": "تەها",
        "text": "وەڵاهی من لەگەڵتانا بم بە کراسی بەری خۆیەوە ئەمانداتێ",
        "text_original": "وەڵاهی من لەگەڵتانا بم بە کراسی بەری خۆیەوە ئەمانداتێ",
        "start": 217746.0,
        "end": 221245.0,
        "audio": "content/segments/214/39.ogg"
    },
    {
        "ID": "40",
        "gender": "M",
        "age": "A",
        "character_name": "فەرەج",
        "text": "دە فەرموو دەی تۆ خاڵی نی، دە بڕۆ جێ بە جێیکە و منیش حازرم",
        "text_original": "دە فەرموو دەی تۆ خاڵی نی، دە بڕۆ جێ بە جێیکە و منیش حازرم",
        "start": 221245.0,
        "end": 224593.0,
        "audio": "content/segments/214/40.ogg"
    },
    {
        "ID": "41",
        "gender": "M",
        "age": "A",
        "character_name": "تەها",
        "text": "کاک فەرەج ئەو کوڕە هەتا ژنی بۆ نەهێنین، نابەسرێتەوە",
        "text_original": "کاک فەرەج ئەو کوڕە هەتا ژنی بۆ نەهێنین، نابەسرێتەوە",
        "start": 224593.0,
        "end": 227993.0,
        "audio": "content/segments/214/41.ogg"
    },
    {
        "ID": "42",
        "gender": "M",
        "age": "A",
        "character_name": "تەها",
        "text": "خەموو نەبێ من هەر ئیمڕۆ قسە لەگەڵ مام وسوو ئەکەم و",
        "text_original": "خەموو نەبێ من هەر ئیمڕۆ قسە لەگەڵ مام وسوو ئەکەم و",
        "start": 227993.0,
        "end": 231347.0,
        "audio": "content/segments/214/42.ogg"
    },
    {
        "ID": "43",
        "gender": "M",
        "age": "A",
        "character_name": "تەها",
        "text": "جوابەکەیشی بۆ ئەهێنمەوە",
        "text_original": "جوابەکەیشی بۆ ئەهێنمەوە",
        "start": 231347.0,
        "end": 232891.0,
        "audio": "content/segments/214/43.ogg"
    },
    {
        "ID": "44",
        "gender": "F",
        "age": "A",
        "character_name": "عەتیە",
        "text": "ئەی بە قووربان کاکە تەهای خۆم بم، بەو خوایە ئەو کوڕە",
        "text_original": "ئەی بە قووربان کاکە تەهای خۆم بم، بەو خوایە ئەو کوڕە",
        "start": 232891.0,
        "end": 235716.0,
        "audio": "content/segments/214/44.ogg"
    },
    {
        "ID": "45",
        "gender": "F",
        "age": "A",
        "character_name": "عەتیە",
        "text": "کە ژنمان بۆ هێنا ئەگەر نەبوو بە پیاو من بەناوی عەتیەوە بانگ مەکەن",
        "text_original": "کە ژنمان بۆ هێنا ئەگەر نەبوو بە پیاو من بەناوی عەتیەوە بانگ مەکەن",
        "start": 235716.0,
        "end": 239287.0,
        "audio": "content/segments/214/45.ogg"
    },
    {
        "ID": "47",
        "gender": "M",
        "age": "A",
        "character_name": "فەرەج",
        "text": "وا بڕوا حەیامان ئەبەی",
        "text_original": "وا بڕوا حەیامان ئەبەی",
        "start": 246572.0,
        "end": 247602.0,
        "audio": "content/segments/214/47.ogg"
    },
    {
        "ID": "48",
        "gender": "M",
        "age": "A",
        "character_name": "حەیدەر",
        "text": "ئێ بۆۆ هیچ بووە",
        "text_original": "ئێ بۆۆ هیچ بووە",
        "start": 247602.0,
        "end": 248768.0,
        "audio": "content/segments/214/48.ogg"
    },
    {
        "ID": "49",
        "gender": "M",
        "age": "A",
        "character_name": "فەرەج",
        "text": "ئێ چۆن هیچ نەبووە، ئەوە نییە ئەو خەڵکە یێ شکاتت لێیەکا ئەڵێ چی",
        "text_original": "ئێ چۆن هیچ نەبووە، ئەوە نییە ئەو خەڵکە یێ شکاتت لێیەکا ئەڵێ چی",
        "start": 248768.0,
        "end": 251698.0,
        "audio": "content/segments/214/49.ogg"
    },
    {
        "ID": "50",
        "gender": "M",
        "age": "A",
        "character_name": "حەیدەر",
        "text": "ئەو خەڵکە لە خۆیەوە ڕقیان لە منەو هەر لە",
        "text_original": "ئەو خەڵکە لە خۆیەوە ڕقیان لە منەو هەر لە",
        "start": 251698.0,
        "end": 253886.0,
        "audio": "content/segments/214/50.ogg"
    },
    {
        "ID": "51",
        "gender": "M",
        "age": "A",
        "character_name": "حەیدەر",
        "text": "خۆیانەوە بووختانم بۆ درووستەکەن و پێمەڵێن",
        "text_original": "خۆیانەوە بووختانم بۆ درووستەکەن و پێمەڵێن",
        "start": 253886.0,
        "end": 255449.0,
        "audio": "content/segments/214/51.ogg"
    },
    {
        "ID": "52",
        "gender": "M",
        "age": "A",
        "character_name": "حەیدەر",
        "text": "تۆ بە لای ئاواییا ڕۆیی چاو دا ئەگریی، وییییی",
        "text_original": "تۆ بە لای ئاواییا ڕۆیی چاو دا ئەگریی، وییییی",
        "start": 255449.0,
        "end": 257164.0,
        "audio": "content/segments/214/52.ogg"
    },
    {
        "ID": "53",
        "gender": "M",
        "age": "A",
        "character_name": "فەرەج",
        "text": "ئێ کوڕە حەیامانە چێ مردوو مرێ",
        "text_original": "ئێ کوڕە حەیامانە چێ مردوو مرێ",
        "start": 257164.0,
        "end": 258872.0,
        "audio": "content/segments/214/53.ogg"
    },
    {
        "ID": "54",
        "gender": "M",
        "age": "A",
        "character_name": "حەیدەر",
        "text": "خەمت نەبێ باوکە من حەیام نییە تا بچێ",
        "text_original": "خەمت نەبێ باوکە من حەیام نییە تا بچێ",
        "start": 258872.0,
        "end": 260904.0,
        "audio": "content/segments/214/54.ogg"
    },
    {
        "ID": "55",
        "gender": "M",
        "age": "A",
        "character_name": "فەرەج",
        "text": "چۆن نییتە",
        "text_original": "چۆن نییتە",
        "start": 260904.0,
        "end": 261721.0,
        "audio": "content/segments/214/55.ogg"
    },
    {
        "ID": "56",
        "gender": "F",
        "age": "A",
        "character_name": "عەتیە",
        "text": "ئەوە بۆ وای لێیەکەی، ڕەبی دەس",
        "text_original": "ئەوە بۆ وای لێیەکەی، ڕەبی دەس",
        "start": 261721.0,
        "end": 263278.0,
        "audio": "content/segments/214/56.ogg"
    },
    {
        "ID": "57",
        "gender": "F",
        "age": "A",
        "character_name": "عەتیە",
        "text": "و پەنجەو هەڵوەرێ، ها ئەوە بۆوای لێیەکەی",
        "text_original": "و پەنجەو هەڵوەرێ، ها ئەوە بۆوای لێیەکەی",
        "start": 263278.0,
        "end": 265562.0,
        "audio": "content/segments/214/57.ogg"
    },
    {
        "ID": "58",
        "gender": "F",
        "age": "A",
        "character_name": "عەتیە",
        "text": "ئێمە چەن چۆلەگەمان هەیە، ڕەبیھ دایک بمرێ یاخواا، بە قووربانی دڵت بم",
        "text_original": "ئێمە چەن چۆلەگەمان هەیە، ڕەبیھ دایک بمرێ یاخواا، بە قووربانی دڵت بم",
        "start": 265562.0,
        "end": 270105.0,
        "audio": "content/segments/214/58.ogg"
    },
    {
        "ID": "59",
        "gender": "F",
        "age": "A",
        "character_name": "عەتیە",
        "text": "ئەوڕۆ خاڵە تەهات خەبەرێکی خۆشمان لێ ئەگێڕێتەوە",
        "text_original": "ئەوڕۆ خاڵە تەهات خەبەرێکی خۆشمان لێ ئەگێڕێتەوە",
        "start": 270105.0,
        "end": 272388.0,
        "audio": "content/segments/214/59.ogg"
    },
    {
        "ID": "60",
        "gender": "M",
        "age": "A",
        "character_name": "حەیدەر",
        "text": "خاڵ تەهاا، خاڵ تەها نیازی چییە عەتیە",
        "text_original": "خاڵ تەهاا، خاڵ تەها نیازی چییە عەتیە",
        "start": 272388.0,
        "end": 274987.0,
        "audio": "content/segments/214/60.ogg"
    },
    {
        "ID": "61",
        "gender": "F",
        "age": "A",
        "character_name": "عەتیە",
        "text": "لە دەوری سەرت گەڕێم بە نیازی ژنت بۆ بێنین",
        "text_original": "لە دەوری سەرت گەڕێم بە نیازی ژنت بۆ بێنین",
        "start": 274987.0,
        "end": 277926.0,
        "audio": "content/segments/214/61.ogg"
    },
    {
        "ID": "62",
        "gender": "M",
        "age": "A",
        "character_name": "فەرەج",
        "text": "خوا بتکا بە قووربانی خاڵە تەهات",
        "text_original": "خوا بتکا بە قووربانی خاڵە تەهات",
        "start": 277926.0,
        "end": 279584.0,
        "audio": "content/segments/214/62.ogg"
    },
    {
        "ID": "63",
        "gender": "M",
        "age": "A",
        "character_name": "فەرەج",
        "text": "ئەوە خەریک کچی مام وسوو بۆ جێ بە جێیەکەین",
        "text_original": "ئەوە خەریک کچی مام وسوو بۆ جێ بە جێیەکەین",
        "start": 279584.0,
        "end": 281988.0,
        "audio": "content/segments/214/63.ogg"
    },
    {
        "ID": "64",
        "gender": "M",
        "age": "A",
        "character_name": "حەیدەر",
        "text": "جێڵاس نا",
        "text_original": "جێڵاس نا",
        "start": 281988.0,
        "end": 283831.0,
        "audio": "content/segments/214/64.ogg"
    },
    {
        "ID": "65",
        "gender": "M",
        "age": "A",
        "character_name": "حەیدەر",
        "text": "دایکە ئا بەسەری ئەو خاڵ تەهایە، خوا چوێرم کاا تازە",
        "text_original": "دایکە ئا بەسەری ئەو خاڵ تەهایە، خوا چوێرم کاا تازە",
        "start": 284584.0,
        "end": 288224.0,
        "audio": "content/segments/214/65.ogg"
    },
    {
        "ID": "66",
        "gender": "M",
        "age": "A",
        "character_name": "حەیدەر",
        "text": "بیستوومە ئەو مام وسووە کچی ئاوای هەبێ ناوی جێ",
        "text_original": "بیستوومە ئەو مام وسووە کچی ئاوای هەبێ ناوی جێ",
        "start": 288224.0,
        "end": 290630.0,
        "audio": "content/segments/214/66.ogg"
    },
    {
        "ID": "67",
        "gender": "M",
        "age": "A",
        "character_name": "حەیدەر",
        "text": "هین بێ، چاو ڕەشی قژ ڕەشی باریکەلانە بێ",
        "text_original": "هین بێ، چاو ڕەشی قژ ڕەشی باریکەلانە بێ",
        "start": 291350.0,
        "end": 294899.0,
        "audio": "content/segments/214/67.ogg"
    },
    {
        "ID": "68",
        "gender": "M",
        "age": "A",
        "character_name": "حەیدەر",
        "text": "بە چاوی ئەو خاڵ تەهایە نەم بیستووە",
        "text_original": "بە چاوی ئەو خاڵ تەهایە نەم بیستووە",
        "start": 294899.0,
        "end": 296667.0,
        "audio": "content/segments/214/68.ogg"
    },
    {
        "ID": "69",
        "gender": "F",
        "age": "A",
        "character_name": "عەتیە",
        "text": "سوێنیش نەخۆیی بڕوات پێ ئەکەم بە ساقەی سەرت بم",
        "text_original": "سوێنیش نەخۆیی بڕوات پێ ئەکەم بە ساقەی سەرت بم",
        "start": 296667.0,
        "end": 299753.0,
        "audio": "content/segments/214/69.ogg"
    },
    {
        "ID": "70",
        "gender": "F",
        "age": "A",
        "character_name": "عەتیە",
        "text": "دیارەها، جێڵاس و باڵای بەرز و قژی ڕەش و چاوی ڕەش و",
        "text_original": "دیارەها، جێڵاس و باڵای بەرز و قژی ڕەش و چاوی ڕەش و",
        "start": 300331.0,
        "end": 304928.0,
        "audio": "content/segments/214/70.ogg"
    },
    {
        "ID": "71",
        "gender": "F",
        "age": "A",
        "character_name": "عەتیە",
        "text": "بەڵام وەعدم بەرێ حەیدەر ، ئەو جارە بە قسەی دایکی خۆو بکە ببە بە پیاو",
        "text_original": "بەڵام وەعدم بەرێ حەیدەر ، ئەو جارە بە قسەی دایکی خۆو بکە ببە بە پیاو",
        "start": 304928.0,
        "end": 309222.0,
        "audio": "content/segments/214/71.ogg"
    },
    {
        "ID": "72",
        "gender": "M",
        "age": "A",
        "character_name": "حەیدەر",
        "text": "عەتیە ئەگەر پێم ڕا ئەبێرن بەم بەیانییا با بزانم دڵم بە بەریەوە نەماوە",
        "text_original": "عەتیە ئەگەر پێم ڕا ئەبێرن بەم بەیانییا با بزانم دڵم بە بەریەوە نەماوە",
        "start": 309222.0,
        "end": 313406.0,
        "audio": "content/segments/214/72.ogg"
    },
    {
        "ID": "73",
        "gender": "F",
        "age": "A",
        "character_name": "عەتیە",
        "text": "ئەیەڕۆ چۆن پێو ڕا ئەبوێرین بە ساقەی سەرت بم",
        "text_original": "ئەیەڕۆ چۆن پێو ڕا ئەبوێرین بە ساقەی سەرت بم",
        "start": 313406.0,
        "end": 315822.0,
        "audio": "content/segments/214/73.ogg"
    },
    {
        "ID": "74",
        "gender": "M",
        "age": "A",
        "character_name": "حەیدەر",
        "text": "توو سەر ئەو خاڵ تەهایە بە جدیتە",
        "text_original": "توو سەر ئەو خاڵ تەهایە بە جدیتە",
        "start": 315822.0,
        "end": 317556.0,
        "audio": "content/segments/214/74.ogg"
    },
    {
        "ID": "75",
        "gender": "F",
        "age": "A",
        "character_name": "عەتیە",
        "text": "ئەیەڕۆ ئەی چۆن بە جدیم نییا",
        "text_original": "ئەیەڕۆ ئەی چۆن بە جدیم نییا",
        "start": 317556.0,
        "end": 319218.0,
        "audio": "content/segments/214/75.ogg"
    },
    {
        "ID": "76",
        "gender": "M",
        "age": "A",
        "character_name": "حەیدەر",
        "text": "ئەجا خۆ من ئەمرم لەو کارتەیا بنووسم جێڵاس بۆ حەیدەر لە خۆشیا، هھھ",
        "text_original": "ئەجا خۆ من ئەمرم لەو کارتەیا بنووسم جێڵاس بۆ حەیدەر لە خۆشیا، هھھ",
        "start": 319218.0,
        "end": 322093.0,
        "audio": "content/segments/214/76.ogg"
    },
    {
        "ID": "77",
        "gender": "M",
        "age": "A",
        "character_name": "حەیدەر",
        "text": "ئەجا دوایی لەکارتەکا بنووسن هاتنتان مایەی شانزیمانا، هەر ئەمرم بەخوا",
        "text_original": "ئەجا دوایی لەکارتەکا بنووسن هاتنتان مایەی شانزیمانا، هەر ئەمرم بەخوا",
        "start": 323838.0,
        "end": 327198.0,
        "audio": "content/segments/214/77.ogg"
    },
    {
        "ID": "78",
        "gender": "F",
        "age": "A",
        "character_name": "عەتیە",
        "text": "ئەھ بە ساقەو بم",
        "text_original": "ئەھ بە ساقەو بم",
        "start": 327198.0,
        "end": 328120.0,
        "audio": "content/segments/214/78.ogg"
    },
    {
        "ID": "79",
        "gender": "M",
        "age": "A",
        "character_name": "حەیدەر",
        "text": "ئەزانی چۆنە دایە، وەڵاهی من پێشتر ئەبووم بە پیاو",
        "text_original": "ئەزانی چۆنە دایە، وەڵاهی من پێشتر ئەبووم بە پیاو",
        "start": 328120.0,
        "end": 330589.0,
        "audio": "content/segments/214/79.ogg"
    },
    {
        "ID": "80",
        "gender": "M",
        "age": "A",
        "character_name": "حەیدەر",
        "text": "ئەگەر ئێوە دەست پێشەچی خۆتان بکرد بوایا",
        "text_original": "ئەگەر ئێوە دەست پێشەچی خۆتان بکرد بوایا",
        "start": 330589.0,
        "end": 332081.0,
        "audio": "content/segments/214/80.ogg"
    },
    {
        "ID": "81",
        "gender": "M",
        "age": "A",
        "character_name": "حەیدەر",
        "text": "خۆ ئەمە هیچ شتێ تێ ناگە کاکە، شەو نەبوو بە دەم خەوەوە نەڵێم، ژن ژن ژن ژن ژن ژن ژنننن",
        "text_original": "خۆ ئەمە هیچ شتێ تێ ناگە کاکە، شەو نەبوو بە دەم خەوەوە نەڵێم، ژن ژن ژن ژن ژن ژن ژنننن",
        "start": 332081.0,
        "end": 337376.0,
        "audio": "content/segments/214/81.ogg"
    },
    {
        "ID": "82",
        "gender": "M",
        "age": "A",
        "character_name": "حەیدەر",
        "text": "ئەمە تێ نە ئەگەو، حەیدەر بە قووربانی سەر و بم",
        "text_original": "ئەمە تێ نە ئەگەو، حەیدەر بە قووربانی سەر و بم",
        "start": 337376.0,
        "end": 340063.0,
        "audio": "content/segments/214/82.ogg"
    },
    {
        "ID": "83",
        "gender": "M",
        "age": "A",
        "character_name": "حەیدەر",
        "text": "ئەوە ئەمشۆ چی بوو ئەت وت ماتۆڕت پێیا هەر ئەتووت",
        "text_original": "ئەوە ئەمشۆ چی بوو ئەت وت ماتۆڕت پێیا هەر ئەتووت",
        "start": 340063.0,
        "end": 341842.0,
        "audio": "content/segments/214/83.ogg"
    },
    {
        "ID": "84",
        "gender": "M",
        "age": "A",
        "character_name": "حەیدەر",
        "text": "ڤن ڤن ڤن ڤن ڤننن، وا ئەزانێ من ئەمیتا بابە جانممم",
        "text_original": "ڤن ڤن ڤن ڤن ڤننن، وا ئەزانێ من ئەمیتا بابە جانممم",
        "start": 341842.0,
        "end": 344926.0,
        "audio": "content/segments/214/84.ogg"
    },
    {
        "ID": "85",
        "gender": "M",
        "age": "A",
        "character_name": "فەرەج",
        "text": "ان شاء الله مایەی خێرە بێت",
        "text_original": "ان شاء الله مایەی خێرە بێت",
        "start": 344926.0,
        "end": 346922.0,
        "audio": "content/segments/214/85.ogg"
    },
    {
        "ID": "87",
        "gender": "M",
        "age": "A",
        "character_name": "ووسوو",
        "text": "خوایە بەخێرێنن",
        "text_original": "خوایە بەخێرێنن",
        "start": 358452.0,
        "end": 358894.0,
        "audio": "content/segments/214/87.ogg"
    },
    {
        "ID": "88",
        "gender": "NA",
        "age": "NA",
        "character_name": "NA",
        "text": "«خۆشبیاخوا»",
        "text_original": "«خۆشبیاخوا»",
        "start": 358894.0,
        "end": 359524.0,
        "audio": "content/segments/214/88.ogg"
    },
    {
        "ID": "89",
        "gender": "M",
        "age": "A",
        "character_name": "ووسوو",
        "text": "خوایە بەخێرێن",
        "text_original": "خوایە بەخێرێن",
        "start": 359524.0,
        "end": 360154.0,
        "audio": "content/segments/214/89.ogg"
    },
    {
        "ID": "90",
        "gender": "NA",
        "age": "NA",
        "character_name": "NA",
        "text": "زۆر زۆر مەمنوونین",
        "text_original": "زۆر زۆر مەمنوونین",
        "start": 360154.0,
        "end": 360760.0,
        "audio": "content/segments/214/90.ogg"
    },
    {
        "ID": "91",
        "gender": "M",
        "age": "A",
        "character_name": "ووسوو",
        "text": "کاک حەمە فەرەج ماڵەکەو ڕووناک کردووە",
        "text_original": "کاک حەمە فەرەج ماڵەکەو ڕووناک کردووە",
        "start": 360760.0,
        "end": 362325.0,
        "audio": "content/segments/214/91.ogg"
    },
    {
        "ID": "92",
        "gender": "M",
        "age": "A",
        "character_name": "فەرەج",
        "text": "سووپاستەکەم",
        "text_original": "سووپاستەکەم",
        "start": 362325.0,
        "end": 362929.0,
        "audio": "content/segments/214/92.ogg"
    },
    {
        "ID": "93",
        "gender": "M",
        "age": "A",
        "character_name": "ووسوو",
        "text": "عەتیە خان دڵم گەشایەوە",
        "text_original": "عەتیە خان دڵم گەشایەوە",
        "start": 362929.0,
        "end": 364195.0,
        "audio": "content/segments/214/93.ogg"
    },
    {
        "ID": "94",
        "gender": "F",
        "age": "A",
        "character_name": "عەتیە",
        "text": "بێ وەی بی یاخوا سەلامت بی",
        "text_original": "بێ وەی بی یاخوا سەلامت بی",
        "start": 364195.0,
        "end": 365102.0,
        "audio": "content/segments/214/94.ogg"
    },
    {
        "ID": "95",
        "gender": "M",
        "age": "A",
        "character_name": "ووسوو",
        "text": "یاخوا بەخێرێن لە دوای ڕەحمەتیەوە ئەوە دووەم جارە",
        "text_original": "یاخوا بەخێرێن لە دوای ڕەحمەتیەوە ئەوە دووەم جارە",
        "start": 365102.0,
        "end": 368076.0,
        "audio": "content/segments/214/95.ogg"
    },
    {
        "ID": "96",
        "gender": "F",
        "age": "A",
        "character_name": "عەتیە",
        "text": "وەڵاھ ڕاستە",
        "text_original": "وەڵاھ ڕاستە",
        "start": 368076.0,
        "end": 368613.0,
        "audio": "content/segments/214/96.ogg"
    },
    {
        "ID": "97",
        "gender": "M",
        "age": "A",
        "character_name": "ووسوو",
        "text": "چوێرایت دایە تەها ئەوە تۆ بووی",
        "text_original": "چوێرایت دایە تەها ئەوە تۆ بووی",
        "start": 368613.0,
        "end": 370117.0,
        "audio": "content/segments/214/97.ogg"
    },
    {
        "ID": "98",
        "gender": "M",
        "age": "A",
        "character_name": "تەها",
        "text": "ئاا",
        "text_original": "ئاا",
        "start": 370117.0,
        "end": 370620.0,
        "audio": "content/segments/214/98.ogg"
    },
    {
        "ID": "99",
        "gender": "M",
        "age": "A",
        "character_name": "ووسوو",
        "text": "یاخوا بەخێربێن",
        "text_original": "یاخوا بەخێربێن",
        "start": 370620.0,
        "end": 371571.0,
        "audio": "content/segments/214/99.ogg"
    },
    {
        "ID": "100",
        "gender": "M",
        "age": "A",
        "character_name": "تەها",
        "text": "وەڵاهی کاک وسوو جیان هاتۆتینە خزمەتی جەنابو",
        "text_original": "وەڵاهی کاک وسوو جیان هاتۆتینە خزمەتی جەنابو",
        "start": 371571.0,
        "end": 374141.0,
        "audio": "content/segments/214/100.ogg"
    },
    {
        "ID": "101",
        "gender": "M",
        "age": "A",
        "character_name": "تەها",
        "text": "خۆتەزانی هەموو کچێ ئەبێ شوو بکا و",
        "text_original": "خۆتەزانی هەموو کچێ ئەبێ شوو بکا و",
        "start": 374141.0,
        "end": 377177.0,
        "audio": "content/segments/214/101.ogg"
    },
    {
        "ID": "102",
        "gender": "M",
        "age": "A",
        "character_name": "حەیدەر",
        "text": "وە هەموو کوڕێکیش ئەبێ ژن بێنێ و",
        "text_original": "وە هەموو کوڕێکیش ئەبێ ژن بێنێ و",
        "start": 377177.0,
        "end": 379684.0,
        "audio": "content/segments/214/102.ogg"
    },
    {
        "ID": "103",
        "gender": "M",
        "age": "A",
        "character_name": "تەها",
        "text": "وس بە کورە وس بە، ئەوە وسوو جیان زۆری پەلەیە",
        "text_original": "وس بە کورە وس بە، ئەوە وسوو جیان زۆری پەلەیە",
        "start": 379684.0,
        "end": 382233.0,
        "audio": "content/segments/214/103.ogg"
    },
    {
        "ID": "104",
        "gender": "M",
        "age": "A",
        "character_name": "تەها",
        "text": "لە ڕاستیا هاتووینە خزمەتی جەنابوو",
        "text_original": "لە ڕاستیا هاتووینە خزمەتی جەنابوو",
        "start": 382233.0,
        "end": 384426.0,
        "audio": "content/segments/214/104.ogg"
    },
    {
        "ID": "105",
        "gender": "M",
        "age": "A",
        "character_name": "تەها",
        "text": "بە پیاوێچی ناوارمان دانای، ئێ ئەمانەوێ جێڵاسی کچ و بەی بە حەیدەری خووشکەزام",
        "text_original": "بە پیاوێچی ناوارمان دانای، ئێ ئەمانەوێ جێڵاسی کچ و بەی بە حەیدەری خووشکەزام",
        "start": 384426.0,
        "end": 389404.0,
        "audio": "content/segments/214/105.ogg"
    },
    {
        "ID": "106",
        "gender": "M",
        "age": "A",
        "character_name": "حەیدەر",
        "text": "ئەی عافەرم خاڵ تەها، ئاا ئەمە قسەی پیاوە",
        "text_original": "ئەی عافەرم خاڵ تەها، ئاا ئەمە قسەی پیاوە",
        "start": 389404.0,
        "end": 392094.0,
        "audio": "content/segments/214/106.ogg"
    },
    {
        "ID": "107",
        "gender": "M",
        "age": "A",
        "character_name": "ووسوو",
        "text": "یاخوا بەخێر بێن، قسەکەی جەنابوو زۆر جوانا، کچ ئەبێ شوو بکاوو",
        "text_original": "یاخوا بەخێر بێن، قسەکەی جەنابوو زۆر جوانا، کچ ئەبێ شوو بکاوو",
        "start": 392094.0,
        "end": 395816.0,
        "audio": "content/segments/214/107.ogg"
    },
    {
        "ID": "108",
        "gender": "M",
        "age": "A",
        "character_name": "حەیدەر",
        "text": "کوڕیش ئەبێ ژن بێنێ وو",
        "text_original": "کوڕیش ئەبێ ژن بێنێ وو",
        "start": 395816.0,
        "end": 397641.0,
        "audio": "content/segments/214/108.ogg"
    },
    {
        "ID": "109",
        "gender": "M",
        "age": "A",
        "character_name": "فەرەج",
        "text": "دە دانیشە، ئاخە پیاو قسەیەکا، هەتیو ناهڵی قسە بکا",
        "text_original": "دە دانیشە، ئاخە پیاو قسەیەکا، هەتیو ناهڵی قسە بکا",
        "start": 397993.0,
        "end": 400569.0,
        "audio": "content/segments/214/109.ogg"
    },
    {
        "ID": "110",
        "gender": "F",
        "age": "A",
        "character_name": "عەتیە",
        "text": "ئەوە حاجی بۆ پیاو چێشاا، لێرەش خۆو دەرخست، چێمان هەیە لەو چۆلەکەیە زیاتر",
        "text_original": "ئەوە حاجی بۆ پیاو چێشاا، لێرەش خۆو دەرخست، چێمان هەیە لەو چۆلەکەیە زیاتر",
        "start": 400569.0,
        "end": 405877.0,
        "audio": "content/segments/214/110.ogg"
    },
    {
        "ID": "111",
        "gender": "M",
        "age": "A",
        "character_name": "فەرەج",
        "text": "ئەمە چۆلەگەیە، بە شەڕەفم لە داڵ ئەچێ",
        "text_original": "ئەمە چۆلەگەیە، بە شەڕەفم لە داڵ ئەچێ",
        "start": 405877.0,
        "end": 408191.0,
        "audio": "content/segments/214/111.ogg"
    },
    {
        "ID": "112",
        "gender": "M",
        "age": "A",
        "character_name": "عەول",
        "text": "دە بەسە مردووتان مرێ، دە با بزانین مام وسوو ئەڵێ چی",
        "text_original": "دە بەسە مردووتان مرێ، دە با بزانین مام وسوو ئەڵێ چی",
        "start": 408191.0,
        "end": 411189.0,
        "audio": "content/segments/214/112.ogg"
    },
    {
        "ID": "113",
        "gender": "M",
        "age": "A",
        "character_name": "ووسوو",
        "text": "عەول جیان بێ قەزابی دە وازیان لێ بێنە با تۆزێ قسەی خۆش بکەن",
        "text_original": "عەول جیان بێ قەزابی دە وازیان لێ بێنە با تۆزێ قسەی خۆش بکەن",
        "start": 411189.0,
        "end": 414416.0,
        "audio": "content/segments/214/113.ogg"
    },
    {
        "ID": "114",
        "gender": "M",
        "age": "A",
        "character_name": "ووسوو",
        "text": "بەڕاست خاڵە تەها، من وەک بیستوومە ئەو کوڕەی ئێوە هیچ ئیش و کاری نیاا",
        "text_original": "بەڕاست خاڵە تەها، من وەک بیستوومە ئەو کوڕەی ئێوە هیچ ئیش و کاری نیاا",
        "start": 414416.0,
        "end": 418475.0,
        "audio": "content/segments/214/114.ogg"
    },
    {
        "ID": "115",
        "gender": "M",
        "age": "A",
        "character_name": "ووسوو",
        "text": "ئایا زن و ماڵ مناڵی بۆ بەخێو دەکرێ",
        "text_original": "ئایا زن و ماڵ مناڵی بۆ بەخێو دەکرێ",
        "start": 418475.0,
        "end": 421402.0,
        "audio": "content/segments/214/115.ogg"
    },
    {
        "ID": "116",
        "gender": "M",
        "age": "A",
        "character_name": "تەها",
        "text": "وەڵاهی خۆیی ئەزانی کاکە وسوو",
        "text_original": "وەڵاهی خۆیی ئەزانی کاکە وسوو",
        "start": 421402.0,
        "end": 423082.0,
        "audio": "content/segments/214/116.ogg"
    },
    {
        "ID": "117",
        "gender": "M",
        "age": "A",
        "character_name": "حەیدەر",
        "text": "وەڵاهی خۆیی و مۆیی و ئەوانە نییە خاڵ تەها",
        "text_original": "وەڵاهی خۆیی و مۆیی و ئەوانە نییە خاڵ تەها",
        "start": 423082.0,
        "end": 425546.0,
        "audio": "content/segments/214/117.ogg"
    },
    {
        "ID": "118",
        "gender": "M",
        "age": "A",
        "character_name": "حەیدەر",
        "text": "لە بەیانی زووتر نییە ئەچم ئیش ئودۆزمەوە و ئەه، ها عەتێ",
        "text_original": "لە بەیانی زووتر نییە ئەچم ئیش ئودۆزمەوە و ئەه، ها عەتێ",
        "start": 425546.0,
        "end": 428332.0,
        "audio": "content/segments/214/118.ogg"
    },
    {
        "ID": "119",
        "gender": "M",
        "age": "A",
        "character_name": "ووسوو",
        "text": "وەڵاھ قسەکەی پیاوانەیە، کاکە من هیچ شتێکم نەما یاخوا پیرۆزتان بێ",
        "text_original": "وەڵاھ قسەکەی پیاوانەیە، کاکە من هیچ شتێکم نەما یاخوا پیرۆزتان بێ",
        "start": 428332.0,
        "end": 431812.0,
        "audio": "content/segments/214/119.ogg"
    },
    {
        "ID": "120",
        "gender": "M",
        "age": "A",
        "character_name": "حەیدەر",
        "text": "ئەروەڵاھ ژنم هێناا",
        "text_original": "ئەروەڵاھ ژنم هێناا",
        "start": 431812.0,
        "end": 432941.0,
        "audio": "content/segments/214/120.ogg"
    },
    {
        "ID": "121",
        "gender": "M",
        "age": "A",
        "character_name": "عەول",
        "text": "کورە ڕۆڵە تۆزێ ئووسوڵو هەبێ",
        "text_original": "کورە ڕۆڵە تۆزێ ئووسوڵو هەبێ",
        "start": 432941.0,
        "end": 434892.0,
        "audio": "content/segments/214/121.ogg"
    },
    {
        "ID": "122",
        "gender": "M",
        "age": "A",
        "character_name": "ووسوو",
        "text": "کورە دە وازی لێ بێنە یاخوا پیرۆزتان بێ و بە دڵی خۆش عەتێ خان",
        "text_original": "کورە دە وازی لێ بێنە یاخوا پیرۆزتان بێ و بە دڵی خۆش عەتێ خان",
        "start": 434892.0,
        "end": 438469.0,
        "audio": "content/segments/214/122.ogg"
    },
    {
        "ID": "123",
        "gender": "F",
        "age": "A",
        "character_name": "عەتیە",
        "text": "خۆشبی یاخوا",
        "text_original": "خۆشبی یاخوا",
        "start": 438469.0,
        "end": 439293.0,
        "audio": "content/segments/214/123.ogg"
    },
    {
        "ID": "124",
        "gender": "M",
        "age": "A",
        "character_name": "ووسوو",
        "text": "جێلاس، جێلاس، ئاو بێنە ڕۆڵە",
        "text_original": "جێلاس، جێلاس، ئاو بێنە ڕۆڵە",
        "start": 439293.0,
        "end": 441567.0,
        "audio": "content/segments/214/124.ogg"
    },
    {
        "ID": "125",
        "gender": "M",
        "age": "A",
        "character_name": "حەیدەر",
        "text": "جێڵاس هات",
        "text_original": "جێڵاس هات",
        "start": 441567.0,
        "end": 442366.0,
        "audio": "content/segments/214/125.ogg"
    },
    {
        "ID": "126",
        "gender": "M",
        "age": "A",
        "character_name": "ووسوو",
        "text": "بەخێر بێن یاخوا، یاخوا بەخێر بێن",
        "text_original": "بەخێر بێن یاخوا، یاخوا بەخێر بێن",
        "start": 442366.0,
        "end": 444314.0,
        "audio": "content/segments/214/126.ogg"
    },
    {
        "ID": "127",
        "gender": "M",
        "age": "A",
        "character_name": "عەول",
        "text": "ئاسسی ڕووت سوور بی یاخوا",
        "text_original": "ئاسسی ڕووت سوور بی یاخوا",
        "start": 444314.0,
        "end": 445366.0,
        "audio": "content/segments/214/127.ogg"
    },
    {
        "ID": "128",
        "gender": "M",
        "age": "A",
        "character_name": "ووسوو",
        "text": "بەخێر بێن یاخوا",
        "text_original": "بەخێر بێن یاخوا",
        "start": 445366.0,
        "end": 446035.0,
        "audio": "content/segments/214/128.ogg"
    },
    {
        "ID": "129",
        "gender": "NA",
        "age": "NA",
        "character_name": "کەسی 1",
        "text": "ماڵتان ئاوا بێ بابە جیان",
        "text_original": "ماڵتان ئاوا بێ بابە جیان",
        "start": 446035.0,
        "end": 447420.0,
        "audio": "content/segments/214/129.ogg"
    },
    {
        "ID": "130",
        "gender": "M",
        "age": "A",
        "character_name": "ووسوو",
        "text": "دەستت خۆش بێ کچم پیرۆزت بێ",
        "text_original": "دەستت خۆش بێ کچم پیرۆزت بێ",
        "start": 447420.0,
        "end": 449084.0,
        "audio": "content/segments/214/130.ogg"
    },
    {
        "ID": "131",
        "gender": "M",
        "age": "A",
        "character_name": "حەیدەر",
        "text": "جێڵاس جیان بە قووربان عەزێت مەکێشە",
        "text_original": "جێڵاس جیان بە قووربان عەزێت مەکێشە",
        "start": 449084.0,
        "end": 450835.0,
        "audio": "content/segments/214/131.ogg"
    },
    {
        "ID": "132",
        "gender": "M",
        "age": "A",
        "character_name": "حەیدەر",
        "text": "عەتیە من خۆم حەزەکەم ئاوەکە بجێڕم حەفلەی خۆمایا",
        "text_original": "عەتیە من خۆم حەزەکەم ئاوەکە بجێڕم حەفلەی خۆمایا",
        "start": 450835.0,
        "end": 453794.0,
        "audio": "content/segments/214/132.ogg"
    },
    {
        "ID": "134",
        "gender": "F",
        "age": "A",
        "character_name": "عەتیە",
        "text": "چاوت لێیە پیاوەکە حەیدەر چۆن کوڕێکی لێ دەرچووا",
        "text_original": "چاوت لێیە پیاوەکە حەیدەر چۆن کوڕێکی لێ دەرچووا",
        "start": 466857.0,
        "end": 469295.0,
        "audio": "content/segments/214/134.ogg"
    },
    {
        "ID": "135",
        "gender": "F",
        "age": "A",
        "character_name": "عەتیە",
        "text": "دایکت ڵاڵ بێ ڕۆژ تا ئێوارێ خەریچی کاسبیە",
        "text_original": "دایکت ڵاڵ بێ ڕۆژ تا ئێوارێ خەریچی کاسبیە",
        "start": 469295.0,
        "end": 471777.0,
        "audio": "content/segments/214/135.ogg"
    },
    {
        "ID": "136",
        "gender": "M",
        "age": "A",
        "character_name": "فەرەج",
        "text": "ئافرەت خۆ بۆ ئێمە نییە بۆ ماڵ و مناڵی خۆیەتی",
        "text_original": "ئافرەت خۆ بۆ ئێمە نییە بۆ ماڵ و مناڵی خۆیەتی",
        "start": 472478.0,
        "end": 475088.0,
        "audio": "content/segments/214/136.ogg"
    },
    {
        "ID": "137",
        "gender": "F",
        "age": "A",
        "character_name": "عەتیە",
        "text": "ئێ دە پیاوەکە ئێمە بۆ چیمانە بۆ ئێمە بێ، خوا ئەکا ئەو بۆ ماڵ و مناڵی خۆیە بێت",
        "text_original": "ئێ دە پیاوەکە ئێمە بۆ چیمانە بۆ ئێمە بێ، خوا ئەکا ئەو بۆ ماڵ و مناڵی خۆیە بێت",
        "start": 475088.0,
        "end": 479269.0,
        "audio": "content/segments/214/137.ogg"
    },
    {
        "ID": "138",
        "gender": "M",
        "age": "A",
        "character_name": "فەرەج",
        "text": "وەڵاهی چوار مانگە نەم دیووە",
        "text_original": "وەڵاهی چوار مانگە نەم دیووە",
        "start": 479269.0,
        "end": 480935.0,
        "audio": "content/segments/214/138.ogg"
    },
    {
        "ID": "139",
        "gender": "F",
        "age": "A",
        "character_name": "عەتیە",
        "text": "دایکت ڵاڵ بێ یاخوا چوار مانگە نەم دیووە، مەجالی نییاا",
        "text_original": "دایکت ڵاڵ بێ یاخوا چوار مانگە نەم دیووە، مەجالی نییاا",
        "start": 480977.0,
        "end": 484208.0,
        "audio": "content/segments/214/139.ogg"
    },
    {
        "ID": "140",
        "gender": "M",
        "age": "A",
        "character_name": "فەرەج",
        "text": "بەس نییا خەڵکی گلەییمان لێ ناکا",
        "text_original": "بەس نییا خەڵکی گلەییمان لێ ناکا",
        "start": 484235.0,
        "end": 486319.0,
        "audio": "content/segments/214/140.ogg"
    },
    {
        "ID": "142",
        "gender": "M",
        "age": "A",
        "character_name": "حەیدەر",
        "text": "وەی وەی وەی وییی ویییی، هێواش هێواش ژنەکە",
        "text_original": "وەی وەی وەی وییی ویییی، هێواش هێواش ژنەکە",
        "start": 505763.0,
        "end": 508153.0,
        "audio": "content/segments/214/142.ogg"
    },
    {
        "ID": "143",
        "gender": "M",
        "age": "A",
        "character_name": "حەیدەر",
        "text": "ویشششش، وەی وەی هەر هەمووی تڵۆقا",
        "text_original": "ویشششش، وەی وەی هەر هەمووی تڵۆقا",
        "start": 508153.0,
        "end": 510947.0,
        "audio": "content/segments/214/143.ogg"
    },
    {
        "ID": "144",
        "gender": "M",
        "age": "A",
        "character_name": "حەیدەر",
        "text": "ئەها ها هاااا ئەڵێی نانی بازاڕیە دەستم",
        "text_original": "ئەها ها هاااا ئەڵێی نانی بازاڕیە دەستم",
        "start": 510947.0,
        "end": 512716.0,
        "audio": "content/segments/214/144.ogg"
    },
    {
        "ID": "145",
        "gender": "M",
        "age": "A",
        "character_name": "حەیدەر",
        "text": "جوێ بگرە ژنەکە من ئەگەر جەنابت نەبێ",
        "text_original": "جوێ بگرە ژنەکە من ئەگەر جەنابت نەبێ",
        "start": 512716.0,
        "end": 515476.0,
        "audio": "content/segments/214/145.ogg"
    },
    {
        "ID": "146",
        "gender": "M",
        "age": "A",
        "character_name": "حەیدەر",
        "text": "ئەو پیاوەم شەسەت بلۆک ببەم بۆ هەورە بانێ، وەیش وەیش وەیش",
        "text_original": "ئەو پیاوەم شەسەت بلۆک ببەم بۆ هەورە بانێ، وەیش وەیش وەیش",
        "start": 515476.0,
        "end": 519566.00000000006,
        "audio": "content/segments/214/146.ogg"
    },
    {
        "ID": "147",
        "gender": "F",
        "age": "A",
        "character_name": "جێڵاس",
        "text": "ئەک ئەو لەشەو ساخ بێ حەیدەر گیان",
        "text_original": "ئەک ئەو لەشەو ساخ بێ حەیدەر گیان",
        "start": 519566.00000000006,
        "end": 520991.99999999994,
        "audio": "content/segments/214/147.ogg"
    },
    {
        "ID": "148",
        "gender": "M",
        "age": "A",
        "character_name": "حەیدەر",
        "text": "وەی یاخوا تۆش نیا هەرچی دەرد و بەڵایا بیا لەو عەتێیە و",
        "text_original": "وەی یاخوا تۆش نیا هەرچی دەرد و بەڵایا بیا لەو عەتێیە و",
        "start": 521035.99999999994,
        "end": 523716.0,
        "audio": "content/segments/214/148.ogg"
    },
    {
        "ID": "149",
        "gender": "M",
        "age": "A",
        "character_name": "حەیدەر",
        "text": "لەو فەرەجی باوکم",
        "text_original": "لەو فەرەجی باوکم",
        "start": 523716.0,
        "end": 524985.0,
        "audio": "content/segments/214/149.ogg"
    },
    {
        "ID": "150",
        "gender": "F",
        "age": "A",
        "character_name": "جێڵاس",
        "text": "دە لایبە ئەو گووڵە چییە دایم بە دەستەوەیە",
        "text_original": "دە لایبە ئەو گووڵە چییە دایم بە دەستەوەیە",
        "start": 525004.0,
        "end": 527138.0,
        "audio": "content/segments/214/150.ogg"
    },
    {
        "ID": "151",
        "gender": "M",
        "age": "A",
        "character_name": "حەیدەر",
        "text": "کورە چۆن لایەبەم کورە ئەوە گووڵە، کورە ئەوە هەدیەیە",
        "text_original": "کورە چۆن لایەبەم کورە ئەوە گووڵە، کورە ئەوە هەدیەیە",
        "start": 527159.0,
        "end": 530914.0,
        "audio": "content/segments/214/151.ogg"
    },
    {
        "ID": "152",
        "gender": "M",
        "age": "A",
        "character_name": "حەیدەر",
        "text": "بەخوا خۆش بوو لە حەفلەکەمانا ئەها ئەمن ئاوا ئەهاتم بەرەو ڕووی تۆ",
        "text_original": "بەخوا خۆش بوو لە حەفلەکەمانا ئەها ئەمن ئاوا ئەهاتم بەرەو ڕووی تۆ",
        "start": 530914.0,
        "end": 534031.0,
        "audio": "content/segments/214/152.ogg"
    },
    {
        "ID": "153",
        "gender": "NA",
        "age": "NA",
        "character_name": "NA",
        "text": "گوێبگرە گوێبگرە گێلاس",
        "text_original": "گوێبگرە گوێبگرە گێلاس",
        "start": 534031.0,
        "end": 536191.0,
        "audio": "content/segments/214/153.ogg"
    },
    {
        "ID": "154",
        "gender": "M",
        "age": "A",
        "character_name": "حەیدەر",
        "text": "ئاگاو لە عەتیە بەو هەل هەلەی وای لێ ئەدا ئەت وت تڕێلەیا بە دوامانا",
        "text_original": "ئاگاو لە عەتیە بەو هەل هەلەی وای لێ ئەدا ئەت وت تڕێلەیا بە دوامانا",
        "start": 536191.0,
        "end": 539652.0,
        "audio": "content/segments/214/154.ogg"
    },
    {
        "ID": "155",
        "gender": "M",
        "age": "A",
        "character_name": "حەیدەر",
        "text": "ئەزانی چی دە جوێ بگرە، خۆیی زۆر سەیر بوو یەعنی کە",
        "text_original": "ئەزانی چی دە جوێ بگرە، خۆیی زۆر سەیر بوو یەعنی کە",
        "start": 541080.0,
        "end": 543606.0,
        "audio": "content/segments/214/155.ogg"
    },
    {
        "ID": "156",
        "gender": "NA",
        "age": "NA",
        "character_name": "NA",
        "text": "بە لای تۆیەوە ئەهاتم هەر لە خۆمەوە ئەترسام",
        "text_original": "بە لای تۆیەوە ئەهاتم هەر لە خۆمەوە ئەترسام",
        "start": 543646.0,
        "end": 545584.0,
        "audio": "content/segments/214/156.ogg"
    },
    {
        "ID": "157",
        "gender": "M",
        "age": "A",
        "character_name": "حەیدەر",
        "text": "تۆ ئەوە بگرە یەک دەقە، خۆیی زەلام ئا ئاوا ناڕوا",
        "text_original": "تۆ ئەوە بگرە یەک دەقە، خۆیی زەلام ئا ئاوا ناڕوا",
        "start": 545604.0,
        "end": 548826.0,
        "audio": "content/segments/214/157.ogg"
    },
    {
        "ID": "158",
        "gender": "F",
        "age": "A",
        "character_name": "جێڵاس",
        "text": "با",
        "text_original": "با",
        "start": 548874.0,
        "end": 549334.0,
        "audio": "content/segments/214/158.ogg"
    },
    {
        "ID": "159",
        "gender": "M",
        "age": "A",
        "character_name": "حەیدەر",
        "text": "بە چاوی ئەو جێلاسە من ئاوا ئەڕۆشتم بە قونا وەکو چۆلەکە",
        "text_original": "بە چاوی ئەو جێلاسە من ئاوا ئەڕۆشتم بە قونا وەکو چۆلەکە",
        "start": 549360.0,
        "end": 552400.0,
        "audio": "content/segments/214/159.ogg"
    },
    {
        "ID": "160",
        "gender": "F",
        "age": "A",
        "character_name": "جێلاس",
        "text": "ئەھ ئەوە بیرم نەبوو، ئەمڕۆ قاسم هات بوو، زۆرم ڕق لێیە",
        "text_original": "ئەھ ئەوە بیرم نەبوو، ئەمڕۆ قاسم هات بوو، زۆرم ڕق لێیە",
        "start": 553081.0,
        "end": 557081.0,
        "audio": "content/segments/214/160.ogg"
    },
    {
        "ID": "161",
        "gender": "F",
        "age": "A",
        "character_name": "جێڵاس",
        "text": "تخوا ئەگەر منت خۆشەوێ ڕەفیقایەتی مەکە",
        "text_original": "تخوا ئەگەر منت خۆشەوێ ڕەفیقایەتی مەکە",
        "start": 557081.0,
        "end": 559058.0,
        "audio": "content/segments/214/161.ogg"
    },
    {
        "ID": "162",
        "gender": "M",
        "age": "A",
        "character_name": "حەیدەر",
        "text": "قاسمم ئەڵێی، ژنەکە ئەوە کەی ڕەفیقم بووە ئەی هاوار ئەوە کۆنە هین بوو",
        "text_original": "قاسمم ئەڵێی، ژنەکە ئەوە کەی ڕەفیقم بووە ئەی هاوار ئەوە کۆنە هین بوو",
        "start": 559409.0,
        "end": 563409.0,
        "audio": "content/segments/214/162.ogg"
    },
    {
        "ID": "163",
        "gender": "M",
        "age": "A",
        "character_name": "حەیدەر",
        "text": "ئەوە وەختی خۆیی ڕەفیقم بوو، هەر ئەو فێری سەر سەریەتی کردم",
        "text_original": "ئەوە وەختی خۆیی ڕەفیقم بوو، هەر ئەو فێری سەر سەریەتی کردم",
        "start": 563549.0,
        "end": 566536.0,
        "audio": "content/segments/214/163.ogg"
    },
    {
        "ID": "164",
        "gender": "M",
        "age": "A",
        "character_name": "حەیدەر",
        "text": "ئەی وت وەرە با بچینە بەردەم مەکتەبی کچان",
        "text_original": "ئەی وت وەرە با بچینە بەردەم مەکتەبی کچان",
        "start": 566536.0,
        "end": 568689.0,
        "audio": "content/segments/214/164.ogg"
    },
    {
        "ID": "165",
        "gender": "M",
        "age": "A",
        "character_name": "حەیدەر",
        "text": "با قسەیان پێ بڵێین، با تەعلیقیان لێ بەین، کوت دەم وت لاچو مردوو مرێ",
        "text_original": "با قسەیان پێ بڵێین، با تەعلیقیان لێ بەین، کوت دەم وت لاچو مردوو مرێ",
        "start": 568714.0,
        "end": 571924.0,
        "audio": "content/segments/214/165.ogg"
    },
    {
        "ID": "166",
        "gender": "M",
        "age": "A",
        "character_name": "حەیدەر",
        "text": "کەی ڕەفیقی تۆم",
        "text_original": "کەی ڕەفیقی تۆم",
        "start": 571924.0,
        "end": 572645.0,
        "audio": "content/segments/214/166.ogg"
    },
    {
        "ID": "167",
        "gender": "M",
        "age": "A",
        "character_name": "حەیدەر",
        "text": "من هەر دڵم لەلای جێڵاسە",
        "text_original": "من هەر دڵم لەلای جێڵاسە",
        "start": 572673.0,
        "end": 574046.0,
        "audio": "content/segments/214/167.ogg"
    },
    {
        "ID": "168",
        "gender": "F",
        "age": "A",
        "character_name": "جێڵاس",
        "text": "ئەزانی چۆنە حەیدەر گیان، ئەگەر بتوانی ئیشێکی تر بدۆزیتەوە",
        "text_original": "ئەزانی چۆنە حەیدەر گیان، ئەگەر بتوانی ئیشێکی تر بدۆزیتەوە",
        "start": 574805.0,
        "end": 578125.0,
        "audio": "content/segments/214/168.ogg"
    },
    {
        "ID": "169",
        "gender": "F",
        "age": "A",
        "character_name": "جێڵاس",
        "text": "لە پاڵ ئەم کرێکاریە زۆر باشە",
        "text_original": "لە پاڵ ئەم کرێکاریە زۆر باشە",
        "start": 578125.0,
        "end": 579910.0,
        "audio": "content/segments/214/169.ogg"
    },
    {
        "ID": "170",
        "gender": "F",
        "age": "A",
        "character_name": "جێڵاس",
        "text": "بەخوا مەسرەف گران بووە بەشمان ناکا",
        "text_original": "بەخوا مەسرەف گران بووە بەشمان ناکا",
        "start": 579910.0,
        "end": 581700.0,
        "audio": "content/segments/214/170.ogg"
    },
    {
        "ID": "171",
        "gender": "M",
        "age": "A",
        "character_name": "حەیدەر",
        "text": "ژنەکە بۆ خاتری خوا ئاخر ئیشی چی بکەم",
        "text_original": "ژنەکە بۆ خاتری خوا ئاخر ئیشی چی بکەم",
        "start": 582270.0,
        "end": 584143.0,
        "audio": "content/segments/214/171.ogg"
    },
    {
        "ID": "172",
        "gender": "M",
        "age": "A",
        "character_name": "حەیدەر",
        "text": "من بەیانی ئەوەنە زوو هەستا بووم کەڵەشێرەکە لەناو کولانەکەیا ڕێک خەوت بوو",
        "text_original": "من بەیانی ئەوەنە زوو هەستا بووم کەڵەشێرەکە لەناو کولانەکەیا ڕێک خەوت بوو",
        "start": 584545.0,
        "end": 588070.0,
        "audio": "content/segments/214/172.ogg"
    },
    {
        "ID": "173",
        "gender": "F",
        "age": "A",
        "character_name": "جێلاس",
        "text": "حەیدەر گیان خەتای تۆ نییە ئەزانم",
        "text_original": "حەیدەر گیان خەتای تۆ نییە ئەزانم",
        "start": 588435.0,
        "end": 590255.0,
        "audio": "content/segments/214/173.ogg"
    },
    {
        "ID": "174",
        "gender": "F",
        "age": "A",
        "character_name": "جێڵاس",
        "text": "ئەوەی ئەمڕۆ پەیای ئەکەیت ئەیەی بە سێ چوار عەلاگە و ئەیهێنیتەوە",
        "text_original": "ئەوەی ئەمڕۆ پەیای ئەکەیت ئەیەی بە سێ چوار عەلاگە و ئەیهێنیتەوە",
        "start": 590276.0,
        "end": 593320.0,
        "audio": "content/segments/214/174.ogg"
    },
    {
        "ID": "175",
        "gender": "F",
        "age": "A",
        "character_name": "جێڵاس",
        "text": "ئێ منیش چی بکەم، ئەوڕۆ ساحەب خانووەکە هات بوو لە تەریقیا نەمەزانی چی بکەم",
        "text_original": "ئێ منیش چی بکەم، ئەوڕۆ ساحەب خانووەکە هات بوو لە تەریقیا نەمەزانی چی بکەم",
        "start": 593775.0,
        "end": 597545.0,
        "audio": "content/segments/214/175.ogg"
    },
    {
        "ID": "176",
        "gender": "F",
        "age": "A",
        "character_name": "جێلاس",
        "text": "وتم حەفتەیەکی تر وەرەوە، ئێ خۆ قەیچێکا لەپاڵ ئەم ئیشەشا ئیشێکی تر بکەی",
        "text_original": "وتم حەفتەیەکی تر وەرەوە، ئێ خۆ قەیچێکا لەپاڵ ئەم ئیشەشا ئیشێکی تر بکەی",
        "start": 597545.0,
        "end": 601545.0,
        "audio": "content/segments/214/176.ogg"
    },
    {
        "ID": "177",
        "gender": "M",
        "age": "A",
        "character_name": "حەیدەر",
        "text": "ئیشششش، ئیش زۆرە ژنەکە، ئەو کابرایەی ئیشی بۆ ئەکەم ساحەبی بیناکە",
        "text_original": "ئیشششش، ئیش زۆرە ژنەکە، ئەو کابرایەی ئیشی بۆ ئەکەم ساحەبی بیناکە",
        "start": 601545.0,
        "end": 605854.0,
        "audio": "content/segments/214/177.ogg"
    },
    {
        "ID": "178",
        "gender": "M",
        "age": "A",
        "character_name": "حەیدەر",
        "text": "ئەو ڕۆژە ئاگام لێ بوو ئەیووت وەڵا حەڕەسێکم ئەوێ بۆ شەو",
        "text_original": "ئەو ڕۆژە ئاگام لێ بوو ئەیووت وەڵا حەڕەسێکم ئەوێ بۆ شەو",
        "start": 605854.0,
        "end": 608504.0,
        "audio": "content/segments/214/178.ogg"
    },
    {
        "ID": "179",
        "gender": "M",
        "age": "A",
        "character_name": "حەیدەر",
        "text": "ئەچم پێی ئەڵێم، ئەڵێم تۆ حەڕەست ناوێ",
        "text_original": "ئەچم پێی ئەڵێم، ئەڵێم تۆ حەڕەست ناوێ",
        "start": 608504.0,
        "end": 610676.0,
        "audio": "content/segments/214/179.ogg"
    },
    {
        "ID": "180",
        "gender": "NA",
        "age": "NA",
        "character_name": "NA",
        "text": "حەڕەسیاتەکەشی بۆ ئەکەم و",
        "text_original": "حەڕەسیاتەکەشی بۆ ئەکەم و",
        "start": 610676.0,
        "end": 613478.0,
        "audio": "content/segments/214/180.ogg"
    },
    {
        "ID": "181",
        "gender": "M",
        "age": "A",
        "character_name": "حەیدەر",
        "text": "ئیشی پارشێویشم مسۆگەر کردووە",
        "text_original": "ئیشی پارشێویشم مسۆگەر کردووە",
        "start": 613478.0,
        "end": 615244.0,
        "audio": "content/segments/214/181.ogg"
    },
    {
        "ID": "182",
        "gender": "F",
        "age": "A",
        "character_name": "جێڵاس",
        "text": "پارشێوو",
        "text_original": "پارشێوو",
        "start": 615623.0,
        "end": 616383.0,
        "audio": "content/segments/214/182.ogg"
    },
    {
        "ID": "183",
        "gender": "M",
        "age": "A",
        "character_name": "حەیدەر",
        "text": "ئاا",
        "text_original": "ئاا",
        "start": 616383.0,
        "end": 616674.0,
        "audio": "content/segments/214/183.ogg"
    },
    {
        "ID": "184",
        "gender": "F",
        "age": "A",
        "character_name": "جێلاس",
        "text": "پارشێو چیەکەی",
        "text_original": "پارشێو چیەکەی",
        "start": 616714.0,
        "end": 617551.0,
        "audio": "content/segments/214/184.ogg"
    },
    {
        "ID": "185",
        "gender": "M",
        "age": "A",
        "character_name": "حەیدەر",
        "text": "کورە پارشێو تەپڵ لێ ئەیەم، ئەڵێم هەڵسن پارشێوە، ئەی چۆنن",
        "text_original": "کورە پارشێو تەپڵ لێ ئەیەم، ئەڵێم هەڵسن پارشێوە، ئەی چۆنن",
        "start": 617676.0,
        "end": 620872.0,
        "audio": "content/segments/214/185.ogg"
    },
    {
        "ID": "186",
        "gender": "M",
        "age": "A",
        "character_name": "حەیدەر",
        "text": "بەیانیش ڕێک بەوێ وانێ خۆم ئەکەم بە بیناکە و ئیشەکەم",
        "text_original": "بەیانیش ڕێک بەوێ وانێ خۆم ئەکەم بە بیناکە و ئیشەکەم",
        "start": 620872.0,
        "end": 623796.0,
        "audio": "content/segments/214/186.ogg"
    },
    {
        "ID": "187",
        "gender": "F",
        "age": "A",
        "character_name": "جێڵاس",
        "text": "ئاھ ئەوە بیرم چوو پێو بڵێم",
        "text_original": "ئاھ ئەوە بیرم چوو پێو بڵێم",
        "start": 623955.0,
        "end": 625840.0,
        "audio": "content/segments/214/187.ogg"
    },
    {
        "ID": "188",
        "gender": "F",
        "age": "A",
        "character_name": "جێڵاس",
        "text": "دایکت گلەییە کرد، ئەیوت چوار مانگە نەم دیووە",
        "text_original": "دایکت گلەییە کرد، ئەیوت چوار مانگە نەم دیووە",
        "start": 625840.0,
        "end": 628808.0,
        "audio": "content/segments/214/188.ogg"
    },
    {
        "ID": "189",
        "gender": "M",
        "age": "A",
        "character_name": "حەیدەر",
        "text": "دایکم چێیە، ئا عەتیەی دایکم، ئێێ",
        "text_original": "دایکم چێیە، ئا عەتیەی دایکم، ئێێ",
        "start": 628975.0,
        "end": 631352.0,
        "audio": "content/segments/214/189.ogg"
    },
    {
        "ID": "190",
        "gender": "F",
        "age": "A",
        "character_name": "عەتیە",
        "text": "ئەرێ لە ماڵن",
        "text_original": "ئەرێ لە ماڵن",
        "start": 632359.0,
        "end": 633663.0,
        "audio": "content/segments/214/190.ogg"
    },
    {
        "ID": "191",
        "gender": "M",
        "age": "A",
        "character_name": "حەیدەر",
        "text": "ژنەکە ئەو سەوتە غەریب نییە لە جوێما",
        "text_original": "ژنەکە ئەو سەوتە غەریب نییە لە جوێما",
        "start": 633876.0,
        "end": 635882.0,
        "audio": "content/segments/214/191.ogg"
    },
    {
        "ID": "192",
        "gender": "F",
        "age": "A",
        "character_name": "عەتیە",
        "text": "ئەوە بۆبکەس نایە بە لامانەوە ڕۆڵااا",
        "text_original": "ئەوە بۆبکەس نایە بە لامانەوە ڕۆڵااا",
        "start": 636924.0,
        "end": 639392.0,
        "audio": "content/segments/214/192.ogg"
    },
    {
        "ID": "193",
        "gender": "M",
        "age": "A",
        "character_name": "حەیدەر",
        "text": "بە چاوی ئەە جێڵاسە عەتیەی دایکمااا",
        "text_original": "بە چاوی ئەە جێڵاسە عەتیەی دایکمااا",
        "start": 639512.0,
        "end": 641485.0,
        "audio": "content/segments/214/193.ogg"
    },
    {
        "ID": "194",
        "gender": "M",
        "age": "A",
        "character_name": "حەیدەر",
        "text": "عەتیسا، عوتیاا، عەتێ",
        "text_original": "عەتیسا، عوتیاا، عەتێ",
        "start": 642018.0,
        "end": 646018.0,
        "audio": "content/segments/214/194.ogg"
    },
    {
        "ID": "195",
        "gender": "NA",
        "age": "NA",
        "character_name": "NA",
        "text": "کچێ دە خێرا وەرە ژوورەوە وەکو قەتێ، ئەھ نەم وت عەتیەی دایکما",
        "text_original": "کچێ دە خێرا وەرە ژوورەوە وەکو قەتێ، ئەھ نەم وت عەتیەی دایکما",
        "start": 646019.0,
        "end": 650719.0,
        "audio": "content/segments/214/195.ogg"
    },
    {
        "ID": "196",
        "gender": "F",
        "age": "A",
        "character_name": "عەتیە",
        "text": "سلام و علیکم",
        "text_original": "سلام و علیکم",
        "start": 650723.0,
        "end": 651119.0,
        "audio": "content/segments/214/196.ogg"
    },
    {
        "ID": "197",
        "gender": "M",
        "age": "A",
        "character_name": "حەیدەر",
        "text": "یاخوا بەخێربێی",
        "text_original": "یاخوا بەخێربێی",
        "start": 651119.0,
        "end": 652494.0,
        "audio": "content/segments/214/197.ogg"
    },
    {
        "ID": "198",
        "gender": "F",
        "age": "A",
        "character_name": "عەتیە",
        "text": "خۆش بی بە قووربانت بم",
        "text_original": "خۆش بی بە قووربانت بم",
        "start": 652494.0,
        "end": 653544.0,
        "audio": "content/segments/214/198.ogg"
    },
    {
        "ID": "199",
        "gender": "M",
        "age": "A",
        "character_name": "حەیدەر",
        "text": "عەتیە، عوتیە، قوتویا",
        "text_original": "عەتیە، عوتیە، قوتویا",
        "start": 653544.0,
        "end": 655771.0,
        "audio": "content/segments/214/199.ogg"
    },
    {
        "ID": "200",
        "gender": "F",
        "age": "A",
        "character_name": "عەتیە",
        "text": "بەخوا سە ژنیشت بۆ بێنم نابی بە پیاو",
        "text_original": "بەخوا سە ژنیشت بۆ بێنم نابی بە پیاو",
        "start": 656077.0,
        "end": 657624.0,
        "audio": "content/segments/214/200.ogg"
    },
    {
        "ID": "201",
        "gender": "M",
        "age": "A",
        "character_name": "حەیدەر",
        "text": "کچێ دە بێنە با دەستت ماچ کەم بە ساقەی ئەو دەستانەت بم",
        "text_original": "کچێ دە بێنە با دەستت ماچ کەم بە ساقەی ئەو دەستانەت بم",
        "start": 657624.0,
        "end": 660239.0,
        "audio": "content/segments/214/201.ogg"
    },
    {
        "ID": "202",
        "gender": "F",
        "age": "A",
        "character_name": "عەتیە",
        "text": "ئۆۆۆھ",
        "text_original": "ئۆۆۆھ",
        "start": 661340.0,
        "end": 661976.0,
        "audio": "content/segments/214/202.ogg"
    },
    {
        "ID": "203",
        "gender": "M",
        "age": "A",
        "character_name": "حەیدەر",
        "text": "ئەی باوکەڕۆ",
        "text_original": "ئەی باوکەڕۆ",
        "start": 661976.0,
        "end": 662676.0,
        "audio": "content/segments/214/203.ogg"
    },
    {
        "ID": "204",
        "gender": "F",
        "age": "A",
        "character_name": "عەتیە",
        "text": "باوکەڕۆ، ئەوە سەر بوو یا زەبەلە بوو ڕەبی سەرت لە قووڕ نێم هەتیوو",
        "text_original": "باوکەڕۆ، ئەوە سەر بوو یا زەبەلە بوو ڕەبی سەرت لە قووڕ نێم هەتیوو",
        "start": 662676.0,
        "end": 666006.0,
        "audio": "content/segments/214/204.ogg"
    },
    {
        "ID": "205",
        "gender": "M",
        "age": "A",
        "character_name": "حەیدەر",
        "text": "باوکەڕۆ وەی وەی",
        "text_original": "باوکەڕۆ وەی وەی",
        "start": 666006.0,
        "end": 667149.0,
        "audio": "content/segments/214/205.ogg"
    },
    {
        "ID": "206",
        "gender": "F",
        "age": "A",
        "character_name": "عەتیە",
        "text": "ئەوە هەتیو تۆ بۆ چوار مانگە دیار نیت ها",
        "text_original": "ئەوە هەتیو تۆ بۆ چوار مانگە دیار نیت ها",
        "start": 667259.0,
        "end": 669470.0,
        "audio": "content/segments/214/206.ogg"
    },
    {
        "ID": "207",
        "gender": "M",
        "age": "A",
        "character_name": "حەیدەر",
        "text": "یەک دەقە تخوا دایا ڕاوەستە ئەوە زیپکەیە",
        "text_original": "یەک دەقە تخوا دایا ڕاوەستە ئەوە زیپکەیە",
        "start": 669575.0,
        "end": 671318.0,
        "audio": "content/segments/214/207.ogg"
    },
    {
        "ID": "208",
        "gender": "M",
        "age": "A",
        "character_name": "حەیدەر",
        "text": "وا برام ڕۆ ئەوە دانی تۆیا ئەوە چۆن باوکم بە دەست تۆوەوانێ",
        "text_original": "وا برام ڕۆ ئەوە دانی تۆیا ئەوە چۆن باوکم بە دەست تۆوەوانێ",
        "start": 671318.0,
        "end": 674687.0,
        "audio": "content/segments/214/208.ogg"
    },
    {
        "ID": "209",
        "gender": "M",
        "age": "A",
        "character_name": "حەیدەر",
        "text": "تۆ زۆر سەیری دایکەئەڵێی بە کەللە گۆڵم کردووە، ئاخە سەرم بۆ ماچەکەی تۆ",
        "text_original": "تۆ زۆر سەیری دایکەئەڵێی بە کەللە گۆڵم کردووە، ئاخە سەرم بۆ ماچەکەی تۆ",
        "start": 674687.0,
        "end": 677980.0,
        "audio": "content/segments/214/209.ogg"
    },
    {
        "ID": "210",
        "gender": "F",
        "age": "A",
        "character_name": "عەتیە",
        "text": "کورە تۆ چەناگەی منت وێران کرد ڕۆڵە",
        "text_original": "کورە تۆ چەناگەی منت وێران کرد ڕۆڵە",
        "start": 677980.0,
        "end": 679695.0,
        "audio": "content/segments/214/210.ogg"
    },
    {
        "ID": "211",
        "gender": "M",
        "age": "A",
        "character_name": "حەیدەر",
        "text": "ئێ مجالم نییە ئاخر دایە تۆ گلەیی لە چی منە کەی، من مەجالەکم نییە",
        "text_original": "ئێ مجالم نییە ئاخر دایە تۆ گلەیی لە چی منە کەی، من مەجالەکم نییە",
        "start": 679716.0,
        "end": 682730.0,
        "audio": "content/segments/214/211.ogg"
    },
    {
        "ID": "212",
        "gender": "M",
        "age": "A",
        "character_name": "حەیدەر",
        "text": "ئیشەکەم کارێ هەوڵەیەم من کرێ خانوو ئەیەم شتەیەم",
        "text_original": "ئیشەکەم کارێ هەوڵەیەم من کرێ خانوو ئەیەم شتەیەم",
        "start": 682730.0,
        "end": 685057.0,
        "audio": "content/segments/214/212.ogg"
    },
    {
        "ID": "213",
        "gender": "M",
        "age": "A",
        "character_name": "حەیدەر",
        "text": "ئەوە جێڵاسە زانێ دوو ئیشی کەشم بۆ زیا بووە",
        "text_original": "ئەوە جێڵاسە زانێ دوو ئیشی کەشم بۆ زیا بووە",
        "start": 685057.0,
        "end": 687872.0,
        "audio": "content/segments/214/213.ogg"
    },
    {
        "ID": "214",
        "gender": "M",
        "age": "A",
        "character_name": "حەیدەر",
        "text": "من هەر مەجالم نییەهەواڵی باوکم بپرسم",
        "text_original": "من هەر مەجالم نییەهەواڵی باوکم بپرسم",
        "start": 687872.0,
        "end": 689579.0,
        "audio": "content/segments/214/214.ogg"
    },
    {
        "ID": "215",
        "gender": "M",
        "age": "A",
        "character_name": "حەیدەر",
        "text": "توخوا دایە من بینام بە جێ هێشتوو خۆ بیرم چوو، خوا حافیست بێ",
        "text_original": "توخوا دایە من بینام بە جێ هێشتوو خۆ بیرم چوو، خوا حافیست بێ",
        "start": 689579.0,
        "end": 692661.0,
        "audio": "content/segments/214/215.ogg"
    },
    {
        "ID": "216",
        "gender": "F",
        "age": "A",
        "character_name": "عەتیە",
        "text": "بەخوا ڕحڵە تۆ قەت نابی بە پیاو هەتیوو",
        "text_original": "بەخوا ڕحڵە تۆ قەت نابی بە پیاو هەتیوو",
        "start": 692661.0,
        "end": 694521.0,
        "audio": "content/segments/214/216.ogg"
    },
    {
        "ID": "217",
        "gender": "F",
        "age": "A",
        "character_name": "عەتیە",
        "text": "وەرە ڕۆڵە تۆ چۆنی دایکی دایکەکەم، باشە بە ساقەو بم",
        "text_original": "وەرە ڕۆڵە تۆ چۆنی دایکی دایکەکەم، باشە بە ساقەو بم",
        "start": 694521.0,
        "end": 698343.0,
        "audio": "content/segments/214/217.ogg"
    },
    {
        "ID": "218",
        "gender": "F",
        "age": "A",
        "character_name": "عەتیە",
        "text": "بە خوا ڕۆلە مەگەر بەستۆ ئیدارەی لەگەلا بکەی",
        "text_original": "بە خوا ڕۆلە مەگەر بەستۆ ئیدارەی لەگەلا بکەی",
        "start": 698343.0,
        "end": 700188.0,
        "audio": "content/segments/214/218.ogg"
    },
    {
        "ID": "219",
        "gender": "F",
        "age": "A",
        "character_name": "جێڵاس",
        "text": "ئەرەوڵاھ",
        "text_original": "ئەرەوڵاھ",
        "start": 700188.0,
        "end": 701947.0,
        "audio": "content/segments/214/219.ogg"
    },
    {
        "ID": "220",
        "gender": "F",
        "age": "A",
        "character_name": "عەتیە",
        "text": "ئەروەڵاھ طۆڵەھ خەریک بوو چەناگەم بخاتە ناو دەممەوە",
        "text_original": "ئەروەڵاھ طۆڵەھ خەریک بوو چەناگەم بخاتە ناو دەممەوە",
        "start": 701947.0,
        "end": 704198.0,
        "audio": "content/segments/214/220.ogg"
    },
    {
        "ID": "221",
        "gender": "M",
        "age": "A",
        "character_name": "حەیدەر",
        "text": "جێڵاس، جێڵاس دەی خێرا خێرا خێرا، ئەوەبلەبەر خاتری تۆ دەم و چاوم شت",
        "text_original": "جێڵاس، جێڵاس دەی خێرا خێرا خێرا، ئەوەبلەبەر خاتری تۆ دەم و چاوم شت",
        "start": 752448.0,
        "end": 756923.0,
        "audio": "content/segments/214/221.ogg"
    },
    {
        "ID": "222",
        "gender": "M",
        "age": "A",
        "character_name": "حەیدەر",
        "text": "باوەڕت هەبێ چوا ڕۆژیشە دم و چاوم نە شتووە",
        "text_original": "باوەڕت هەبێ چوا ڕۆژیشە دم و چاوم نە شتووە",
        "start": 756923.0,
        "end": 758998.0,
        "audio": "content/segments/214/222.ogg"
    },
    {
        "ID": "223",
        "gender": "M",
        "age": "A",
        "character_name": "حەیدەر",
        "text": "بێنە پیاز و شتەکەم بەرێ، خێرا دەی دەی",
        "text_original": "بێنە پیاز و شتەکەم بەرێ، خێرا دەی دەی",
        "start": 758998.0,
        "end": 760541.0,
        "audio": "content/segments/214/223.ogg"
    },
    {
        "ID": "224",
        "gender": "F",
        "age": "A",
        "character_name": "جێڵاس",
        "text": "ئەی ئیسراحەتێ ناکەی",
        "text_original": "ئەی ئیسراحەتێ ناکەی",
        "start": 760541.0,
        "end": 761566.0,
        "audio": "content/segments/214/224.ogg"
    },
    {
        "ID": "225",
        "gender": "M",
        "age": "A",
        "character_name": "حەیدەر",
        "text": "کچێ ئیسراحەتی چی، خوا ئیسراحەتی لێ بڕیووم",
        "text_original": "کچێ ئیسراحەتی چی، خوا ئیسراحەتی لێ بڕیووم",
        "start": 761653.0,
        "end": 763718.0,
        "audio": "content/segments/214/225.ogg"
    },
    {
        "ID": "226",
        "gender": "M",
        "age": "A",
        "character_name": "حەیدەر",
        "text": "مجالم نییە درەنگە بینام بە جێ هێشتووە",
        "text_original": "مجالم نییە درەنگە بینام بە جێ هێشتووە",
        "start": 763718.0,
        "end": 765786.0,
        "audio": "content/segments/214/226.ogg"
    },
    {
        "ID": "227",
        "gender": "M",
        "age": "A",
        "character_name": "حەیدەر",
        "text": "کابرا چاوەڕوانی منەکا",
        "text_original": "کابرا چاوەڕوانی منەکا",
        "start": 765857.0,
        "end": 767225.0,
        "audio": "content/segments/214/227.ogg"
    },
    {
        "ID": "228",
        "gender": "F",
        "age": "A",
        "character_name": "جێڵاس",
        "text": "ویییش چوێر بم حەیدەر گیان بەخوای مەجالی یەک شتی نەماوە",
        "text_original": "ویییش چوێر بم حەیدەر گیان بەخوای مەجالی یەک شتی نەماوە",
        "start": 769561.0,
        "end": 773378.0,
        "audio": "content/segments/214/228.ogg"
    },
    {
        "ID": "229",
        "gender": "M",
        "age": "A",
        "character_name": "قاسم",
        "text": "عەک حەیدەر گیان چۆنی بە ساقەو بم",
        "text_original": "عەک حەیدەر گیان چۆنی بە ساقەو بم",
        "start": 775267.0,
        "end": 777612.0,
        "audio": "content/segments/214/229.ogg"
    },
    {
        "ID": "230",
        "gender": "M",
        "age": "A",
        "character_name": "حەیدەر",
        "text": "باش نیم ڕجاو لێیەکەم وازم لێ بێنە قاسم چیت لێمەوێ",
        "text_original": "باش نیم ڕجاو لێیەکەم وازم لێ بێنە قاسم چیت لێمەوێ",
        "start": 778110.0,
        "end": 780878.0,
        "audio": "content/segments/214/230.ogg"
    },
    {
        "ID": "231",
        "gender": "M",
        "age": "A",
        "character_name": "قاسم",
        "text": "ئەرێ بۆ باش نی کوڕی باش، لەوەتەی ژنت هیناوە لە کەس ناپرسیتەوە",
        "text_original": "ئەرێ بۆ باش نی کوڕی باش، لەوەتەی ژنت هیناوە لە کەس ناپرسیتەوە",
        "start": 780998.0,
        "end": 784424.0,
        "audio": "content/segments/214/231.ogg"
    },
    {
        "ID": "232",
        "gender": "M",
        "age": "A",
        "character_name": "حەیدەر",
        "text": "بسبە تۆ عیلاقەی من چیە ئەی هاوار من شەو و ڕۆژ ئیشەکەم مەجالم نییە",
        "text_original": "بسبە تۆ عیلاقەی من چیە ئەی هاوار من شەو و ڕۆژ ئیشەکەم مەجالم نییە",
        "start": 784464.0,
        "end": 787694.0,
        "audio": "content/segments/214/232.ogg"
    },
    {
        "ID": "233",
        "gender": "M",
        "age": "A",
        "character_name": "قاسم",
        "text": "ئەوە ئەو ڕۆژەش هاتم لە ماڵەوە نە بوویت",
        "text_original": "ئەوە ئەو ڕۆژەش هاتم لە ماڵەوە نە بوویت",
        "start": 787694.0,
        "end": 789545.0,
        "audio": "content/segments/214/233.ogg"
    },
    {
        "ID": "234",
        "gender": "M",
        "age": "A",
        "character_name": "حەیدەر",
        "text": "جوێ بگرە قاسم من قبووڵی ناکەم ها من لە ماڵ نەبم تۆ بە هیچ شێوەیەک بێیت بۆ ماڵی من",
        "text_original": "جوێ بگرە قاسم من قبووڵی ناکەم ها من لە ماڵ نەبم تۆ بە هیچ شێوەیەک بێیت بۆ ماڵی من",
        "start": 789836.0,
        "end": 793643.0,
        "audio": "content/segments/214/234.ogg"
    },
    {
        "ID": "235",
        "gender": "M",
        "age": "A",
        "character_name": "قاسم",
        "text": "بۆۆۆۆ",
        "text_original": "بۆۆۆۆ",
        "start": 793814.0,
        "end": 794441.0,
        "audio": "content/segments/214/235.ogg"
    },
    {
        "ID": "236",
        "gender": "M",
        "age": "A",
        "character_name": "حەیدەر",
        "text": "کاکە من ماڵ و مناڵم هەیە، چۆن ئەهێڵم تۆ بێی بۆ ماڵی من",
        "text_original": "کاکە من ماڵ و مناڵم هەیە، چۆن ئەهێڵم تۆ بێی بۆ ماڵی من",
        "start": 794445.0,
        "end": 796344.0,
        "audio": "content/segments/214/236.ogg"
    },
    {
        "ID": "237",
        "gender": "M",
        "age": "A",
        "character_name": "قاسم",
        "text": "ئەڵێم یەک شتت پێ بڵێم، بۆ نایەی نەجاتت بەم لەم جرت و فرتە",
        "text_original": "ئەڵێم یەک شتت پێ بڵێم، بۆ نایەی نەجاتت بەم لەم جرت و فرتە",
        "start": 796492.0,
        "end": 800542.0,
        "audio": "content/segments/214/237.ogg"
    },
    {
        "ID": "238",
        "gender": "M",
        "age": "A",
        "character_name": "حەیدەر",
        "text": "حای حای حای حای، کورە بابە من ئیشم هەیە",
        "text_original": "حای حای حای حای، کورە بابە من ئیشم هەیە",
        "start": 800542.0,
        "end": 803398.0,
        "audio": "content/segments/214/238.ogg"
    },
    {
        "ID": "239",
        "gender": "M",
        "age": "A",
        "character_name": "حەیدەر",
        "text": "من کارم هەیە، مەجالی ئیشم قەتحیەن نەماوە",
        "text_original": "من کارم هەیە، مەجالی ئیشم قەتحیەن نەماوە",
        "start": 803398.0,
        "end": 806717.0,
        "audio": "content/segments/214/239.ogg"
    },
    {
        "ID": "240",
        "gender": "M",
        "age": "A",
        "character_name": "قاسم",
        "text": "ئەتۆ عەیب ناکەی، تۆ بوویت بە داشە هارە، نەجاتت ئەیەم لە هەر هەمووی",
        "text_original": "ئەتۆ عەیب ناکەی، تۆ بوویت بە داشە هارە، نەجاتت ئەیەم لە هەر هەمووی",
        "start": 806774.0,
        "end": 810607.0,
        "audio": "content/segments/214/240.ogg"
    },
    {
        "ID": "241",
        "gender": "M",
        "age": "A",
        "character_name": "حەیدەر",
        "text": "یا حافیزەڵاھ بیان پارێزی",
        "text_original": "یا حافیزەڵاھ بیان پارێزی",
        "start": 810607.0,
        "end": 812328.0,
        "audio": "content/segments/214/241.ogg"
    },
    {
        "ID": "242",
        "gender": "M",
        "age": "A",
        "character_name": "حەیدەر",
        "text": "چوار ئیشەکەیت و شەو و ڕۆژ تا بەیانی و بەیانی تا شەو ئیشەکەیت خەڵک بەغیلی و پێ ئەبا",
        "text_original": "چوار ئیشەکەیت و شەو و ڕۆژ تا بەیانی و بەیانی تا شەو ئیشەکەیت خەڵک بەغیلی و پێ ئەبا",
        "start": 812328.0,
        "end": 816082.0,
        "audio": "content/segments/214/242.ogg"
    },
    {
        "ID": "243",
        "gender": "M",
        "age": "A",
        "character_name": "قاسم",
        "text": "ئەڵێم حەیدەر بۆچی نایەی تەڵاقی بەی",
        "text_original": "ئەڵێم حەیدەر بۆچی نایەی تەڵاقی بەی",
        "start": 816852.0,
        "end": 819898.0,
        "audio": "content/segments/214/243.ogg"
    },
    {
        "ID": "244",
        "gender": "M",
        "age": "A",
        "character_name": "حەیدەر",
        "text": "چۆن",
        "text_original": "چۆن",
        "start": 820179.0,
        "end": 820534.0,
        "audio": "content/segments/214/244.ogg"
    },
    {
        "ID": "245",
        "gender": "M",
        "age": "A",
        "character_name": "قاسم",
        "text": "تەڵاقی بەی",
        "text_original": "تەڵاقی بەی",
        "start": 820764.0,
        "end": 821454.0,
        "audio": "content/segments/214/245.ogg"
    },
    {
        "ID": "246",
        "gender": "M",
        "age": "A",
        "character_name": "حەیدەر",
        "text": "هەتیوو بەخوای هەر بێ عەقڵیەکەی جارانم ماوە ئەزانی قاسم",
        "text_original": "هەتیوو بەخوای هەر بێ عەقڵیەکەی جارانم ماوە ئەزانی قاسم",
        "start": 821454.0,
        "end": 824130.0,
        "audio": "content/segments/214/246.ogg"
    },
    {
        "ID": "247",
        "gender": "M",
        "age": "A",
        "character_name": "حەیدەر",
        "text": "کور بابە من ئەڵێم مەجالم نییە",
        "text_original": "کور بابە من ئەڵێم مەجالم نییە",
        "start": 824130.0,
        "end": 826185.0,
        "audio": "content/segments/214/247.ogg"
    },
    {
        "ID": "248",
        "gender": "M",
        "age": "A",
        "character_name": "حەیدەر",
        "text": "من ئەڵێم ئیشم هەیاا، لە چوێ بچم بۆ مەحکەمە و بەو هەموو قەرەباڵغیا تەڵاقی بەم",
        "text_original": "من ئەڵێم ئیشم هەیاا، لە چوێ بچم بۆ مەحکەمە و بەو هەموو قەرەباڵغیا تەڵاقی بەم",
        "start": 826185.0,
        "end": 831172.0,
        "audio": "content/segments/214/248.ogg"
    }
]