[
    {
        "ID": "1",
        "gender": "M",
        "age": "A",
        "character_name": "پێشکەشکار",
        "text": "کاک عەتا تۆ باوکت ناوی چیە",
        "text_original": "کاک عەتا تۆ باوکت ناوی چیە",
        "start": 0.0,
        "end": 1717.0,
        "audio": "content/segments/222/1.ogg"
    },
    {
        "ID": "2",
        "gender": "M",
        "age": "A",
        "character_name": "عەتا",
        "text": "ئەمین",
        "text_original": "ئەمین",
        "start": 2207.0,
        "end": 3302.0,
        "audio": "content/segments/222/2.ogg"
    },
    {
        "ID": "3",
        "gender": "M",
        "age": "A",
        "character_name": "پێشکەشکار",
        "text": "وەلای کەشف بوو کێ",
        "text_original": "وەلای کەشف بوو کێ",
        "start": 3421.0,
        "end": 4741.0,
        "audio": "content/segments/222/3.ogg"
    },
    {
        "ID": "4",
        "gender": "M",
        "age": "A",
        "character_name": "عەتا",
        "text": "ئەمین",
        "text_original": "ئەمین",
        "start": 4741.0,
        "end": 5542.0,
        "audio": "content/segments/222/4.ogg"
    },
    {
        "ID": "5",
        "gender": "M",
        "age": "A",
        "character_name": "پێشکەشکار",
        "text": "کاک عەتا ئەمین",
        "text_original": "کاک عەتا ئەمین",
        "start": 5574.0,
        "end": 6714.0,
        "audio": "content/segments/222/5.ogg"
    },
    {
        "ID": "6",
        "gender": "M",
        "age": "A",
        "character_name": "پێشکەشکار",
        "text": "چونکە لەوەتەی گۆرانی ئەلێی هەر بە عەتا",
        "text_original": "چونکە لەوەتەی گۆرانی ئەلێی هەر بە عەتا",
        "start": 6749.0,
        "end": 9279.0,
        "audio": "content/segments/222/6.ogg"
    },
    {
        "ID": "7",
        "gender": "M",
        "age": "A",
        "character_name": "پێشکەشکار",
        "text": "چاوشین مەشوری",
        "text_original": "چاوشین مەشوری",
        "start": 9279.0,
        "end": 10764.0,
        "audio": "content/segments/222/7.ogg"
    },
    {
        "ID": "8",
        "gender": "M",
        "age": "A",
        "character_name": "پێشکەشکار",
        "text": "کەس تا ئێستا نازانێ عەتا کێ وانیە",
        "text_original": "کەس تا ئێستا نازانێ عەتا کێ وانیە",
        "start": 10764.0,
        "end": 12659.0,
        "audio": "content/segments/222/8.ogg"
    },
    {
        "ID": "9",
        "gender": "M",
        "age": "A",
        "character_name": "عەتا",
        "text": "سەرەتا دوو گۆرانیم تۆمارکردبوو لە تەلەڤیزۆنی کەرکوک",
        "text_original": "سەرەتا دوو گۆرانیم تۆمارکردبوو لە تەلەڤیزۆنی کەرکوک",
        "start": 12670.0,
        "end": 16480.0,
        "audio": "content/segments/222/9.ogg"
    },
    {
        "ID": "10",
        "gender": "M",
        "age": "A",
        "character_name": "عەتا",
        "text": "بە عەتا ئەمینی ڕۆی دوایی ئیتر بەلام خەلک هەر چاوشینەکەی ئەوت",
        "text_original": "بە عەتا ئەمینی ڕۆی دوایی ئیتر بەلام خەلک هەر چاوشینەکەی ئەوت",
        "start": 16496.0,
        "end": 19726.0,
        "audio": "content/segments/222/10.ogg"
    },
    {
        "ID": "11",
        "gender": "M",
        "age": "A",
        "character_name": "پێشکەشکار",
        "text": "هەر بە چاو شینەکەیا ئەگەر چاوت سەوز بوایە پێیان نە ئەوتی",
        "text_original": "هەر بە چاو شینەکەیا ئەگەر چاوت سەوز بوایە پێیان نە ئەوتی",
        "start": 19776.0,
        "end": 22496.0,
        "audio": "content/segments/222/11.ogg"
    },
    {
        "ID": "12",
        "gender": "M",
        "age": "A",
        "character_name": "پێشکەشکار",
        "text": "چاوشین وانیە",
        "text_original": "چاوشین وانیە",
        "start": 22496.0,
        "end": 23524.0,
        "audio": "content/segments/222/12.ogg"
    },
    {
        "ID": "13",
        "gender": "M",
        "age": "A",
        "character_name": "پێشکەشکار",
        "text": "باشە بەخێربێی یاخوا",
        "text_original": "باشە بەخێربێی یاخوا",
        "start": 23574.0,
        "end": 24544.0,
        "audio": "content/segments/222/13.ogg"
    },
    {
        "ID": "14",
        "gender": "M",
        "age": "A",
        "character_name": "عەتا",
        "text": "چاوی منی",
        "text_original": "چاوی منی",
        "start": 24552.0,
        "end": 25032.0,
        "audio": "content/segments/222/14.ogg"
    },
    {
        "ID": "15",
        "gender": "M",
        "age": "A",
        "character_name": "پێشکەشکار",
        "text": "کاکە عەتا تۆ لە کەیەوە دەستت کردوە بە گۆرانی تۆمارکراو",
        "text_original": "کاکە عەتا تۆ لە کەیەوە دەستت کردوە بە گۆرانی تۆمارکراو",
        "start": 25068.0,
        "end": 28201.0,
        "audio": "content/segments/222/15.ogg"
    },
    {
        "ID": "16",
        "gender": "M",
        "age": "A",
        "character_name": "عەتا",
        "text": "تۆمارکراو",
        "text_original": "تۆمارکراو",
        "start": 28528.0,
        "end": 29638.0,
        "audio": "content/segments/222/16.ogg"
    },
    {
        "ID": "17",
        "gender": "M",
        "age": "A",
        "character_name": "عەتا",
        "text": "هەلبەتە سەرتا هەموو کەسێک هەموو گۆرانی بێزێک",
        "text_original": "هەلبەتە سەرتا هەموو کەسێک هەموو گۆرانی بێزێک",
        "start": 31791.0,
        "end": 36311.0,
        "audio": "content/segments/222/17.ogg"
    },
    {
        "ID": "18",
        "gender": "M",
        "age": "A",
        "character_name": "عەتا",
        "text": "بە لاسای کردنوە دەست پێدەکات",
        "text_original": "بە لاسای کردنوە دەست پێدەکات",
        "start": 36311.0,
        "end": 40311.0,
        "audio": "content/segments/222/18.ogg"
    },
    {
        "ID": "19",
        "gender": "M",
        "age": "A",
        "character_name": "عەتا",
        "text": "هونەرمەندەکانی پێش خۆشمان هەروابوون",
        "text_original": "هونەرمەندەکانی پێش خۆشمان هەروابوون",
        "start": 40363.0,
        "end": 43573.0,
        "audio": "content/segments/222/19.ogg"
    },
    {
        "ID": "20",
        "gender": "M",
        "age": "A",
        "character_name": "عەتا",
        "text": "وەلای من لە(حەفتا و هەشتەوە)، وە",
        "text_original": "وەلای من لە(حەفتا و هەشتەوە)، وە",
        "start": 44016.0,
        "end": 47876.0,
        "audio": "content/segments/222/20.ogg"
    },
    {
        "ID": "21",
        "gender": "M",
        "age": "A",
        "character_name": "پێشکەشکار",
        "text": "گۆرانیت هەیە",
        "text_original": "گۆرانیت هەیە",
        "start": 47876.0,
        "end": 49580.0,
        "audio": "content/segments/222/21.ogg"
    },
    {
        "ID": "22",
        "gender": "M",
        "age": "A",
        "character_name": "عەتا",
        "text": "گۆرانی کاسێتم هەیە ، بەلام گۆرانی",
        "text_original": "گۆرانی کاسێتم هەیە ، بەلام گۆرانی",
        "start": 49838.0,
        "end": 52276.0,
        "audio": "content/segments/222/22.ogg"
    },
    {
        "ID": "23",
        "gender": "M",
        "age": "A",
        "character_name": "عەتا",
        "text": "حەسەن زیرەک و ماملێ و تایەر تۆفیق و",
        "text_original": "حەسەن زیرەک و ماملێ و تایەر تۆفیق و",
        "start": 52276.0,
        "end": 55608.0,
        "audio": "content/segments/222/23.ogg"
    },
    {
        "ID": "24",
        "gender": "M",
        "age": "A",
        "character_name": "عەتا",
        "text": "جارجارە ناوە ناوە هی ئەو سەردەمە سێوەشم ئەوت",
        "text_original": "جارجارە ناوە ناوە هی ئەو سەردەمە سێوەشم ئەوت",
        "start": 56841.0,
        "end": 59891.0,
        "audio": "content/segments/222/24.ogg"
    },
    {
        "ID": "25",
        "gender": "M",
        "age": "A",
        "character_name": "پێشکەشکار",
        "text": "سێوەت ئەوت",
        "text_original": "سێوەت ئەوت",
        "start": 59913.0,
        "end": 60713.0,
        "audio": "content/segments/222/25.ogg"
    },
    {
        "ID": "26",
        "gender": "M",
        "age": "A",
        "character_name": "پێشکەشکار",
        "text": "باشە بەرەئی خۆت کامیان لە لاسایکردنەوەی کامیانە زۆر",
        "text_original": "باشە بەرەئی خۆت کامیان لە لاسایکردنەوەی کامیانە زۆر",
        "start": 61118.0,
        "end": 65658.0,
        "audio": "content/segments/222/26.ogg"
    },
    {
        "ID": "27",
        "gender": "M",
        "age": "A",
        "character_name": "پێشکەشکار",
        "text": "بۆخۆت مورتاح بووی",
        "text_original": "بۆخۆت مورتاح بووی",
        "start": 65715.0,
        "end": 67274.0,
        "audio": "content/segments/222/27.ogg"
    },
    {
        "ID": "28",
        "gender": "M",
        "age": "A",
        "character_name": "عەتا",
        "text": "من دوایی کە گۆرانیم وت و خەلک گوێی لێ گرتم ئیتر هەستم پێکرد لاسایی",
        "text_original": "من دوایی کە گۆرانیم وت و خەلک گوێی لێ گرتم ئیتر هەستم پێکرد لاسایی",
        "start": 69158.0,
        "end": 74018.0,
        "audio": "content/segments/222/28.ogg"
    },
    {
        "ID": "29",
        "gender": "M",
        "age": "A",
        "character_name": "عەتا",
        "text": "ئەبێ بوەستی لەسەری ئەبێ ئەبێ شتێک بلێی کە دری خۆتبێ",
        "text_original": "ئەبێ بوەستی لەسەری ئەبێ ئەبێ شتێک بلێی کە دری خۆتبێ",
        "start": 75552.0,
        "end": 78492.0,
        "audio": "content/segments/222/29.ogg"
    },
    {
        "ID": "30",
        "gender": "M",
        "age": "A",
        "character_name": "پێشکەشکار",
        "text": "ستایلی خۆ و وەرگری",
        "text_original": "ستایلی خۆ و وەرگری",
        "start": 78500.0,
        "end": 79213.0,
        "audio": "content/segments/222/30.ogg"
    },
    {
        "ID": "31",
        "gender": "M",
        "age": "A",
        "character_name": "عەتا",
        "text": "من پێ و توانا و سەلیقەیەی خۆم کە بەراستی بە دواداچونم بۆ کردبوو",
        "text_original": "من پێ و توانا و سەلیقەیەی خۆم کە بەراستی بە دواداچونم بۆ کردبوو",
        "start": 79219.0,
        "end": 85611.0,
        "audio": "content/segments/222/31.ogg"
    },
    {
        "ID": "32",
        "gender": "M",
        "age": "A",
        "character_name": "عەتا",
        "text": "ئەو گۆرانیانەی کە خۆم دامناوەو بە تایبەتی کە شعر و ئاوازی خۆمە",
        "text_original": "ئەو گۆرانیانەی کە خۆم دامناوەو بە تایبەتی کە شعر و ئاوازی خۆمە",
        "start": 86773.0,
        "end": 91326.0,
        "audio": "content/segments/222/32.ogg"
    },
    {
        "ID": "33",
        "gender": "M",
        "age": "A",
        "character_name": "عەتا",
        "text": "ئەوە گەواهی ئەوە ئەیەن ئەوانەی کە حەزیان لە گۆرانیەکای منە",
        "text_original": "ئەوە گەواهی ئەوە ئەیەن ئەوانەی کە حەزیان لە گۆرانیەکای منە",
        "start": 91621.0,
        "end": 96079.0,
        "audio": "content/segments/222/33.ogg"
    },
    {
        "ID": "34",
        "gender": "M",
        "age": "A",
        "character_name": "عەتا",
        "text": "ئەزانن کە من بۆ خۆمم دەنگێکی تایبەتی خۆمم هەیە و بەلام بیرم ناچێ و",
        "text_original": "ئەزانن کە من بۆ خۆمم دەنگێکی تایبەتی خۆمم هەیە و بەلام بیرم ناچێ و",
        "start": 96105.0,
        "end": 101533.0,
        "audio": "content/segments/222/34.ogg"
    },
    {
        "ID": "35",
        "gender": "M",
        "age": "A",
        "character_name": "عەتا",
        "text": "لەبەر چاویشمە من بە دەنگی گۆرانی بێزەکانی پێش خۆمان",
        "text_original": "لەبەر چاویشمە من بە دەنگی گۆرانی بێزەکانی پێش خۆمان",
        "start": 101656.0,
        "end": 106350.0,
        "audio": "content/segments/222/35.ogg"
    },
    {
        "ID": "36",
        "gender": "M",
        "age": "A",
        "character_name": "عەتا",
        "text": "بەراستی هاتمە نێو مەیدانەکەوەو",
        "text_original": "بەراستی هاتمە نێو مەیدانەکەوەو",
        "start": 106350.0,
        "end": 110027.0,
        "audio": "content/segments/222/36.ogg"
    },
    {
        "ID": "37",
        "gender": "M",
        "age": "A",
        "character_name": "عەتا",
        "text": "لەوانیشەوە گۆرانیم خۆشویست",
        "text_original": "لەوانیشەوە گۆرانیم خۆشویست",
        "start": 110164.0,
        "end": 112046.0,
        "audio": "content/segments/222/37.ogg"
    },
    {
        "ID": "38",
        "gender": "M",
        "age": "A",
        "character_name": "پێشکەشکار",
        "text": "ئێمەش گۆرانیەکانی تۆمان خۆشئەوێ",
        "text_original": "ئێمەش گۆرانیەکانی تۆمان خۆشئەوێ",
        "start": 112844.0,
        "end": 114544.0,
        "audio": "content/segments/222/38.ogg"
    },
    {
        "ID": "39",
        "gender": "M",
        "age": "A",
        "character_name": "عەتا",
        "text": "چاوی من",
        "text_original": "چاوی من",
        "start": 114819.0,
        "end": 115445.0,
        "audio": "content/segments/222/39.ogg"
    },
    {
        "ID": "40",
        "gender": "M",
        "age": "A",
        "character_name": "پێشکەشکار",
        "text": "حەز ئەکەم ئەم دانیشتنە یەکەمجار بە گۆرانیەکی تۆ دەست پێبکە",
        "text_original": "حەز ئەکەم ئەم دانیشتنە یەکەمجار بە گۆرانیەکی تۆ دەست پێبکە",
        "start": 115469.0,
        "end": 119635.0,
        "audio": "content/segments/222/40.ogg"
    },
    {
        "ID": "41",
        "gender": "M",
        "age": "A",
        "character_name": "عەتا",
        "text": "ئەوجا منیش بەسەرچاو ئەکم گۆرانیەی کە ئێستا ئەمەوێ بیلێم",
        "text_original": "ئەوجا منیش بەسەرچاو ئەکم گۆرانیەی کە ئێستا ئەمەوێ بیلێم",
        "start": 120501.0,
        "end": 124501.0,
        "audio": "content/segments/222/41.ogg"
    },
    {
        "ID": "42",
        "gender": "M",
        "age": "A",
        "character_name": "عەتا",
        "text": "لە مانگی 4 ی 990 وەوە دامناوە هێشتا تۆمارم نەکردوە",
        "text_original": "لە مانگی 4 ی 990 وەوە دامناوە هێشتا تۆمارم نەکردوە",
        "start": 124520.0,
        "end": 128959.0,
        "audio": "content/segments/222/42.ogg"
    },
    {
        "ID": "43",
        "gender": "M",
        "age": "A",
        "character_name": "پێشکەشکار",
        "text": "25سالە",
        "text_original": "25سالە",
        "start": 129481.0,
        "end": 130261.0,
        "audio": "content/segments/222/43.ogg"
    },
    {
        "ID": "44",
        "gender": "M",
        "age": "A",
        "character_name": "عەتا",
        "text": "زۆر گۆرانیم هەیە 88 ئەوانەشی تیایە تۆمارم نەکردوە",
        "text_original": "زۆر گۆرانیم هەیە 88 ئەوانەشی تیایە تۆمارم نەکردوە",
        "start": 130650.0,
        "end": 134259.0,
        "audio": "content/segments/222/44.ogg"
    },
    {
        "ID": "45",
        "gender": "M",
        "age": "A",
        "character_name": "پێشکەشکار",
        "text": "ئێمە بەختمان باشە دوای 25 سال گوێمان لەم گۆرانیە ئەبێ",
        "text_original": "ئێمە بەختمان باشە دوای 25 سال گوێمان لەم گۆرانیە ئەبێ",
        "start": 134480.0,
        "end": 138480.0,
        "audio": "content/segments/222/45.ogg"
    },
    {
        "ID": "46",
        "gender": "M",
        "age": "A",
        "character_name": "عەتا",
        "text": "ان شااللە ئەمە ئاواز و هۆنراوەی خۆمە ان شااللە بە دلتان ئەبێ",
        "text_original": "ان شااللە ئەمە ئاواز و هۆنراوەی خۆمە ان شااللە بە دلتان ئەبێ",
        "start": 138507.0,
        "end": 141584.0,
        "audio": "content/segments/222/46.ogg"
    },
    {
        "ID": "48",
        "gender": "M",
        "age": "A",
        "character_name": "عەتا",
        "text": "شەو ناشەوێ بەهۆی تۆوە من خەوم ئەزرێ",
        "text_original": "شەو ناشەوێ بەهۆی تۆوە من خەوم ئەزرێ",
        "start": 180701.0,
        "end": 186119.0,
        "audio": "content/segments/222/48.ogg"
    },
    {
        "ID": "49",
        "gender": "M",
        "age": "A",
        "character_name": "عەتا",
        "text": "شەو نا شەوێ بەهۆی تۆوە من خەومەزرێ",
        "text_original": "شەو نا شەوێ بەهۆی تۆوە من خەومەزرێ",
        "start": 186818.0,
        "end": 192041.0,
        "audio": "content/segments/222/49.ogg"
    },
    {
        "ID": "50",
        "gender": "M",
        "age": "A",
        "character_name": "عەتا",
        "text": "منی هیوام نەشارەزام ڕێی دوور ئەبرێ",
        "text_original": "منی هیوام نەشارەزام ڕێی دوور ئەبرێ",
        "start": 192504.0,
        "end": 198009.0,
        "audio": "content/segments/222/50.ogg"
    },
    {
        "ID": "51",
        "gender": "M",
        "age": "A",
        "character_name": "عەتا",
        "text": "ڕێی دوور ئەبرێ",
        "text_original": "ڕێی دوور ئەبرێ",
        "start": 198041.0,
        "end": 200210.0,
        "audio": "content/segments/222/51.ogg"
    },
    {
        "ID": "52",
        "gender": "M",
        "age": "A",
        "character_name": "عەتا",
        "text": "منی هیوا نەشارەزام ڕێی دوور دەبرێ ڕێی دوور دەبرێ",
        "text_original": "منی هیوا نەشارەزام ڕێی دوور دەبرێ ڕێی دوور دەبرێ",
        "start": 200546.0,
        "end": 208726.0,
        "audio": "content/segments/222/52.ogg"
    },
    {
        "ID": "54",
        "gender": "M",
        "age": "A",
        "character_name": "عەتا",
        "text": "ئەوەندەی من لەبیرم دێ بە تەنیا تۆم خۆشویستوە",
        "text_original": "ئەوەندەی من لەبیرم دێ بە تەنیا تۆم خۆشویستوە",
        "start": 232726.0,
        "end": 240562.0,
        "audio": "content/segments/222/54.ogg"
    },
    {
        "ID": "55",
        "gender": "M",
        "age": "A",
        "character_name": "عەتا",
        "text": "ئەوەندەی من لەبیرم دێ بە تەنیا تۆم خۆشویستوە",
        "text_original": "ئەوەندەی من لەبیرم دێ بە تەنیا تۆم خۆشویستوە",
        "start": 240635.0,
        "end": 247907.0,
        "audio": "content/segments/222/55.ogg"
    },
    {
        "ID": "56",
        "gender": "M",
        "age": "A",
        "character_name": "عەتا",
        "text": "خۆشترین ئاوازی ئەوین هەر لە دەنگی تۆ بیستوە",
        "text_original": "خۆشترین ئاوازی ئەوین هەر لە دەنگی تۆ بیستوە",
        "start": 248510.0,
        "end": 255823.0,
        "audio": "content/segments/222/56.ogg"
    },
    {
        "ID": "57",
        "gender": "M",
        "age": "A",
        "character_name": "عەتا",
        "text": "خۆشترین ئاوازی دەنگی ئەوین هەر لە دەنگی تۆ بیستوە",
        "text_original": "خۆشترین ئاوازی دەنگی ئەوین هەر لە دەنگی تۆ بیستوە",
        "start": 256478.0,
        "end": 264132.0,
        "audio": "content/segments/222/57.ogg"
    },
    {
        "ID": "58",
        "gender": "M",
        "age": "A",
        "character_name": "عەتا",
        "text": "شەو ناشەوێک بە هۆی تۆوە من خەوم ئەزرێت",
        "text_original": "شەو ناشەوێک بە هۆی تۆوە من خەوم ئەزرێت",
        "start": 264153.0,
        "end": 270004.0,
        "audio": "content/segments/222/58.ogg"
    },
    {
        "ID": "59",
        "gender": "M",
        "age": "A",
        "character_name": "عەتا",
        "text": "شەو ناشەوێک من بەهۆی تۆوە من خەوم ئەزرێت",
        "text_original": "شەو ناشەوێک من بەهۆی تۆوە من خەوم ئەزرێت",
        "start": 270031.0,
        "end": 275864.0,
        "audio": "content/segments/222/59.ogg"
    },
    {
        "ID": "60",
        "gender": "M",
        "age": "A",
        "character_name": "عەتا",
        "text": "مەلی هیوام نەشارەزام ڕێی دوور ئەبرم ڕێی دوور ئەبرێ",
        "text_original": "مەلی هیوام نەشارەزام ڕێی دوور ئەبرم ڕێی دوور ئەبرێ",
        "start": 276041.0,
        "end": 284405.0,
        "audio": "content/segments/222/60.ogg"
    },
    {
        "ID": "61",
        "gender": "M",
        "age": "A",
        "character_name": "عەتا",
        "text": "مەلی هیوام نەشارەزا ڕێی دوور دەبرێ ڕێی دووردەبرێ ڕێی دوور ئەبرێ",
        "text_original": "مەلی هیوام نەشارەزا ڕێی دوور دەبرێ ڕێی دووردەبرێ ڕێی دوور ئەبرێ",
        "start": 284421.0,
        "end": 292237.0,
        "audio": "content/segments/222/61.ogg"
    },
    {
        "ID": "63",
        "gender": "M",
        "age": "A",
        "character_name": "عەتا",
        "text": "لەهەر مۆلێک ڕادەمێنم شێوەی تۆم وا بیردێتەوە",
        "text_original": "لەهەر مۆلێک ڕادەمێنم شێوەی تۆم وا بیردێتەوە",
        "start": 316519.0,
        "end": 323864.0,
        "audio": "content/segments/222/63.ogg"
    },
    {
        "ID": "64",
        "gender": "M",
        "age": "A",
        "character_name": "عەتا",
        "text": "لەهەر مۆلێک ڕادەمێنم شێوەی تۆم وا بیردێتەوە",
        "text_original": "لەهەر مۆلێک ڕادەمێنم شێوەی تۆم وا بیردێتەوە",
        "start": 324516.0,
        "end": 332055.0,
        "audio": "content/segments/222/64.ogg"
    },
    {
        "ID": "65",
        "gender": "M",
        "age": "A",
        "character_name": "عەتا",
        "text": "لە هەر کوێسانێک دەروانم بەفر لای تۆ دەچێتەوە",
        "text_original": "لە هەر کوێسانێک دەروانم بەفر لای تۆ دەچێتەوە",
        "start": 332499.0,
        "end": 340455.0,
        "audio": "content/segments/222/65.ogg"
    },
    {
        "ID": "66",
        "gender": "M",
        "age": "A",
        "character_name": "عەتا",
        "text": "بۆ هەر کوێستانێک دەروانم بەفر لای تۆ دەچێتەوە",
        "text_original": "بۆ هەر کوێستانێک دەروانم بەفر لای تۆ دەچێتەوە",
        "start": 340700.0,
        "end": 348138.0,
        "audio": "content/segments/222/66.ogg"
    },
    {
        "ID": "67",
        "gender": "M",
        "age": "A",
        "character_name": "عەتا",
        "text": "شەو ناشەوێک بەهۆی تۆوە من خەو ئەزرێت",
        "text_original": "شەو ناشەوێک بەهۆی تۆوە من خەو ئەزرێت",
        "start": 348478.0,
        "end": 353984.0,
        "audio": "content/segments/222/67.ogg"
    },
    {
        "ID": "68",
        "gender": "M",
        "age": "A",
        "character_name": "عەتا",
        "text": "شەو ناشەوێک بەهۆی تۆوە من خەوم ئەزرێت",
        "text_original": "شەو ناشەوێک بەهۆی تۆوە من خەوم ئەزرێت",
        "start": 354070.0,
        "end": 360171.0,
        "audio": "content/segments/222/68.ogg"
    },
    {
        "ID": "69",
        "gender": "M",
        "age": "A",
        "character_name": "عەتا",
        "text": "مەلی هیوام نا شارەزا ڕێی دوور ئەبرێ ڕێی دوور ئەبرێ ڕێی دوور ئەبرێ",
        "text_original": "مەلی هیوام نا شارەزا ڕێی دوور ئەبرێ ڕێی دوور ئەبرێ ڕێی دوور ئەبرێ",
        "start": 360569.0,
        "end": 368211.0,
        "audio": "content/segments/222/69.ogg"
    },
    {
        "ID": "70",
        "gender": "M",
        "age": "A",
        "character_name": "عەتا",
        "text": "مەلی هیوام نا شارەزا ڕێی دوور ئەبرێ ڕێی دوور ئەبرێ",
        "text_original": "مەلی هیوام نا شارەزا ڕێی دوور ئەبرێ ڕێی دوور ئەبرێ",
        "start": 368506.0,
        "end": 376329.0,
        "audio": "content/segments/222/70.ogg"
    },
    {
        "ID": "72",
        "gender": "M",
        "age": "A",
        "character_name": "عەتا",
        "text": "کە تۆ هێندە خۆشەویستی و لانەت لە دلما کردوە",
        "text_original": "کە تۆ هێندە خۆشەویستی و لانەت لە دلما کردوە",
        "start": 400736.0,
        "end": 408180.0,
        "audio": "content/segments/222/72.ogg"
    },
    {
        "ID": "73",
        "gender": "M",
        "age": "A",
        "character_name": "عەتا",
        "text": "کە تۆ هێندە خۆشەویستی لانەت لە دلما کردوە",
        "text_original": "کە تۆ هێندە خۆشەویستی لانەت لە دلما کردوە",
        "start": 408538.0,
        "end": 416070.0,
        "audio": "content/segments/222/73.ogg"
    },
    {
        "ID": "74",
        "gender": "M",
        "age": "A",
        "character_name": "عەتا",
        "text": "ئیتر بۆچی ئاسودە نی گرو بیانوی چیت گرتووە",
        "text_original": "ئیتر بۆچی ئاسودە نی گرو بیانوی چیت گرتووە",
        "start": 416447.0,
        "end": 423740.0,
        "audio": "content/segments/222/74.ogg"
    },
    {
        "ID": "75",
        "gender": "M",
        "age": "A",
        "character_name": "عەتا",
        "text": "ئیتر بۆچی ئاسودە نی گر و بیانوی چیت گرتووە",
        "text_original": "ئیتر بۆچی ئاسودە نی گر و بیانوی چیت گرتووە",
        "start": 424506.0,
        "end": 432134.0,
        "audio": "content/segments/222/75.ogg"
    },
    {
        "ID": "76",
        "gender": "M",
        "age": "A",
        "character_name": "عەتا",
        "text": "شەو ناشەوێک بە هۆی تۆوە من خەوم ئەزرێت",
        "text_original": "شەو ناشەوێک بە هۆی تۆوە من خەوم ئەزرێت",
        "start": 432528.0,
        "end": 437867.0,
        "audio": "content/segments/222/76.ogg"
    },
    {
        "ID": "77",
        "gender": "M",
        "age": "A",
        "character_name": "عەتا",
        "text": "شەو ناشەوێک بە هۆی تۆوە من خەوم ئەزرێت",
        "text_original": "شەو ناشەوێک بە هۆی تۆوە من خەوم ئەزرێت",
        "start": 438520.0,
        "end": 444064.0,
        "audio": "content/segments/222/77.ogg"
    },
    {
        "ID": "78",
        "gender": "M",
        "age": "A",
        "character_name": "عەتا",
        "text": "مەلی هیوام نەشارەزا ڕێی دوور ئەبرێت ڕێی دوور ئەبرێت",
        "text_original": "مەلی هیوام نەشارەزا ڕێی دوور ئەبرێت ڕێی دوور ئەبرێت",
        "start": 444544.0,
        "end": 452597.0,
        "audio": "content/segments/222/78.ogg"
    },
    {
        "ID": "79",
        "gender": "M",
        "age": "A",
        "character_name": "عەتا",
        "text": "مەلی هیوام نەشارەزا ڕێی دوور ئەبرێت ڕێی دوور ئەبرێت",
        "text_original": "مەلی هیوام نەشارەزا ڕێی دوور ئەبرێت ڕێی دوور ئەبرێت",
        "start": 452613.0,
        "end": 460307.0,
        "audio": "content/segments/222/79.ogg"
    },
    {
        "ID": "80",
        "gender": "NA",
        "age": "NA",
        "character_name": "NA",
        "text": "مەلی هیوام نەشارەزا ڕێی دوور ئەبرێت ڕێی دوور ئەبرێ",
        "text_original": "مەلی هیوام نەشارەزا ڕێی دوور ئەبرێت ڕێی دوور ئەبرێ",
        "start": 460354.0,
        "end": 467929.0,
        "audio": "content/segments/222/80.ogg"
    },
    {
        "ID": "81",
        "gender": "M",
        "age": "A",
        "character_name": "پێشکەشکار",
        "text": "دەستەکانت خۆش دەمت خۆش کاک عەتا من",
        "text_original": "دەستەکانت خۆش دەمت خۆش کاک عەتا من",
        "start": 469991.0,
        "end": 473704.0,
        "audio": "content/segments/222/81.ogg"
    },
    {
        "ID": "82",
        "gender": "M",
        "age": "A",
        "character_name": "پێشکەشکار",
        "text": "ئەمەوێ یەک پرسیار لە جەنابت بکەم",
        "text_original": "ئەمەوێ یەک پرسیار لە جەنابت بکەم",
        "start": 474525.0,
        "end": 476403.0,
        "audio": "content/segments/222/82.ogg"
    },
    {
        "ID": "83",
        "gender": "M",
        "age": "A",
        "character_name": "پێشکەشکار",
        "text": "تۆ دوو منالت هەیە",
        "text_original": "تۆ دوو منالت هەیە",
        "start": 476585.0,
        "end": 478206.0,
        "audio": "content/segments/222/83.ogg"
    },
    {
        "ID": "84",
        "gender": "M",
        "age": "A",
        "character_name": "عەتا",
        "text": "سیان",
        "text_original": "سیان",
        "start": 478439.0,
        "end": 479161.0,
        "audio": "content/segments/222/84.ogg"
    },
    {
        "ID": "85",
        "gender": "M",
        "age": "A",
        "character_name": "پێشکەشکار",
        "text": "گەشت و بەیبون و",
        "text_original": "گەشت و بەیبون و",
        "start": 479411.0,
        "end": 480932.0,
        "audio": "content/segments/222/85.ogg"
    },
    {
        "ID": "86",
        "gender": "M",
        "age": "A",
        "character_name": "عەتا",
        "text": "زەنوێر",
        "text_original": "زەنوێر",
        "start": 480948.0,
        "end": 481635.0,
        "audio": "content/segments/222/86.ogg"
    },
    {
        "ID": "87",
        "gender": "M",
        "age": "A",
        "character_name": "پێشکەشکار",
        "text": "زەنوێر یەعنی ئاوەدان وانیە",
        "text_original": "زەنوێر یەعنی ئاوەدان وانیە",
        "start": 481635.0,
        "end": 483816.0,
        "audio": "content/segments/222/87.ogg"
    },
    {
        "ID": "88",
        "gender": "M",
        "age": "A",
        "character_name": "عەتا",
        "text": "زەنوێر جێگەی سەیرانگا لە کوێستانە ئەو جێگەی لە کوێستانە لێی دا ئەنیشی",
        "text_original": "زەنوێر جێگەی سەیرانگا لە کوێستانە ئەو جێگەی لە کوێستانە لێی دا ئەنیشی",
        "start": 483940.0,
        "end": 490054.0,
        "audio": "content/segments/222/88.ogg"
    },
    {
        "ID": "89",
        "gender": "M",
        "age": "A",
        "character_name": "عەتا",
        "text": "جا لەوە",
        "text_original": "جا لەوە",
        "start": 487000.0,
        "end": 490641.0,
        "audio": "content/segments/222/89.ogg"
    }
]