[
    {
        "ID": "2",
        "gender": "M",
        "age": "A",
        "character_name": "غەنی",
        "text": "کاکە گیان چۆنیت",
        "text_original": "کاکە گیان چۆنیت",
        "start": 9329.0,
        "end": 10447.0,
        "audio": "content/segments/23/2.ogg"
    },
    {
        "ID": "3",
        "gender": "M",
        "age": "A",
        "character_name": "سەعید",
        "text": "بەخێربێی",
        "text_original": "بەخێربێی",
        "start": 10810.0,
        "end": 11846.0,
        "audio": "content/segments/23/3.ogg"
    },
    {
        "ID": "4",
        "gender": "M",
        "age": "A",
        "character_name": "غەنی",
        "text": "ئەوە زەحمەت نەبێ کا حەمە سەعی لە چوێیە",
        "text_original": "ئەوە زەحمەت نەبێ کا حەمە سەعی لە چوێیە",
        "start": 11912.0,
        "end": 14046.0,
        "audio": "content/segments/23/4.ogg"
    },
    {
        "ID": "5",
        "gender": "M",
        "age": "A",
        "character_name": "سەعید",
        "text": "کا حەمە سەعی چێیە",
        "text_original": "کا حەمە سەعی چێیە",
        "start": 14210.0,
        "end": 15480.0,
        "audio": "content/segments/23/5.ogg"
    },
    {
        "ID": "6",
        "gender": "M",
        "age": "A",
        "character_name": "غەنی",
        "text": "چۆن ئەی ئەمە کەلاوەکەی بەرامبەر بینا بەرزەکە نییە",
        "text_original": "چۆن ئەی ئەمە کەلاوەکەی بەرامبەر بینا بەرزەکە نییە",
        "start": 15770.0,
        "end": 19059.0,
        "audio": "content/segments/23/6.ogg"
    },
    {
        "ID": "7",
        "gender": "M",
        "age": "A",
        "character_name": "غەنی",
        "text": "خۆ لێشم تێک نەچوە",
        "text_original": "خۆ لێشم تێک نەچوە",
        "start": 19059.0,
        "end": 19962.0,
        "audio": "content/segments/23/7.ogg"
    },
    {
        "ID": "8",
        "gender": "M",
        "age": "A",
        "character_name": "سەعید",
        "text": "با",
        "text_original": "با",
        "start": 20050.0,
        "end": 20400.0,
        "audio": "content/segments/23/8.ogg"
    },
    {
        "ID": "9",
        "gender": "M",
        "age": "A",
        "character_name": "غەنی",
        "text": "کا حەمە سەعی، کا حەمە سەعید",
        "text_original": "کا حەمە سەعی، کا حەمە سەعید",
        "start": 20430.0,
        "end": 21758.0,
        "audio": "content/segments/23/9.ogg"
    },
    {
        "ID": "10",
        "gender": "M",
        "age": "A",
        "character_name": "سەعید",
        "text": "کا حەمە سەعی، پیاوە یان ژنە",
        "text_original": "کا حەمە سەعی، پیاوە یان ژنە",
        "start": 21758.0,
        "end": 23208.0,
        "audio": "content/segments/23/10.ogg"
    },
    {
        "ID": "11",
        "gender": "M",
        "age": "A",
        "character_name": "غەنی",
        "text": "کورە بابە، پیاوە",
        "text_original": "کورە بابە، پیاوە",
        "start": 23280.0,
        "end": 25005.0,
        "audio": "content/segments/23/11.ogg"
    },
    {
        "ID": "12",
        "gender": "M",
        "age": "A",
        "character_name": "سەعید",
        "text": "کورە ئەترسم مەخسەت من بێ، غەنی",
        "text_original": "کورە ئەترسم مەخسەت من بێ، غەنی",
        "start": 25446.0,
        "end": 27521.0,
        "audio": "content/segments/23/12.ogg"
    },
    {
        "ID": "13",
        "gender": "M",
        "age": "A",
        "character_name": "غەنی",
        "text": "سەعە گیان",
        "text_original": "سەعە گیان",
        "start": 27600.0,
        "end": 28528.0,
        "audio": "content/segments/23/13.ogg"
    },
    {
        "ID": "14",
        "gender": "M",
        "age": "A",
        "character_name": "سەعید",
        "text": "ها",
        "text_original": "ها",
        "start": 28538.0,
        "end": 29064.0,
        "audio": "content/segments/23/14.ogg"
    },
    {
        "ID": "15",
        "gender": "M",
        "age": "A",
        "character_name": "غەنی",
        "text": "چۆنی",
        "text_original": "چۆنی",
        "start": 29193.0,
        "end": 29972.0,
        "audio": "content/segments/23/15.ogg"
    },
    {
        "ID": "16",
        "gender": "M",
        "age": "A",
        "character_name": "سەعید",
        "text": "چاکی",
        "text_original": "چاکی",
        "start": 29972.0,
        "end": 30614.0,
        "audio": "content/segments/23/16.ogg"
    },
    {
        "ID": "17",
        "gender": "M",
        "age": "A",
        "character_name": "غەنی",
        "text": "ئەوە سەعە بۆ وا خۆو کردوە بە وەحشی",
        "text_original": "ئەوە سەعە بۆ وا خۆو کردوە بە وەحشی",
        "start": 30614.0,
        "end": 32677.999999999996,
        "audio": "content/segments/23/17.ogg"
    },
    {
        "ID": "18",
        "gender": "M",
        "age": "A",
        "character_name": "سەعید",
        "text": "هەتیوو وەحشی چی، یٔاگا لە دەمت بێ، یٔاوا بکێشم بە دەمتا",
        "text_original": "هەتیوو وەحشی چی، یٔاگا لە دەمت بێ، یٔاوا بکێشم بە دەمتا",
        "start": 32767.000000000004,
        "end": 35680.0,
        "audio": "content/segments/23/18.ogg"
    },
    {
        "ID": "19",
        "gender": "M",
        "age": "A",
        "character_name": "سەعید",
        "text": "بڵێ سورە هەندی",
        "text_original": "بڵێ سورە هەندی",
        "start": 35869.0,
        "end": 36864.0,
        "audio": "content/segments/23/19.ogg"
    },
    {
        "ID": "20",
        "gender": "M",
        "age": "A",
        "character_name": "غەنی",
        "text": "ه، وەڵا من سورە ماسی م بیستوە",
        "text_original": "ه، وەڵا من سورە ماسی م بیستوە",
        "start": 36983.0,
        "end": 39158.0,
        "audio": "content/segments/23/20.ogg"
    },
    {
        "ID": "21",
        "gender": "M",
        "age": "A",
        "character_name": "غەنی",
        "text": "یٔەمە چییە یٔەمە چییە",
        "text_original": "یٔەمە چییە یٔەمە چییە",
        "start": 39368.0,
        "end": 40432.0,
        "audio": "content/segments/23/21.ogg"
    },
    {
        "ID": "22",
        "gender": "M",
        "age": "A",
        "character_name": "سەعید",
        "text": "ئێ قژە و حەزم لێیەتی و دیموکراتیەتە و نابێ",
        "text_original": "ئێ قژە و حەزم لێیەتی و دیموکراتیەتە و نابێ",
        "start": 40494.0,
        "end": 43797.0,
        "audio": "content/segments/23/22.ogg"
    },
    {
        "ID": "23",
        "gender": "M",
        "age": "A",
        "character_name": "غەنی",
        "text": "ئێ وایە",
        "text_original": "ئێ وایە",
        "start": 43837.0,
        "end": 44315.0,
        "audio": "content/segments/23/23.ogg"
    },
    {
        "ID": "24",
        "gender": "M",
        "age": "A",
        "character_name": "غەنی",
        "text": "ئێ ئەم کڵاوە چییە لەسەرت",
        "text_original": "ئێ ئەم کڵاوە چییە لەسەرت",
        "start": 44335.0,
        "end": 45296.0,
        "audio": "content/segments/23/24.ogg"
    },
    {
        "ID": "25",
        "gender": "M",
        "age": "A",
        "character_name": "سەعید",
        "text": "ئێ وەحشی کوردیم",
        "text_original": "ئێ وەحشی کوردیم",
        "start": 45296.0,
        "end": 46321.0,
        "audio": "content/segments/23/25.ogg"
    },
    {
        "ID": "26",
        "gender": "M",
        "age": "A",
        "character_name": "غەنی",
        "text": "هەتیو بڵێ هندی سوری کوردی",
        "text_original": "هەتیو بڵێ هندی سوری کوردی",
        "start": 46495.0,
        "end": 48660.0,
        "audio": "content/segments/23/26.ogg"
    },
    {
        "ID": "27",
        "gender": "M",
        "age": "A",
        "character_name": "غەنی",
        "text": "کاکە سەعە گیان، خوا قوەتت با، چۆنی و بەچیەوە خەریکی",
        "text_original": "کاکە سەعە گیان، خوا قوەتت با، چۆنی و بەچیەوە خەریکی",
        "start": 49023.0,
        "end": 52298.0,
        "audio": "content/segments/23/27.ogg"
    },
    {
        "ID": "28",
        "gender": "M",
        "age": "A",
        "character_name": "سەعید",
        "text": "یاخوا بەخێرێی، بەخوا زۆر هیلاکم",
        "text_original": "یاخوا بەخێرێی، بەخوا زۆر هیلاکم",
        "start": 52438.0,
        "end": 54233.0,
        "audio": "content/segments/23/28.ogg"
    },
    {
        "ID": "29",
        "gender": "M",
        "age": "A",
        "character_name": "سەعید",
        "text": "یٔەزانی چی، ویستم دەستێ بەکەلاوەیا بێنم",
        "text_original": "یٔەزانی چی، ویستم دەستێ بەکەلاوەیا بێنم",
        "start": 54233.0,
        "end": 56633.0,
        "audio": "content/segments/23/29.ogg"
    },
    {
        "ID": "30",
        "gender": "M",
        "age": "A",
        "character_name": "غەنی",
        "text": "ئێه",
        "text_original": "ئێه",
        "start": 56669.0,
        "end": 57176.0,
        "audio": "content/segments/23/30.ogg"
    },
    {
        "ID": "31",
        "gender": "M",
        "age": "A",
        "character_name": "سەعید",
        "text": "کەچی نییە یٔا یٔەم لەتە بلۆکەم پێ هەڵناجیرێ",
        "text_original": "کەچی نییە یٔا یٔەم لەتە بلۆکەم پێ هەڵناجیرێ",
        "start": 57253.0,
        "end": 59752.0,
        "audio": "content/segments/23/31.ogg"
    },
    {
        "ID": "32",
        "gender": "M",
        "age": "A",
        "character_name": "غەنی",
        "text": "جا ئەوە ئیشی ئەوەیە قەوەتت نەماوە",
        "text_original": "جا ئەوە ئیشی ئەوەیە قەوەتت نەماوە",
        "start": 59834.0,
        "end": 61590.0,
        "audio": "content/segments/23/32.ogg"
    },
    {
        "ID": "33",
        "gender": "M",
        "age": "A",
        "character_name": "سەعید",
        "text": "بەخوا ڕاست ئەکەی، قەوەتم نەماوە تەواوە",
        "text_original": "بەخوا ڕاست ئەکەی، قەوەتم نەماوە تەواوە",
        "start": 61751.0,
        "end": 63766.0,
        "audio": "content/segments/23/33.ogg"
    },
    {
        "ID": "34",
        "gender": "M",
        "age": "A",
        "character_name": "غەنی",
        "text": "ئی پیریشە، پیری",
        "text_original": "ئی پیریشە، پیری",
        "start": 63766.0,
        "end": 64805.00000000001,
        "audio": "content/segments/23/34.ogg"
    },
    {
        "ID": "35",
        "gender": "M",
        "age": "A",
        "character_name": "سەعید",
        "text": "نا نا هی پیری نییە، هی ئەم پارە علوجەیە",
        "text_original": "نا نا هی پیری نییە، هی ئەم پارە علوجەیە",
        "start": 64843.99999999999,
        "end": 68424.0,
        "audio": "content/segments/23/35.ogg"
    },
    {
        "ID": "36",
        "gender": "M",
        "age": "A",
        "character_name": "غەنی",
        "text": "یٔەوەی کە هەزار و پێنسەد دینار مان کرد یٔەوجا دۆلارێکی یٔەوانە",
        "text_original": "یٔەوەی کە هەزار و پێنسەد دینار مان کرد یٔەوجا دۆلارێکی یٔەوانە",
        "start": 68529.0,
        "end": 71817.0,
        "audio": "content/segments/23/36.ogg"
    },
    {
        "ID": "37",
        "gender": "M",
        "age": "A",
        "character_name": "سەعید",
        "text": "ئا ئەوەیە ئەوە، ئەو باخەڵەو پڕ کرد کەچی قوەتی نییە هیچ نییە",
        "text_original": "ئا ئەوەیە ئەوە، ئەو باخەڵەو پڕ کرد کەچی قوەتی نییە هیچ نییە",
        "start": 72074.0,
        "end": 75456.0,
        "audio": "content/segments/23/37.ogg"
    },
    {
        "ID": "38",
        "gender": "M",
        "age": "A",
        "character_name": "غەنی",
        "text": "ڕاستەکەی",
        "text_original": "ڕاستەکەی",
        "start": 75476.0,
        "end": 76142.0,
        "audio": "content/segments/23/38.ogg"
    },
    {
        "ID": "39",
        "gender": "M",
        "age": "A",
        "character_name": "غەنی",
        "text": "ئەوە هەزار و پێنسەد دینارمان ئەگەر دۆلارێکی ئەوان بێ",
        "text_original": "ئەوە هەزار و پێنسەد دینارمان ئەگەر دۆلارێکی ئەوان بێ",
        "start": 76226.0,
        "end": 80491.0,
        "audio": "content/segments/23/39.ogg"
    },
    {
        "ID": "40",
        "gender": "M",
        "age": "A",
        "character_name": "غەنی",
        "text": "ئەزانی شتێکم بیرهاتەوە، یەعنی هەزار و پێنسە نوکتەشمان",
        "text_original": "ئەزانی شتێکم بیرهاتەوە، یەعنی هەزار و پێنسە نوکتەشمان",
        "start": 80598.0,
        "end": 84554.0,
        "audio": "content/segments/23/40.ogg"
    },
    {
        "ID": "41",
        "gender": "M",
        "age": "A",
        "character_name": "غەنی",
        "text": "تامی نوکتەیەکی ئەوان نایا",
        "text_original": "تامی نوکتەیەکی ئەوان نایا",
        "start": 84554.0,
        "end": 85972.0,
        "audio": "content/segments/23/41.ogg"
    },
    {
        "ID": "42",
        "gender": "M",
        "age": "A",
        "character_name": "سەعید",
        "text": "ئای سەگە، ئەزانم ئەتەوێ بڵێی چی",
        "text_original": "ئای سەگە، ئەزانم ئەتەوێ بڵێی چی",
        "start": 86077.0,
        "end": 89124.0,
        "audio": "content/segments/23/42.ogg"
    },
    {
        "ID": "43",
        "gender": "M",
        "age": "A",
        "character_name": "غەنی",
        "text": "ئەمەوێ بڵێم چی",
        "text_original": "ئەمەوێ بڵێم چی",
        "start": 89180.0,
        "end": 90178.0,
        "audio": "content/segments/23/43.ogg"
    },
    {
        "ID": "44",
        "gender": "M",
        "age": "A",
        "character_name": "سەعید",
        "text": "ئەتەوێ بڵێی، هەزار و پێنسەد پیاوی ئێمە",
        "text_original": "ئەتەوێ بڵێی، هەزار و پێنسەد پیاوی ئێمە",
        "start": 90178.0,
        "end": 93114.0,
        "audio": "content/segments/23/44.ogg"
    },
    {
        "ID": "45",
        "gender": "M",
        "age": "A",
        "character_name": "سەعید",
        "text": "ئنجا پیاوێکی ئێمەی تیا ئەبێ",
        "text_original": "ئنجا پیاوێکی ئێمەی تیا ئەبێ",
        "start": 93114.0,
        "end": 94704.0,
        "audio": "content/segments/23/45.ogg"
    },
    {
        "ID": "46",
        "gender": "M",
        "age": "A",
        "character_name": "غەنی",
        "text": "نانا نا من حەدم نییە ناماقولی وا بکەم، بەڵام وەڵای زۆر خۆش بوو",
        "text_original": "نانا نا من حەدم نییە ناماقولی وا بکەم، بەڵام وەڵای زۆر خۆش بوو",
        "start": 94712.0,
        "end": 98301.0,
        "audio": "content/segments/23/46.ogg"
    },
    {
        "ID": "47",
        "gender": "M",
        "age": "A",
        "character_name": "غەنی",
        "text": "تخوا کاکە سەعە بیڵێرەوە، ویستم بڵێم چی",
        "text_original": "تخوا کاکە سەعە بیڵێرەوە، ویستم بڵێم چی",
        "start": 98386.0,
        "end": 100978.0,
        "audio": "content/segments/23/47.ogg"
    },
    {
        "ID": "48",
        "gender": "M",
        "age": "A",
        "character_name": "سەعید",
        "text": "ویستھ بڵی یاعنی پیاوێکی ئەوان",
        "text_original": "ویستھ بڵی یاعنی پیاوێکی ئەوان",
        "start": 100978.0,
        "end": 103643.0,
        "audio": "content/segments/23/48.ogg"
    },
    {
        "ID": "49",
        "gender": "M",
        "age": "A",
        "character_name": "سەعید",
        "text": "هەزار و پێنسە پیاوی یٔێمەی تیا یٔەبێ",
        "text_original": "هەزار و پێنسە پیاوی یٔێمەی تیا یٔەبێ",
        "start": 103643.0,
        "end": 105691.0,
        "audio": "content/segments/23/49.ogg"
    },
    {
        "ID": "50",
        "gender": "M",
        "age": "A",
        "character_name": "سەعید",
        "text": "یا هەزار و پێنسە پیاوی ئێمە پیاوێکی ئەوانی تیا ئەبێ",
        "text_original": "یا هەزار و پێنسە پیاوی ئێمە پیاوێکی ئەوانی تیا ئەبێ",
        "start": 105691.0,
        "end": 108355.0,
        "audio": "content/segments/23/50.ogg"
    },
    {
        "ID": "51",
        "gender": "M",
        "age": "A",
        "character_name": "غەنی",
        "text": "ئا تخوا تۆ بۆستە تۆ، ئەوە تۆ هەر سەرت لەمن تێکا بۆ خاتری خوا",
        "text_original": "ئا تخوا تۆ بۆستە تۆ، ئەوە تۆ هەر سەرت لەمن تێکا بۆ خاتری خوا",
        "start": 108482.0,
        "end": 111429.0,
        "audio": "content/segments/23/51.ogg"
    },
    {
        "ID": "52",
        "gender": "M",
        "age": "A",
        "character_name": "غەنی",
        "text": "تۆ حاسیبەو پێیە",
        "text_original": "تۆ حاسیبەو پێیە",
        "start": 111429.0,
        "end": 112291.0,
        "audio": "content/segments/23/52.ogg"
    },
    {
        "ID": "53",
        "gender": "M",
        "age": "A",
        "character_name": "سەعید",
        "text": "بۆ چیتە",
        "text_original": "بۆ چیتە",
        "start": 112424.0,
        "end": 112895.0,
        "audio": "content/segments/23/53.ogg"
    },
    {
        "ID": "54",
        "gender": "M",
        "age": "A",
        "character_name": "غەنی",
        "text": "وەڵای ئەوە حسابی ئەکەم",
        "text_original": "وەڵای ئەوە حسابی ئەکەم",
        "start": 112930.0,
        "end": 114353.0,
        "audio": "content/segments/23/54.ogg"
    },
    {
        "ID": "55",
        "gender": "M",
        "age": "A",
        "character_name": "غەنی",
        "text": "هەزار و پێنسەد پیاوی ئێمە، یەعنی یەک پیاوی ئەوانە",
        "text_original": "هەزار و پێنسەد پیاوی ئێمە، یەعنی یەک پیاوی ئەوانە",
        "start": 114353.0,
        "end": 118478.0,
        "audio": "content/segments/23/55.ogg"
    },
    {
        "ID": "56",
        "gender": "M",
        "age": "A",
        "character_name": "غەنی",
        "text": "کوڕە بۆ خاتری خوا کاکە سەعە",
        "text_original": "کوڕە بۆ خاتری خوا کاکە سەعە",
        "start": 118562.0,
        "end": 120089.0,
        "audio": "content/segments/23/56.ogg"
    },
    {
        "ID": "57",
        "gender": "M",
        "age": "A",
        "character_name": "غەنی",
        "text": "ئەو جوملەیە زۆر قورسە و پیاوی زۆر تیایە بێقەزابی",
        "text_original": "ئەو جوملەیە زۆر قورسە و پیاوی زۆر تیایە بێقەزابی",
        "start": 120215.0,
        "end": 122854.0,
        "audio": "content/segments/23/57.ogg"
    },
    {
        "ID": "58",
        "gender": "M",
        "age": "A",
        "character_name": "سەعید",
        "text": "بۆ خۆ شکور خۆشمان پیاومان زۆرە",
        "text_original": "بۆ خۆ شکور خۆشمان پیاومان زۆرە",
        "start": 122951.0,
        "end": 124944.0,
        "audio": "content/segments/23/58.ogg"
    },
    {
        "ID": "59",
        "gender": "M",
        "age": "A",
        "character_name": "غەنی",
        "text": "یانی خەمی پیاوم نەبێت",
        "text_original": "یانی خەمی پیاوم نەبێت",
        "start": 125027.0,
        "end": 126215.0,
        "audio": "content/segments/23/59.ogg"
    },
    {
        "ID": "60",
        "gender": "M",
        "age": "A",
        "character_name": "سەعید",
        "text": "نە بابە خەمی پیاو و نەبێ و هینە سواڵەکەمان زۆر مسۆگەرە",
        "text_original": "نە بابە خەمی پیاو و نەبێ و هینە سواڵەکەمان زۆر مسۆگەرە",
        "start": 126270.0,
        "end": 130032.00000000001,
        "audio": "content/segments/23/60.ogg"
    },
    {
        "ID": "61",
        "gender": "M",
        "age": "A",
        "character_name": "سەعید",
        "text": "ئا تۆ ئائەوە مەراقمە، ئەوە چییە بەدەستەوە",
        "text_original": "ئا تۆ ئائەوە مەراقمە، ئەوە چییە بەدەستەوە",
        "start": 130082.0,
        "end": 132460.0,
        "audio": "content/segments/23/61.ogg"
    },
    {
        "ID": "62",
        "gender": "M",
        "age": "A",
        "character_name": "غەنی",
        "text": "ئەوە ڕادیۆیە و ئیش ناکات",
        "text_original": "ئەوە ڕادیۆیە و ئیش ناکات",
        "start": 132461.0,
        "end": 133804.0,
        "audio": "content/segments/23/62.ogg"
    },
    {
        "ID": "63",
        "gender": "M",
        "age": "A",
        "character_name": "سەعید",
        "text": "هەورە تریشقە لێی یاوە",
        "text_original": "هەورە تریشقە لێی یاوە",
        "start": 133824.0,
        "end": 135128.0,
        "audio": "content/segments/23/63.ogg"
    },
    {
        "ID": "64",
        "gender": "M",
        "age": "A",
        "character_name": "غەنی",
        "text": "ناوەڵا، ئەمە موزیعەکەی تۆراوە",
        "text_original": "ناوەڵا، ئەمە موزیعەکەی تۆراوە",
        "start": 135180.0,
        "end": 136864.0,
        "audio": "content/segments/23/64.ogg"
    },
    {
        "ID": "65",
        "gender": "M",
        "age": "A",
        "character_name": "غەنی",
        "text": "کورە سوعبەتەکەم",
        "text_original": "کورە سوعبەتەکەم",
        "start": 136875.0,
        "end": 138013.0,
        "audio": "content/segments/23/65.ogg"
    },
    {
        "ID": "66",
        "gender": "M",
        "age": "A",
        "character_name": "غەنی",
        "text": "ئەوە کابراێک نییە یایمێ وتی بڕۆ بۆ خۆو چاکی کەرەوە و بڕۆ لێیە",
        "text_original": "ئەوە کابراێک نییە یایمێ وتی بڕۆ بۆ خۆو چاکی کەرەوە و بڕۆ لێیە",
        "start": 138013.0,
        "end": 142662.0,
        "audio": "content/segments/23/66.ogg"
    },
    {
        "ID": "67",
        "gender": "M",
        "age": "A",
        "character_name": "سەعید",
        "text": "ئا تۆ بێنە بێنە، خۆ تەیارە نییە ئا بێنە",
        "text_original": "ئا تۆ بێنە بێنە، خۆ تەیارە نییە ئا بێنە",
        "start": 142683.0,
        "end": 144991.0,
        "audio": "content/segments/23/67.ogg"
    },
    {
        "ID": "68",
        "gender": "M",
        "age": "A",
        "character_name": "سەعید",
        "text": "با سەیرێچی بکەم، تۆ ناڵێی ئیش ناکا",
        "text_original": "با سەیرێچی بکەم، تۆ ناڵێی ئیش ناکا",
        "start": 144991.0,
        "end": 146637.0,
        "audio": "content/segments/23/68.ogg"
    },
    {
        "ID": "69",
        "gender": "M",
        "age": "A",
        "character_name": "غەنی",
        "text": "یٔێ کورە بابە تۆ لە ڕادیۆو شت چوزانی",
        "text_original": "یٔێ کورە بابە تۆ لە ڕادیۆو شت چوزانی",
        "start": 146637.0,
        "end": 149272.0,
        "audio": "content/segments/23/69.ogg"
    },
    {
        "ID": "70",
        "gender": "M",
        "age": "A",
        "character_name": "سەعید",
        "text": "هەتیو چۆن لێی نازانم",
        "text_original": "هەتیو چۆن لێی نازانم",
        "start": 149361.0,
        "end": 150494.0,
        "audio": "content/segments/23/70.ogg"
    },
    {
        "ID": "71",
        "gender": "M",
        "age": "A",
        "character_name": "سەعید",
        "text": "خەڵک بەینی کۆڕش و ئەسکەندەری چاکردەوە",
        "text_original": "خەڵک بەینی کۆڕش و ئەسکەندەری چاکردەوە",
        "start": 150494.0,
        "end": 153040.0,
        "audio": "content/segments/23/71.ogg"
    },
    {
        "ID": "72",
        "gender": "M",
        "age": "A",
        "character_name": "سەعید",
        "text": "قابیلە نەزانم ڕادیۆیێ چاکەمەوە",
        "text_original": "قابیلە نەزانم ڕادیۆیێ چاکەمەوە",
        "start": 153073.0,
        "end": 154715.0,
        "audio": "content/segments/23/72.ogg"
    },
    {
        "ID": "73",
        "gender": "M",
        "age": "A",
        "character_name": "غەنی",
        "text": "کاکە ئەم ڕادیۆیەی من جیایە",
        "text_original": "کاکە ئەم ڕادیۆیەی من جیایە",
        "start": 154715.0,
        "end": 156506.0,
        "audio": "content/segments/23/73.ogg"
    },
    {
        "ID": "74",
        "gender": "M",
        "age": "A",
        "character_name": "سەعید",
        "text": "جیایەکەی لە چیایە",
        "text_original": "جیایەکەی لە چیایە",
        "start": 156822.0,
        "end": 158352.0,
        "audio": "content/segments/23/74.ogg"
    },
    {
        "ID": "75",
        "gender": "M",
        "age": "A",
        "character_name": "غەنی",
        "text": "چۆن جیایەکەی لە چی یایە",
        "text_original": "چۆن جیایەکەی لە چی یایە",
        "start": 158380.0,
        "end": 159565.0,
        "audio": "content/segments/23/75.ogg"
    },
    {
        "ID": "76",
        "gender": "M",
        "age": "A",
        "character_name": "سەعید",
        "text": "یٔادەی ڕاوەستە تۆ با سەیری کەم",
        "text_original": "یٔادەی ڕاوەستە تۆ با سەیری کەم",
        "start": 159585.0,
        "end": 161127.0,
        "audio": "content/segments/23/76.ogg"
    },
    {
        "ID": "77",
        "gender": "M",
        "age": "A",
        "character_name": "سەعید",
        "text": "ئەھ برا ئەمە چییە",
        "text_original": "ئەھ برا ئەمە چییە",
        "start": 161225.0,
        "end": 163265.0,
        "audio": "content/segments/23/77.ogg"
    },
    {
        "ID": "78",
        "gender": "M",
        "age": "A",
        "character_name": "غەنی",
        "text": "ئەی ئەمە چییە ئەمە",
        "text_original": "ئەی ئەمە چییە ئەمە",
        "start": 163265.0,
        "end": 164726.0,
        "audio": "content/segments/23/78.ogg"
    },
    {
        "ID": "79",
        "gender": "M",
        "age": "A",
        "character_name": "سەعید",
        "text": "ئۆهۆو، کورە دەبڕایەوە ئەمە زەنگۆڵەیە زەنگۆڵە",
        "text_original": "ئۆهۆو، کورە دەبڕایەوە ئەمە زەنگۆڵەیە زەنگۆڵە",
        "start": 164726.0,
        "end": 168285.0,
        "audio": "content/segments/23/79.ogg"
    },
    {
        "ID": "80",
        "gender": "M",
        "age": "A",
        "character_name": "غەنی",
        "text": "ئاخر بۆ چی",
        "text_original": "ئاخر بۆ چی",
        "start": 168285.0,
        "end": 168828.0,
        "audio": "content/segments/23/80.ogg"
    },
    {
        "ID": "81",
        "gender": "M",
        "age": "A",
        "character_name": "سەعید",
        "text": "ئەمە بۆ ئەوەی پێش سواڵکەرەکان کەوتم بزانن کە هاتووم",
        "text_original": "ئەمە بۆ ئەوەی پێش سواڵکەرەکان کەوتم بزانن کە هاتووم",
        "start": 168828.0,
        "end": 171331.0,
        "audio": "content/segments/23/81.ogg"
    },
    {
        "ID": "82",
        "gender": "M",
        "age": "A",
        "character_name": "غەنی",
        "text": "ئاا، ئەوە مەڕ و بزنیش پێیانەوەیە",
        "text_original": "ئاا، ئەوە مەڕ و بزنیش پێیانەوەیە",
        "start": 171454.0,
        "end": 173866.0,
        "audio": "content/segments/23/82.ogg"
    },
    {
        "ID": "83",
        "gender": "M",
        "age": "A",
        "character_name": "غەنی",
        "text": "باشە ئەوە بۆ کاکە سەعە مەڕ و بزن پێیانەوەیە",
        "text_original": "باشە ئەوە بۆ کاکە سەعە مەڕ و بزن پێیانەوەیە",
        "start": 173979.0,
        "end": 176495.0,
        "audio": "content/segments/23/83.ogg"
    },
    {
        "ID": "84",
        "gender": "M",
        "age": "A",
        "character_name": "سەعید",
        "text": "ئاه، ئێستا ئەوەو بۆو شەرح ئەکەم",
        "text_original": "ئاه، ئێستا ئەوەو بۆو شەرح ئەکەم",
        "start": 176495.0,
        "end": 178112.0,
        "audio": "content/segments/23/84.ogg"
    },
    {
        "ID": "85",
        "gender": "M",
        "age": "A",
        "character_name": "غەنی",
        "text": "ئی",
        "text_original": "ئی",
        "start": 178122.0,
        "end": 178635.0,
        "audio": "content/segments/23/85.ogg"
    },
    {
        "ID": "86",
        "gender": "M",
        "age": "A",
        "character_name": "سەعید",
        "text": "بڵێن لە پێشی مەڕەکەوە یا مەڕێک یا بزنێکی قەڵەو",
        "text_original": "بڵێن لە پێشی مەڕەکەوە یا مەڕێک یا بزنێکی قەڵەو",
        "start": 178793.0,
        "end": 182546.0,
        "audio": "content/segments/23/86.ogg"
    },
    {
        "ID": "87",
        "gender": "M",
        "age": "A",
        "character_name": "غەنی",
        "text": "ئێه",
        "text_original": "ئێه",
        "start": 182573.0,
        "end": 183213.0,
        "audio": "content/segments/23/87.ogg"
    },
    {
        "ID": "88",
        "gender": "M",
        "age": "A",
        "character_name": "سەعید",
        "text": "پێش خۆیەیەن ئەم زەنگە ئەکەنە ملی بۆ دوو سەبەبە",
        "text_original": "پێش خۆیەیەن ئەم زەنگە ئەکەنە ملی بۆ دوو سەبەبە",
        "start": 183237.0,
        "end": 185887.0,
        "audio": "content/segments/23/88.ogg"
    },
    {
        "ID": "89",
        "gender": "M",
        "age": "A",
        "character_name": "سەعید",
        "text": "یەکەم کە ئەڕوا مار ئەترسێ و بەو سەوتە ئەڕوا",
        "text_original": "یەکەم کە ئەڕوا مار ئەترسێ و بەو سەوتە ئەڕوا",
        "start": 185952.0,
        "end": 188722.0,
        "audio": "content/segments/23/89.ogg"
    },
    {
        "ID": "90",
        "gender": "NA",
        "age": "NA",
        "character_name": "NA",
        "text": "غەنی ئێه",
        "text_original": "غەنی ئێه",
        "start": 188775.0,
        "end": 189120.0,
        "audio": "content/segments/23/90.ogg"
    },
    {
        "ID": "91",
        "gender": "M",
        "age": "A",
        "character_name": "سەعید",
        "text": "دوەمینیش شوانی تەمەڵ کەمەڕەکەی لێ ونبوو",
        "text_original": "دوەمینیش شوانی تەمەڵ کەمەڕەکەی لێ ونبوو",
        "start": 189180.0,
        "end": 191144.0,
        "audio": "content/segments/23/91.ogg"
    },
    {
        "ID": "92",
        "gender": "M",
        "age": "A",
        "character_name": "سەعید",
        "text": "یٔەبەو زەنگۆڵە یٔەیدۆزێتەوە، ئەوەنەش مەیکە بەمەراق ها باشە",
        "text_original": "یٔەبەو زەنگۆڵە یٔەیدۆزێتەوە، ئەوەنەش مەیکە بەمەراق ها باشە",
        "start": 191204.0,
        "end": 194879.0,
        "audio": "content/segments/23/92.ogg"
    },
    {
        "ID": "93",
        "gender": "M",
        "age": "A",
        "character_name": "غەنی",
        "text": "ئێ دە بە قەبری باوکم ئەوە مەقاومەکەی سوتاوە",
        "text_original": "ئێ دە بە قەبری باوکم ئەوە مەقاومەکەی سوتاوە",
        "start": 195005.0,
        "end": 197788.0,
        "audio": "content/segments/23/93.ogg"
    },
    {
        "ID": "94",
        "gender": "M",
        "age": "A",
        "character_name": "سەعید",
        "text": "ئەمە",
        "text_original": "ئەمە",
        "start": 197857.0,
        "end": 198248.0,
        "audio": "content/segments/23/94.ogg"
    },
    {
        "ID": "95",
        "gender": "M",
        "age": "A",
        "character_name": "غەنی",
        "text": "ئا",
        "text_original": "ئا",
        "start": 198248.0,
        "end": 198618.0,
        "audio": "content/segments/23/95.ogg"
    },
    {
        "ID": "96",
        "gender": "M",
        "age": "A",
        "character_name": "سەعید",
        "text": "ڕاوەستە",
        "text_original": "ڕاوەستە",
        "start": 199772.0,
        "end": 200730.0,
        "audio": "content/segments/23/96.ogg"
    },
    {
        "ID": "97",
        "gender": "M",
        "age": "A",
        "character_name": "سەعید",
        "text": "وەڵا برا یٔەمە هەرچی مقاومەبێ تیایا نەماوە",
        "text_original": "وەڵا برا یٔەمە هەرچی مقاومەبێ تیایا نەماوە",
        "start": 202453.0,
        "end": 204996.0,
        "audio": "content/segments/23/97.ogg"
    },
    {
        "ID": "98",
        "gender": "M",
        "age": "A",
        "character_name": "غەنی",
        "text": "باشە کاکە سەعە، ئەهاها ئائەو ئەو شتە ڕەشە بچوکە چییە",
        "text_original": "باشە کاکە سەعە، ئەهاها ئائەو ئەو شتە ڕەشە بچوکە چییە",
        "start": 204996.0,
        "end": 207672.0,
        "audio": "content/segments/23/98.ogg"
    },
    {
        "ID": "99",
        "gender": "M",
        "age": "A",
        "character_name": "غەنی",
        "text": "ئەها ئەو شتە ڕەشانە",
        "text_original": "ئەها ئەو شتە ڕەشانە",
        "start": 207672.0,
        "end": 208672.0,
        "audio": "content/segments/23/99.ogg"
    },
    {
        "ID": "100",
        "gender": "M",
        "age": "A",
        "character_name": "سەعید",
        "text": "کوڕە ئەوە مقاوەمە نییە",
        "text_original": "کوڕە ئەوە مقاوەمە نییە",
        "start": 208672.0,
        "end": 210394.0,
        "audio": "content/segments/23/100.ogg"
    },
    {
        "ID": "101",
        "gender": "M",
        "age": "A",
        "character_name": "غەنی",
        "text": "ئەی چییە",
        "text_original": "ئەی چییە",
        "start": 210409.0,
        "end": 211079.0,
        "audio": "content/segments/23/101.ogg"
    },
    {
        "ID": "102",
        "gender": "M",
        "age": "A",
        "character_name": "سەعید",
        "text": "ئەو شتە ڕەشانە هیچ نییە ئەوە پارچەی شتی ترن",
        "text_original": "ئەو شتە ڕەشانە هیچ نییە ئەوە پارچەی شتی ترن",
        "start": 211110.0,
        "end": 213419.0,
        "audio": "content/segments/23/102.ogg"
    },
    {
        "ID": "103",
        "gender": "M",
        "age": "A",
        "character_name": "غەنی",
        "text": "ئا کاکە سەعە گیان، ئەزانی چی",
        "text_original": "ئا کاکە سەعە گیان، ئەزانی چی",
        "start": 213419.0,
        "end": 215633.0,
        "audio": "content/segments/23/103.ogg"
    },
    {
        "ID": "104",
        "gender": "M",
        "age": "A",
        "character_name": "غەنی",
        "text": "وەڵاهی وەمەزانی ئەو شتە وردە ڕەشە بچکۆڵە پیسانە نییە وەمەزانی مقاوەمەن",
        "text_original": "وەڵاهی وەمەزانی ئەو شتە وردە ڕەشە بچکۆڵە پیسانە نییە وەمەزانی مقاوەمەن",
        "start": 215633.0,
        "end": 220601.0,
        "audio": "content/segments/23/104.ogg"
    },
    {
        "ID": "105",
        "gender": "M",
        "age": "A",
        "character_name": "غەنی",
        "text": "توخوا من چەن ساویلکەم",
        "text_original": "توخوا من چەن ساویلکەم",
        "start": 220631.0,
        "end": 221862.0,
        "audio": "content/segments/23/105.ogg"
    },
    {
        "ID": "106",
        "gender": "M",
        "age": "A",
        "character_name": "سەعید",
        "text": "ساویلکە نیت، ئەوە ئەزانی هی چییە",
        "text_original": "ساویلکە نیت، ئەوە ئەزانی هی چییە",
        "start": 222006.0,
        "end": 224564.0,
        "audio": "content/segments/23/106.ogg"
    },
    {
        "ID": "107",
        "gender": "M",
        "age": "A",
        "character_name": "سەعید",
        "text": "هی ئەوەیە زۆر بەدیار قەناتی جزیرە و ئەلعەرەبیەوە دائەنیشی",
        "text_original": "هی ئەوەیە زۆر بەدیار قەناتی جزیرە و ئەلعەرەبیەوە دائەنیشی",
        "start": 224564.0,
        "end": 228226.0,
        "audio": "content/segments/23/107.ogg"
    },
    {
        "ID": "108",
        "gender": "M",
        "age": "A",
        "character_name": "غەنی",
        "text": "ناوەڵا هی ئەوە نییە، هی ئەوەیە کەس سکاڵاکەم ناخوێنێتەوە",
        "text_original": "ناوەڵا هی ئەوە نییە، هی ئەوەیە کەس سکاڵاکەم ناخوێنێتەوە",
        "start": 228226.0,
        "end": 232008.0,
        "audio": "content/segments/23/108.ogg"
    },
    {
        "ID": "109",
        "gender": "M",
        "age": "A",
        "character_name": "سەعید",
        "text": "نایخوێنێتەوە یاعنی مەخسەو منە من",
        "text_original": "نایخوێنێتەوە یاعنی مەخسەو منە من",
        "start": 232306.0,
        "end": 234940.0,
        "audio": "content/segments/23/109.ogg"
    },
    {
        "ID": "110",
        "gender": "M",
        "age": "A",
        "character_name": "غەنی",
        "text": "بەڵێ، مەبەستم تۆیە ئەی تۆ لەم کەلاوەیە دەسەڵات نیت",
        "text_original": "بەڵێ، مەبەستم تۆیە ئەی تۆ لەم کەلاوەیە دەسەڵات نیت",
        "start": 234946.0,
        "end": 238215.0,
        "audio": "content/segments/23/110.ogg"
    },
    {
        "ID": "111",
        "gender": "M",
        "age": "A",
        "character_name": "سەعید",
        "text": "با",
        "text_original": "با",
        "start": 238256.0,
        "end": 238784.0,
        "audio": "content/segments/23/111.ogg"
    },
    {
        "ID": "112",
        "gender": "M",
        "age": "A",
        "character_name": "غەنی",
        "text": "ئا دەکەواتە بچمە کەلاوەیەکی تر مەبەستم سەعەکەی کەلاوەکەی ترە",
        "text_original": "ئا دەکەواتە بچمە کەلاوەیەکی تر مەبەستم سەعەکەی کەلاوەکەی ترە",
        "start": 238847.0,
        "end": 243572.0,
        "audio": "content/segments/23/112.ogg"
    },
    {
        "ID": "113",
        "gender": "M",
        "age": "A",
        "character_name": "سەعید",
        "text": "یٔێ دەکەواتە یٔەوە کەرێتیە",
        "text_original": "یٔێ دەکەواتە یٔەوە کەرێتیە",
        "start": 243741.0,
        "end": 245396.0,
        "audio": "content/segments/23/113.ogg"
    },
    {
        "ID": "114",
        "gender": "M",
        "age": "A",
        "character_name": "غەنی",
        "text": "من کەرم یاعی",
        "text_original": "من کەرم یاعی",
        "start": 245627.0,
        "end": 246564.0,
        "audio": "content/segments/23/114.ogg"
    },
    {
        "ID": "115",
        "gender": "M",
        "age": "A",
        "character_name": "سەعید",
        "text": "نا منیش مەخسەدم لە غەنی کەلاوەکەی ترە",
        "text_original": "نا منیش مەخسەدم لە غەنی کەلاوەکەی ترە",
        "start": 246564.0,
        "end": 249121.0,
        "audio": "content/segments/23/115.ogg"
    },
    {
        "ID": "116",
        "gender": "M",
        "age": "A",
        "character_name": "غەنی",
        "text": "دە وەڵای کاکە سەعە گیان",
        "text_original": "دە وەڵای کاکە سەعە گیان",
        "start": 249223.0,
        "end": 251071.0,
        "audio": "content/segments/23/116.ogg"
    },
    {
        "ID": "117",
        "gender": "M",
        "age": "A",
        "character_name": "غەنی",
        "text": "یەکەو ناو بگەڕێی هیچ کەلاوەیەک نییە کرێچیەکەی ناوی غەنی بێ",
        "text_original": "یەکەو ناو بگەڕێی هیچ کەلاوەیەک نییە کرێچیەکەی ناوی غەنی بێ",
        "start": 251366.0,
        "end": 255148.0,
        "audio": "content/segments/23/117.ogg"
    },
    {
        "ID": "118",
        "gender": "M",
        "age": "A",
        "character_name": "سەعید",
        "text": "باشە کە حاڵت وایە بۆ ناچی شکات بکەی",
        "text_original": "باشە کە حاڵت وایە بۆ ناچی شکات بکەی",
        "start": 255413.0,
        "end": 257930.99999999997,
        "audio": "content/segments/23/118.ogg"
    },
    {
        "ID": "119",
        "gender": "M",
        "age": "A",
        "character_name": "غەنی",
        "text": "شکاتم کردوە، بەس کەس نایخوێنێتوە",
        "text_original": "شکاتم کردوە، بەس کەس نایخوێنێتوە",
        "start": 258055.0,
        "end": 260324.0,
        "audio": "content/segments/23/119.ogg"
    },
    {
        "ID": "120",
        "gender": "M",
        "age": "A",
        "character_name": "سەعید",
        "text": "چۆن کەس نایخوێنێتەوە کوا",
        "text_original": "چۆن کەس نایخوێنێتەوە کوا",
        "start": 260500.0,
        "end": 261697.0,
        "audio": "content/segments/23/120.ogg"
    },
    {
        "ID": "121",
        "gender": "M",
        "age": "A",
        "character_name": "غەنی",
        "text": "ئەوەتا خستومەتە سندوقی سکاڵاوە",
        "text_original": "ئەوەتا خستومەتە سندوقی سکاڵاوە",
        "start": 261741.0,
        "end": 263907.0,
        "audio": "content/segments/23/121.ogg"
    },
    {
        "ID": "122",
        "gender": "M",
        "age": "A",
        "character_name": "سەعید",
        "text": "دە توخوا باشە هاربووی شێت بوی",
        "text_original": "دە توخوا باشە هاربووی شێت بوی",
        "start": 263951.0,
        "end": 266462.0,
        "audio": "content/segments/23/122.ogg"
    },
    {
        "ID": "123",
        "gender": "M",
        "age": "A",
        "character_name": "سەعید",
        "text": "خەڵک شکات لە یەچێ بکا، ئەچێ ئەیخاتە سنوقی سکاڵاوە",
        "text_original": "خەڵک شکات لە یەچێ بکا، ئەچێ ئەیخاتە سنوقی سکاڵاوە",
        "start": 266947.0,
        "end": 269581.0,
        "audio": "content/segments/23/123.ogg"
    },
    {
        "ID": "124",
        "gender": "M",
        "age": "A",
        "character_name": "غەنی",
        "text": "ئەی تۆ لە حەڵقەکەی پێشووا نەو وت",
        "text_original": "ئەی تۆ لە حەڵقەکەی پێشووا نەو وت",
        "start": 269861.0,
        "end": 271859.0,
        "audio": "content/segments/23/124.ogg"
    },
    {
        "ID": "125",
        "gender": "M",
        "age": "A",
        "character_name": "غەنی",
        "text": "هەر چ کەسێ شکاتێکی هەبوو شتێکی هەبوو بیخاتە سنوقی سکاڵاوە",
        "text_original": "هەر چ کەسێ شکاتێکی هەبوو شتێکی هەبوو بیخاتە سنوقی سکاڵاوە",
        "start": 271859.0,
        "end": 275135.0,
        "audio": "content/segments/23/125.ogg"
    },
    {
        "ID": "126",
        "gender": "M",
        "age": "A",
        "character_name": "سەعید",
        "text": "ئێ با، ڕۆڵە تۆ بۆ ئەوەنە فەقیری",
        "text_original": "ئێ با، ڕۆڵە تۆ بۆ ئەوەنە فەقیری",
        "start": 275202.0,
        "end": 276903.0,
        "audio": "content/segments/23/126.ogg"
    },
    {
        "ID": "127",
        "gender": "M",
        "age": "A",
        "character_name": "سەعید",
        "text": "بە هەموو قسەیەکی من بڕوا مەکە",
        "text_original": "بە هەموو قسەیەکی من بڕوا مەکە",
        "start": 276903.0,
        "end": 278440.0,
        "audio": "content/segments/23/127.ogg"
    },
    {
        "ID": "128",
        "gender": "M",
        "age": "A",
        "character_name": "سەعید",
        "text": "ئەوە لەبەر کامێرایا بوو من ئەو درۆیەم کرد",
        "text_original": "ئەوە لەبەر کامێرایا بوو من ئەو درۆیەم کرد",
        "start": 278916.0,
        "end": 280809.0,
        "audio": "content/segments/23/128.ogg"
    },
    {
        "ID": "129",
        "gender": "M",
        "age": "A",
        "character_name": "سەعید",
        "text": "وتم هەر چ کەسێ شکاتی هەیە بیکاتە ئەوێوە، ئەمدیوی کامێرا فەرقی هەیە",
        "text_original": "وتم هەر چ کەسێ شکاتی هەیە بیکاتە ئەوێوە، ئەمدیوی کامێرا فەرقی هەیە",
        "start": 280829.0,
        "end": 284902.0,
        "audio": "content/segments/23/129.ogg"
    },
    {
        "ID": "130",
        "gender": "M",
        "age": "A",
        "character_name": "غەنی",
        "text": "ئا، یاعنی ئەمە جەنابت لەناخی خۆتا باوڕھ بە سندوقی سکاڵا نییە",
        "text_original": "ئا، یاعنی ئەمە جەنابت لەناخی خۆتا باوڕھ بە سندوقی سکاڵا نییە",
        "start": 285102.0,
        "end": 290099.0,
        "audio": "content/segments/23/130.ogg"
    },
    {
        "ID": "131",
        "gender": "M",
        "age": "A",
        "character_name": "سەعید",
        "text": "ناخ ناخ، ناخ بیستومە ناخ، مەناخ سپیناخ، ناخ یاعنی چی",
        "text_original": "ناخ ناخ، ناخ بیستومە ناخ، مەناخ سپیناخ، ناخ یاعنی چی",
        "start": 290218.0,
        "end": 296488.0,
        "audio": "content/segments/23/131.ogg"
    },
    {
        "ID": "132",
        "gender": "M",
        "age": "A",
        "character_name": "غەنی",
        "text": "ناخ یاعنی دڵ",
        "text_original": "ناخ یاعنی دڵ",
        "start": 296536.0,
        "end": 297703.0,
        "audio": "content/segments/23/132.ogg"
    },
    {
        "ID": "133",
        "gender": "M",
        "age": "A",
        "character_name": "سەعید",
        "text": "چۆن یاعنی دڵ",
        "text_original": "چۆن یاعنی دڵ",
        "start": 298264.0,
        "end": 299098.0,
        "audio": "content/segments/23/133.ogg"
    },
    {
        "ID": "134",
        "gender": "M",
        "age": "A",
        "character_name": "غەنی",
        "text": "ئەرێوەڵا ڕێک دڵ ئەکا",
        "text_original": "ئەرێوەڵا ڕێک دڵ ئەکا",
        "start": 299144.0,
        "end": 300713.0,
        "audio": "content/segments/23/134.ogg"
    },
    {
        "ID": "135",
        "gender": "M",
        "age": "A",
        "character_name": "سەعید",
        "text": "یاعنی وەختی خۆی باوکت و دایکت بەڕەحمەت بن ناخداریان کردوە",
        "text_original": "یاعنی وەختی خۆی باوکت و دایکت بەڕەحمەت بن ناخداریان کردوە",
        "start": 300762.0,
        "end": 305123.0,
        "audio": "content/segments/23/135.ogg"
    },
    {
        "ID": "136",
        "gender": "M",
        "age": "A",
        "character_name": "غەنی",
        "text": "ئەرێوەڵا، ئەڵێن ئەو باوکی دایکەم یاخوا بەڕەحمەت بێ",
        "text_original": "ئەرێوەڵا، ئەڵێن ئەو باوکی دایکەم یاخوا بەڕەحمەت بێ",
        "start": 305123.0,
        "end": 308975.0,
        "audio": "content/segments/23/136.ogg"
    },
    {
        "ID": "137",
        "gender": "M",
        "age": "A",
        "character_name": "غەنی",
        "text": "زۆر ناخی لە دایکم پیس بوو",
        "text_original": "زۆر ناخی لە دایکم پیس بوو",
        "start": 308975.0,
        "end": 310807.0,
        "audio": "content/segments/23/137.ogg"
    },
    {
        "ID": "138",
        "gender": "M",
        "age": "A",
        "character_name": "سەعید",
        "text": "ناخی لێ پیس بوو",
        "text_original": "ناخی لێ پیس بوو",
        "start": 310866.0,
        "end": 311711.0,
        "audio": "content/segments/23/138.ogg"
    },
    {
        "ID": "139",
        "gender": "NA",
        "age": "NA",
        "character_name": "NA",
        "text": "غەنی ئەرێوەڵا",
        "text_original": "غەنی ئەرێوەڵا",
        "start": 311718.0,
        "end": 312063.0,
        "audio": "content/segments/23/139.ogg"
    },
    {
        "ID": "140",
        "gender": "M",
        "age": "A",
        "character_name": "سەعید",
        "text": "ناخ یاعنی چی",
        "text_original": "ناخ یاعنی چی",
        "start": 312063.0,
        "end": 312650.0,
        "audio": "content/segments/23/140.ogg"
    },
    {
        "ID": "141",
        "gender": "M",
        "age": "A",
        "character_name": "غەنی",
        "text": "ئێ ناخ یاعنی دڵ ماڵت بە قوڕ نەگیرێ",
        "text_original": "ئێ ناخ یاعنی دڵ ماڵت بە قوڕ نەگیرێ",
        "start": 312711.0,
        "end": 314639.0,
        "audio": "content/segments/23/141.ogg"
    },
    {
        "ID": "142",
        "gender": "M",
        "age": "A",
        "character_name": "سەعید",
        "text": "کوڕە ئەزانم، ناخم تەقی بەدەست تۆوە دە بەسە",
        "text_original": "کوڕە ئەزانم، ناخم تەقی بەدەست تۆوە دە بەسە",
        "start": 314692.0,
        "end": 316905.0,
        "audio": "content/segments/23/142.ogg"
    },
    {
        "ID": "143",
        "gender": "M",
        "age": "A",
        "character_name": "غەنی",
        "text": "دە بەقوربانی ئەو ناخەوبم، دە ناخھ نەرم بێ و ئەو سندوقەم بۆ بکەرەوە",
        "text_original": "دە بەقوربانی ئەو ناخەوبم، دە ناخھ نەرم بێ و ئەو سندوقەم بۆ بکەرەوە",
        "start": 316919.0,
        "end": 321366.0,
        "audio": "content/segments/23/143.ogg"
    },
    {
        "ID": "144",
        "gender": "M",
        "age": "A",
        "character_name": "سەعید",
        "text": "هەڵیگرە بۆ ئەڵقەیەکی کە",
        "text_original": "هەڵیگرە بۆ ئەڵقەیەکی کە",
        "start": 321425.0,
        "end": 322894.0,
        "audio": "content/segments/23/144.ogg"
    },
    {
        "ID": "145",
        "gender": "M",
        "age": "A",
        "character_name": "غەنی",
        "text": "ئاخر بۆ بە قەبری باوکم ئەیکەیتەوە",
        "text_original": "ئاخر بۆ بە قەبری باوکم ئەیکەیتەوە",
        "start": 322894.0,
        "end": 325094.0,
        "audio": "content/segments/23/145.ogg"
    },
    {
        "ID": "146",
        "gender": "M",
        "age": "A",
        "character_name": "سەعید",
        "text": "دە مادام سوێنھ خوارد، هەستە وەرە پشتم بۆ دانێ دەی",
        "text_original": "دە مادام سوێنھ خوارد، هەستە وەرە پشتم بۆ دانێ دەی",
        "start": 325243.0,
        "end": 327889.0,
        "audio": "content/segments/23/146.ogg"
    },
    {
        "ID": "147",
        "gender": "M",
        "age": "A",
        "character_name": "غەنی",
        "text": "ئێ بۆ ناچیتە سەر ئەو بلۆکە",
        "text_original": "ئێ بۆ ناچیتە سەر ئەو بلۆکە",
        "start": 328127.0,
        "end": 329393.0,
        "audio": "content/segments/23/147.ogg"
    },
    {
        "ID": "148",
        "gender": "M",
        "age": "A",
        "character_name": "سەعید",
        "text": "ئەو بلۆکە ناسکە ئەشکێ، چۆن بەرگەی ئەوە ئەگرێ زەلام بچێتە سەری",
        "text_original": "ئەو بلۆکە ناسکە ئەشکێ، چۆن بەرگەی ئەوە ئەگرێ زەلام بچێتە سەری",
        "start": 329400.0,
        "end": 332535.0,
        "audio": "content/segments/23/148.ogg"
    },
    {
        "ID": "149",
        "gender": "M",
        "age": "A",
        "character_name": "غەنی",
        "text": "کوڕە بابە خەڵک سەقفی لەسەر دروسئەکا، هەستە",
        "text_original": "کوڕە بابە خەڵک سەقفی لەسەر دروسئەکا، هەستە",
        "start": 332568.0,
        "end": 334965.0,
        "audio": "content/segments/23/149.ogg"
    },
    {
        "ID": "150",
        "gender": "M",
        "age": "A",
        "character_name": "سەعید",
        "text": "کورە ئا ئەمە بێگارە تۆ بەمنی ئەکەی",
        "text_original": "کورە ئا ئەمە بێگارە تۆ بەمنی ئەکەی",
        "start": 334993.0,
        "end": 336855.0,
        "audio": "content/segments/23/150.ogg"
    },
    {
        "ID": "151",
        "gender": "M",
        "age": "A",
        "character_name": "سەعید",
        "text": "ئەمخەیتە سەر ئەم بلۆکە ناسکانە",
        "text_original": "ئەمخەیتە سەر ئەم بلۆکە ناسکانە",
        "start": 336867.0,
        "end": 338595.0,
        "audio": "content/segments/23/151.ogg"
    },
    {
        "ID": "152",
        "gender": "M",
        "age": "A",
        "character_name": "غەنی",
        "text": "نا نا، بێگار نییە",
        "text_original": "نا نا، بێگار نییە",
        "start": 338680.0,
        "end": 339658.0,
        "audio": "content/segments/23/152.ogg"
    },
    {
        "ID": "153",
        "gender": "M",
        "age": "A",
        "character_name": "سەعید",
        "text": "ئەهاها ئەبێت بە هێواشیش پێی لێ نێم ئەهاها",
        "text_original": "ئەهاها ئەبێت بە هێواشیش پێی لێ نێم ئەهاها",
        "start": 339792.0,
        "end": 342310.0,
        "audio": "content/segments/23/153.ogg"
    },
    {
        "ID": "154",
        "gender": "M",
        "age": "A",
        "character_name": "سەعید",
        "text": "ئاها، تۆ شێت بوی بۆ ئەم سنوقە، ئەم سنوقە",
        "text_original": "ئاها، تۆ شێت بوی بۆ ئەم سنوقە، ئەم سنوقە",
        "start": 344359.0,
        "end": 349683.0,
        "audio": "content/segments/23/154.ogg"
    },
    {
        "ID": "155",
        "gender": "M",
        "age": "A",
        "character_name": "سەعید",
        "text": "فەرموو ئەه، سنوقی سکاڵا",
        "text_original": "فەرموو ئەه، سنوقی سکاڵا",
        "start": 349683.0,
        "end": 351297.0,
        "audio": "content/segments/23/155.ogg"
    },
    {
        "ID": "156",
        "gender": "NA",
        "age": "NA",
        "character_name": "NA",
        "text": "یٔەی یاخوا یٔەو دەستەو خۆش بێ",
        "text_original": "یٔەی یاخوا یٔەو دەستەو خۆش بێ",
        "start": 351297.0,
        "end": 352737.0,
        "audio": "content/segments/23/156.ogg"
    },
    {
        "ID": "157",
        "gender": "M",
        "age": "A",
        "character_name": "غەنی",
        "text": "دەبیکەرەوە دەی",
        "text_original": "دەبیکەرەوە دەی",
        "start": 352767.0,
        "end": 353832.0,
        "audio": "content/segments/23/157.ogg"
    },
    {
        "ID": "158",
        "gender": "M",
        "age": "A",
        "character_name": "سەعید",
        "text": "ئێ وەڵا کلیل بە من نییە",
        "text_original": "ئێ وەڵا کلیل بە من نییە",
        "start": 354085.0,
        "end": 355790.0,
        "audio": "content/segments/23/158.ogg"
    },
    {
        "ID": "159",
        "gender": "M",
        "age": "A",
        "character_name": "غەنی",
        "text": "ئەی کلیل بە کێیە",
        "text_original": "ئەی کلیل بە کێیە",
        "start": 356230.0,
        "end": 357214.0,
        "audio": "content/segments/23/159.ogg"
    },
    {
        "ID": "160",
        "gender": "M",
        "age": "A",
        "character_name": "سەعید",
        "text": "یٔەی نەم وت مارێنزەکە بردی",
        "text_original": "یٔەی نەم وت مارێنزەکە بردی",
        "start": 357275.0,
        "end": 358851.0,
        "audio": "content/segments/23/160.ogg"
    },
    {
        "ID": "161",
        "gender": "M",
        "age": "A",
        "character_name": "غەنی",
        "text": "ئێجا بۆ خاتری خوا مارێنزعیلاقەی بەسەر سنوقی سکاڵاوە چییە برا",
        "text_original": "ئێجا بۆ خاتری خوا مارێنزعیلاقەی بەسەر سنوقی سکاڵاوە چییە برا",
        "start": 359008.0,
        "end": 362391.0,
        "audio": "content/segments/23/161.ogg"
    },
    {
        "ID": "162",
        "gender": "M",
        "age": "A",
        "character_name": "سەعید",
        "text": "کاکە هەیەتی، چۆن ئیلاقەی بەسەر سنوقی ئینتیخاباتەوە نییە",
        "text_original": "کاکە هەیەتی، چۆن ئیلاقەی بەسەر سنوقی ئینتیخاباتەوە نییە",
        "start": 362431.0,
        "end": 365437.0,
        "audio": "content/segments/23/162.ogg"
    },
    {
        "ID": "163",
        "gender": "NA",
        "age": "NA",
        "character_name": "NA",
        "text": "سنوقی ئینتیخاباتی چی",
        "text_original": "سنوقی ئینتیخاباتی چی",
        "start": 365437.0,
        "end": 367081.0,
        "audio": "content/segments/23/163.ogg"
    },
    {
        "ID": "164",
        "gender": "M",
        "age": "A",
        "character_name": "سەعید",
        "text": "کوا من وام وتووە",
        "text_original": "کوا من وام وتووە",
        "start": 367305.0,
        "end": 368160.0,
        "audio": "content/segments/23/164.ogg"
    },
    {
        "ID": "165",
        "gender": "M",
        "age": "A",
        "character_name": "غەنی",
        "text": "ئێ بەخوا وتت سنوقی ئینتیخابات",
        "text_original": "ئێ بەخوا وتت سنوقی ئینتیخابات",
        "start": 368160.0,
        "end": 369971.0,
        "audio": "content/segments/23/165.ogg"
    },
    {
        "ID": "166",
        "gender": "M",
        "age": "A",
        "character_name": "سەعید",
        "text": "کورە وام نەوتوە بابە، دە ئادەی بەو خەڵکە بڵێ بزانە",
        "text_original": "کورە وام نەوتوە بابە، دە ئادەی بەو خەڵکە بڵێ بزانە",
        "start": 370010.0,
        "end": 372687.0,
        "audio": "content/segments/23/166.ogg"
    },
    {
        "ID": "167",
        "gender": "M",
        "age": "A",
        "character_name": "غەنی",
        "text": "کوڕە حەز ئەکەی ئێستا کامێرەکە بۆت لێ بەنەوە، بزانە واو وت یا نا",
        "text_original": "کوڕە حەز ئەکەی ئێستا کامێرەکە بۆت لێ بەنەوە، بزانە واو وت یا نا",
        "start": 372687.0,
        "end": 375516.0,
        "audio": "content/segments/23/167.ogg"
    },
    {
        "ID": "168",
        "gender": "M",
        "age": "A",
        "character_name": "سەعید",
        "text": "کورە ئەحە جیان",
        "text_original": "کورە ئەحە جیان",
        "start": 375516.0,
        "end": 376149.0,
        "audio": "content/segments/23/168.ogg"
    },
    {
        "ID": "169",
        "gender": "NA",
        "age": "NA",
        "character_name": "NA",
        "text": "ئەحەی چی بابە، کورە غەنی تەمسیل ئەکەین",
        "text_original": "ئەحەی چی بابە، کورە غەنی تەمسیل ئەکەین",
        "start": 376149.0,
        "end": 379866.0,
        "audio": "content/segments/23/169.ogg"
    },
    {
        "ID": "170",
        "gender": "M",
        "age": "A",
        "character_name": "غەنی",
        "text": "تخوا وەرە، ئەڵێ ئەحە",
        "text_original": "تخوا وەرە، ئەڵێ ئەحە",
        "start": 379866.0,
        "end": 381037.0,
        "audio": "content/segments/23/170.ogg"
    },
    {
        "ID": "171",
        "gender": "M",
        "age": "A",
        "character_name": "سەعید",
        "text": "ئێ دە باوە لەنەس دەرچوم خۆ کافر نەبووم چییە",
        "text_original": "ئێ دە باوە لەنەس دەرچوم خۆ کافر نەبووم چییە",
        "start": 381184.0,
        "end": 383634.0,
        "audio": "content/segments/23/171.ogg"
    },
    {
        "ID": "172",
        "gender": "M",
        "age": "A",
        "character_name": "غەنی",
        "text": "ئێھ",
        "text_original": "ئێھ",
        "start": 383650.0,
        "end": 384227.0,
        "audio": "content/segments/23/172.ogg"
    },
    {
        "ID": "173",
        "gender": "M",
        "age": "A",
        "character_name": "سەعید",
        "text": "ئێ دە قەیناکە دەی",
        "text_original": "ئێ دە قەیناکە دەی",
        "start": 384227.0,
        "end": 385725.0,
        "audio": "content/segments/23/173.ogg"
    },
    {
        "ID": "174",
        "gender": "M",
        "age": "A",
        "character_name": "سەعید",
        "text": "بە من نییە وەکو عەرزم کردی",
        "text_original": "بە من نییە وەکو عەرزم کردی",
        "start": 386413.0,
        "end": 387867.0,
        "audio": "content/segments/23/174.ogg"
    },
    {
        "ID": "175",
        "gender": "M",
        "age": "A",
        "character_name": "غەنی",
        "text": "یاعنی ئێسا بەس ئەوان ئەتوانن بیکەنەوە",
        "text_original": "یاعنی ئێسا بەس ئەوان ئەتوانن بیکەنەوە",
        "start": 387900.0,
        "end": 390940.0,
        "audio": "content/segments/23/175.ogg"
    },
    {
        "ID": "176",
        "gender": "M",
        "age": "A",
        "character_name": "سەعید",
        "text": "بەڵێ بەس ئەوان ئەتوانن بیشی کەنەوە و",
        "text_original": "بەڵێ بەس ئەوان ئەتوانن بیشی کەنەوە و",
        "start": 390940.0,
        "end": 393362.0,
        "audio": "content/segments/23/176.ogg"
    },
    {
        "ID": "177",
        "gender": "M",
        "age": "A",
        "character_name": "سەعید",
        "text": "ئەوان ئەتوانن داشیخەنەوە، ئەشتوانن نەیکەنەوە",
        "text_original": "ئەوان ئەتوانن داشیخەنەوە، ئەشتوانن نەیکەنەوە",
        "start": 393362.0,
        "end": 395513.0,
        "audio": "content/segments/23/177.ogg"
    },
    {
        "ID": "178",
        "gender": "M",
        "age": "A",
        "character_name": "غەنی",
        "text": "یاعنی ئەمە بە هیچ شتێکی تر ناکرێتەوە",
        "text_original": "یاعنی ئەمە بە هیچ شتێکی تر ناکرێتەوە",
        "start": 395521.0,
        "end": 397525.0,
        "audio": "content/segments/23/178.ogg"
    },
    {
        "ID": "179",
        "gender": "M",
        "age": "A",
        "character_name": "سەعید",
        "text": "ئەرێ پێم وتی حیکایەتە ئەڵێم کلیل بە من نییە",
        "text_original": "ئەرێ پێم وتی حیکایەتە ئەڵێم کلیل بە من نییە",
        "start": 397575.0,
        "end": 400148.0,
        "audio": "content/segments/23/179.ogg"
    },
    {
        "ID": "180",
        "gender": "M",
        "age": "A",
        "character_name": "سەعید",
        "text": "بە سیحر ئادەی سنوقەکە بکرێرەوە",
        "text_original": "بە سیحر ئادەی سنوقەکە بکرێرەوە",
        "start": 400156.0,
        "end": 402800.0,
        "audio": "content/segments/23/180.ogg"
    },
    {
        "ID": "181",
        "gender": "M",
        "age": "A",
        "character_name": "غەنی",
        "text": "نا نا، بوەستە",
        "text_original": "نا نا، بوەستە",
        "start": 402812.0,
        "end": 404012.0,
        "audio": "content/segments/23/181.ogg"
    },
    {
        "ID": "182",
        "gender": "M",
        "age": "A",
        "character_name": "سەعید",
        "text": "ئێ",
        "text_original": "ئێ",
        "start": 404012.0,
        "end": 404355.0,
        "audio": "content/segments/23/182.ogg"
    },
    {
        "ID": "183",
        "gender": "M",
        "age": "A",
        "character_name": "غەنی",
        "text": "ئێستا من ئەیکەمەوە بەقسەی خۆش",
        "text_original": "ئێستا من ئەیکەمەوە بەقسەی خۆش",
        "start": 404395.0,
        "end": 406158.0,
        "audio": "content/segments/23/183.ogg"
    },
    {
        "ID": "184",
        "gender": "M",
        "age": "A",
        "character_name": "سەعید",
        "text": "ئادەی بزانم چۆن",
        "text_original": "ئادەی بزانم چۆن",
        "start": 406158.0,
        "end": 406956.0,
        "audio": "content/segments/23/184.ogg"
    },
    {
        "ID": "185",
        "gender": "NA",
        "age": "NA",
        "character_name": "NA",
        "text": "غەنی ئا دەسەیری کە (دەنگی سندوق)",
        "text_original": "غەنی ئا دەسەیری کە (دەنگی سندوق)",
        "start": 406956.0,
        "end": 410468.0,
        "audio": "content/segments/23/185.ogg"
    },
    {
        "ID": "186",
        "gender": "M",
        "age": "A",
        "character_name": "سەعید",
        "text": "ئەرێوەڵا",
        "text_original": "ئەرێوەڵا",
        "start": 410505.0,
        "end": 410958.0,
        "audio": "content/segments/23/186.ogg"
    },
    {
        "ID": "187",
        "gender": "M",
        "age": "A",
        "character_name": "غەنی",
        "text": "کرایەوە یان نا",
        "text_original": "کرایەوە یان نا",
        "start": 410958.0,
        "end": 411516.0,
        "audio": "content/segments/23/187.ogg"
    },
    {
        "ID": "188",
        "gender": "M",
        "age": "A",
        "character_name": "سەعید",
        "text": "بەخوا باوکم هەموو شتێ بە نەرموو نیانی ئەئاوا",
        "text_original": "بەخوا باوکم هەموو شتێ بە نەرموو نیانی ئەئاوا",
        "start": 411556.0,
        "end": 414423.0,
        "audio": "content/segments/23/188.ogg"
    },
    {
        "ID": "189",
        "gender": "M",
        "age": "A",
        "character_name": "غەنی",
        "text": "قسەی خۆش بەرد نەرم ئەکا",
        "text_original": "قسەی خۆش بەرد نەرم ئەکا",
        "start": 414474.0,
        "end": 416391.0,
        "audio": "content/segments/23/189.ogg"
    },
    {
        "ID": "190",
        "gender": "M",
        "age": "A",
        "character_name": "سەعید",
        "text": "ئەی ئافەرین",
        "text_original": "ئەی ئافەرین",
        "start": 416431.0,
        "end": 417311.0,
        "audio": "content/segments/23/190.ogg"
    },
    {
        "ID": "191",
        "gender": "M",
        "age": "A",
        "character_name": "غەنی",
        "text": "ئەی چۆن",
        "text_original": "ئەی چۆن",
        "start": 417311.0,
        "end": 417713.0,
        "audio": "content/segments/23/191.ogg"
    },
    {
        "ID": "192",
        "gender": "M",
        "age": "A",
        "character_name": "سەعید",
        "text": "ئا بێنە دەی، با بزانین چی تییایە",
        "text_original": "ئا بێنە دەی، با بزانین چی تییایە",
        "start": 417713.0,
        "end": 420404.0,
        "audio": "content/segments/23/192.ogg"
    },
    {
        "ID": "193",
        "gender": "M",
        "age": "A",
        "character_name": "سەعید",
        "text": "(فیکە لێدان)",
        "text_original": "(فیکە لێدان)",
        "start": 422070.0,
        "end": 424088.0,
        "audio": "content/segments/23/193.ogg"
    },
    {
        "ID": "194",
        "gender": "M",
        "age": "A",
        "character_name": "سەعید",
        "text": "ئەمە سنوقی سکاڵایە یا مەتحەفە",
        "text_original": "ئەمە سنوقی سکاڵایە یا مەتحەفە",
        "start": 424457.0,
        "end": 427114.0,
        "audio": "content/segments/23/194.ogg"
    },
    {
        "ID": "195",
        "gender": "M",
        "age": "A",
        "character_name": "غەنی",
        "text": "تخوا کاکە سەعە گیان بزانە لانکرۆزەر و شتی وای تیا نییە",
        "text_original": "تخوا کاکە سەعە گیان بزانە لانکرۆزەر و شتی وای تیا نییە",
        "start": 427350.0,
        "end": 430203.0,
        "audio": "content/segments/23/195.ogg"
    },
    {
        "ID": "196",
        "gender": "M",
        "age": "A",
        "character_name": "سەعید",
        "text": "لانکرۆزەری چی هەموو شتی کۆنە",
        "text_original": "لانکرۆزەری چی هەموو شتی کۆنە",
        "start": 430285.0,
        "end": 431886.0,
        "audio": "content/segments/23/196.ogg"
    },
    {
        "ID": "197",
        "gender": "M",
        "age": "A",
        "character_name": "سەعید",
        "text": "من بۆیە ئەڵێم ئاخ بۆ قاچاخچیەکی نیشتیمان پەروەر",
        "text_original": "من بۆیە ئەڵێم ئاخ بۆ قاچاخچیەکی نیشتیمان پەروەر",
        "start": 431933.0,
        "end": 435072.0,
        "audio": "content/segments/23/197.ogg"
    },
    {
        "ID": "198",
        "gender": "M",
        "age": "A",
        "character_name": "غەنی",
        "text": "قاچاخچی نیشتیمان پەروەرھ بۆ چییە",
        "text_original": "قاچاخچی نیشتیمان پەروەرھ بۆ چییە",
        "start": 435227.0,
        "end": 437035.0,
        "audio": "content/segments/23/198.ogg"
    },
    {
        "ID": "199",
        "gender": "M",
        "age": "A",
        "character_name": "سەعید",
        "text": "کوڕە ئائەم تۆزە ماوە، ئەمەش ئاودیوکا بیبا",
        "text_original": "کوڕە ئائەم تۆزە ماوە، ئەمەش ئاودیوکا بیبا",
        "start": 437101.0,
        "end": 440189.0,
        "audio": "content/segments/23/199.ogg"
    },
    {
        "ID": "200",
        "gender": "M",
        "age": "A",
        "character_name": "سەعید",
        "text": "ئادەی، ئەمە زۆر کۆنە",
        "text_original": "ئادەی، ئەمە زۆر کۆنە",
        "start": 440367.0,
        "end": 442509.0,
        "audio": "content/segments/23/200.ogg"
    },
    {
        "ID": "201",
        "gender": "M",
        "age": "A",
        "character_name": "غەنی",
        "text": "ئادەی، ئادەی",
        "text_original": "ئادەی، ئادەی",
        "start": 442757.0,
        "end": 443704.0,
        "audio": "content/segments/23/201.ogg"
    },
    {
        "ID": "202",
        "gender": "M",
        "age": "A",
        "character_name": "سەعید",
        "text": "ئەمە چییە",
        "text_original": "ئەمە چییە",
        "start": 443759.0,
        "end": 444903.0,
        "audio": "content/segments/23/202.ogg"
    },
    {
        "ID": "203",
        "gender": "M",
        "age": "A",
        "character_name": "غەنی",
        "text": "یٔاه، بەو خوایە یٔەوە هی زەمانی شێخ عەبێدڵای نەهریە",
        "text_original": "یٔاه، بەو خوایە یٔەوە هی زەمانی شێخ عەبێدڵای نەهریە",
        "start": 444939.0,
        "end": 448828.0,
        "audio": "content/segments/23/203.ogg"
    },
    {
        "ID": "204",
        "gender": "M",
        "age": "A",
        "character_name": "سەعید",
        "text": "نا نا، نابابە کۆنترە، یٔەمە هی زەمانی شەرەفخانە",
        "text_original": "نا نا، نابابە کۆنترە، یٔەمە هی زەمانی شەرەفخانە",
        "start": 448929.0,
        "end": 452429.0,
        "audio": "content/segments/23/204.ogg"
    },
    {
        "ID": "205",
        "gender": "M",
        "age": "A",
        "character_name": "غەنی",
        "text": "یاعنی شەرەفخان نوسیویەتی",
        "text_original": "یاعنی شەرەفخان نوسیویەتی",
        "start": 452466.0,
        "end": 454350.0,
        "audio": "content/segments/23/205.ogg"
    },
    {
        "ID": "206",
        "gender": "M",
        "age": "A",
        "character_name": "سەعید",
        "text": "نەء، ئەمە برادەرێکی نوسیویەتی تەقریری لێ یاوە",
        "text_original": "نەء، ئەمە برادەرێکی نوسیویەتی تەقریری لێ یاوە",
        "start": 454442.0,
        "end": 458483.0,
        "audio": "content/segments/23/206.ogg"
    },
    {
        "ID": "207",
        "gender": "M",
        "age": "A",
        "character_name": "غەنی",
        "text": "عەی داوەشێی بۆ خاتری قورعان",
        "text_original": "عەی داوەشێی بۆ خاتری قورعان",
        "start": 458801.0,
        "end": 460989.0,
        "audio": "content/segments/23/207.ogg"
    },
    {
        "ID": "208",
        "gender": "M",
        "age": "A",
        "character_name": "غەنی",
        "text": "تخوا بزانە تەقریرەکەیا ئەڵێ چی",
        "text_original": "تخوا بزانە تەقریرەکەیا ئەڵێ چی",
        "start": 461183.0,
        "end": 463081.0,
        "audio": "content/segments/23/208.ogg"
    },
    {
        "ID": "209",
        "gender": "M",
        "age": "A",
        "character_name": "سەعید",
        "text": "ئممم، دە تۆ ڕاوەستە، ئەمە تەقریرێکی لێ نوسیوە",
        "text_original": "ئممم، دە تۆ ڕاوەستە، ئەمە تەقریرێکی لێ نوسیوە",
        "start": 463212.0,
        "end": 469065.0,
        "audio": "content/segments/23/209.ogg"
    },
    {
        "ID": "210",
        "gender": "M",
        "age": "A",
        "character_name": "سەعید",
        "text": "ئەڵێ ئەم کابرایە لە بەینی دوو قەوسی تورکییا",
        "text_original": "ئەڵێ ئەم کابرایە لە بەینی دوو قەوسی تورکییا",
        "start": 469116.0,
        "end": 472611.0,
        "audio": "content/segments/23/210.ogg"
    },
    {
        "ID": "211",
        "gender": "M",
        "age": "A",
        "character_name": "غەنی",
        "text": "ئێه",
        "text_original": "ئێه",
        "start": 472652.0,
        "end": 473149.0,
        "audio": "content/segments/23/211.ogg"
    },
    {
        "ID": "212",
        "gender": "M",
        "age": "A",
        "character_name": "سەعید",
        "text": "عیلاقەیەکی مەشموهی هەیە لەگەڵ تەئریخ و جوغرافیایا",
        "text_original": "عیلاقەیەکی مەشموهی هەیە لەگەڵ تەئریخ و جوغرافیایا",
        "start": 473263.0,
        "end": 477070.0,
        "audio": "content/segments/23/212.ogg"
    },
    {
        "ID": "213",
        "gender": "M",
        "age": "A",
        "character_name": "غەنی",
        "text": "توخ، توخوا ئەو کاتەش یاعی زەمانی زوو ئاوا تەقریریان لەیەکتری نوسیوە",
        "text_original": "توخ، توخوا ئەو کاتەش یاعی زەمانی زوو ئاوا تەقریریان لەیەکتری نوسیوە",
        "start": 477346.0,
        "end": 481247.0,
        "audio": "content/segments/23/213.ogg"
    },
    {
        "ID": "214",
        "gender": "M",
        "age": "A",
        "character_name": "سەعید",
        "text": "نەء، تەقریر نەبوو ئەو زەمانە",
        "text_original": "نەء، تەقریر نەبوو ئەو زەمانە",
        "start": 481269.0,
        "end": 483072.0,
        "audio": "content/segments/23/214.ogg"
    },
    {
        "ID": "215",
        "gender": "M",
        "age": "A",
        "character_name": "غەنی",
        "text": "ئەی چی بوە",
        "text_original": "ئەی چی بوە",
        "start": 483084.0,
        "end": 483526.0,
        "audio": "content/segments/23/215.ogg"
    },
    {
        "ID": "216",
        "gender": "M",
        "age": "A",
        "character_name": "سەعید",
        "text": "پێیان وتوە'گوزارشت'",
        "text_original": "پێیان وتوە'گوزارشت'",
        "start": 483526.0,
        "end": 485053.0,
        "audio": "content/segments/23/216.ogg"
    },
    {
        "ID": "217",
        "gender": "M",
        "age": "A",
        "character_name": "غەنی",
        "text": "ئهم، گوزارشت",
        "text_original": "ئهم، گوزارشت",
        "start": 485592.0,
        "end": 487121.0,
        "audio": "content/segments/23/217.ogg"
    },
    {
        "ID": "218",
        "gender": "M",
        "age": "A",
        "character_name": "سەعید",
        "text": "تۆ با ئەمە دانێم ئەلێرەیا، ئەمە شتێکی کەیە",
        "text_original": "تۆ با ئەمە دانێم ئەلێرەیا، ئەمە شتێکی کەیە",
        "start": 487282.0,
        "end": 489965.0,
        "audio": "content/segments/23/218.ogg"
    },
    {
        "ID": "219",
        "gender": "M",
        "age": "A",
        "character_name": "سەعید",
        "text": "ئەمەیان چییە، ئەمەیان",
        "text_original": "ئەمەیان چییە، ئەمەیان",
        "start": 491226.0,
        "end": 492698.0,
        "audio": "content/segments/23/219.ogg"
    },
    {
        "ID": "220",
        "gender": "M",
        "age": "A",
        "character_name": "غەنی",
        "text": "ئەوەش تەقریرە",
        "text_original": "ئەوەش تەقریرە",
        "start": 494267.0,
        "end": 495257.0,
        "audio": "content/segments/23/220.ogg"
    },
    {
        "ID": "221",
        "gender": "M",
        "age": "A",
        "character_name": "سەعید",
        "text": "ئەک بەخێرنەیتەوە یاخوا",
        "text_original": "ئەک بەخێرنەیتەوە یاخوا",
        "start": 495283.0,
        "end": 497624.0,
        "audio": "content/segments/23/221.ogg"
    },
    {
        "ID": "222",
        "gender": "M",
        "age": "A",
        "character_name": "غەنی",
        "text": "چییە، تەقریرە ئەویش",
        "text_original": "چییە، تەقریرە ئەویش",
        "start": 498062.0,
        "end": 499204.0,
        "audio": "content/segments/23/222.ogg"
    },
    {
        "ID": "223",
        "gender": "M",
        "age": "A",
        "character_name": "سەعید",
        "text": "نەوەڵا تەقریر نییە",
        "text_original": "نەوەڵا تەقریر نییە",
        "start": 499274.0,
        "end": 500442.0,
        "audio": "content/segments/23/223.ogg"
    },
    {
        "ID": "224",
        "gender": "M",
        "age": "A",
        "character_name": "غەنی",
        "text": "ئەمە یەکێکە نامەیەکی نوسیوە داوای گۆرانیێک ئەکا",
        "text_original": "ئەمە یەکێکە نامەیەکی نوسیوە داوای گۆرانیێک ئەکا",
        "start": 500501.0,
        "end": 503861.0,
        "audio": "content/segments/23/224.ogg"
    },
    {
        "ID": "225",
        "gender": "M",
        "age": "A",
        "character_name": "غەنی",
        "text": "پێشکەشیەکا بەنازانم چێ",
        "text_original": "پێشکەشیەکا بەنازانم چێ",
        "start": 504242.0,
        "end": 505872.0,
        "audio": "content/segments/23/225.ogg"
    },
    {
        "ID": "226",
        "gender": "M",
        "age": "A",
        "character_name": "غەنی",
        "text": "ئێ دە توخوا ئەوە گوناحە، ئەوە لەگەڵ سنوقی سکاڵاکەیا لێی تێکچوە",
        "text_original": "ئێ دە توخوا ئەوە گوناحە، ئەوە لەگەڵ سنوقی سکاڵاکەیا لێی تێکچوە",
        "start": 505923.0,
        "end": 509297.0,
        "audio": "content/segments/23/226.ogg"
    },
    {
        "ID": "227",
        "gender": "M",
        "age": "A",
        "character_name": "غەنی",
        "text": "دە تۆ دەنگت خۆشە گۆرانیەکی بۆ بڵێ",
        "text_original": "دە تۆ دەنگت خۆشە گۆرانیەکی بۆ بڵێ",
        "start": 509344.0,
        "end": 511014.0,
        "audio": "content/segments/23/227.ogg"
    },
    {
        "ID": "228",
        "gender": "M",
        "age": "A",
        "character_name": "سەعید",
        "text": "وەڵا بۆ دەنگ خۆشی دەنگم خراپ نییە",
        "text_original": "وەڵا بۆ دەنگ خۆشی دەنگم خراپ نییە",
        "start": 511063.0,
        "end": 512717.99999999994,
        "audio": "content/segments/23/228.ogg"
    },
    {
        "ID": "229",
        "gender": "M",
        "age": "A",
        "character_name": "سەعید",
        "text": "بەڵام هینە، ئینارەمان زەعیفە ناتوانم",
        "text_original": "بەڵام هینە، ئینارەمان زەعیفە ناتوانم",
        "start": 512754.0,
        "end": 516274.0,
        "audio": "content/segments/23/229.ogg"
    },
    {
        "ID": "230",
        "gender": "M",
        "age": "A",
        "character_name": "غەنی",
        "text": "یٔێ کەواتە هیچ، یٔەڵێین بابە یٔینارە خراپ بوو",
        "text_original": "یٔێ کەواتە هیچ، یٔەڵێین بابە یٔینارە خراپ بوو",
        "start": 516412.00000000006,
        "end": 519582.99999999994,
        "audio": "content/segments/23/230.ogg"
    },
    {
        "ID": "231",
        "gender": "M",
        "age": "A",
        "character_name": "غەنی",
        "text": "ئینکاری لە ئینارەی خراپیش ناکرێ",
        "text_original": "ئینکاری لە ئینارەی خراپیش ناکرێ",
        "start": 519582.99999999994,
        "end": 521188.99999999994,
        "audio": "content/segments/23/231.ogg"
    },
    {
        "ID": "232",
        "gender": "M",
        "age": "A",
        "character_name": "کەریم",
        "text": "سەعە",
        "text_original": "سەعە",
        "start": 521438.99999999994,
        "end": 522924.99999999994,
        "audio": "content/segments/23/232.ogg"
    },
    {
        "ID": "233",
        "gender": "M",
        "age": "A",
        "character_name": "سەعید",
        "text": "ئەی جیانی سەعە",
        "text_original": "ئەی جیانی سەعە",
        "start": 523125.0,
        "end": 524654.0,
        "audio": "content/segments/23/233.ogg"
    },
    {
        "ID": "234",
        "gender": "M",
        "age": "A",
        "character_name": "کەریم",
        "text": "ئەوە لە چوێی",
        "text_original": "ئەوە لە چوێی",
        "start": 524720.0,
        "end": 526324.0,
        "audio": "content/segments/23/234.ogg"
    },
    {
        "ID": "235",
        "gender": "M",
        "age": "A",
        "character_name": "سەعید",
        "text": "قابیلە لە پاڵاس بم، لەکەلاوەکەم",
        "text_original": "قابیلە لە پاڵاس بم، لەکەلاوەکەم",
        "start": 527064.0,
        "end": 529358.0,
        "audio": "content/segments/23/235.ogg"
    },
    {
        "ID": "236",
        "gender": "M",
        "age": "A",
        "character_name": "کەریم",
        "text": "سەلام و عەلەیکم",
        "text_original": "سەلام و عەلەیکم",
        "start": 529487.0,
        "end": 530667.0,
        "audio": "content/segments/23/236.ogg"
    },
    {
        "ID": "237",
        "gender": "M",
        "age": "A",
        "character_name": "سەعید",
        "text": "عەلەیکە سەلام",
        "text_original": "عەلەیکە سەلام",
        "start": 530739.0,
        "end": 531699.0,
        "audio": "content/segments/23/237.ogg"
    },
    {
        "ID": "238",
        "gender": "M",
        "age": "A",
        "character_name": "کەریم",
        "text": "لە چیۆ",
        "text_original": "لە چیۆ",
        "start": 531764.0,
        "end": 532694.0,
        "audio": "content/segments/23/238.ogg"
    },
    {
        "ID": "239",
        "gender": "M",
        "age": "A",
        "character_name": "سەعید",
        "text": "ئەڵێم خۆ لە پاڵاس نیم لەم کەلاوەیەم",
        "text_original": "ئەڵێم خۆ لە پاڵاس نیم لەم کەلاوەیەم",
        "start": 532697.0,
        "end": 534958.0,
        "audio": "content/segments/23/239.ogg"
    },
    {
        "ID": "240",
        "gender": "M",
        "age": "A",
        "character_name": "کەریم",
        "text": "نەچی، نەچی خەتەرە",
        "text_original": "نەچی، نەچی خەتەرە",
        "start": 535040.0,
        "end": 537448.0,
        "audio": "content/segments/23/240.ogg"
    },
    {
        "ID": "241",
        "gender": "M",
        "age": "A",
        "character_name": "سەعید",
        "text": "بۆ خەتەرە",
        "text_original": "بۆ خەتەرە",
        "start": 537468.0,
        "end": 538428.0,
        "audio": "content/segments/23/241.ogg"
    },
    {
        "ID": "242",
        "gender": "M",
        "age": "A",
        "character_name": "کەریم",
        "text": "من ئەم ئێوارەیە چووم قاوەیەکم خواردەوە",
        "text_original": "من ئەم ئێوارەیە چووم قاوەیەکم خواردەوە",
        "start": 538582.0,
        "end": 542479.0,
        "audio": "content/segments/23/242.ogg"
    },
    {
        "ID": "243",
        "gender": "M",
        "age": "A",
        "character_name": "کەریم",
        "text": "کەچی لێوی هینەکانیان شکا بوو، ئەها لێوم چۆن برینار بوو",
        "text_original": "کەچی لێوی هینەکانیان شکا بوو، ئەها لێوم چۆن برینار بوو",
        "start": 542532.0,
        "end": 547507.0,
        "audio": "content/segments/23/243.ogg"
    },
    {
        "ID": "244",
        "gender": "M",
        "age": "A",
        "character_name": "سەعید",
        "text": "یاعنی دەمت خستە ناو دەمی کوپەکەوە",
        "text_original": "یاعنی دەمت خستە ناو دەمی کوپەکەوە",
        "start": 547779.0,
        "end": 549889.0,
        "audio": "content/segments/23/244.ogg"
    },
    {
        "ID": "245",
        "gender": "M",
        "age": "A",
        "character_name": "کەریم",
        "text": "نا خۆیان قەراغەکانیان شکاوە کوپەکان، نەچی بۆ پاڵاس خەتەرە خەتەر",
        "text_original": "نا خۆیان قەراغەکانیان شکاوە کوپەکان، نەچی بۆ پاڵاس خەتەرە خەتەر",
        "start": 549889.0,
        "end": 556881.0,
        "audio": "content/segments/23/245.ogg"
    },
    {
        "ID": "246",
        "gender": "M",
        "age": "A",
        "character_name": "سەعید",
        "text": "کوڕە ناچم، وەرە وەرە دانیشە وەرە",
        "text_original": "کوڕە ناچم، وەرە وەرە دانیشە وەرە",
        "start": 557039.0,
        "end": 558912.0,
        "audio": "content/segments/23/246.ogg"
    },
    {
        "ID": "247",
        "gender": "M",
        "age": "A",
        "character_name": "کەریم",
        "text": "ئەڵێم",
        "text_original": "ئەڵێم",
        "start": 558922.0,
        "end": 559603.0,
        "audio": "content/segments/23/247.ogg"
    },
    {
        "ID": "248",
        "gender": "M",
        "age": "A",
        "character_name": "سەعید",
        "text": "ها",
        "text_original": "ها",
        "start": 559618.0,
        "end": 560193.0,
        "audio": "content/segments/23/248.ogg"
    },
    {
        "ID": "249",
        "gender": "M",
        "age": "A",
        "character_name": "کەریم",
        "text": "ئائەمە چییە ئەیخوێنیتەوە",
        "text_original": "ئائەمە چییە ئەیخوێنیتەوە",
        "start": 560398.0,
        "end": 562507.0,
        "audio": "content/segments/23/249.ogg"
    },
    {
        "ID": "250",
        "gender": "M",
        "age": "A",
        "character_name": "سەعید",
        "text": "یٔەمە سنوقی سکاڵایە، هەڵمان پچڕیوە و یٔەیخوێنینەوە",
        "text_original": "یٔەمە سنوقی سکاڵایە، هەڵمان پچڕیوە و یٔەیخوێنینەوە",
        "start": 562537.0,
        "end": 565622.0,
        "audio": "content/segments/23/250.ogg"
    },
    {
        "ID": "251",
        "gender": "M",
        "age": "A",
        "character_name": "سەعید",
        "text": "شتی خۆش خۆشی تیایە",
        "text_original": "شتی خۆش خۆشی تیایە",
        "start": 565658.0,
        "end": 566688.0,
        "audio": "content/segments/23/251.ogg"
    },
    {
        "ID": "252",
        "gender": "M",
        "age": "A",
        "character_name": "سەعید",
        "text": "ئادەی دەی ئادەی",
        "text_original": "ئادەی دەی ئادەی",
        "start": 566688.0,
        "end": 568601.0,
        "audio": "content/segments/23/252.ogg"
    },
    {
        "ID": "253",
        "gender": "M",
        "age": "A",
        "character_name": "سەعید",
        "text": "ها",
        "text_original": "ها",
        "start": 568767.0,
        "end": 569381.0,
        "audio": "content/segments/23/253.ogg"
    },
    {
        "ID": "254",
        "gender": "M",
        "age": "A",
        "character_name": "سەعید",
        "text": "خۆشە ئا بزانە چی تیایە",
        "text_original": "خۆشە ئا بزانە چی تیایە",
        "start": 572845.0,
        "end": 574362.0,
        "audio": "content/segments/23/254.ogg"
    },
    {
        "ID": "255",
        "gender": "M",
        "age": "A",
        "character_name": "سەعید",
        "text": "حەی، حەی سەعە",
        "text_original": "حەی، حەی سەعە",
        "start": 574521.0,
        "end": 578191.0,
        "audio": "content/segments/23/255.ogg"
    },
    {
        "ID": "256",
        "gender": "M",
        "age": "A",
        "character_name": "سەعید",
        "text": "چییە",
        "text_original": "چییە",
        "start": 578242.0,
        "end": 579022.0,
        "audio": "content/segments/23/256.ogg"
    },
    {
        "ID": "257",
        "gender": "M",
        "age": "A",
        "character_name": "سەعید",
        "text": "هەتیوو ئەمە زۆر خەتەرە",
        "text_original": "هەتیوو ئەمە زۆر خەتەرە",
        "start": 579419.0,
        "end": 582361.0,
        "audio": "content/segments/23/257.ogg"
    },
    {
        "ID": "258",
        "gender": "M",
        "age": "A",
        "character_name": "سەعید",
        "text": "خەتەری چییە",
        "text_original": "خەتەری چییە",
        "start": 582472.0,
        "end": 583669.0,
        "audio": "content/segments/23/258.ogg"
    },
    {
        "ID": "259",
        "gender": "M",
        "age": "A",
        "character_name": "کەریم",
        "text": "کورە بابە تۆ دایمەن چواردەورت خەتەرە چواردەوره",
        "text_original": "کورە بابە تۆ دایمەن چواردەورت خەتەرە چواردەوره",
        "start": 583731.0,
        "end": 588402.0,
        "audio": "content/segments/23/259.ogg"
    },
    {
        "ID": "260",
        "gender": "M",
        "age": "A",
        "character_name": "سەعید",
        "text": "بەختەکەی خۆم وایە، ئەڵێی چی",
        "text_original": "بەختەکەی خۆم وایە، ئەڵێی چی",
        "start": 588419.0,
        "end": 590169.0,
        "audio": "content/segments/23/260.ogg"
    },
    {
        "ID": "261",
        "gender": "M",
        "age": "A",
        "character_name": "کەریم",
        "text": "ئەها ئەمە چەن خەتەرە، وەڵاهی ئائەمە نییە ئەو سوتێنن لەسەری",
        "text_original": "ئەها ئەمە چەن خەتەرە، وەڵاهی ئائەمە نییە ئەو سوتێنن لەسەری",
        "start": 590253.0,
        "end": 595239.0,
        "audio": "content/segments/23/261.ogg"
    },
    {
        "ID": "262",
        "gender": "M",
        "age": "A",
        "character_name": "سەعید",
        "text": "بۆ چی تیا نوسراوە",
        "text_original": "بۆ چی تیا نوسراوە",
        "start": 595346.0,
        "end": 596353.0,
        "audio": "content/segments/23/262.ogg"
    },
    {
        "ID": "263",
        "gender": "M",
        "age": "A",
        "character_name": "کەریم",
        "text": "کورە شتی مەمنوعی تیایە نەگبەت",
        "text_original": "کورە شتی مەمنوعی تیایە نەگبەت",
        "start": 596388.0,
        "end": 599649.0,
        "audio": "content/segments/23/263.ogg"
    },
    {
        "ID": "264",
        "gender": "M",
        "age": "A",
        "character_name": "سەعید",
        "text": "مەمنوع کامەیە، مەمنوعەکەی لە چیایە",
        "text_original": "مەمنوع کامەیە، مەمنوعەکەی لە چیایە",
        "start": 599833.0,
        "end": 601913.0,
        "audio": "content/segments/23/264.ogg"
    },
    {
        "ID": "265",
        "gender": "M",
        "age": "A",
        "character_name": "کەریم",
        "text": "ئەها، بەکوردی خۆمان ئەمە نوسراوە داوای فیدڕاڵ ئەکا فیدڕاڵ",
        "text_original": "ئەها، بەکوردی خۆمان ئەمە نوسراوە داوای فیدڕاڵ ئەکا فیدڕاڵ",
        "start": 601966.0,
        "end": 609332.0,
        "audio": "content/segments/23/265.ogg"
    }
]