[
    {
        "ID": "1",
        "gender": "M",
        "age": "A",
        "character_name": "سەعید",
        "text": "ئادەی",
        "text_original": "ئادەی",
        "start": 3740.0,
        "end": 4611.0,
        "audio": "content/segments/25/1.ogg"
    },
    {
        "ID": "2",
        "gender": "M",
        "age": "A",
        "character_name": "سەعید",
        "text": "دە تۆ دەست ڕێک بگرە کاکە، با قیاسەکەم لێ تێک نەچێ",
        "text_original": "دە تۆ دەست ڕێک بگرە کاکە، با قیاسەکەم لێ تێک نەچێ",
        "start": 5460.0,
        "end": 8206.0,
        "audio": "content/segments/25/2.ogg"
    },
    {
        "ID": "3",
        "gender": "M",
        "age": "A",
        "character_name": "غەنی",
        "text": "ئەرێ بەساقەو بم، من ڕێک گرتوومە کەلاوەکە خۆی خوارە، ئای",
        "text_original": "ئەرێ بەساقەو بم، من ڕێک گرتوومە کەلاوەکە خۆی خوارە، ئای",
        "start": 8206.0,
        "end": 11806.0,
        "audio": "content/segments/25/3.ogg"
    },
    {
        "ID": "4",
        "gender": "NA",
        "age": "NA",
        "character_name": "NA",
        "text": "ئێه",
        "text_original": "ئێه",
        "start": 14060.0,
        "end": 16804.0,
        "audio": "content/segments/25/4.ogg"
    },
    {
        "ID": "5",
        "gender": "M",
        "age": "A",
        "character_name": "سەعید",
        "text": "پانیەکەی چەن بوو",
        "text_original": "پانیەکەی چەن بوو",
        "start": 16804.0,
        "end": 17780.0,
        "audio": "content/segments/25/5.ogg"
    },
    {
        "ID": "6",
        "gender": "M",
        "age": "A",
        "character_name": "غەنی",
        "text": "پانیەکەی لام وایە ئا، سێ مەترو نیو بوو",
        "text_original": "پانیەکەی لام وایە ئا، سێ مەترو نیو بوو",
        "start": 17780.0,
        "end": 20442.0,
        "audio": "content/segments/25/6.ogg"
    },
    {
        "ID": "7",
        "gender": "M",
        "age": "A",
        "character_name": "سەعید",
        "text": "سێ مەترو نیو، شەش زەرب سێ نیو، یەعنی بیست و یەک",
        "text_original": "سێ مەترو نیو، شەش زەرب سێ نیو، یەعنی بیست و یەک",
        "start": 20442.0,
        "end": 27297.0,
        "audio": "content/segments/25/7.ogg"
    },
    {
        "ID": "8",
        "gender": "M",
        "age": "A",
        "character_name": "غەنی",
        "text": "ئاها، دە کەواتە مەساحەی کەلاوەکە بیست و یەک مەتر موکەعەبە",
        "text_original": "ئاها، دە کەواتە مەساحەی کەلاوەکە بیست و یەک مەتر موکەعەبە",
        "start": 27359.0,
        "end": 31877.0,
        "audio": "content/segments/25/8.ogg"
    },
    {
        "ID": "9",
        "gender": "M",
        "age": "A",
        "character_name": "سەعید",
        "text": "موکەعەب",
        "text_original": "موکەعەب",
        "start": 31890.0,
        "end": 32619.0,
        "audio": "content/segments/25/9.ogg"
    },
    {
        "ID": "10",
        "gender": "M",
        "age": "A",
        "character_name": "غەنی",
        "text": "ئا",
        "text_original": "ئا",
        "start": 32619.0,
        "end": 33087.0,
        "audio": "content/segments/25/10.ogg"
    },
    {
        "ID": "11",
        "gender": "M",
        "age": "A",
        "character_name": "سەعید",
        "text": "موکەعەب چۆن ئەبێ، یٔەوە بۆ تەنچی یٔاوە بێ ڕۆڵە",
        "text_original": "موکەعەب چۆن ئەبێ، یٔەوە بۆ تەنچی یٔاوە بێ ڕۆڵە",
        "start": 33113.0,
        "end": 35282.0,
        "audio": "content/segments/25/11.ogg"
    },
    {
        "ID": "12",
        "gender": "M",
        "age": "A",
        "character_name": "سەعید",
        "text": "یٔەوە قیاسی یٔاوییە یٔەوە",
        "text_original": "یٔەوە قیاسی یٔاوییە یٔەوە",
        "start": 35345.0,
        "end": 36275.0,
        "audio": "content/segments/25/12.ogg"
    },
    {
        "ID": "13",
        "gender": "M",
        "age": "A",
        "character_name": "غەنی",
        "text": "ئێ تەواو یەعنی موکەعەبە",
        "text_original": "ئێ تەواو یەعنی موکەعەبە",
        "start": 36299.0,
        "end": 37856.0,
        "audio": "content/segments/25/13.ogg"
    },
    {
        "ID": "14",
        "gender": "M",
        "age": "A",
        "character_name": "سەعید",
        "text": "کورە ڕۆڵە، درێژی زەڕب پانی ناکاتە مەتر مورەبەع",
        "text_original": "کورە ڕۆڵە، درێژی زەڕب پانی ناکاتە مەتر مورەبەع",
        "start": 38034.0,
        "end": 41122.0,
        "audio": "content/segments/25/14.ogg"
    },
    {
        "ID": "15",
        "gender": "M",
        "age": "A",
        "character_name": "غەنی",
        "text": "بەساقەو بم ئەوە جاران بوو، ئێستا هەموو شتێ گۆڕاوە",
        "text_original": "بەساقەو بم ئەوە جاران بوو، ئێستا هەموو شتێ گۆڕاوە",
        "start": 41330.0,
        "end": 44881.0,
        "audio": "content/segments/25/15.ogg"
    },
    {
        "ID": "16",
        "gender": "M",
        "age": "A",
        "character_name": "سەعید",
        "text": "بە چی گۆڕاوە",
        "text_original": "بە چی گۆڕاوە",
        "start": 45140.0,
        "end": 46089.0,
        "audio": "content/segments/25/16.ogg"
    },
    {
        "ID": "17",
        "gender": "M",
        "age": "A",
        "character_name": "غەنی",
        "text": "چۆن یٔەی هەموو شتێ گۆڕاوە لەدوای شەڕەکەوە",
        "text_original": "چۆن یٔەی هەموو شتێ گۆڕاوە لەدوای شەڕەکەوە",
        "start": 46089.0,
        "end": 49191.0,
        "audio": "content/segments/25/17.ogg"
    },
    {
        "ID": "18",
        "gender": "M",
        "age": "A",
        "character_name": "غەنی",
        "text": "یٔەی ناڵێن دنیا هینی تێ ئەبێ، هین بەرزای تیایە",
        "text_original": "یٔەی ناڵێن دنیا هینی تێ ئەبێ، هین بەرزای تیایە",
        "start": 49234.0,
        "end": 52131.0,
        "audio": "content/segments/25/18.ogg"
    },
    {
        "ID": "19",
        "gender": "M",
        "age": "A",
        "character_name": "سەعید",
        "text": "ئێ ڕۆڵە دنیا کە شتی تێ بوو، ئەوە لە چاڵاییا ئەبێ لە بەرزاییا نابێ",
        "text_original": "ئێ ڕۆڵە دنیا کە شتی تێ بوو، ئەوە لە چاڵاییا ئەبێ لە بەرزاییا نابێ",
        "start": 52735.0,
        "end": 56802.0,
        "audio": "content/segments/25/19.ogg"
    },
    {
        "ID": "20",
        "gender": "M",
        "age": "A",
        "character_name": "غەنی",
        "text": "بەساقەوبم موهیم ئەوەیە چاڵای بێ بەرزای بێ موهیم ئەوەیە موکەعەبە",
        "text_original": "بەساقەوبم موهیم ئەوەیە چاڵای بێ بەرزای بێ موهیم ئەوەیە موکەعەبە",
        "start": 56866.0,
        "end": 61567.0,
        "audio": "content/segments/25/20.ogg"
    },
    {
        "ID": "21",
        "gender": "M",
        "age": "A",
        "character_name": "سەعید",
        "text": "داخی ئەم فیسا گۆرسە خڵەفاوە ناکەی",
        "text_original": "داخی ئەم فیسا گۆرسە خڵەفاوە ناکەی",
        "start": 61814.0,
        "end": 64459.0,
        "audio": "content/segments/25/21.ogg"
    },
    {
        "ID": "22",
        "gender": "M",
        "age": "A",
        "character_name": "سەعید",
        "text": "تۆ بۆ لە خۆتەوە قسە ئەکەی، وەرە بڕۆ لەو سوچەیا بۆم بگرە دەی",
        "text_original": "تۆ بۆ لە خۆتەوە قسە ئەکەی، وەرە بڕۆ لەو سوچەیا بۆم بگرە دەی",
        "start": 64714.0,
        "end": 67862.0,
        "audio": "content/segments/25/22.ogg"
    },
    {
        "ID": "23",
        "gender": "M",
        "age": "A",
        "character_name": "غەنی",
        "text": "وەڵاهی تاقەتی ئەو سوچەم نییە و با ئەو سوچەشی لەگەڵا نەبێ",
        "text_original": "وەڵاهی تاقەتی ئەو سوچەم نییە و با ئەو سوچەشی لەگەڵا نەبێ",
        "start": 67908.0,
        "end": 70966.0,
        "audio": "content/segments/25/23.ogg"
    },
    {
        "ID": "24",
        "gender": "M",
        "age": "A",
        "character_name": "سەعید",
        "text": "چۆن لەگەڵیا نەبێ",
        "text_original": "چۆن لەگەڵیا نەبێ",
        "start": 70966.0,
        "end": 71847.0,
        "audio": "content/segments/25/24.ogg"
    },
    {
        "ID": "25",
        "gender": "M",
        "age": "A",
        "character_name": "غەنی",
        "text": "کاکە گیان، ئەو سوچە ڕوەو مەشاکیلە برا",
        "text_original": "کاکە گیان، ئەو سوچە ڕوەو مەشاکیلە برا",
        "start": 71945.0,
        "end": 74650.0,
        "audio": "content/segments/25/25.ogg"
    },
    {
        "ID": "26",
        "gender": "M",
        "age": "A",
        "character_name": "سەعید",
        "text": "یاعنی وازی لێ بێنین",
        "text_original": "یاعنی وازی لێ بێنین",
        "start": 74744.0,
        "end": 76138.0,
        "audio": "content/segments/25/26.ogg"
    },
    {
        "ID": "27",
        "gender": "NA",
        "age": "NA",
        "character_name": "NA",
        "text": "ئا",
        "text_original": "ئا",
        "start": 76241.0,
        "end": 77861.0,
        "audio": "content/segments/25/27.ogg"
    },
    {
        "ID": "28",
        "gender": "M",
        "age": "A",
        "character_name": "غەنی",
        "text": "وەڵا بیکە بەخێر",
        "text_original": "وەڵا بیکە بەخێر",
        "start": 77861.0,
        "end": 79096.0,
        "audio": "content/segments/25/28.ogg"
    },
    {
        "ID": "29",
        "gender": "M",
        "age": "A",
        "character_name": "سەعید",
        "text": "باشە دەی وا ئەوەمان کرد بەخێر",
        "text_original": "باشە دەی وا ئەوەمان کرد بەخێر",
        "start": 79524.0,
        "end": 81415.0,
        "audio": "content/segments/25/29.ogg"
    },
    {
        "ID": "30",
        "gender": "M",
        "age": "A",
        "character_name": "سەعید",
        "text": "یٔەی یٔەم مەسافەی یٔەمێنێتەوە بیکەم بە چی",
        "text_original": "یٔەی یٔەم مەسافەی یٔەمێنێتەوە بیکەم بە چی",
        "start": 81415.0,
        "end": 83435.0,
        "audio": "content/segments/25/30.ogg"
    },
    {
        "ID": "31",
        "gender": "M",
        "age": "A",
        "character_name": "غەنی",
        "text": "ئاها، ئەو مەسافەیە بیکە بە گەراجی سەیارە",
        "text_original": "ئاها، ئەو مەسافەیە بیکە بە گەراجی سەیارە",
        "start": 83506.0,
        "end": 86609.0,
        "audio": "content/segments/25/31.ogg"
    },
    {
        "ID": "32",
        "gender": "M",
        "age": "A",
        "character_name": "غەنی",
        "text": "بۆ میوانە بیانیە خۆشەویستەکان",
        "text_original": "بۆ میوانە بیانیە خۆشەویستەکان",
        "start": 86768.0,
        "end": 88841.0,
        "audio": "content/segments/25/32.ogg"
    },
    {
        "ID": "33",
        "gender": "M",
        "age": "A",
        "character_name": "سەعید",
        "text": "ئەمە تەعلیقمان لێ ئەیەی قەلەموون",
        "text_original": "ئەمە تەعلیقمان لێ ئەیەی قەلەموون",
        "start": 88931.0,
        "end": 90803.0,
        "audio": "content/segments/25/33.ogg"
    },
    {
        "ID": "34",
        "gender": "M",
        "age": "A",
        "character_name": "غەنی",
        "text": "نەوەڵا تەعلیق نییە سەعە گیان، ئەی ئەوە سەر وتاری ئەمڕۆ مانە چۆن",
        "text_original": "نەوەڵا تەعلیق نییە سەعە گیان، ئەی ئەوە سەر وتاری ئەمڕۆ مانە چۆن",
        "start": 90803.0,
        "end": 95416.0,
        "audio": "content/segments/25/34.ogg"
    },
    {
        "ID": "35",
        "gender": "M",
        "age": "A",
        "character_name": "غەنی",
        "text": "ئەهاها، هێواش کوڕە بابە قیاسەکەو تێکا",
        "text_original": "ئەهاها، هێواش کوڕە بابە قیاسەکەو تێکا",
        "start": 104911.0,
        "end": 107571.0,
        "audio": "content/segments/25/35.ogg"
    },
    {
        "ID": "36",
        "gender": "M",
        "age": "A",
        "character_name": "سەعید",
        "text": "ئەمە چییە ئەمە، ئەمە لە چوێوە پەیا بوو",
        "text_original": "ئەمە چییە ئەمە، ئەمە لە چوێوە پەیا بوو",
        "start": 110305.0,
        "end": 112242.0,
        "audio": "content/segments/25/36.ogg"
    },
    {
        "ID": "37",
        "gender": "M",
        "age": "A",
        "character_name": "غەنی",
        "text": "کاکە سەعە",
        "text_original": "کاکە سەعە",
        "start": 112481.0,
        "end": 113521.0,
        "audio": "content/segments/25/37.ogg"
    },
    {
        "ID": "38",
        "gender": "M",
        "age": "A",
        "character_name": "سەعید",
        "text": "ها",
        "text_original": "ها",
        "start": 113721.0,
        "end": 114575.0,
        "audio": "content/segments/25/38.ogg"
    },
    {
        "ID": "39",
        "gender": "M",
        "age": "A",
        "character_name": "غەنی",
        "text": "خۆ بە قورعان ئەمە خەڵقی لای خۆ، ئەمە لە ئەفغانی و شتە چێ",
        "text_original": "خۆ بە قورعان ئەمە خەڵقی لای خۆ، ئەمە لە ئەفغانی و شتە چێ",
        "start": 114881.0,
        "end": 119573.0,
        "audio": "content/segments/25/39.ogg"
    },
    {
        "ID": "40",
        "gender": "M",
        "age": "A",
        "character_name": "غەنی",
        "text": "ئادەی پرسیاری لێبکە بە ئەفغانی",
        "text_original": "ئادەی پرسیاری لێبکە بە ئەفغانی",
        "start": 119860.0,
        "end": 121633.0,
        "audio": "content/segments/25/40.ogg"
    },
    {
        "ID": "41",
        "gender": "M",
        "age": "A",
        "character_name": "سەعید",
        "text": "مەرحەبا",
        "text_original": "مەرحەبا",
        "start": 121633.0,
        "end": 122399.0,
        "audio": "content/segments/25/41.ogg"
    },
    {
        "ID": "42",
        "gender": "M",
        "age": "A",
        "character_name": "پیاوی3",
        "text": "سەلامی",
        "text_original": "سەلامی",
        "start": 122399.0,
        "end": 123507.0,
        "audio": "content/segments/25/42.ogg"
    },
    {
        "ID": "43",
        "gender": "M",
        "age": "A",
        "character_name": "غەنی",
        "text": "ئێستا تۆ فەرموو کاکە چیت ئەوێ",
        "text_original": "ئێستا تۆ فەرموو کاکە چیت ئەوێ",
        "start": 124075.0,
        "end": 125919.0,
        "audio": "content/segments/25/43.ogg"
    },
    {
        "ID": "44",
        "gender": "NA",
        "age": "NA",
        "character_name": "NA",
        "text": "ئا",
        "text_original": "ئا",
        "start": 126066.0,
        "end": 127305.0,
        "audio": "content/segments/25/44.ogg"
    },
    {
        "ID": "45",
        "gender": "M",
        "age": "A",
        "character_name": "پیاوی3",
        "text": "جیهاد",
        "text_original": "جیهاد",
        "start": 127489.0,
        "end": 128186.0,
        "audio": "content/segments/25/45.ogg"
    },
    {
        "ID": "46",
        "gender": "M",
        "age": "A",
        "character_name": "غەنی",
        "text": "پیف، جیهاد لێرە",
        "text_original": "پیف، جیهاد لێرە",
        "start": 128300.00000000001,
        "end": 130311.0,
        "audio": "content/segments/25/46.ogg"
    },
    {
        "ID": "47",
        "gender": "M",
        "age": "A",
        "character_name": "پیاوی3",
        "text": "بەڵێ لێرە، لە کولی مەکان",
        "text_original": "بەڵێ لێرە، لە کولی مەکان",
        "start": 130485.00000000001,
        "end": 133149.0,
        "audio": "content/segments/25/47.ogg"
    },
    {
        "ID": "48",
        "gender": "M",
        "age": "A",
        "character_name": "سەعید",
        "text": "کاکە جیان بەساقە، شەر لە ئێمە لابەو بەقوڕبان",
        "text_original": "کاکە جیان بەساقە، شەر لە ئێمە لابەو بەقوڕبان",
        "start": 133264.0,
        "end": 135752.0,
        "audio": "content/segments/25/48.ogg"
    },
    {
        "ID": "49",
        "gender": "M",
        "age": "A",
        "character_name": "سەعید",
        "text": "بڕۆ لە چوێوە هاتووی، بچۆرەوە بۆ ئەو شوێنە",
        "text_original": "بڕۆ لە چوێوە هاتووی، بچۆرەوە بۆ ئەو شوێنە",
        "start": 135752.0,
        "end": 137900.0,
        "audio": "content/segments/25/49.ogg"
    },
    {
        "ID": "50",
        "gender": "M",
        "age": "A",
        "character_name": "پیاوی3",
        "text": "بۆ کوێ بڕۆم زەندی",
        "text_original": "بۆ کوێ بڕۆم زەندی",
        "start": 137900.0,
        "end": 139676.0,
        "audio": "content/segments/25/50.ogg"
    },
    {
        "ID": "51",
        "gender": "M",
        "age": "A",
        "character_name": "سەعید",
        "text": "تۆ جەنابت لە چوێوە هاتووی",
        "text_original": "تۆ جەنابت لە چوێوە هاتووی",
        "start": 139742.0,
        "end": 141425.0,
        "audio": "content/segments/25/51.ogg"
    },
    {
        "ID": "52",
        "gender": "M",
        "age": "A",
        "character_name": "پیاوی3",
        "text": "من لە دارول ئیمانم",
        "text_original": "من لە دارول ئیمانم",
        "start": 142345.0,
        "end": 143760.0,
        "audio": "content/segments/25/52.ogg"
    },
    {
        "ID": "53",
        "gender": "M",
        "age": "A",
        "character_name": "غەنی",
        "text": "بۆ ئەی ئێرە چوێیە بەساقەو نەبم",
        "text_original": "بۆ ئەی ئێرە چوێیە بەساقەو نەبم",
        "start": 143961.0,
        "end": 145901.0,
        "audio": "content/segments/25/53.ogg"
    },
    {
        "ID": "54",
        "gender": "M",
        "age": "A",
        "character_name": "پیاوی3",
        "text": "ئێرە",
        "text_original": "ئێرە",
        "start": 145918.0,
        "end": 146829.0,
        "audio": "content/segments/25/54.ogg"
    },
    {
        "ID": "55",
        "gender": "M",
        "age": "A",
        "character_name": "غەنی",
        "text": "ئا",
        "text_original": "ئا",
        "start": 146829.0,
        "end": 147537.0,
        "audio": "content/segments/25/55.ogg"
    },
    {
        "ID": "56",
        "gender": "M",
        "age": "A",
        "character_name": "پیاوی3",
        "text": "ئێرە دارول کوفرە، ئەبێ بە شمشێر",
        "text_original": "ئێرە دارول کوفرە، ئەبێ بە شمشێر",
        "start": 147537.0,
        "end": 150206.0,
        "audio": "content/segments/25/56.ogg"
    },
    {
        "ID": "57",
        "gender": "NA",
        "age": "NA",
        "character_name": "NA",
        "text": "ئەوە ئ، ئەوە چی بوو",
        "text_original": "ئەوە ئ، ئەوە چی بوو",
        "start": 150274.0,
        "end": 152732.0,
        "audio": "content/segments/25/57.ogg"
    },
    {
        "ID": "58",
        "gender": "M",
        "age": "A",
        "character_name": "سەعید",
        "text": "ئەوە مودەڕەعەکەی مارێنزە دەرچۆ",
        "text_original": "ئەوە مودەڕەعەکەی مارێنزە دەرچۆ",
        "start": 152732.0,
        "end": 154589.0,
        "audio": "content/segments/25/58.ogg"
    },
    {
        "ID": "59",
        "gender": "M",
        "age": "A",
        "character_name": "سەعید",
        "text": "ئەی ئافەرین",
        "text_original": "ئەی ئافەرین",
        "start": 155497.0,
        "end": 156443.0,
        "audio": "content/segments/25/59.ogg"
    },
    {
        "ID": "60",
        "gender": "M",
        "age": "A",
        "character_name": "غەنی",
        "text": "ئەی بۆ خاتری خوا ئەوە بۆوا ڕایکرد، خۆ هێشتا یەک دنیا حیواڕی ماوە",
        "text_original": "ئەی بۆ خاتری خوا ئەوە بۆوا ڕایکرد، خۆ هێشتا یەک دنیا حیواڕی ماوە",
        "start": 156443.0,
        "end": 160770.0,
        "audio": "content/segments/25/60.ogg"
    },
    {
        "ID": "61",
        "gender": "M",
        "age": "A",
        "character_name": "سەعید",
        "text": "بۆ خەمی ئەوتە",
        "text_original": "بۆ خەمی ئەوتە",
        "start": 160809.0,
        "end": 162396.0,
        "audio": "content/segments/25/61.ogg"
    },
    {
        "ID": "62",
        "gender": "M",
        "age": "A",
        "character_name": "غەنی",
        "text": "کورە خۆی چاوی دەرەهات ملی ئەشکاند، خەمی حیواڕەکانمە",
        "text_original": "کورە خۆی چاوی دەرەهات ملی ئەشکاند، خەمی حیواڕەکانمە",
        "start": 162396.0,
        "end": 165744.0,
        "audio": "content/segments/25/62.ogg"
    },
    {
        "ID": "63",
        "gender": "M",
        "age": "A",
        "character_name": "غەنی",
        "text": "دوایی دکتۆر شێرکۆ عاجزەبێ",
        "text_original": "دوایی دکتۆر شێرکۆ عاجزەبێ",
        "start": 165744.0,
        "end": 167341.0,
        "audio": "content/segments/25/63.ogg"
    },
    {
        "ID": "64",
        "gender": "M",
        "age": "A",
        "character_name": "سەعید",
        "text": "عاجز نابێ",
        "text_original": "عاجز نابێ",
        "start": 167369.0,
        "end": 168214.0,
        "audio": "content/segments/25/64.ogg"
    },
    {
        "ID": "65",
        "gender": "M",
        "age": "A",
        "character_name": "غەنی",
        "text": "ئەرێ تۆ باشە باش بەبیرما هات، ئەرێ بۆ خاتری خوا",
        "text_original": "ئەرێ تۆ باشە باش بەبیرما هات، ئەرێ بۆ خاتری خوا",
        "start": 168239.0,
        "end": 171175.0,
        "audio": "content/segments/25/65.ogg"
    },
    {
        "ID": "66",
        "gender": "M",
        "age": "A",
        "character_name": "غەنی",
        "text": "ئەمانە چۆن یێنە ئێرە بەچی ئەگەن، وەڵای تێناگەم",
        "text_original": "ئەمانە چۆن یێنە ئێرە بەچی ئەگەن، وەڵای تێناگەم",
        "start": 171175.0,
        "end": 174950.0,
        "audio": "content/segments/25/66.ogg"
    },
    {
        "ID": "67",
        "gender": "M",
        "age": "A",
        "character_name": "سەعید",
        "text": "ئەمانە",
        "text_original": "ئەمانە",
        "start": 174980.0,
        "end": 175741.0,
        "audio": "content/segments/25/67.ogg"
    },
    {
        "ID": "68",
        "gender": "M",
        "age": "A",
        "character_name": "غەنی",
        "text": "ئا",
        "text_original": "ئا",
        "start": 175741.0,
        "end": 176273.0,
        "audio": "content/segments/25/68.ogg"
    },
    {
        "ID": "69",
        "gender": "M",
        "age": "A",
        "character_name": "سەعید",
        "text": "ئێ ئەمانە لەو حدودەی خۆمانەوە یێن، بەسەیارەی علوج و",
        "text_original": "ئێ ئەمانە لەو حدودەی خۆمانەوە یێن، بەسەیارەی علوج و",
        "start": 176404.0,
        "end": 179636.0,
        "audio": "content/segments/25/69.ogg"
    },
    {
        "ID": "70",
        "gender": "M",
        "age": "A",
        "character_name": "سەعید",
        "text": "بە تەبریدەوە و بە ئیحترامەوە و، نەفەری بە دوو هەزار",
        "text_original": "بە تەبریدەوە و بە ئیحترامەوە و، نەفەری بە دوو هەزار",
        "start": 179657.0,
        "end": 182784.0,
        "audio": "content/segments/25/70.ogg"
    },
    {
        "ID": "71",
        "gender": "M",
        "age": "A",
        "character_name": "غەنی",
        "text": "ئێ باشە چێ ئەیان هێنێ",
        "text_original": "ئێ باشە چێ ئەیان هێنێ",
        "start": 182838.0,
        "end": 184273.0,
        "audio": "content/segments/25/71.ogg"
    },
    {
        "ID": "72",
        "gender": "M",
        "age": "A",
        "character_name": "سەعید",
        "text": "ئێ ئەو کاربەدەستانەی کە لەم دەورو پشتەن",
        "text_original": "ئێ ئەو کاربەدەستانەی کە لەم دەورو پشتەن",
        "start": 184768.0,
        "end": 187120.0,
        "audio": "content/segments/25/72.ogg"
    },
    {
        "ID": "73",
        "gender": "M",
        "age": "A",
        "character_name": "سەعید",
        "text": "بەسەیارەی خۆیان ئەیان هێنن",
        "text_original": "بەسەیارەی خۆیان ئەیان هێنن",
        "start": 187120.0,
        "end": 188364.0,
        "audio": "content/segments/25/73.ogg"
    },
    {
        "ID": "74",
        "gender": "M",
        "age": "A",
        "character_name": "سەعید",
        "text": "مردوو مرێ قابیلە من بچم بەکۆڵ لەوێوە یٔەو کابرایە بێنم",
        "text_original": "مردوو مرێ قابیلە من بچم بەکۆڵ لەوێوە یٔەو کابرایە بێنم",
        "start": 188364.0,
        "end": 190690.0,
        "audio": "content/segments/25/74.ogg"
    },
    {
        "ID": "75",
        "gender": "M",
        "age": "A",
        "character_name": "غەنی",
        "text": "دە ئیشەڵا ئەو دوو هەزارە ئەیەن بە دەرزی و دەرمان",
        "text_original": "دە ئیشەڵا ئەو دوو هەزارە ئەیەن بە دەرزی و دەرمان",
        "start": 190690.0,
        "end": 193242.0,
        "audio": "content/segments/25/75.ogg"
    },
    {
        "ID": "76",
        "gender": "M",
        "age": "A",
        "character_name": "سەعید",
        "text": "ئەیا بە هەرشتێ ناییا، یەڵە دەی",
        "text_original": "ئەیا بە هەرشتێ ناییا، یەڵە دەی",
        "start": 193242.0,
        "end": 194820.0,
        "audio": "content/segments/25/76.ogg"
    },
    {
        "ID": "77",
        "gender": "NA",
        "age": "NA",
        "character_name": "NA",
        "text": "خەمھ نەبێ",
        "text_original": "خەمھ نەبێ",
        "start": 194820.0,
        "end": 197274.0,
        "audio": "content/segments/25/77.ogg"
    },
    {
        "ID": "78",
        "gender": "NA",
        "age": "NA",
        "character_name": "NA",
        "text": "خەم نەبێ",
        "text_original": "خەم نەبێ",
        "start": 197274.0,
        "end": 199455.0,
        "audio": "content/segments/25/78.ogg"
    },
    {
        "ID": "79",
        "gender": "M",
        "age": "A",
        "character_name": "سەعید",
        "text": "پێم وتی حیوارەکان نییە جوان جوان",
        "text_original": "پێم وتی حیوارەکان نییە جوان جوان",
        "start": 199537.0,
        "end": 201568.0,
        "audio": "content/segments/25/79.ogg"
    },
    {
        "ID": "80",
        "gender": "M",
        "age": "A",
        "character_name": "سەعید",
        "text": "لە بەینی خۆمانا بەشی ئەکەین وەکو برا (فیکە لێدان)",
        "text_original": "لە بەینی خۆمانا بەشی ئەکەین وەکو برا (فیکە لێدان)",
        "start": 201568.0,
        "end": 203553.0,
        "audio": "content/segments/25/80.ogg"
    },
    {
        "ID": "81",
        "gender": "NA",
        "age": "NA",
        "character_name": "NA",
        "text": "یٔای، بێنە",
        "text_original": "یٔای، بێنە",
        "start": 203553.0,
        "end": 205289.0,
        "audio": "content/segments/25/81.ogg"
    },
    {
        "ID": "82",
        "gender": "M",
        "age": "A",
        "character_name": "پیاوی4",
        "text": "ئەمە چی بەشەکەن لە بەینی خۆتانا ئەفەنی",
        "text_original": "ئەمە چی بەشەکەن لە بەینی خۆتانا ئەفەنی",
        "start": 205289.0,
        "end": 207724.0,
        "audio": "content/segments/25/82.ogg"
    },
    {
        "ID": "83",
        "gender": "M",
        "age": "A",
        "character_name": "سەعید",
        "text": "ئا وەڵا هین، ئەو شتە ئەوە چی بوو، حەقیبەی وزاری",
        "text_original": "ئا وەڵا هین، ئەو شتە ئەوە چی بوو، حەقیبەی وزاری",
        "start": 208014.0,
        "end": 213152.0,
        "audio": "content/segments/25/83.ogg"
    },
    {
        "ID": "84",
        "gender": "M",
        "age": "A",
        "character_name": "پیاوی4",
        "text": "وەڵای ئەڵێی بە یەک شەق سی و دوو دانی بخەمە دەمیەوە",
        "text_original": "وەڵای ئەڵێی بە یەک شەق سی و دوو دانی بخەمە دەمیەوە",
        "start": 213503.0,
        "end": 216121.0,
        "audio": "content/segments/25/84.ogg"
    },
    {
        "ID": "85",
        "gender": "M",
        "age": "A",
        "character_name": "سەعید",
        "text": "وەڵای ناتوانی",
        "text_original": "وەڵای ناتوانی",
        "start": 216205.0,
        "end": 217395.0,
        "audio": "content/segments/25/85.ogg"
    },
    {
        "ID": "86",
        "gender": "M",
        "age": "A",
        "character_name": "سەعید",
        "text": "ئەزانی بۆ، چونکە خۆی لە ئەسڵا سی و یەک دانم هەیە",
        "text_original": "ئەزانی بۆ، چونکە خۆی لە ئەسڵا سی و یەک دانم هەیە",
        "start": 217663.0,
        "end": 220610.0,
        "audio": "content/segments/25/86.ogg"
    },
    {
        "ID": "87",
        "gender": "M",
        "age": "A",
        "character_name": "پیاوی4",
        "text": "ئۆه، وەڵاهی کورە خۆ بەقورعان ئەوەنە هیلاچیشم قاچم توانای شەقی نەماوە",
        "text_original": "ئۆه، وەڵاهی کورە خۆ بەقورعان ئەوەنە هیلاچیشم قاچم توانای شەقی نەماوە",
        "start": 221185.0,
        "end": 226480.0,
        "audio": "content/segments/25/87.ogg"
    },
    {
        "ID": "88",
        "gender": "M",
        "age": "A",
        "character_name": "پیاوی4",
        "text": "ئا تۆ دانیشن، دانیشن فەرموون",
        "text_original": "ئا تۆ دانیشن، دانیشن فەرموون",
        "start": 226872.0,
        "end": 229339.0,
        "audio": "content/segments/25/88.ogg"
    },
    {
        "ID": "89",
        "gender": "NA",
        "age": "NA",
        "character_name": "NA",
        "text": "بەخێربێی یاخوا",
        "text_original": "بەخێربێی یاخوا",
        "start": 229492.0,
        "end": 231270.0,
        "audio": "content/segments/25/89.ogg"
    },
    {
        "ID": "90",
        "gender": "M",
        "age": "A",
        "character_name": "پیاوی4",
        "text": "خۆشبی یاخوا",
        "text_original": "خۆشبی یاخوا",
        "start": 231270.0,
        "end": 231941.0,
        "audio": "content/segments/25/90.ogg"
    },
    {
        "ID": "91",
        "gender": "M",
        "age": "A",
        "character_name": "سەعید",
        "text": "ئەرێ پێش تۆ دوو حەز حەزیکەی لێ بوو دیار نین ماوەیەکە",
        "text_original": "ئەرێ پێش تۆ دوو حەز حەزیکەی لێ بوو دیار نین ماوەیەکە",
        "start": 231941.0,
        "end": 235646.0,
        "audio": "content/segments/25/91.ogg"
    },
    {
        "ID": "92",
        "gender": "M",
        "age": "A",
        "character_name": "پیاوی4",
        "text": "ئوو ئەوانە، کورە ئێستە ئەوانە پێگەین خۆیان گرت لە دەورەیان",
        "text_original": "ئوو ئەوانە، کورە ئێستە ئەوانە پێگەین خۆیان گرت لە دەورەیان",
        "start": 235646.0,
        "end": 241556.0,
        "audio": "content/segments/25/92.ogg"
    },
    {
        "ID": "93",
        "gender": "M",
        "age": "A",
        "character_name": "سەعید",
        "text": "دەورەی چی",
        "text_original": "دەورەی چی",
        "start": 241671.0,
        "end": 242771.0,
        "audio": "content/segments/25/93.ogg"
    },
    {
        "ID": "94",
        "gender": "M",
        "age": "A",
        "character_name": "پیاوی4",
        "text": "دەورە دەورە",
        "text_original": "دەورە دەورە",
        "start": 243328.0,
        "end": 244385.0,
        "audio": "content/segments/25/94.ogg"
    },
    {
        "ID": "95",
        "gender": "M",
        "age": "A",
        "character_name": "سەعید",
        "text": "یاعنی هینەکەن، ئا دەورە تازەکە",
        "text_original": "یاعنی هینەکەن، ئا دەورە تازەکە",
        "start": 244523.0,
        "end": 246792.0,
        "audio": "content/segments/25/95.ogg"
    },
    {
        "ID": "96",
        "gender": "M",
        "age": "A",
        "character_name": "سەعید",
        "text": "باشە ئەوان حیمایەی ئائەم کەلاوە کۆنەیان پێناکرێ",
        "text_original": "باشە ئەوان حیمایەی ئائەم کەلاوە کۆنەیان پێناکرێ",
        "start": 246899.0,
        "end": 250374.0,
        "audio": "content/segments/25/96.ogg"
    },
    {
        "ID": "97",
        "gender": "M",
        "age": "A",
        "character_name": "سەعید",
        "text": "ئا ئێستە ئەیانێرن بۆ بۆ ئەو شوێنانە بۆ ئەو حدودانە چیەکەن",
        "text_original": "ئا ئێستە ئەیانێرن بۆ بۆ ئەو شوێنانە بۆ ئەو حدودانە چیەکەن",
        "start": 250374.0,
        "end": 253410.0,
        "audio": "content/segments/25/97.ogg"
    },
    {
        "ID": "98",
        "gender": "M",
        "age": "A",
        "character_name": "پیاوی4",
        "text": "ئاخر ئەوانە تەدریبیان پێیەکەن ئەی چۆن",
        "text_original": "ئاخر ئەوانە تەدریبیان پێیەکەن ئەی چۆن",
        "start": 253519.0,
        "end": 256124.00000000003,
        "audio": "content/segments/25/98.ogg"
    },
    {
        "ID": "99",
        "gender": "M",
        "age": "A",
        "character_name": "سەعید",
        "text": "ئا لەوانەیە فێربن",
        "text_original": "ئا لەوانەیە فێربن",
        "start": 256124.00000000003,
        "end": 257295.00000000003,
        "audio": "content/segments/25/99.ogg"
    },
    {
        "ID": "100",
        "gender": "M",
        "age": "A",
        "character_name": "غەنی",
        "text": "ئا دەیاخوا، لەشیان ساغ بێ بۆ موکافەئە",
        "text_original": "ئا دەیاخوا، لەشیان ساغ بێ بۆ موکافەئە",
        "start": 257295.00000000003,
        "end": 260771.00000000003,
        "audio": "content/segments/25/100.ogg"
    },
    {
        "ID": "101",
        "gender": "M",
        "age": "A",
        "character_name": "پیاوی4",
        "text": "کورە موکافئەی چی، وەڵاهی هەر قسەیە و هیچیتر",
        "text_original": "کورە موکافئەی چی، وەڵاهی هەر قسەیە و هیچیتر",
        "start": 261242.00000000003,
        "end": 264132.0,
        "audio": "content/segments/25/101.ogg"
    },
    {
        "ID": "102",
        "gender": "M",
        "age": "A",
        "character_name": "پیاوی4",
        "text": "برانەڕۆ کە هیلاکم، دوو سەعات و بیست و پێنج دەقەیە بە ڕێگاوەم",
        "text_original": "برانەڕۆ کە هیلاکم، دوو سەعات و بیست و پێنج دەقەیە بە ڕێگاوەم",
        "start": 265244.0,
        "end": 270213.0,
        "audio": "content/segments/25/102.ogg"
    },
    {
        "ID": "103",
        "gender": "M",
        "age": "A",
        "character_name": "پیاوی4",
        "text": "پشتم شکا، کورە قیروسیا لە ڕێگاکەش هەورازە هەوراز",
        "text_original": "پشتم شکا، کورە قیروسیا لە ڕێگاکەش هەورازە هەوراز",
        "start": 270452.0,
        "end": 274781.0,
        "audio": "content/segments/25/103.ogg"
    },
    {
        "ID": "104",
        "gender": "M",
        "age": "A",
        "character_name": "سەعید",
        "text": "یٔێ چوێرایم دایە پۆلیسی وڵاتان بە یٔەلی کۆپتەر یٔەچن",
        "text_original": "یٔێ چوێرایم دایە پۆلیسی وڵاتان بە یٔەلی کۆپتەر یٔەچن",
        "start": 274874.0,
        "end": 278304.0,
        "audio": "content/segments/25/104.ogg"
    },
    {
        "ID": "105",
        "gender": "M",
        "age": "A",
        "character_name": "سەعید",
        "text": "سەرپەرشتی ئەو شتانە ئەکەن، ئەمانەی ئێمەش تا ماون هەر مەشاد ئەبن",
        "text_original": "سەرپەرشتی ئەو شتانە ئەکەن، ئەمانەی ئێمەش تا ماون هەر مەشاد ئەبن",
        "start": 278304.0,
        "end": 281967.0,
        "audio": "content/segments/25/105.ogg"
    },
    {
        "ID": "106",
        "gender": "M",
        "age": "A",
        "character_name": "غەنی",
        "text": "ئەی باشە، یاعنی ئێوە سەیارەو شتی واتان نییە",
        "text_original": "ئەی باشە، یاعنی ئێوە سەیارەو شتی واتان نییە",
        "start": 282254.0,
        "end": 284856.0,
        "audio": "content/segments/25/106.ogg"
    },
    {
        "ID": "107",
        "gender": "M",
        "age": "A",
        "character_name": "پیاوی4",
        "text": "با، با هەیانە دە دوازدە سەیارەی علوجیان ڕاگرتوە",
        "text_original": "با، با هەیانە دە دوازدە سەیارەی علوجیان ڕاگرتوە",
        "start": 285237.0,
        "end": 289219.0,
        "audio": "content/segments/25/107.ogg"
    },
    {
        "ID": "108",
        "gender": "M",
        "age": "A",
        "character_name": "پیاوی4",
        "text": "بەڵام بۆ یٔیشوکاری تایبەت بەکاری یٔەهێنن خۆ بۆ یٔێمە نیە (فیکە لێدان)",
        "text_original": "بەڵام بۆ یٔیشوکاری تایبەت بەکاری یٔەهێنن خۆ بۆ یٔێمە نیە (فیکە لێدان)",
        "start": 289533.0,
        "end": 292747.0,
        "audio": "content/segments/25/108.ogg"
    },
    {
        "ID": "110",
        "gender": "M",
        "age": "A",
        "character_name": "غەنی",
        "text": "بەخوا شتێ بوە",
        "text_original": "بەخوا شتێ بوە",
        "start": 297231.0,
        "end": 298318.0,
        "audio": "content/segments/25/110.ogg"
    },
    {
        "ID": "112",
        "gender": "M",
        "age": "A",
        "character_name": "سەعید",
        "text": "غەنی لەو فیکانە زۆرئەترسم",
        "text_original": "غەنی لەو فیکانە زۆرئەترسم",
        "start": 300258.0,
        "end": 301889.0,
        "audio": "content/segments/25/112.ogg"
    },
    {
        "ID": "113",
        "gender": "M",
        "age": "A",
        "character_name": "غەنی",
        "text": "لە چیە ترسی",
        "text_original": "لە چیە ترسی",
        "start": 301889.0,
        "end": 302823.0,
        "audio": "content/segments/25/113.ogg"
    },
    {
        "ID": "114",
        "gender": "M",
        "age": "A",
        "character_name": "سەعید",
        "text": "ئەو فیکەیە ئەترسم هەمووی فشە بێ",
        "text_original": "ئەو فیکەیە ئەترسم هەمووی فشە بێ",
        "start": 302823.0,
        "end": 304845.0,
        "audio": "content/segments/25/114.ogg"
    },
    {
        "ID": "115",
        "gender": "M",
        "age": "A",
        "character_name": "غەنی",
        "text": "ئەی دەس و دەمھ خۆشبێ",
        "text_original": "ئەی دەس و دەمھ خۆشبێ",
        "start": 304865.0,
        "end": 306301.0,
        "audio": "content/segments/25/115.ogg"
    },
    {
        "ID": "116",
        "gender": "M",
        "age": "A",
        "character_name": "غەنی",
        "text": "پیاوی ئاقڵ ئەوەیە لە فشە بترسێ نەک لە حەقیقەت",
        "text_original": "پیاوی ئاقڵ ئەوەیە لە فشە بترسێ نەک لە حەقیقەت",
        "start": 306599.0,
        "end": 310085.0,
        "audio": "content/segments/25/116.ogg"
    },
    {
        "ID": "117",
        "gender": "M",
        "age": "A",
        "character_name": "سەعید",
        "text": "ئەوە غەنی چیەخۆی وا عاقڵ بووی",
        "text_original": "ئەوە غەنی چیەخۆی وا عاقڵ بووی",
        "start": 310379.0,
        "end": 312134.0,
        "audio": "content/segments/25/117.ogg"
    },
    {
        "ID": "118",
        "gender": "M",
        "age": "A",
        "character_name": "غەنی",
        "text": "وەڵا ئاو زۆر ئەخۆم",
        "text_original": "وەڵا ئاو زۆر ئەخۆم",
        "start": 312147.0,
        "end": 313156.0,
        "audio": "content/segments/25/118.ogg"
    },
    {
        "ID": "119",
        "gender": "M",
        "age": "A",
        "character_name": "سەعید",
        "text": "یٔەمە بەمە هەموە شتە یٔەزانی",
        "text_original": "یٔەمە بەمە هەموە شتە یٔەزانی",
        "start": 313427.0,
        "end": 314780.0,
        "audio": "content/segments/25/119.ogg"
    },
    {
        "ID": "120",
        "gender": "M",
        "age": "A",
        "character_name": "غەنی",
        "text": "هھ، نەوەڵا نازانم",
        "text_original": "هھ، نەوەڵا نازانم",
        "start": 314805.0,
        "end": 316150.0,
        "audio": "content/segments/25/120.ogg"
    },
    {
        "ID": "121",
        "gender": "M",
        "age": "A",
        "character_name": "پیاوی5",
        "text": "مەرحەبا ئخوان",
        "text_original": "مەرحەبا ئخوان",
        "start": 316730.0,
        "end": 317979.0,
        "audio": "content/segments/25/121.ogg"
    },
    {
        "ID": "122",
        "gender": "M",
        "age": "A",
        "character_name": "پیاوی6",
        "text": "سەباحە خێر ئخوان",
        "text_original": "سەباحە خێر ئخوان",
        "start": 318507.0,
        "end": 319871.0,
        "audio": "content/segments/25/122.ogg"
    },
    {
        "ID": "123",
        "gender": "M",
        "age": "A",
        "character_name": "سەعید",
        "text": "بەخێربێن یاخوا، فەرموون",
        "text_original": "بەخێربێن یاخوا، فەرموون",
        "start": 320234.0,
        "end": 321964.0,
        "audio": "content/segments/25/123.ogg"
    },
    {
        "ID": "124",
        "gender": "M",
        "age": "A",
        "character_name": "پیاوی5",
        "text": "ئەڵا، شەریک چیم بۆ دۆزیویتەتەوە ئەها بەهەشتە بەهەشت",
        "text_original": "ئەڵا، شەریک چیم بۆ دۆزیویتەتەوە ئەها بەهەشتە بەهەشت",
        "start": 325722.0,
        "end": 332181.0,
        "audio": "content/segments/25/124.ogg"
    },
    {
        "ID": "125",
        "gender": "M",
        "age": "A",
        "character_name": "غەنی",
        "text": "میوان پێڵاوی سەر سەر و سەر چاومان",
        "text_original": "میوان پێڵاوی سەر سەر و سەر چاومان",
        "start": 332480.0,
        "end": 334887.0,
        "audio": "content/segments/25/125.ogg"
    },
    {
        "ID": "126",
        "gender": "M",
        "age": "A",
        "character_name": "پیاوی6",
        "text": "میوان نییە، ئێرە موڵکی خۆمانە",
        "text_original": "میوان نییە، ئێرە موڵکی خۆمانە",
        "start": 335730.0,
        "end": 338656.0,
        "audio": "content/segments/25/126.ogg"
    },
    {
        "ID": "127",
        "gender": "M",
        "age": "A",
        "character_name": "غەنی",
        "text": "ئەفەرمووی چی",
        "text_original": "ئەفەرمووی چی",
        "start": 338780.0,
        "end": 340029.0,
        "audio": "content/segments/25/127.ogg"
    },
    {
        "ID": "128",
        "gender": "M",
        "age": "A",
        "character_name": "سەعید",
        "text": "ئەفەرموێ ئێمە میوان نین و ئێرە موڵچی خۆمانەو",
        "text_original": "ئەفەرموێ ئێمە میوان نین و ئێرە موڵچی خۆمانەو",
        "start": 340236.0,
        "end": 343278.0,
        "audio": "content/segments/25/128.ogg"
    },
    {
        "ID": "129",
        "gender": "M",
        "age": "A",
        "character_name": "سەعید",
        "text": "چاوو دەرەهاو بۆ تێناگەی",
        "text_original": "چاوو دەرەهاو بۆ تێناگەی",
        "start": 343310.0,
        "end": 344746.0,
        "audio": "content/segments/25/129.ogg"
    },
    {
        "ID": "130",
        "gender": "M",
        "age": "A",
        "character_name": "پیاوی5",
        "text": "شەریک ئەها",
        "text_original": "شەریک ئەها",
        "start": 344970.0,
        "end": 346698.0,
        "audio": "content/segments/25/130.ogg"
    },
    {
        "ID": "131",
        "gender": "M",
        "age": "A",
        "character_name": "پیاوی5",
        "text": "نەفت، نەفت",
        "text_original": "نەفت، نەفت",
        "start": 354475.0,
        "end": 356077.0,
        "audio": "content/segments/25/131.ogg"
    },
    {
        "ID": "132",
        "gender": "M",
        "age": "A",
        "character_name": "سەعید",
        "text": "ئنجا چییە، شتی لەوە موهیمترمان هەیە بەساقە",
        "text_original": "ئنجا چییە، شتی لەوە موهیمترمان هەیە بەساقە",
        "start": 357432.0,
        "end": 360157.0,
        "audio": "content/segments/25/132.ogg"
    },
    {
        "ID": "133",
        "gender": "M",
        "age": "A",
        "character_name": "پیاوی5",
        "text": "چیتان هەیە لەوە موهیمتر",
        "text_original": "چیتان هەیە لەوە موهیمتر",
        "start": 361052.0,
        "end": 362503.0,
        "audio": "content/segments/25/133.ogg"
    },
    {
        "ID": "134",
        "gender": "M",
        "age": "A",
        "character_name": "سەعید",
        "text": "شتی زۆر موهیمان هەیە ئەی چۆن",
        "text_original": "شتی زۆر موهیمان هەیە ئەی چۆن",
        "start": 362630.0,
        "end": 364269.0,
        "audio": "content/segments/25/134.ogg"
    },
    {
        "ID": "135",
        "gender": "M",
        "age": "A",
        "character_name": "پیاوی5",
        "text": "ئێ ئاڵتوون",
        "text_original": "ئێ ئاڵتوون",
        "start": 364372.0,
        "end": 365428.0,
        "audio": "content/segments/25/135.ogg"
    },
    {
        "ID": "136",
        "gender": "M",
        "age": "A",
        "character_name": "سەعید",
        "text": "نە بابە ئاڵتوون ئیمانمان پێی نییە",
        "text_original": "نە بابە ئاڵتوون ئیمانمان پێی نییە",
        "start": 365428.0,
        "end": 367357.0,
        "audio": "content/segments/25/136.ogg"
    },
    {
        "ID": "137",
        "gender": "M",
        "age": "A",
        "character_name": "پیاوی6",
        "text": "ئەڵماس",
        "text_original": "ئەڵماس",
        "start": 367491.0,
        "end": 368185.0,
        "audio": "content/segments/25/137.ogg"
    },
    {
        "ID": "138",
        "gender": "M",
        "age": "A",
        "character_name": "غەنی",
        "text": "نانا ئەڵماس نا هین",
        "text_original": "نانا ئەڵماس نا هین",
        "start": 368301.0,
        "end": 369831.0,
        "audio": "content/segments/25/138.ogg"
    },
    {
        "ID": "139",
        "gender": "M",
        "age": "A",
        "character_name": "پیاوی5",
        "text": "ئەی یۆرانیۆم",
        "text_original": "ئەی یۆرانیۆم",
        "start": 369859.0,
        "end": 371220.0,
        "audio": "content/segments/25/139.ogg"
    },
    {
        "ID": "140",
        "gender": "M",
        "age": "A",
        "character_name": "سەعید",
        "text": "نا من نەمبیستوە شتی وا هەبێ",
        "text_original": "نا من نەمبیستوە شتی وا هەبێ",
        "start": 371220.0,
        "end": 372945.0,
        "audio": "content/segments/25/140.ogg"
    },
    {
        "ID": "141",
        "gender": "M",
        "age": "A",
        "character_name": "سەعید",
        "text": "کاکە جیان ئەزانی چۆنە، ئێمە بە دوو شت مەشهورین",
        "text_original": "کاکە جیان ئەزانی چۆنە، ئێمە بە دوو شت مەشهورین",
        "start": 372945.0,
        "end": 376101.0,
        "audio": "content/segments/25/141.ogg"
    },
    {
        "ID": "142",
        "gender": "M",
        "age": "A",
        "character_name": "سەعید",
        "text": "بە نەوت و بە هین، قەبری جەماعی",
        "text_original": "بە نەوت و بە هین، قەبری جەماعی",
        "start": 376472.0,
        "end": 379621.0,
        "audio": "content/segments/25/142.ogg"
    },
    {
        "ID": "143",
        "gender": "M",
        "age": "A",
        "character_name": "پیاوی5",
        "text": "مەعەل ئەسەف، یاعنی ئاڵتونتان نییە",
        "text_original": "مەعەل ئەسەف، یاعنی ئاڵتونتان نییە",
        "start": 379756.0,
        "end": 382066.0,
        "audio": "content/segments/25/143.ogg"
    },
    {
        "ID": "144",
        "gender": "M",
        "age": "A",
        "character_name": "سەعید",
        "text": "نە بەخوا نەمبیستوە",
        "text_original": "نە بەخوا نەمبیستوە",
        "start": 382066.0,
        "end": 383258.0,
        "audio": "content/segments/25/144.ogg"
    },
    {
        "ID": "145",
        "gender": "M",
        "age": "A",
        "character_name": "پیاوی5",
        "text": "کەواتە هیچ",
        "text_original": "کەواتە هیچ",
        "start": 383349.0,
        "end": 384334.0,
        "audio": "content/segments/25/145.ogg"
    },
    {
        "ID": "146",
        "gender": "M",
        "age": "A",
        "character_name": "غەنی",
        "text": "یاعنی ئەڕۆن",
        "text_original": "یاعنی ئەڕۆن",
        "start": 384486.0,
        "end": 385554.0,
        "audio": "content/segments/25/146.ogg"
    },
    {
        "ID": "147",
        "gender": "M",
        "age": "A",
        "character_name": "پیاوی6",
        "text": "نەوەڵا ناڕۆین، ئەگەر بڕۆین ئێوە زەرەر ئەکەن",
        "text_original": "نەوەڵا ناڕۆین، ئەگەر بڕۆین ئێوە زەرەر ئەکەن",
        "start": 385696.0,
        "end": 388632.0,
        "audio": "content/segments/25/147.ogg"
    },
    {
        "ID": "148",
        "gender": "M",
        "age": "A",
        "character_name": "غەنی",
        "text": "چی چی چی",
        "text_original": "چی چی چی",
        "start": 388800.0,
        "end": 390094.0,
        "audio": "content/segments/25/148.ogg"
    },
    {
        "ID": "149",
        "gender": "M",
        "age": "A",
        "character_name": "پیاوی5",
        "text": "زەرەر ئەکەن",
        "text_original": "زەرەر ئەکەن",
        "start": 390246.0,
        "end": 391174.0,
        "audio": "content/segments/25/149.ogg"
    },
    {
        "ID": "150",
        "gender": "M",
        "age": "A",
        "character_name": "پیاوی5",
        "text": "یەعنی ئێمە برۆین ئێوە لەجامیعە وەرناجیرێن",
        "text_original": "یەعنی ئێمە برۆین ئێوە لەجامیعە وەرناجیرێن",
        "start": 391396.0,
        "end": 394404.0,
        "audio": "content/segments/25/150.ogg"
    },
    {
        "ID": "151",
        "gender": "M",
        "age": "A",
        "character_name": "غەنی",
        "text": "ئنجا جامیعە چییە، ئەچین بۆ مەحەدەکەی کەلار",
        "text_original": "ئنجا جامیعە چییە، ئەچین بۆ مەحەدەکەی کەلار",
        "start": 394701.0,
        "end": 397474.0,
        "audio": "content/segments/25/151.ogg"
    },
    {
        "ID": "152",
        "gender": "M",
        "age": "A",
        "character_name": "پیاوی5",
        "text": "بابە قەزدمان جامیعەی دوەلی عەڕەبی ئەڵێم وەرناگیرێن",
        "text_original": "بابە قەزدمان جامیعەی دوەلی عەڕەبی ئەڵێم وەرناگیرێن",
        "start": 398232.0,
        "end": 402517.0,
        "audio": "content/segments/25/152.ogg"
    },
    {
        "ID": "153",
        "gender": "M",
        "age": "A",
        "character_name": "پیاوی6",
        "text": "ڕاستەکا وەرناگیرێن",
        "text_original": "ڕاستەکا وەرناگیرێن",
        "start": 402873.0,
        "end": 404357.0,
        "audio": "content/segments/25/153.ogg"
    },
    {
        "ID": "154",
        "gender": "M",
        "age": "A",
        "character_name": "غەنی",
        "text": "یاعنی لە جامیعەی عەڕەبی وەرناجیرێین",
        "text_original": "یاعنی لە جامیعەی عەڕەبی وەرناجیرێین",
        "start": 404357.0,
        "end": 406365.0,
        "audio": "content/segments/25/154.ogg"
    },
    {
        "ID": "155",
        "gender": "M",
        "age": "A",
        "character_name": "سەعید",
        "text": "باشە وا لەوێ وەرنەجیراین، ئەی بە قبوڵ خاس بۆ وەرمان ناگرن",
        "text_original": "باشە وا لەوێ وەرنەجیراین، ئەی بە قبوڵ خاس بۆ وەرمان ناگرن",
        "start": 406683.0,
        "end": 410511.0,
        "audio": "content/segments/25/155.ogg"
    },
    {
        "ID": "156",
        "gender": "M",
        "age": "A",
        "character_name": "پیاوی6",
        "text": "بۆ قبوڵ خاس دوو شەرتمان هەیە",
        "text_original": "بۆ قبوڵ خاس دوو شەرتمان هەیە",
        "start": 410942.0,
        "end": 412887.0,
        "audio": "content/segments/25/156.ogg"
    },
    {
        "ID": "157",
        "gender": "M",
        "age": "A",
        "character_name": "سەعید",
        "text": "ئێ",
        "text_original": "ئێ",
        "start": 413067.0,
        "end": 413827.0,
        "audio": "content/segments/25/157.ogg"
    },
    {
        "ID": "158",
        "gender": "M",
        "age": "A",
        "character_name": "پیاوی6",
        "text": "شەرتی یەکەم",
        "text_original": "شەرتی یەکەم",
        "start": 413923.0,
        "end": 414869.0,
        "audio": "content/segments/25/158.ogg"
    },
    {
        "ID": "160",
        "gender": "M",
        "age": "A",
        "character_name": "پیاوی6",
        "text": "ئەرێ ئەوە چییە (فیکە لێدان)",
        "text_original": "ئەرێ ئەوە چییە (فیکە لێدان)",
        "start": 417451.0,
        "end": 418767.0,
        "audio": "content/segments/25/160.ogg"
    },
    {
        "ID": "161",
        "gender": "M",
        "age": "A",
        "character_name": "غەنی",
        "text": "مارێنزە، مارێنز",
        "text_original": "مارێنزە، مارێنز",
        "start": 418790.0,
        "end": 420191.0,
        "audio": "content/segments/25/161.ogg"
    },
    {
        "ID": "162",
        "gender": "M",
        "age": "A",
        "character_name": "پیاوی6",
        "text": "مارێنز",
        "text_original": "مارێنز",
        "start": 420233.0,
        "end": 421005.0,
        "audio": "content/segments/25/162.ogg"
    },
    {
        "ID": "163",
        "gender": "M",
        "age": "A",
        "character_name": "پیاوی5",
        "text": "چی",
        "text_original": "چی",
        "start": 421005.0,
        "end": 421611.0,
        "audio": "content/segments/25/163.ogg"
    },
    {
        "ID": "164",
        "gender": "M",
        "age": "A",
        "character_name": "پیاوی6",
        "text": "دەبا ڕاکەین",
        "text_original": "دەبا ڕاکەین",
        "start": 421611.0,
        "end": 422562.0,
        "audio": "content/segments/25/164.ogg"
    },
    {
        "ID": "165",
        "gender": "M",
        "age": "A",
        "character_name": "پیاوی5",
        "text": "با ڕاکەین",
        "text_original": "با ڕاکەین",
        "start": 422562.0,
        "end": 423502.0,
        "audio": "content/segments/25/165.ogg"
    },
    {
        "ID": "166",
        "gender": "M",
        "age": "A",
        "character_name": "سەعید",
        "text": "دەی خواحافیزتان بێ",
        "text_original": "دەی خواحافیزتان بێ",
        "start": 423502.0,
        "end": 424882.0,
        "audio": "content/segments/25/166.ogg"
    },
    {
        "ID": "167",
        "gender": "M",
        "age": "A",
        "character_name": "غەنی",
        "text": "بەخوا سەیرە",
        "text_original": "بەخوا سەیرە",
        "start": 426481.0,
        "end": 427695.0,
        "audio": "content/segments/25/167.ogg"
    },
    {
        "ID": "168",
        "gender": "M",
        "age": "A",
        "character_name": "سەعید",
        "text": "چی سەیرە مارێنز",
        "text_original": "چی سەیرە مارێنز",
        "start": 428063.0,
        "end": 429351.0,
        "audio": "content/segments/25/168.ogg"
    },
    {
        "ID": "169",
        "gender": "M",
        "age": "A",
        "character_name": "غەنی",
        "text": "مارێنز ناڵێم کاکە سەعە گیان، ئەم دنیایە ئەڵێم سەیرە دنیا",
        "text_original": "مارێنز ناڵێم کاکە سەعە گیان، ئەم دنیایە ئەڵێم سەیرە دنیا",
        "start": 429454.0,
        "end": 433402.0,
        "audio": "content/segments/25/169.ogg"
    },
    {
        "ID": "170",
        "gender": "M",
        "age": "A",
        "character_name": "کەریم",
        "text": "ئۆۆۆۆ ئەمان ئااااخ",
        "text_original": "ئۆۆۆۆ ئەمان ئااااخ",
        "start": 434983.0,
        "end": 448920.0,
        "audio": "content/segments/25/170.ogg"
    },
    {
        "ID": "171",
        "gender": "M",
        "age": "A",
        "character_name": "کەریم",
        "text": "ئیش کە ئەمڕۆ ڕووی لە هەورازااا، تۆ سەرەو لێژی نەکای",
        "text_original": "ئیش کە ئەمڕۆ ڕووی لە هەورازااا، تۆ سەرەو لێژی نەکای",
        "start": 449484.0,
        "end": 460926.0,
        "audio": "content/segments/25/171.ogg"
    },
    {
        "ID": "172",
        "gender": "M",
        "age": "A",
        "character_name": "کەریم",
        "text": "پیری وتی شێێێت هەر بە دوعا و نوێژی نەکاااای جیان",
        "text_original": "پیری وتی شێێێت هەر بە دوعا و نوێژی نەکاااای جیان",
        "start": 462291.0,
        "end": 473678.0,
        "audio": "content/segments/25/172.ogg"
    },
    {
        "ID": "173",
        "gender": "M",
        "age": "A",
        "character_name": "کەریم",
        "text": "سەعە، سەعە ئەوە لە چوێی",
        "text_original": "سەعە، سەعە ئەوە لە چوێی",
        "start": 474219.0,
        "end": 477335.0,
        "audio": "content/segments/25/173.ogg"
    },
    {
        "ID": "174",
        "gender": "M",
        "age": "A",
        "character_name": "سەعید",
        "text": "ئەمەتا ئەلێرەم چیت ئەوێ کەریم گیان",
        "text_original": "ئەمەتا ئەلێرەم چیت ئەوێ کەریم گیان",
        "start": 477414.0,
        "end": 479924.0,
        "audio": "content/segments/25/174.ogg"
    },
    {
        "ID": "175",
        "gender": "M",
        "age": "A",
        "character_name": "کەریم",
        "text": "مەرحەباتان لێ بێ",
        "text_original": "مەرحەباتان لێ بێ",
        "start": 480241.0,
        "end": 481983.0,
        "audio": "content/segments/25/175.ogg"
    },
    {
        "ID": "176",
        "gender": "NA",
        "age": "NA",
        "character_name": "NA",
        "text": "یاخوا بەخێربێی",
        "text_original": "یاخوا بەخێربێی",
        "start": 482007.0,
        "end": 483673.0,
        "audio": "content/segments/25/176.ogg"
    },
    {
        "ID": "177",
        "gender": "M",
        "age": "A",
        "character_name": "کەریم",
        "text": "سەعە",
        "text_original": "سەعە",
        "start": 483673.0,
        "end": 484466.0,
        "audio": "content/segments/25/177.ogg"
    },
    {
        "ID": "178",
        "gender": "M",
        "age": "A",
        "character_name": "سەعید",
        "text": "جیان",
        "text_original": "جیان",
        "start": 484581.0,
        "end": 485214.0,
        "audio": "content/segments/25/178.ogg"
    },
    {
        "ID": "179",
        "gender": "M",
        "age": "A",
        "character_name": "کەریم",
        "text": "بە شەرەفم، بە شەرەفم تۆ ئەجەلھ هاتوە نەگبەت",
        "text_original": "بە شەرەفم، بە شەرەفم تۆ ئەجەلھ هاتوە نەگبەت",
        "start": 485214.0,
        "end": 489681.0,
        "audio": "content/segments/25/179.ogg"
    },
    {
        "ID": "180",
        "gender": "M",
        "age": "A",
        "character_name": "سەعید",
        "text": "بۆ",
        "text_original": "بۆ",
        "start": 489681.0,
        "end": 490577.0,
        "audio": "content/segments/25/180.ogg"
    },
    {
        "ID": "181",
        "gender": "M",
        "age": "A",
        "character_name": "کەریم",
        "text": "ئەزانی بۆ",
        "text_original": "ئەزانی بۆ",
        "start": 490577.0,
        "end": 492360.0,
        "audio": "content/segments/25/181.ogg"
    },
    {
        "ID": "182",
        "gender": "M",
        "age": "A",
        "character_name": "کەریم",
        "text": "سەعە گیان، بە قسەم بکەو هەستە لەم ناوە مەمێنە و بڕۆ خۆو ونکە",
        "text_original": "سەعە گیان، بە قسەم بکەو هەستە لەم ناوە مەمێنە و بڕۆ خۆو ونکە",
        "start": 493027.0,
        "end": 499648.0,
        "audio": "content/segments/25/182.ogg"
    },
    {
        "ID": "183",
        "gender": "M",
        "age": "A",
        "character_name": "کەریم",
        "text": "بۆ چی بوە",
        "text_original": "بۆ چی بوە",
        "start": 499837.0,
        "end": 500864.0,
        "audio": "content/segments/25/183.ogg"
    },
    {
        "ID": "184",
        "gender": "M",
        "age": "A",
        "character_name": "کەریم",
        "text": "ئەزانی چی",
        "text_original": "ئەزانی چی",
        "start": 501013.0,
        "end": 502398.0,
        "audio": "content/segments/25/184.ogg"
    },
    {
        "ID": "185",
        "gender": "M",
        "age": "A",
        "character_name": "کەریم",
        "text": "خەوم دیوە، خەو",
        "text_original": "خەوم دیوە، خەو",
        "start": 503230.0,
        "end": 505509.0,
        "audio": "content/segments/25/185.ogg"
    },
    {
        "ID": "186",
        "gender": "M",
        "age": "A",
        "character_name": "سەعید",
        "text": "خەوھ بە منەوە دیوە",
        "text_original": "خەوھ بە منەوە دیوە",
        "start": 505570.0,
        "end": 506741.0,
        "audio": "content/segments/25/186.ogg"
    },
    {
        "ID": "187",
        "gender": "M",
        "age": "A",
        "character_name": "کەریم",
        "text": "ئا",
        "text_original": "ئا",
        "start": 506741.0,
        "end": 507553.0,
        "audio": "content/segments/25/187.ogg"
    },
    {
        "ID": "188",
        "gender": "M",
        "age": "A",
        "character_name": "سەعید",
        "text": "سەیری ئەو نەگبەتیە کە، خەڵک پاشا و پیاوی گەورە خەونی پێوە ئەبینێ",
        "text_original": "سەیری ئەو نەگبەتیە کە، خەڵک پاشا و پیاوی گەورە خەونی پێوە ئەبینێ",
        "start": 507567.0,
        "end": 511809.0,
        "audio": "content/segments/25/188.ogg"
    },
    {
        "ID": "189",
        "gender": "M",
        "age": "A",
        "character_name": "سەعید",
        "text": "منیش ئا ئەم سەرخۆشە",
        "text_original": "منیش ئا ئەم سەرخۆشە",
        "start": 511809.0,
        "end": 513238.00000000006,
        "audio": "content/segments/25/189.ogg"
    },
    {
        "ID": "190",
        "gender": "M",
        "age": "A",
        "character_name": "کەریم",
        "text": "خەوی من ڕاستە نەگبەت ئەزانی بۆ",
        "text_original": "خەوی من ڕاستە نەگبەت ئەزانی بۆ",
        "start": 513318.0,
        "end": 517446.0,
        "audio": "content/segments/25/190.ogg"
    },
    {
        "ID": "191",
        "gender": "M",
        "age": "A",
        "character_name": "سەعید",
        "text": "بۆ",
        "text_original": "بۆ",
        "start": 517466.0,
        "end": 517769.0,
        "audio": "content/segments/25/191.ogg"
    },
    {
        "ID": "192",
        "gender": "M",
        "age": "A",
        "character_name": "کەریم",
        "text": "چونکە من دنیام دیوە و، یەک دیووم، یەک دیووم",
        "text_original": "چونکە من دنیام دیوە و، یەک دیووم، یەک دیووم",
        "start": 517769.0,
        "end": 522277.00000000006,
        "audio": "content/segments/25/192.ogg"
    },
    {
        "ID": "193",
        "gender": "M",
        "age": "A",
        "character_name": "سەعید",
        "text": "سی دیە کاکم",
        "text_original": "سی دیە کاکم",
        "start": 522277.00000000006,
        "end": 523298.0,
        "audio": "content/segments/25/193.ogg"
    },
    {
        "ID": "194",
        "gender": "M",
        "age": "A",
        "character_name": "کەریم",
        "text": "نەخێر سی دی و می دی نییە",
        "text_original": "نەخێر سی دی و می دی نییە",
        "start": 523298.0,
        "end": 525981.0,
        "audio": "content/segments/25/194.ogg"
    },
    {
        "ID": "195",
        "gender": "M",
        "age": "A",
        "character_name": "کەریم",
        "text": "ئەزانی چی من ئەولاو لام نییە نەگبەت، من ڕاستم بە قسەم بکە",
        "text_original": "ئەزانی چی من ئەولاو لام نییە نەگبەت، من ڕاستم بە قسەم بکە",
        "start": 526274.0,
        "end": 532225.0,
        "audio": "content/segments/25/195.ogg"
    },
    {
        "ID": "196",
        "gender": "M",
        "age": "A",
        "character_name": "غەنی",
        "text": "بەخوا عارەقی چاکە",
        "text_original": "بەخوا عارەقی چاکە",
        "start": 532225.0,
        "end": 533582.0,
        "audio": "content/segments/25/196.ogg"
    },
    {
        "ID": "197",
        "gender": "M",
        "age": "A",
        "character_name": "کەریم",
        "text": "مەسەلە عارەق نییە، عارەقی چی",
        "text_original": "مەسەلە عارەق نییە، عارەقی چی",
        "start": 533715.0,
        "end": 537358.0,
        "audio": "content/segments/25/197.ogg"
    },
    {
        "ID": "198",
        "gender": "M",
        "age": "A",
        "character_name": "کەریم",
        "text": "ئەزانی چی، بێنە بەقوربان ئەو دەستانەو ماچەکەم، هەستە",
        "text_original": "ئەزانی چی، بێنە بەقوربان ئەو دەستانەو ماچەکەم، هەستە",
        "start": 537854.0,
        "end": 542376.0,
        "audio": "content/segments/25/198.ogg"
    },
    {
        "ID": "199",
        "gender": "M",
        "age": "A",
        "character_name": "کەریم",
        "text": "لێرە بجوێزەرەوە، بێنە",
        "text_original": "لێرە بجوێزەرەوە، بێنە",
        "start": 542376.0,
        "end": 544510.0,
        "audio": "content/segments/25/199.ogg"
    },
    {
        "ID": "200",
        "gender": "M",
        "age": "A",
        "character_name": "سەعید",
        "text": "ئاخر بۆ بڕۆم، چی بوە لێرە",
        "text_original": "ئاخر بۆ بڕۆم، چی بوە لێرە",
        "start": 544510.0,
        "end": 546114.0,
        "audio": "content/segments/25/200.ogg"
    },
    {
        "ID": "201",
        "gender": "M",
        "age": "A",
        "character_name": "کەریم",
        "text": "کاکە جیان ئەم ناوە پڕ بوە لە تیرۆریست",
        "text_original": "کاکە جیان ئەم ناوە پڕ بوە لە تیرۆریست",
        "start": 546151.0,
        "end": 550372.0,
        "audio": "content/segments/25/201.ogg"
    },
    {
        "ID": "202",
        "gender": "M",
        "age": "A",
        "character_name": "سەعید",
        "text": "جا ئێمە حەقمان چییە، ئێمە دوو قوڕبەسەر لەم کەلاوەیا ئەژین",
        "text_original": "جا ئێمە حەقمان چییە، ئێمە دوو قوڕبەسەر لەم کەلاوەیا ئەژین",
        "start": 550566.0,
        "end": 553373.0,
        "audio": "content/segments/25/202.ogg"
    },
    {
        "ID": "203",
        "gender": "M",
        "age": "A",
        "character_name": "کەریم",
        "text": "چۆن حەقیان چییە، دێنن و ئائێرەش ئەتەقێننەوە",
        "text_original": "چۆن حەقیان چییە، دێنن و ئائێرەش ئەتەقێننەوە",
        "start": 553373.0,
        "end": 558169.0,
        "audio": "content/segments/25/203.ogg"
    },
    {
        "ID": "204",
        "gender": "M",
        "age": "A",
        "character_name": "غەنی",
        "text": "جا چی ئەکەن",
        "text_original": "جا چی ئەکەن",
        "start": 558233.0,
        "end": 559361.0,
        "audio": "content/segments/25/204.ogg"
    },
    {
        "ID": "205",
        "gender": "M",
        "age": "A",
        "character_name": "کەریم",
        "text": "چۆن چی ئەکەن ئەیتەقێننەوەو ئەیبەن بە عاسمانا",
        "text_original": "چۆن چی ئەکەن ئەیتەقێننەوەو ئەیبەن بە عاسمانا",
        "start": 559361.0,
        "end": 563171.0,
        "audio": "content/segments/25/205.ogg"
    },
    {
        "ID": "206",
        "gender": "M",
        "age": "A",
        "character_name": "سەعید",
        "text": "باشە وا تەقاندیانەوە و بردیان بە عاسمانا، ئێرە ئەبێ بە چی",
        "text_original": "باشە وا تەقاندیانەوە و بردیان بە عاسمانا، ئێرە ئەبێ بە چی",
        "start": 563286.0,
        "end": 567273.0,
        "audio": "content/segments/25/206.ogg"
    },
    {
        "ID": "207",
        "gender": "M",
        "age": "A",
        "character_name": "کەریم",
        "text": "ئەزانی چی، ئەبێ بە کەلاوە",
        "text_original": "ئەزانی چی، ئەبێ بە کەلاوە",
        "start": 567273.0,
        "end": 570339.0,
        "audio": "content/segments/25/207.ogg"
    }
]