[
    {
        "ID": "2",
        "gender": "M",
        "age": "A",
        "character_name": "پیاوی1",
        "text": "کاکە جیان",
        "text_original": "کاکە جیان",
        "start": 17491.0,
        "end": 18354.0,
        "audio": "content/segments/26/2.ogg"
    },
    {
        "ID": "3",
        "gender": "M",
        "age": "A",
        "character_name": "پیاوی2",
        "text": "ها",
        "text_original": "ها",
        "start": 18397.0,
        "end": 19064.0,
        "audio": "content/segments/26/3.ogg"
    },
    {
        "ID": "4",
        "gender": "M",
        "age": "A",
        "character_name": "پیاوی1",
        "text": "تۆ بچۆرە سەر سوچەکە",
        "text_original": "تۆ بچۆرە سەر سوچەکە",
        "start": 19409.0,
        "end": 20631.0,
        "audio": "content/segments/26/4.ogg"
    },
    {
        "ID": "5",
        "gender": "M",
        "age": "A",
        "character_name": "پیاوی2",
        "text": "سەر سوچەکە",
        "text_original": "سەر سوچەکە",
        "start": 20746.0,
        "end": 21602.0,
        "audio": "content/segments/26/5.ogg"
    },
    {
        "ID": "6",
        "gender": "M",
        "age": "A",
        "character_name": "پیاوی1",
        "text": "ئەگەر سەعە هاو کۆکەیەکمان بۆ بکە",
        "text_original": "ئەگەر سەعە هاو کۆکەیەکمان بۆ بکە",
        "start": 21668.0,
        "end": 23710.0,
        "audio": "content/segments/26/6.ogg"
    },
    {
        "ID": "7",
        "gender": "M",
        "age": "A",
        "character_name": "پیاوی2",
        "text": "سەعە",
        "text_original": "سەعە",
        "start": 23770.0,
        "end": 24473.0,
        "audio": "content/segments/26/7.ogg"
    },
    {
        "ID": "8",
        "gender": "M",
        "age": "A",
        "character_name": "پیاوی1",
        "text": "ئەو کاتە خۆمان تێیەگەین",
        "text_original": "ئەو کاتە خۆمان تێیەگەین",
        "start": 24480.0,
        "end": 25986.0,
        "audio": "content/segments/26/8.ogg"
    },
    {
        "ID": "9",
        "gender": "M",
        "age": "A",
        "character_name": "پیاوی2",
        "text": "باشە باش، باشە باش، باش",
        "text_original": "باشە باش، باشە باش، باش",
        "start": 26037.0,
        "end": 28132.0,
        "audio": "content/segments/26/9.ogg"
    },
    {
        "ID": "11",
        "gender": "M",
        "age": "A",
        "character_name": "پیاوی2",
        "text": "هیچ نەبوو هیچ نەبوو، هەونیە دانیشن دانیشن، دانیش",
        "text_original": "هیچ نەبوو هیچ نەبوو، هەونیە دانیشن دانیشن، دانیش",
        "start": 41840.0,
        "end": 44378.0,
        "audio": "content/segments/26/11.ogg"
    },
    {
        "ID": "12",
        "gender": "M",
        "age": "A",
        "character_name": "پیاوی1",
        "text": "کاچی خۆم، ئەی بۆ ئەکۆکی، خۆ سێو بە ڕۆن نییە",
        "text_original": "کاچی خۆم، ئەی بۆ ئەکۆکی، خۆ سێو بە ڕۆن نییە",
        "start": 44378.0,
        "end": 46787.0,
        "audio": "content/segments/26/12.ogg"
    },
    {
        "ID": "13",
        "gender": "M",
        "age": "A",
        "character_name": "پیاوی2",
        "text": "هیچ نەبوە نا، پڕۆڤەیەکم کرد قورگم خاوێن کردەوە",
        "text_original": "هیچ نەبوە نا، پڕۆڤەیەکم کرد قورگم خاوێن کردەوە",
        "start": 46831.0,
        "end": 49663.0,
        "audio": "content/segments/26/13.ogg"
    },
    {
        "ID": "14",
        "gender": "M",
        "age": "A",
        "character_name": "پیاوی1",
        "text": "دانیشن مەترسن، هەونیە هەونیە",
        "text_original": "دانیشن مەترسن، هەونیە هەونیە",
        "start": 49761.0,
        "end": 51948.0,
        "audio": "content/segments/26/14.ogg"
    },
    {
        "ID": "15",
        "gender": "M",
        "age": "A",
        "character_name": "پیاوی1",
        "text": "یٔێه، یٔنجا با بێینەوە باسی سەعە بکەین",
        "text_original": "یٔێه، یٔنجا با بێینەوە باسی سەعە بکەین",
        "start": 53683.0,
        "end": 57043.0,
        "audio": "content/segments/26/15.ogg"
    },
    {
        "ID": "16",
        "gender": "M",
        "age": "A",
        "character_name": "پیاوی2",
        "text": "(کۆکین)",
        "text_original": "(کۆکین)",
        "start": 65498.99999999999,
        "end": 66827.0,
        "audio": "content/segments/26/16.ogg"
    },
    {
        "ID": "17",
        "gender": "M",
        "age": "A",
        "character_name": "غەنی",
        "text": "پرۆڤەیە، پرۆڤەیە، پڕۆڤە",
        "text_original": "پرۆڤەیە، پرۆڤەیە، پڕۆڤە",
        "start": 66827.0,
        "end": 67788.0,
        "audio": "content/segments/26/17.ogg"
    },
    {
        "ID": "18",
        "gender": "M",
        "age": "A",
        "character_name": "پیاوی2",
        "text": "کورە ڕاستیمە",
        "text_original": "کورە ڕاستیمە",
        "start": 67788.0,
        "end": 68737.0,
        "audio": "content/segments/26/18.ogg"
    },
    {
        "ID": "19",
        "gender": "M",
        "age": "A",
        "character_name": "پیاوی2",
        "text": "(کۆکین)",
        "text_original": "(کۆکین)",
        "start": 68775.0,
        "end": 70762.0,
        "audio": "content/segments/26/19.ogg"
    },
    {
        "ID": "20",
        "gender": "M",
        "age": "A",
        "character_name": "پیاوی2",
        "text": "هات هات، هات",
        "text_original": "هات هات، هات",
        "start": 70874.0,
        "end": 72435.0,
        "audio": "content/segments/26/20.ogg"
    },
    {
        "ID": "21",
        "gender": "M",
        "age": "A",
        "character_name": "پیاوی1",
        "text": "پێم بڵێ ها، ڕاست بڵێ ئەگینا ئەو کوژم، پێم بڵێ دەی",
        "text_original": "پێم بڵێ ها، ڕاست بڵێ ئەگینا ئەو کوژم، پێم بڵێ دەی",
        "start": 72505.0,
        "end": 76762.0,
        "audio": "content/segments/26/21.ogg"
    },
    {
        "ID": "22",
        "gender": "M",
        "age": "A",
        "character_name": "غەنی",
        "text": "کوڕە خوا چوێرم کا، درۆ ناکەم",
        "text_original": "کوڕە خوا چوێرم کا، درۆ ناکەم",
        "start": 76762.0,
        "end": 78840.0,
        "audio": "content/segments/26/22.ogg"
    },
    {
        "ID": "23",
        "gender": "M",
        "age": "A",
        "character_name": "سەعید",
        "text": "سەلاموا عەلەیکم",
        "text_original": "سەلاموا عەلەیکم",
        "start": 80981.0,
        "end": 81977.0,
        "audio": "content/segments/26/23.ogg"
    },
    {
        "ID": "24",
        "gender": "M",
        "age": "A",
        "character_name": "پیاوی2",
        "text": "سەلام بەخێرێی",
        "text_original": "سەلام بەخێرێی",
        "start": 82074.0,
        "end": 83033.0,
        "audio": "content/segments/26/24.ogg"
    },
    {
        "ID": "25",
        "gender": "M",
        "age": "A",
        "character_name": "پیاوی1",
        "text": "عەلەیکومە سەلام",
        "text_original": "عەلەیکومە سەلام",
        "start": 83033.0,
        "end": 84197.0,
        "audio": "content/segments/26/25.ogg"
    },
    {
        "ID": "26",
        "gender": "M",
        "age": "A",
        "character_name": "سەعید",
        "text": "خێرە ئەم جارە چی قەوماوە",
        "text_original": "خێرە ئەم جارە چی قەوماوە",
        "start": 84664.0,
        "end": 86254.0,
        "audio": "content/segments/26/26.ogg"
    },
    {
        "ID": "27",
        "gender": "M",
        "age": "A",
        "character_name": "پیاوی1",
        "text": "پیاو خراپێ لە دەسمان ڕای کرد",
        "text_original": "پیاو خراپێ لە دەسمان ڕای کرد",
        "start": 86446.0,
        "end": 88300.0,
        "audio": "content/segments/26/27.ogg"
    },
    {
        "ID": "28",
        "gender": "M",
        "age": "A",
        "character_name": "غەنی",
        "text": "کەچی ئەڵێ ئیلاو بیلا خۆی کردوە بە کەلاوەکەی ئێوەیا",
        "text_original": "کەچی ئەڵێ ئیلاو بیلا خۆی کردوە بە کەلاوەکەی ئێوەیا",
        "start": 88357.0,
        "end": 91007.0,
        "audio": "content/segments/26/28.ogg"
    },
    {
        "ID": "29",
        "gender": "M",
        "age": "A",
        "character_name": "غەنی",
        "text": "توخوا ئەمە قسەیە کاکە سەعە",
        "text_original": "توخوا ئەمە قسەیە کاکە سەعە",
        "start": 91007.0,
        "end": 92302.0,
        "audio": "content/segments/26/29.ogg"
    },
    {
        "ID": "30",
        "gender": "M",
        "age": "A",
        "character_name": "سەعید",
        "text": "جا تۆ توزانی ئەمە مەخسەی ئەوەیە",
        "text_original": "جا تۆ توزانی ئەمە مەخسەی ئەوەیە",
        "start": 92310.0,
        "end": 93698.0,
        "audio": "content/segments/26/30.ogg"
    },
    {
        "ID": "31",
        "gender": "M",
        "age": "A",
        "character_name": "غەنی",
        "text": "وەڵا خۆی ئێستا وای وت",
        "text_original": "وەڵا خۆی ئێستا وای وت",
        "start": 93721.0,
        "end": 95166.0,
        "audio": "content/segments/26/31.ogg"
    },
    {
        "ID": "32",
        "gender": "M",
        "age": "A",
        "character_name": "سەعید",
        "text": "پیاو خراپ وتت خۆی کردوە بێرەیا",
        "text_original": "پیاو خراپ وتت خۆی کردوە بێرەیا",
        "start": 95835.0,
        "end": 97371.0,
        "audio": "content/segments/26/32.ogg"
    },
    {
        "ID": "33",
        "gender": "M",
        "age": "A",
        "character_name": "پیاوی1",
        "text": "بەڵێ",
        "text_original": "بەڵێ",
        "start": 97381.0,
        "end": 97921.0,
        "audio": "content/segments/26/33.ogg"
    },
    {
        "ID": "34",
        "gender": "M",
        "age": "A",
        "character_name": "سەعید",
        "text": "ئاخر پیاو خراپ چۆن خۆیەکا بە کەلاوەیا",
        "text_original": "ئاخر پیاو خراپ چۆن خۆیەکا بە کەلاوەیا",
        "start": 98201.0,
        "end": 100452.0,
        "audio": "content/segments/26/34.ogg"
    },
    {
        "ID": "35",
        "gender": "M",
        "age": "A",
        "character_name": "سەعید",
        "text": "خۆیەکا بە قەسرو قسورو ڤێلا و مێلایە، تۆ بچۆ شوێنە ڕاقیەکانی بۆ بگەڕێ",
        "text_original": "خۆیەکا بە قەسرو قسورو ڤێلا و مێلایە، تۆ بچۆ شوێنە ڕاقیەکانی بۆ بگەڕێ",
        "start": 100468.0,
        "end": 104576.0,
        "audio": "content/segments/26/35.ogg"
    },
    {
        "ID": "36",
        "gender": "M",
        "age": "A",
        "character_name": "پیاوی1",
        "text": "دەستت بە قسەی زل کردەوە هەتیم",
        "text_original": "دەستت بە قسەی زل کردەوە هەتیم",
        "start": 104725.0,
        "end": 106688.0,
        "audio": "content/segments/26/36.ogg"
    },
    {
        "ID": "37",
        "gender": "M",
        "age": "A",
        "character_name": "سەعید",
        "text": "ئەنجا بەس نییە من قسەی زلم لێیێ",
        "text_original": "ئەنجا بەس نییە من قسەی زلم لێیێ",
        "start": 106869.0,
        "end": 109167.0,
        "audio": "content/segments/26/37.ogg"
    },
    {
        "ID": "38",
        "gender": "M",
        "age": "A",
        "character_name": "سەعید",
        "text": "هەتیو تۆ خۆشت گۆڕیوە",
        "text_original": "هەتیو تۆ خۆشت گۆڕیوە",
        "start": 109312.0,
        "end": 110751.0,
        "audio": "content/segments/26/38.ogg"
    },
    {
        "ID": "39",
        "gender": "M",
        "age": "A",
        "character_name": "سەعید",
        "text": "حەیای قوماش و جل و خەیات هەمووی برد بۆ غەریبی",
        "text_original": "حەیای قوماش و جل و خەیات هەمووی برد بۆ غەریبی",
        "start": 110751.0,
        "end": 114048.0,
        "audio": "content/segments/26/39.ogg"
    },
    {
        "ID": "40",
        "gender": "M",
        "age": "A",
        "character_name": "پیاوی2",
        "text": "لۆ هەتیم جوان نیمە، چییە",
        "text_original": "لۆ هەتیم جوان نیمە، چییە",
        "start": 114187.0,
        "end": 115453.0,
        "audio": "content/segments/26/40.ogg"
    },
    {
        "ID": "41",
        "gender": "M",
        "age": "A",
        "character_name": "غەنی",
        "text": "نانانا، سوعبەتەکا زۆر جوانی وەڵا ماشاڵا یٔەڵێی داری بنێشتی",
        "text_original": "نانانا، سوعبەتەکا زۆر جوانی وەڵا ماشاڵا یٔەڵێی داری بنێشتی",
        "start": 115487.0,
        "end": 118842.0,
        "audio": "content/segments/26/41.ogg"
    },
    {
        "ID": "42",
        "gender": "M",
        "age": "A",
        "character_name": "غەنی",
        "text": "ئەرێ بەڕاست بۆچی خۆتان گۆڕیوە",
        "text_original": "ئەرێ بەڕاست بۆچی خۆتان گۆڕیوە",
        "start": 118891.0,
        "end": 120754.0,
        "audio": "content/segments/26/42.ogg"
    },
    {
        "ID": "43",
        "gender": "M",
        "age": "A",
        "character_name": "سەعید",
        "text": "هینە جەژنی پۆلیسی دەولیە",
        "text_original": "هینە جەژنی پۆلیسی دەولیە",
        "start": 120811.0,
        "end": 122649.0,
        "audio": "content/segments/26/43.ogg"
    },
    {
        "ID": "44",
        "gender": "M",
        "age": "A",
        "character_name": "پیاوی1",
        "text": "نەخێر، بانگ کراوین بۆ ئەو مەولوەی ئەوبەرەوە",
        "text_original": "نەخێر، بانگ کراوین بۆ ئەو مەولوەی ئەوبەرەوە",
        "start": 122741.0,
        "end": 125711.0,
        "audio": "content/segments/26/44.ogg"
    },
    {
        "ID": "45",
        "gender": "M",
        "age": "A",
        "character_name": "سەعید",
        "text": "هەر بە تەنیا خۆت",
        "text_original": "هەر بە تەنیا خۆت",
        "start": 125794.0,
        "end": 126956.0,
        "audio": "content/segments/26/45.ogg"
    },
    {
        "ID": "46",
        "gender": "M",
        "age": "A",
        "character_name": "پیاوی1",
        "text": "ناوەڵا، هەر خۆم بەتەنیا بەڵێ",
        "text_original": "ناوەڵا، هەر خۆم بەتەنیا بەڵێ",
        "start": 126956.0,
        "end": 128852.0,
        "audio": "content/segments/26/46.ogg"
    },
    {
        "ID": "47",
        "gender": "M",
        "age": "A",
        "character_name": "پیاوی1",
        "text": "بەڵێ هەر خۆم بەتەنیا و کەسیش نابەم",
        "text_original": "بەڵێ هەر خۆم بەتەنیا و کەسیش نابەم",
        "start": 128985.99999999999,
        "end": 131629.0,
        "audio": "content/segments/26/47.ogg"
    },
    {
        "ID": "48",
        "gender": "M",
        "age": "A",
        "character_name": "سەعید",
        "text": "ئااا، کەسیش نابەی ئەی ئەم زاتە بۆ خۆی گۆڕیوە",
        "text_original": "ئااا، کەسیش نابەی ئەی ئەم زاتە بۆ خۆی گۆڕیوە",
        "start": 132104.0,
        "end": 135587.0,
        "audio": "content/segments/26/48.ogg"
    },
    {
        "ID": "49",
        "gender": "M",
        "age": "A",
        "character_name": "پیاوی2",
        "text": "ئەمنیش لە خۆشی وی",
        "text_original": "ئەمنیش لە خۆشی وی",
        "start": 135734.0,
        "end": 137318.0,
        "audio": "content/segments/26/49.ogg"
    },
    {
        "ID": "50",
        "gender": "M",
        "age": "A",
        "character_name": "پیاوی2",
        "text": "خۆشی ژینی ئەو، خۆشی ژینمە",
        "text_original": "خۆشی ژینی ئەو، خۆشی ژینمە",
        "start": 137503.0,
        "end": 140110.0,
        "audio": "content/segments/26/50.ogg"
    },
    {
        "ID": "51",
        "gender": "M",
        "age": "A",
        "character_name": "سەعید",
        "text": "خۆشی ژینی ئەو خۆشی ژین، ئادەی تۆ لەسەرم بوەسن",
        "text_original": "خۆشی ژینی ئەو خۆشی ژین، ئادەی تۆ لەسەرم بوەسن",
        "start": 140439.0,
        "end": 144629.0,
        "audio": "content/segments/26/51.ogg"
    },
    {
        "ID": "52",
        "gender": "M",
        "age": "A",
        "character_name": "سەعید",
        "text": "ئەو دێڕەم بیستوە، لە چوێ بیستومە",
        "text_original": "ئەو دێڕەم بیستوە، لە چوێ بیستومە",
        "start": 145493.0,
        "end": 148351.0,
        "audio": "content/segments/26/52.ogg"
    },
    {
        "ID": "53",
        "gender": "M",
        "age": "A",
        "character_name": "سەعید",
        "text": "یٔەوەنە یٔەزانم بە مناڵی مامۆستایێ",
        "text_original": "یٔەوەنە یٔەزانم بە مناڵی مامۆستایێ",
        "start": 148960.0,
        "end": 151417.0,
        "audio": "content/segments/26/53.ogg"
    },
    {
        "ID": "54",
        "gender": "M",
        "age": "A",
        "character_name": "سەعید",
        "text": "بە نوکە شەق و حەیزەران و ترس فێریکردووم",
        "text_original": "بە نوکە شەق و حەیزەران و ترس فێریکردووم",
        "start": 151417.0,
        "end": 154108.0,
        "audio": "content/segments/26/54.ogg"
    },
    {
        "ID": "55",
        "gender": "M",
        "age": "A",
        "character_name": "سەعید",
        "text": "خۆشی ژیانم، خۆشی ژینتە",
        "text_original": "خۆشی ژیانم، خۆشی ژینتە",
        "start": 154493.0,
        "end": 158255.0,
        "audio": "content/segments/26/55.ogg"
    },
    {
        "ID": "56",
        "gender": "M",
        "age": "A",
        "character_name": "غەنی",
        "text": "ئێستا من ئەزانم، من تێگەیشتم",
        "text_original": "ئێستا من ئەزانم، من تێگەیشتم",
        "start": 158423.0,
        "end": 160320.0,
        "audio": "content/segments/26/56.ogg"
    },
    {
        "ID": "57",
        "gender": "M",
        "age": "A",
        "character_name": "غەنی",
        "text": "یاعنی ئەم کوردستانە و، جەنابی ئەمیش زمانحاڵی شعرەکەیەتی",
        "text_original": "یاعنی ئەم کوردستانە و، جەنابی ئەمیش زمانحاڵی شعرەکەیەتی",
        "start": 160473.0,
        "end": 165655.0,
        "audio": "content/segments/26/57.ogg"
    },
    {
        "ID": "58",
        "gender": "M",
        "age": "A",
        "character_name": "پیاوی1",
        "text": "زمانحاڵی چی، ئەو خۆی شاعیرە و هەر خۆشی ئەینوسێ",
        "text_original": "زمانحاڵی چی، ئەو خۆی شاعیرە و هەر خۆشی ئەینوسێ",
        "start": 165762.0,
        "end": 170494.0,
        "audio": "content/segments/26/58.ogg"
    },
    {
        "ID": "59",
        "gender": "M",
        "age": "A",
        "character_name": "سەعید",
        "text": "ئااا، یەعنی تخوا با سوئالێکت لێ بکەم",
        "text_original": "ئااا، یەعنی تخوا با سوئالێکت لێ بکەم",
        "start": 170790.0,
        "end": 173419.0,
        "audio": "content/segments/26/59.ogg"
    },
    {
        "ID": "60",
        "gender": "M",
        "age": "A",
        "character_name": "پیاوی2",
        "text": "فەرموو",
        "text_original": "فەرموو",
        "start": 173419.0,
        "end": 173914.0,
        "audio": "content/segments/26/60.ogg"
    },
    {
        "ID": "61",
        "gender": "M",
        "age": "A",
        "character_name": "سەعید",
        "text": "تۆ لە شاعیرە مەبدەئیەکانی، یان لە فشە کەرەکانی",
        "text_original": "تۆ لە شاعیرە مەبدەئیەکانی، یان لە فشە کەرەکانی",
        "start": 173914.0,
        "end": 177072.0,
        "audio": "content/segments/26/61.ogg"
    },
    {
        "ID": "62",
        "gender": "M",
        "age": "A",
        "character_name": "پیاوی2",
        "text": "کوڕە کاکە ئەوە میلەت قەرار دەدا، ئەمن چوزانم",
        "text_original": "کوڕە کاکە ئەوە میلەت قەرار دەدا، ئەمن چوزانم",
        "start": 177173.0,
        "end": 179698.0,
        "audio": "content/segments/26/62.ogg"
    },
    {
        "ID": "63",
        "gender": "M",
        "age": "A",
        "character_name": "سەعید",
        "text": "میکەت قەرار ئەیا",
        "text_original": "میکەت قەرار ئەیا",
        "start": 179910.0,
        "end": 180856.0,
        "audio": "content/segments/26/63.ogg"
    },
    {
        "ID": "64",
        "gender": "M",
        "age": "A",
        "character_name": "پیاوی2",
        "text": "ئا",
        "text_original": "ئا",
        "start": 180856.0,
        "end": 181127.0,
        "audio": "content/segments/26/64.ogg"
    },
    {
        "ID": "65",
        "gender": "NA",
        "age": "NA",
        "character_name": "NA",
        "text": "با",
        "text_original": "با",
        "start": 181127.0,
        "end": 183180.0,
        "audio": "content/segments/26/65.ogg"
    },
    {
        "ID": "66",
        "gender": "M",
        "age": "A",
        "character_name": "سەعید",
        "text": "ئا خۆو حازرکە کاک شاعیر بۆ ئەم سوئاتانەی من لێت ئەکەم",
        "text_original": "ئا خۆو حازرکە کاک شاعیر بۆ ئەم سوئاتانەی من لێت ئەکەم",
        "start": 183180.0,
        "end": 185699.0,
        "audio": "content/segments/26/66.ogg"
    },
    {
        "ID": "67",
        "gender": "M",
        "age": "A",
        "character_name": "پیاوی2",
        "text": "دەی فەرموو",
        "text_original": "دەی فەرموو",
        "start": 185699.0,
        "end": 186253.0,
        "audio": "content/segments/26/67.ogg"
    },
    {
        "ID": "68",
        "gender": "M",
        "age": "A",
        "character_name": "سەعید",
        "text": "زەحمەت نەبێ، قەت قەت سوتفەی ئەوەو کردوە دیوانەکە و بنێری",
        "text_original": "زەحمەت نەبێ، قەت قەت سوتفەی ئەوەو کردوە دیوانەکە و بنێری",
        "start": 186280.0,
        "end": 190291.0,
        "audio": "content/segments/26/68.ogg"
    },
    {
        "ID": "69",
        "gender": "M",
        "age": "A",
        "character_name": "سەعید",
        "text": "بۆ مەتبەعەیەک، مەتبەعەکە بڵێ ئاخ قوڕ بەسەرم جا بۆ خۆم توش کەم",
        "text_original": "بۆ مەتبەعەیەک، مەتبەعەکە بڵێ ئاخ قوڕ بەسەرم جا بۆ خۆم توش کەم",
        "start": 190291.0,
        "end": 193855.0,
        "audio": "content/segments/26/69.ogg"
    },
    {
        "ID": "70",
        "gender": "M",
        "age": "A",
        "character_name": "سەعید",
        "text": "ئەمە چ شعری چێیە",
        "text_original": "ئەمە چ شعری چێیە",
        "start": 193855.0,
        "end": 194928.0,
        "audio": "content/segments/26/70.ogg"
    },
    {
        "ID": "71",
        "gender": "M",
        "age": "A",
        "character_name": "پیاوی2",
        "text": "کوڕە کاکە هەموو جارێ پارەم دەدەنێ نازانم",
        "text_original": "کوڕە کاکە هەموو جارێ پارەم دەدەنێ نازانم",
        "start": 194928.0,
        "end": 196735.0,
        "audio": "content/segments/26/71.ogg"
    },
    {
        "ID": "72",
        "gender": "M",
        "age": "A",
        "character_name": "پیاوی2",
        "text": "یٔەوەندە زۆرم دەدەنێ نازانم چ لێ بکەم",
        "text_original": "یٔەوەندە زۆرم دەدەنێ نازانم چ لێ بکەم",
        "start": 196735.0,
        "end": 198250.0,
        "audio": "content/segments/26/72.ogg"
    },
    {
        "ID": "73",
        "gender": "M",
        "age": "A",
        "character_name": "سەعید",
        "text": "قەت خیرسەیەکت پێ کراوە لەسەر شعرێکت",
        "text_original": "قەت خیرسەیەکت پێ کراوە لەسەر شعرێکت",
        "start": 198354.0,
        "end": 200321.0,
        "audio": "content/segments/26/73.ogg"
    },
    {
        "ID": "74",
        "gender": "M",
        "age": "A",
        "character_name": "پیاوی2",
        "text": "ڕووی نەدایە ئەو شتە",
        "text_original": "ڕووی نەدایە ئەو شتە",
        "start": 200372.0,
        "end": 201358.0,
        "audio": "content/segments/26/74.ogg"
    },
    {
        "ID": "75",
        "gender": "M",
        "age": "A",
        "character_name": "سەعید",
        "text": "قەد مەنسولێ بانگی کردوی بڵێ، ئا وەرە ئەوە چییە نوسیوتە",
        "text_original": "قەد مەنسولێ بانگی کردوی بڵێ، ئا وەرە ئەوە چییە نوسیوتە",
        "start": 201379.0,
        "end": 204142.0,
        "audio": "content/segments/26/75.ogg"
    },
    {
        "ID": "76",
        "gender": "NA",
        "age": "NA",
        "character_name": "NA",
        "text": "ها",
        "text_original": "ها",
        "start": 204142.0,
        "end": 205575.0,
        "audio": "content/segments/26/76.ogg"
    },
    {
        "ID": "77",
        "gender": "M",
        "age": "A",
        "character_name": "سەعید",
        "text": "باشە چوار سەعات حەپس بووی تۆ لەسەر شعرێک",
        "text_original": "باشە چوار سەعات حەپس بووی تۆ لەسەر شعرێک",
        "start": 205747.0,
        "end": 208640.0,
        "audio": "content/segments/26/77.ogg"
    },
    {
        "ID": "78",
        "gender": "NA",
        "age": "NA",
        "character_name": "NA",
        "text": "ئا",
        "text_original": "ئا",
        "start": 208755.0,
        "end": 210010.0,
        "audio": "content/segments/26/78.ogg"
    },
    {
        "ID": "79",
        "gender": "M",
        "age": "A",
        "character_name": "سەعید",
        "text": "ئا",
        "text_original": "ئا",
        "start": 210010.0,
        "end": 210308.0,
        "audio": "content/segments/26/79.ogg"
    },
    {
        "ID": "80",
        "gender": "M",
        "age": "A",
        "character_name": "پیاوی2",
        "text": "هەموو دەمێ دەبتە قونبادان و گۆرانی کاکە",
        "text_original": "هەموو دەمێ دەبتە قونبادان و گۆرانی کاکە",
        "start": 210308.0,
        "end": 212606.0,
        "audio": "content/segments/26/80.ogg"
    },
    {
        "ID": "81",
        "gender": "M",
        "age": "A",
        "character_name": "غەنی",
        "text": "ئا ئەی باشە، تێهەڵان و زیندەگی و شتی واو بینیوە",
        "text_original": "ئا ئەی باشە، تێهەڵان و زیندەگی و شتی واو بینیوە",
        "start": 212755.0,
        "end": 215997.0,
        "audio": "content/segments/26/81.ogg"
    },
    {
        "ID": "82",
        "gender": "M",
        "age": "A",
        "character_name": "پیاوی2",
        "text": "کورە دە قسەی جوان بکە، پیاو هەیە لە من بداتن",
        "text_original": "کورە دە قسەی جوان بکە، پیاو هەیە لە من بداتن",
        "start": 216091.0,
        "end": 218696.0,
        "audio": "content/segments/26/82.ogg"
    },
    {
        "ID": "83",
        "gender": "M",
        "age": "A",
        "character_name": "پیاوی2",
        "text": "هەر یٔەمنم لە خەرچی دەدەم",
        "text_original": "هەر یٔەمنم لە خەرچی دەدەم",
        "start": 218726.0,
        "end": 220997.0,
        "audio": "content/segments/26/83.ogg"
    },
    {
        "ID": "84",
        "gender": "M",
        "age": "A",
        "character_name": "سەعید",
        "text": "ئەی لەوە شاعیر چۆن ئەبێ لە خەڵک با",
        "text_original": "ئەی لەوە شاعیر چۆن ئەبێ لە خەڵک با",
        "start": 221104.0,
        "end": 223249.0,
        "audio": "content/segments/26/84.ogg"
    },
    {
        "ID": "85",
        "gender": "M",
        "age": "A",
        "character_name": "غەنی",
        "text": "ئاخر ئەم شاعیرێکی پۆلیسیە",
        "text_original": "ئاخر ئەم شاعیرێکی پۆلیسیە",
        "start": 223290.0,
        "end": 225123.0,
        "audio": "content/segments/26/85.ogg"
    },
    {
        "ID": "86",
        "gender": "M",
        "age": "A",
        "character_name": "سەعید",
        "text": "کاکە شاعیری پۆلیسیە، ئیستیخباراتیە هەرچیەکە",
        "text_original": "کاکە شاعیری پۆلیسیە، ئیستیخباراتیە هەرچیەکە",
        "start": 225193.0,
        "end": 228378.0,
        "audio": "content/segments/26/86.ogg"
    },
    {
        "ID": "87",
        "gender": "M",
        "age": "A",
        "character_name": "سەعید",
        "text": "زەحمەت نەبێ ئێمە کۆبونەوەی عایلەیمان هەیە، فەرموون ئەم ناوە چۆڵکەن",
        "text_original": "زەحمەت نەبێ ئێمە کۆبونەوەی عایلەیمان هەیە، فەرموون ئەم ناوە چۆڵکەن",
        "start": 228532.0,
        "end": 231758.0,
        "audio": "content/segments/26/87.ogg"
    },
    {
        "ID": "88",
        "gender": "M",
        "age": "A",
        "character_name": "پیاوی1",
        "text": "بەزاتی خوا ناڕۆین، یەعنی چۆن بە دەستی بەتاڵ بڕۆین",
        "text_original": "بەزاتی خوا ناڕۆین، یەعنی چۆن بە دەستی بەتاڵ بڕۆین",
        "start": 231843.0,
        "end": 235500.0,
        "audio": "content/segments/26/88.ogg"
    },
    {
        "ID": "89",
        "gender": "M",
        "age": "A",
        "character_name": "پیاوی1",
        "text": "ئەی پاو خراپەکە",
        "text_original": "ئەی پاو خراپەکە",
        "start": 235597.0,
        "end": 237155.0,
        "audio": "content/segments/26/89.ogg"
    },
    {
        "ID": "90",
        "gender": "M",
        "age": "A",
        "character_name": "سەعید",
        "text": "کورە پیاو خراپی چی",
        "text_original": "کورە پیاو خراپی چی",
        "start": 237743.0,
        "end": 239169.0,
        "audio": "content/segments/26/90.ogg"
    },
    {
        "ID": "91",
        "gender": "M",
        "age": "A",
        "character_name": "سەعید",
        "text": "کورە شەرەف و ناموسم لە چوارچێوەی تەپاڵە جیرابێ",
        "text_original": "کورە شەرەف و ناموسم لە چوارچێوەی تەپاڵە جیرابێ",
        "start": 239188.0,
        "end": 243003.0,
        "audio": "content/segments/26/91.ogg"
    },
    {
        "ID": "92",
        "gender": "M",
        "age": "A",
        "character_name": "سەعید",
        "text": "ئائەمە تەمسیلیە و خۆتان ئەیکەن و ئەو دوانە حازرتان کردوە و",
        "text_original": "ئائەمە تەمسیلیە و خۆتان ئەیکەن و ئەو دوانە حازرتان کردوە و",
        "start": 243394.0,
        "end": 246615.0,
        "audio": "content/segments/26/92.ogg"
    },
    {
        "ID": "93",
        "gender": "M",
        "age": "A",
        "character_name": "سەعید",
        "text": "شتێکتان لە ژێر سەرایە",
        "text_original": "شتێکتان لە ژێر سەرایە",
        "start": 246635.0,
        "end": 247696.0,
        "audio": "content/segments/26/93.ogg"
    },
    {
        "ID": "94",
        "gender": "M",
        "age": "A",
        "character_name": "غەنی",
        "text": "کوڕە وەڵاهی ئەزانی چی، باوکم بە وەڵاهی هیچمان لەبن، من ئەزانی چی",
        "text_original": "کوڕە وەڵاهی ئەزانی چی، باوکم بە وەڵاهی هیچمان لەبن، من ئەزانی چی",
        "start": 247736.0,
        "end": 252196.0,
        "audio": "content/segments/26/94.ogg"
    },
    {
        "ID": "95",
        "gender": "M",
        "age": "A",
        "character_name": "غەنی",
        "text": "ئا لێرەیا دانیشتبووم خەفەتم بۆ تۆ ئەخوارد",
        "text_original": "ئا لێرەیا دانیشتبووم خەفەتم بۆ تۆ ئەخوارد",
        "start": 252196.0,
        "end": 254043.0,
        "audio": "content/segments/26/95.ogg"
    },
    {
        "ID": "96",
        "gender": "M",
        "age": "A",
        "character_name": "سەعید",
        "text": "تۆ بۆ من",
        "text_original": "تۆ بۆ من",
        "start": 254093.0,
        "end": 254761.0,
        "audio": "content/segments/26/96.ogg"
    },
    {
        "ID": "97",
        "gender": "M",
        "age": "A",
        "character_name": "غەنی",
        "text": "ئەرێ بەزاتی خوا خەفەتم، ئەها چۆن ڕەش بووم",
        "text_original": "ئەرێ بەزاتی خوا خەفەتم، ئەها چۆن ڕەش بووم",
        "start": 254823.0,
        "end": 256894.0,
        "audio": "content/segments/26/97.ogg"
    },
    {
        "ID": "98",
        "gender": "M",
        "age": "A",
        "character_name": "سەعید",
        "text": "وەیش",
        "text_original": "وەیش",
        "start": 257009.0,
        "end": 257374.00000000003,
        "audio": "content/segments/26/98.ogg"
    },
    {
        "ID": "99",
        "gender": "M",
        "age": "A",
        "character_name": "غەنی",
        "text": "خەفەتم بۆ ئەخواردی، کەچی ئەم دوو زەلامە خۆیان کردوە بە یەکا",
        "text_original": "خەفەتم بۆ ئەخواردی، کەچی ئەم دوو زەلامە خۆیان کردوە بە یەکا",
        "start": 257374.00000000003,
        "end": 260596.0,
        "audio": "content/segments/26/99.ogg"
    },
    {
        "ID": "100",
        "gender": "M",
        "age": "A",
        "character_name": "غەنی",
        "text": "ئەڵێن زەلامێ لەم حاڵە و ئا لەم ڕەنگە",
        "text_original": "ئەڵێن زەلامێ لەم حاڵە و ئا لەم ڕەنگە",
        "start": 260870.0,
        "end": 263229.0,
        "audio": "content/segments/26/100.ogg"
    },
    {
        "ID": "101",
        "gender": "M",
        "age": "A",
        "character_name": "غەنی",
        "text": "خۆیان کردوە بەیەرا تۆش یٔەڵێی شت لەبن سەرایە",
        "text_original": "خۆیان کردوە بەیەرا تۆش یٔەڵێی شت لەبن سەرایە",
        "start": 263546.0,
        "end": 265979.0,
        "audio": "content/segments/26/101.ogg"
    },
    {
        "ID": "102",
        "gender": "M",
        "age": "A",
        "character_name": "پیاوی1",
        "text": "ئا شتێکمان لە ژێر سەرایە، پیاو خراپمان کردوە بە بیانوو",
        "text_original": "ئا شتێکمان لە ژێر سەرایە، پیاو خراپمان کردوە بە بیانوو",
        "start": 266482.0,
        "end": 270774.0,
        "audio": "content/segments/26/102.ogg"
    },
    {
        "ID": "103",
        "gender": "M",
        "age": "A",
        "character_name": "پیاوی1",
        "text": "بۆی بێین بۆ ئێرە، جەنابیشت لەگەڵمانا بێی بۆ مەولو",
        "text_original": "بۆی بێین بۆ ئێرە، جەنابیشت لەگەڵمانا بێی بۆ مەولو",
        "start": 270926.0,
        "end": 274563.0,
        "audio": "content/segments/26/103.ogg"
    },
    {
        "ID": "104",
        "gender": "M",
        "age": "A",
        "character_name": "غەنی",
        "text": "ئەی بۆ من دەعوەت ناکەی",
        "text_original": "ئەی بۆ من دەعوەت ناکەی",
        "start": 274777.0,
        "end": 276208.0,
        "audio": "content/segments/26/104.ogg"
    },
    {
        "ID": "105",
        "gender": "M",
        "age": "A",
        "character_name": "سەعید",
        "text": "کورە وسبە قەلەمون، ئەو داعوەتانە ئەزانی چییە بۆ ڕەیسی عایلەیە",
        "text_original": "کورە وسبە قەلەمون، ئەو داعوەتانە ئەزانی چییە بۆ ڕەیسی عایلەیە",
        "start": 276854.0,
        "end": 280713.0,
        "audio": "content/segments/26/105.ogg"
    },
    {
        "ID": "106",
        "gender": "M",
        "age": "A",
        "character_name": "پیاوی2",
        "text": "ئا",
        "text_original": "ئا",
        "start": 280754.0,
        "end": 281264.0,
        "audio": "content/segments/26/106.ogg"
    },
    {
        "ID": "107",
        "gender": "NA",
        "age": "NA",
        "character_name": "NA",
        "text": "با با",
        "text_original": "با با",
        "start": 281340.0,
        "end": 283310.0,
        "audio": "content/segments/26/107.ogg"
    },
    {
        "ID": "108",
        "gender": "M",
        "age": "A",
        "character_name": "سەعید",
        "text": "دە وەڵاهی داوای لێبوردنتان لێبێ",
        "text_original": "دە وەڵاهی داوای لێبوردنتان لێبێ",
        "start": 283410.0,
        "end": 285199.0,
        "audio": "content/segments/26/108.ogg"
    },
    {
        "ID": "109",
        "gender": "M",
        "age": "A",
        "character_name": "سەعید",
        "text": "کاکە سەعە زۆر مەشغوڵە و ناتوانێ بێ بۆ ئەو شوێنانە",
        "text_original": "کاکە سەعە زۆر مەشغوڵە و ناتوانێ بێ بۆ ئەو شوێنانە",
        "start": 285242.0,
        "end": 287715.0,
        "audio": "content/segments/26/109.ogg"
    },
    {
        "ID": "110",
        "gender": "M",
        "age": "A",
        "character_name": "غەنی",
        "text": "ئەی بۆ ناچی باوکی مناڵەکان",
        "text_original": "ئەی بۆ ناچی باوکی مناڵەکان",
        "start": 287715.0,
        "end": 289250.0,
        "audio": "content/segments/26/110.ogg"
    },
    {
        "ID": "111",
        "gender": "M",
        "age": "A",
        "character_name": "غەنی",
        "text": "خوا عەلیمە نییە ئەمەنە پیاوی ئەمەنە پیاوی",
        "text_original": "خوا عەلیمە نییە ئەمەنە پیاوی ئەمەنە پیاوی",
        "start": 289346.0,
        "end": 291965.0,
        "audio": "content/segments/26/111.ogg"
    },
    {
        "ID": "112",
        "gender": "M",
        "age": "A",
        "character_name": "غەنی",
        "text": "بە فەخر نەبێ لەناو هەزار پیاوە دیاری",
        "text_original": "بە فەخر نەبێ لەناو هەزار پیاوە دیاری",
        "start": 291965.0,
        "end": 293966.0,
        "audio": "content/segments/26/112.ogg"
    },
    {
        "ID": "113",
        "gender": "M",
        "age": "A",
        "character_name": "سەعید",
        "text": "خوا عەلیمە جەنگیز خان بە شاگردیش ڕانەگرم",
        "text_original": "خوا عەلیمە جەنگیز خان بە شاگردیش ڕانەگرم",
        "start": 294033.0,
        "end": 297999.0,
        "audio": "content/segments/26/113.ogg"
    },
    {
        "ID": "114",
        "gender": "M",
        "age": "A",
        "character_name": "سەعید",
        "text": "ئەم شەو خۆم بەو پیاوە نازانم، ناچم مەجالم نیە",
        "text_original": "ئەم شەو خۆم بەو پیاوە نازانم، ناچم مەجالم نیە",
        "start": 297999.0,
        "end": 300564.0,
        "audio": "content/segments/26/114.ogg"
    },
    {
        "ID": "115",
        "gender": "M",
        "age": "A",
        "character_name": "پیاوی1",
        "text": "چی، جۆ گرە بە تەڵاقم ێیی",
        "text_original": "چی، جۆ گرە بە تەڵاقم ێیی",
        "start": 300564.0,
        "end": 304808.0,
        "audio": "content/segments/26/115.ogg"
    },
    {
        "ID": "116",
        "gender": "NA",
        "age": "NA",
        "character_name": "NA",
        "text": "ڕاستە",
        "text_original": "ڕاستە",
        "start": 304911.0,
        "end": 306767.0,
        "audio": "content/segments/26/116.ogg"
    },
    {
        "ID": "117",
        "gender": "NA",
        "age": "NA",
        "character_name": "NA",
        "text": "نایەم",
        "text_original": "نایەم",
        "start": 307199.0,
        "end": 308780.0,
        "audio": "content/segments/26/117.ogg"
    },
    {
        "ID": "118",
        "gender": "M",
        "age": "A",
        "character_name": "پیاوی1",
        "text": "تەڵاقی من هەروا خۆڕای نیە با پێو بڵێم، کەس ناتوانێ بە خۆڕای بیخا",
        "text_original": "تەڵاقی من هەروا خۆڕای نیە با پێو بڵێم، کەس ناتوانێ بە خۆڕای بیخا",
        "start": 308879.0,
        "end": 313812.0,
        "audio": "content/segments/26/118.ogg"
    },
    {
        "ID": "119",
        "gender": "M",
        "age": "A",
        "character_name": "پیاوی1",
        "text": "یٔەو کەسەی بیخا شەش مانگی تەواو سجنیەکەم",
        "text_original": "یٔەو کەسەی بیخا شەش مانگی تەواو سجنیەکەم",
        "start": 313955.0,
        "end": 317605.0,
        "audio": "content/segments/26/119.ogg"
    },
    {
        "ID": "120",
        "gender": "M",
        "age": "A",
        "character_name": "غەنی",
        "text": "ڕاستەکا وەکو ئەوە وایە لەکاتی دەواما بۆینباخی زەلامێ ڕاکێشی",
        "text_original": "ڕاستەکا وەکو ئەوە وایە لەکاتی دەواما بۆینباخی زەلامێ ڕاکێشی",
        "start": 317690.0,
        "end": 321171.0,
        "audio": "content/segments/26/120.ogg"
    },
    {
        "ID": "121",
        "gender": "M",
        "age": "A",
        "character_name": "پیاوی2",
        "text": "بە ڕاستیتە",
        "text_original": "بە ڕاستیتە",
        "start": 321278.0,
        "end": 321958.0,
        "audio": "content/segments/26/121.ogg"
    },
    {
        "ID": "122",
        "gender": "M",
        "age": "A",
        "character_name": "غەنی",
        "text": "ئەرێوەڵا",
        "text_original": "ئەرێوەڵا",
        "start": 321958.0,
        "end": 322358.0,
        "audio": "content/segments/26/122.ogg"
    },
    {
        "ID": "123",
        "gender": "M",
        "age": "A",
        "character_name": "پیاوی1",
        "text": "ئەی چۆن",
        "text_original": "ئەی چۆن",
        "start": 322379.0,
        "end": 323238.0,
        "audio": "content/segments/26/123.ogg"
    },
    {
        "ID": "124",
        "gender": "M",
        "age": "A",
        "character_name": "سەعید",
        "text": "کاکە برا",
        "text_original": "کاکە برا",
        "start": 323471.0,
        "end": 324121.0,
        "audio": "content/segments/26/124.ogg"
    },
    {
        "ID": "125",
        "gender": "M",
        "age": "A",
        "character_name": "پیاوی2",
        "text": "بەرێ",
        "text_original": "بەرێ",
        "start": 324121.0,
        "end": 324524.0,
        "audio": "content/segments/26/125.ogg"
    },
    {
        "ID": "126",
        "gender": "M",
        "age": "A",
        "character_name": "سەعید",
        "text": "ئێستە زەڕورە من هەر بێم بۆ ئەوە",
        "text_original": "ئێستە زەڕورە من هەر بێم بۆ ئەوە",
        "start": 324524.0,
        "end": 326455.0,
        "audio": "content/segments/26/126.ogg"
    },
    {
        "ID": "127",
        "gender": "M",
        "age": "A",
        "character_name": "پیاوی2",
        "text": "هەر زۆر زۆر",
        "text_original": "هەر زۆر زۆر",
        "start": 326455.0,
        "end": 327523.0,
        "audio": "content/segments/26/127.ogg"
    },
    {
        "ID": "128",
        "gender": "M",
        "age": "A",
        "character_name": "سەعید",
        "text": "ئا، ئەی باشە ناکرێ نوێنەر بنێرم لە جیاتی خۆم",
        "text_original": "ئا، ئەی باشە ناکرێ نوێنەر بنێرم لە جیاتی خۆم",
        "start": 328234.0,
        "end": 332181.0,
        "audio": "content/segments/26/128.ogg"
    },
    {
        "ID": "129",
        "gender": "M",
        "age": "A",
        "character_name": "پیاوی1",
        "text": "نەخێر",
        "text_original": "نەخێر",
        "start": 332181.0,
        "end": 332609.0,
        "audio": "content/segments/26/129.ogg"
    },
    {
        "ID": "130",
        "gender": "M",
        "age": "A",
        "character_name": "غەنی",
        "text": "کورە کاکە سەعە گیان نوێنەر و شتی وای بۆ چییە",
        "text_original": "کورە کاکە سەعە گیان نوێنەر و شتی وای بۆ چییە",
        "start": 332749.0,
        "end": 335113.0,
        "audio": "content/segments/26/130.ogg"
    },
    {
        "ID": "131",
        "gender": "M",
        "age": "A",
        "character_name": "غەنی",
        "text": "خۆ کۆفی عەنان نین بێقەزابی",
        "text_original": "خۆ کۆفی عەنان نین بێقەزابی",
        "start": 335113.0,
        "end": 336854.0,
        "audio": "content/segments/26/131.ogg"
    },
    {
        "ID": "132",
        "gender": "M",
        "age": "A",
        "character_name": "سەعید",
        "text": "ئەمە چییە لەو ساکەوە پێمان ئەڵێی زۆر موهیمی، ئێستا ئەڵێی کۆفی عەنان نی",
        "text_original": "ئەمە چییە لەو ساکەوە پێمان ئەڵێی زۆر موهیمی، ئێستا ئەڵێی کۆفی عەنان نی",
        "start": 336960.0,
        "end": 341037.0,
        "audio": "content/segments/26/132.ogg"
    },
    {
        "ID": "133",
        "gender": "M",
        "age": "A",
        "character_name": "سەعید",
        "text": "باشە ئەچم بەس بە شەرتێ",
        "text_original": "باشە ئەچم بەس بە شەرتێ",
        "start": 341213.0,
        "end": 343573.0,
        "audio": "content/segments/26/133.ogg"
    },
    {
        "ID": "134",
        "gender": "M",
        "age": "A",
        "character_name": "سەعید",
        "text": "چوێڕکە قەڵەمێکی ئەوەنەم پێ بوو ئەها دارەکە کۆلکەکە قەڵەمەکە",
        "text_original": "چوێڕکە قەڵەمێکی ئەوەنەم پێ بوو ئەها دارەکە کۆلکەکە قەڵەمەکە",
        "start": 344216.0,
        "end": 347438.0,
        "audio": "content/segments/26/134.ogg"
    },
    {
        "ID": "135",
        "gender": "NA",
        "age": "NA",
        "character_name": "NA",
        "text": "ئا",
        "text_original": "ئا",
        "start": 347556.0,
        "end": 348757.0,
        "audio": "content/segments/26/135.ogg"
    },
    {
        "ID": "136",
        "gender": "M",
        "age": "A",
        "character_name": "سەعید",
        "text": "ئا ئەوەم بۆ نەدۆزیتەوە، منیش ناچم",
        "text_original": "ئا ئەوەم بۆ نەدۆزیتەوە، منیش ناچم",
        "start": 348847.0,
        "end": 350907.0,
        "audio": "content/segments/26/136.ogg"
    },
    {
        "ID": "137",
        "gender": "M",
        "age": "A",
        "character_name": "غەنی",
        "text": "ئنجا ئەو شتە بچکۆلەیەو بۆ چییە",
        "text_original": "ئنجا ئەو شتە بچکۆلەیەو بۆ چییە",
        "start": 351243.0,
        "end": 352728.0,
        "audio": "content/segments/26/137.ogg"
    },
    {
        "ID": "138",
        "gender": "M",
        "age": "A",
        "character_name": "سەعید",
        "text": "چۆن بۆ چیمە من لەگەڵ ئەمانا ناڕۆم",
        "text_original": "چۆن بۆ چیمە من لەگەڵ ئەمانا ناڕۆم",
        "start": 352728.0,
        "end": 354565.0,
        "audio": "content/segments/26/138.ogg"
    },
    {
        "ID": "139",
        "gender": "M",
        "age": "A",
        "character_name": "غەنی",
        "text": "ئێ",
        "text_original": "ئێ",
        "start": 354626.0,
        "end": 354933.0,
        "audio": "content/segments/26/139.ogg"
    },
    {
        "ID": "140",
        "gender": "M",
        "age": "A",
        "character_name": "سەعید",
        "text": "ئەی لەوێ شتێکم بینی شتێکم بیست، ئەی خۆ ئەبێ یاداشتی کەم و بینوسم",
        "text_original": "ئەی لەوێ شتێکم بینی شتێکم بیست، ئەی خۆ ئەبێ یاداشتی کەم و بینوسم",
        "start": 354943.0,
        "end": 358686.0,
        "audio": "content/segments/26/140.ogg"
    },
    {
        "ID": "141",
        "gender": "M",
        "age": "A",
        "character_name": "غەنی",
        "text": "کوڕە کاکە سەعە بێقەزابی تۆ قەلەمت هەر ناوێ",
        "text_original": "کوڕە کاکە سەعە بێقەزابی تۆ قەلەمت هەر ناوێ",
        "start": 358799.0,
        "end": 361768.0,
        "audio": "content/segments/26/141.ogg"
    },
    {
        "ID": "142",
        "gender": "M",
        "age": "A",
        "character_name": "غەنی",
        "text": "ماشەڵا بیرێکی زۆر تیژھ هەیە",
        "text_original": "ماشەڵا بیرێکی زۆر تیژھ هەیە",
        "start": 361908.0,
        "end": 363744.0,
        "audio": "content/segments/26/142.ogg"
    },
    {
        "ID": "143",
        "gender": "M",
        "age": "A",
        "character_name": "سەعید",
        "text": "نانا، ئەوە ئێستە ناخوا",
        "text_original": "نانا، ئەوە ئێستە ناخوا",
        "start": 363744.0,
        "end": 364916.0,
        "audio": "content/segments/26/143.ogg"
    },
    {
        "ID": "144",
        "gender": "M",
        "age": "A",
        "character_name": "سەعید",
        "text": "هەزار بیری تیژ، یەک دێڕ لەو کۆڵکە قەڵەمە ناهێنێ",
        "text_original": "هەزار بیری تیژ، یەک دێڕ لەو کۆڵکە قەڵەمە ناهێنێ",
        "start": 364916.0,
        "end": 368369.0,
        "audio": "content/segments/26/144.ogg"
    },
    {
        "ID": "145",
        "gender": "M",
        "age": "A",
        "character_name": "سەعید",
        "text": "ئەوە تۆ باسی چی ئەکەی",
        "text_original": "ئەوە تۆ باسی چی ئەکەی",
        "start": 368398.0,
        "end": 369337.0,
        "audio": "content/segments/26/145.ogg"
    },
    {
        "ID": "146",
        "gender": "M",
        "age": "A",
        "character_name": "غەنی",
        "text": "یاعنی ئێستا هەر بۆو بدۆزمەوە",
        "text_original": "یاعنی ئێستا هەر بۆو بدۆزمەوە",
        "start": 369428.0,
        "end": 370474.0,
        "audio": "content/segments/26/146.ogg"
    },
    {
        "ID": "147",
        "gender": "M",
        "age": "A",
        "character_name": "سەعید",
        "text": "ئەرێوەڵاهی ئەوەم بۆ نەدۆزیتوە ناچم",
        "text_original": "ئەرێوەڵاهی ئەوەم بۆ نەدۆزیتوە ناچم",
        "start": 370490.0,
        "end": 372487.0,
        "audio": "content/segments/26/147.ogg"
    },
    {
        "ID": "148",
        "gender": "M",
        "age": "A",
        "character_name": "غەنی",
        "text": "دۆزە دۆزە بۆم هەڵ، بۆم هەڵقۆزە، هی من نییە هی کوڕەکەی باجی پیرۆزە",
        "text_original": "دۆزە دۆزە بۆم هەڵ، بۆم هەڵقۆزە، هی من نییە هی کوڕەکەی باجی پیرۆزە",
        "start": 372907.0,
        "end": 376932.0,
        "audio": "content/segments/26/148.ogg"
    },
    {
        "ID": "149",
        "gender": "M",
        "age": "A",
        "character_name": "غەنی",
        "text": "دۆزە دۆزە بۆم هەڵقۆزە، هی من نییە هی کوڕەکەی باجی پیرۆزە",
        "text_original": "دۆزە دۆزە بۆم هەڵقۆزە، هی من نییە هی کوڕەکەی باجی پیرۆزە",
        "start": 376932.0,
        "end": 380767.0,
        "audio": "content/segments/26/149.ogg"
    },
    {
        "ID": "150",
        "gender": "M",
        "age": "A",
        "character_name": "غەنی",
        "text": "دۆزە دۆزە بۆم هەڵقۆزە، هی من نیە هی کوڕەکەی",
        "text_original": "دۆزە دۆزە بۆم هەڵقۆزە، هی من نیە هی کوڕەکەی",
        "start": 380767.0,
        "end": 383551.0,
        "audio": "content/segments/26/150.ogg"
    },
    {
        "ID": "151",
        "gender": "M",
        "age": "A",
        "character_name": "پیاوی1",
        "text": "بەخوا باش بوو، بەهۆی ئەم دەعوەتە و ئەم کۆڵکە قەڵەمەوە",
        "text_original": "بەخوا باش بوو، بەهۆی ئەم دەعوەتە و ئەم کۆڵکە قەڵەمەوە",
        "start": 383551.0,
        "end": 388329.0,
        "audio": "content/segments/26/151.ogg"
    },
    {
        "ID": "152",
        "gender": "M",
        "age": "A",
        "character_name": "پیاوی1",
        "text": "ناوی دایکیشمان زانی",
        "text_original": "ناوی دایکیشمان زانی",
        "start": 388483.0,
        "end": 390374.0,
        "audio": "content/segments/26/152.ogg"
    },
    {
        "ID": "153",
        "gender": "M",
        "age": "A",
        "character_name": "سەعید",
        "text": "درۆ ئەکا، دایکم ناوی پیرۆز نییە",
        "text_original": "درۆ ئەکا، دایکم ناوی پیرۆز نییە",
        "start": 390528.0,
        "end": 392435.0,
        "audio": "content/segments/26/153.ogg"
    },
    {
        "ID": "154",
        "gender": "M",
        "age": "A",
        "character_name": "سەعید",
        "text": "یٔەوە لەبەر وەزن و قافیەکەیە کە وا یٔەڵێ",
        "text_original": "یٔەوە لەبەر وەزن و قافیەکەیە کە وا یٔەڵێ",
        "start": 392534.0,
        "end": 394763.0,
        "audio": "content/segments/26/154.ogg"
    },
    {
        "ID": "155",
        "gender": "M",
        "age": "A",
        "character_name": "پیاوی2",
        "text": "ئەوجا کەینێ مۆدیلی وەزن و قافیەی مایە",
        "text_original": "ئەوجا کەینێ مۆدیلی وەزن و قافیەی مایە",
        "start": 394763.0,
        "end": 396990.0,
        "audio": "content/segments/26/155.ogg"
    },
    {
        "ID": "156",
        "gender": "M",
        "age": "A",
        "character_name": "غەنی",
        "text": "دۆزە دۆزە بۆم، ئەرێوەڵا ئەمەتا",
        "text_original": "دۆزە دۆزە بۆم، ئەرێوەڵا ئەمەتا",
        "start": 397087.0,
        "end": 399257.0,
        "audio": "content/segments/26/156.ogg"
    },
    {
        "ID": "157",
        "gender": "M",
        "age": "A",
        "character_name": "غەنی",
        "text": "ئەوەتا کاکە سەعە گیان، دە هەستە بڕۆ دە ی خوا حافیز بێ",
        "text_original": "ئەوەتا کاکە سەعە گیان، دە هەستە بڕۆ دە ی خوا حافیز بێ",
        "start": 399883.0,
        "end": 402737.0,
        "audio": "content/segments/26/157.ogg"
    },
    {
        "ID": "158",
        "gender": "M",
        "age": "A",
        "character_name": "سەعید",
        "text": "دۆزیتەوە",
        "text_original": "دۆزیتەوە",
        "start": 402737.0,
        "end": 403283.0,
        "audio": "content/segments/26/158.ogg"
    },
    {
        "ID": "159",
        "gender": "M",
        "age": "A",
        "character_name": "غەنی",
        "text": "ئەرەوەڵا",
        "text_original": "ئەرەوەڵا",
        "start": 403283.0,
        "end": 404096.0,
        "audio": "content/segments/26/159.ogg"
    },
    {
        "ID": "160",
        "gender": "M",
        "age": "A",
        "character_name": "سەعید",
        "text": "جۆ بگرە لەبەر خاتری ئەم قەڵەمە و، ئەم برادەرە و",
        "text_original": "جۆ بگرە لەبەر خاتری ئەم قەڵەمە و، ئەم برادەرە و",
        "start": 404472.0,
        "end": 408326.0,
        "audio": "content/segments/26/160.ogg"
    },
    {
        "ID": "161",
        "gender": "M",
        "age": "A",
        "character_name": "سەعید",
        "text": "تەڵاقی ئەم برادەرەش نەکەوێ، هەر ئەچم",
        "text_original": "تەڵاقی ئەم برادەرەش نەکەوێ، هەر ئەچم",
        "start": 408326.0,
        "end": 411077.0,
        "audio": "content/segments/26/161.ogg"
    },
    {
        "ID": "162",
        "gender": "M",
        "age": "A",
        "character_name": "سەعید",
        "text": "بەڵام وەرە، هەر ئەتەوێ دەستم پێوەنێی، بەخوا ئەمە شتێکی تیا هەیە",
        "text_original": "بەڵام وەرە، هەر ئەتەوێ دەستم پێوەنێی، بەخوا ئەمە شتێکی تیا هەیە",
        "start": 411487.0,
        "end": 415401.0,
        "audio": "content/segments/26/162.ogg"
    },
    {
        "ID": "163",
        "gender": "M",
        "age": "A",
        "character_name": "غەنی",
        "text": "کوڕە کاکە سەعە گیان، من بۆ تۆمە حەزەکەی مەڕۆ",
        "text_original": "کوڕە کاکە سەعە گیان، من بۆ تۆمە حەزەکەی مەڕۆ",
        "start": 415482.0,
        "end": 418474.0,
        "audio": "content/segments/26/163.ogg"
    },
    {
        "ID": "164",
        "gender": "NA",
        "age": "NA",
        "character_name": "NA",
        "text": "چۆن، چۆن ناڕوا",
        "text_original": "چۆن، چۆن ناڕوا",
        "start": 418492.0,
        "end": 420360.0,
        "audio": "content/segments/26/164.ogg"
    },
    {
        "ID": "165",
        "gender": "M",
        "age": "A",
        "character_name": "پیاوی1",
        "text": "ئەتەوێ (ناڕون)، تەڵاقەکەم کەوێ",
        "text_original": "ئەتەوێ (ناڕون)، تەڵاقەکەم کەوێ",
        "start": 420424.0,
        "end": 421658.0,
        "audio": "content/segments/26/165.ogg"
    },
    {
        "ID": "166",
        "gender": "NA",
        "age": "NA",
        "character_name": "NA",
        "text": "بابڕۆین کاکە فەرموو، خواحافیز",
        "text_original": "بابڕۆین کاکە فەرموو، خواحافیز",
        "start": 421684.0,
        "end": 423613.0,
        "audio": "content/segments/26/166.ogg"
    },
    {
        "ID": "167",
        "gender": "NA",
        "age": "NA",
        "character_name": "NA",
        "text": "وەرە کاکە",
        "text_original": "وەرە کاکە",
        "start": 423613.0,
        "end": 425236.0,
        "audio": "content/segments/26/167.ogg"
    },
    {
        "ID": "168",
        "gender": "M",
        "age": "A",
        "character_name": "غەنی",
        "text": "(فیکە لێدان)",
        "text_original": "(فیکە لێدان)",
        "start": 428717.0,
        "end": 430462.0,
        "audio": "content/segments/26/168.ogg"
    },
    {
        "ID": "169",
        "gender": "M",
        "age": "A",
        "character_name": "پیاوی3",
        "text": "هەلەو",
        "text_original": "هەلەو",
        "start": 437557.0,
        "end": 438168.0,
        "audio": "content/segments/26/169.ogg"
    },
    {
        "ID": "170",
        "gender": "M",
        "age": "A",
        "character_name": "پیاوی4",
        "text": "هەلەو",
        "text_original": "هەلەو",
        "start": 438180.0,
        "end": 438714.0,
        "audio": "content/segments/26/170.ogg"
    },
    {
        "ID": "171",
        "gender": "M",
        "age": "A",
        "character_name": "پیاوی5",
        "text": "ئەڵێم قارداش درەنگە با دەست پێبکەین، حەیات دەی",
        "text_original": "ئەڵێم قارداش درەنگە با دەست پێبکەین، حەیات دەی",
        "start": 441252.0,
        "end": 447527.0,
        "audio": "content/segments/26/171.ogg"
    },
    {
        "ID": "172",
        "gender": "M",
        "age": "A",
        "character_name": "غەنی",
        "text": "ئەبێ ئا لەو سوچەوە دەست پێبکەی جارێ",
        "text_original": "ئەبێ ئا لەو سوچەوە دەست پێبکەی جارێ",
        "start": 447735.0,
        "end": 449742.0,
        "audio": "content/segments/26/172.ogg"
    },
    {
        "ID": "173",
        "gender": "M",
        "age": "A",
        "character_name": "پیاوی5",
        "text": "لە چوێوە",
        "text_original": "لە چوێوە",
        "start": 449905.0,
        "end": 451035.0,
        "audio": "content/segments/26/173.ogg"
    },
    {
        "ID": "174",
        "gender": "M",
        "age": "A",
        "character_name": "پیاوی4",
        "text": "ئەو سوچە زۆر بوچکەلەیە، بوچکەلە",
        "text_original": "ئەو سوچە زۆر بوچکەلەیە، بوچکەلە",
        "start": 451229.0,
        "end": 453748.0,
        "audio": "content/segments/26/174.ogg"
    },
    {
        "ID": "175",
        "gender": "M",
        "age": "A",
        "character_name": "پیاوی3",
        "text": "نۆ، نۆ ئەوە فازلا تاریخی ئەو دراوسێی ئەودیوە بە عامالی ئێمە نایە",
        "text_original": "نۆ، نۆ ئەوە فازلا تاریخی ئەو دراوسێی ئەودیوە بە عامالی ئێمە نایە",
        "start": 453847.0,
        "end": 458644.0,
        "audio": "content/segments/26/175.ogg"
    },
    {
        "ID": "176",
        "gender": "M",
        "age": "A",
        "character_name": "غەنی",
        "text": "ئەوە تۆ چیەڵێی کابرا بێقەزابی",
        "text_original": "ئەوە تۆ چیەڵێی کابرا بێقەزابی",
        "start": 458724.0,
        "end": 460501.0,
        "audio": "content/segments/26/176.ogg"
    },
    {
        "ID": "177",
        "gender": "M",
        "age": "A",
        "character_name": "غەنی",
        "text": "خوا عەلیمە ئێستا سەعە لێرە بوایە، قوڕی ئەکرد بەسەری هەر چوارمانا",
        "text_original": "خوا عەلیمە ئێستا سەعە لێرە بوایە، قوڕی ئەکرد بەسەری هەر چوارمانا",
        "start": 460887.0,
        "end": 464269.0,
        "audio": "content/segments/26/177.ogg"
    },
    {
        "ID": "178",
        "gender": "M",
        "age": "A",
        "character_name": "غەنی",
        "text": "بابە لەوەتی ئەم کەلاوە کەلاوەیە ئەو سوچەی لەسەر بوە",
        "text_original": "بابە لەوەتی ئەم کەلاوە کەلاوەیە ئەو سوچەی لەسەر بوە",
        "start": 464406.0,
        "end": 467801.0,
        "audio": "content/segments/26/178.ogg"
    },
    {
        "ID": "179",
        "gender": "M",
        "age": "A",
        "character_name": "پیاوی5",
        "text": "قارداش درەنگە با دەست پێبکەین، ئیشمان هەیە",
        "text_original": "قارداش درەنگە با دەست پێبکەین، ئیشمان هەیە",
        "start": 468004.0,
        "end": 471368.0,
        "audio": "content/segments/26/179.ogg"
    },
    {
        "ID": "180",
        "gender": "M",
        "age": "A",
        "character_name": "پیاوی4",
        "text": "ئێ لە خیلالی حەفتەیەکا وای لێ ئەکەین کە هەر نەناسرێتەوە",
        "text_original": "ئێ لە خیلالی حەفتەیەکا وای لێ ئەکەین کە هەر نەناسرێتەوە",
        "start": 471484.0,
        "end": 476109.0,
        "audio": "content/segments/26/180.ogg"
    },
    {
        "ID": "181",
        "gender": "M",
        "age": "A",
        "character_name": "پیاوی4",
        "text": "وا تەنزیم ئەکەین و بەسەر یەچیا ئەیەین",
        "text_original": "وا تەنزیم ئەکەین و بەسەر یەچیا ئەیەین",
        "start": 476195.0,
        "end": 478012.0,
        "audio": "content/segments/26/181.ogg"
    },
    {
        "ID": "182",
        "gender": "M",
        "age": "A",
        "character_name": "غەنی",
        "text": "ئاااا، ئەی باشە ئەی هینە، حەقی ئەوە چیم بۆ ئەکەن، ئەخر یەعنی",
        "text_original": "ئاااا، ئەی باشە ئەی هینە، حەقی ئەوە چیم بۆ ئەکەن، ئەخر یەعنی",
        "start": 478133.0,
        "end": 481151.0,
        "audio": "content/segments/26/182.ogg"
    },
    {
        "ID": "183",
        "gender": "M",
        "age": "A",
        "character_name": "پیاوی5",
        "text": "حا، ئەوە حەقت ئەوە مستەنەت لە خۆت قارداش",
        "text_original": "حا، ئەوە حەقت ئەوە مستەنەت لە خۆت قارداش",
        "start": 481247.0,
        "end": 486815.0,
        "audio": "content/segments/26/183.ogg"
    },
    {
        "ID": "184",
        "gender": "M",
        "age": "A",
        "character_name": "غەنی",
        "text": "ئەنجا باشە ئەی ئەگەر سەعە ڕازی نەبوو",
        "text_original": "ئەنجا باشە ئەی ئەگەر سەعە ڕازی نەبوو",
        "start": 486899.0,
        "end": 489002.0,
        "audio": "content/segments/26/184.ogg"
    },
    {
        "ID": "185",
        "gender": "M",
        "age": "A",
        "character_name": "پیاوی4",
        "text": "سەعە چێیە",
        "text_original": "سەعە چێیە",
        "start": 489089.0,
        "end": 490087.0,
        "audio": "content/segments/26/185.ogg"
    },
    {
        "ID": "186",
        "gender": "M",
        "age": "A",
        "character_name": "غەنی",
        "text": "سەعەی کەلاوەکە",
        "text_original": "سەعەی کەلاوەکە",
        "start": 490109.0,
        "end": 491270.0,
        "audio": "content/segments/26/186.ogg"
    },
    {
        "ID": "187",
        "gender": "M",
        "age": "A",
        "character_name": "پیاوی4",
        "text": "کە بوو بە عەمری واقیع، با سەعە لە ورجی خۆی با",
        "text_original": "کە بوو بە عەمری واقیع، با سەعە لە ورجی خۆی با",
        "start": 491369.0,
        "end": 494026.0,
        "audio": "content/segments/26/187.ogg"
    },
    {
        "ID": "188",
        "gender": "M",
        "age": "A",
        "character_name": "غەنی",
        "text": "ئادەی، ئادەی",
        "text_original": "ئادەی، ئادەی",
        "start": 494909.0,
        "end": 495865.0,
        "audio": "content/segments/26/188.ogg"
    },
    {
        "ID": "189",
        "gender": "M",
        "age": "A",
        "character_name": "غەنی",
        "text": "ئەرێوەڵا سەعە هاتەوە",
        "text_original": "ئەرێوەڵا سەعە هاتەوە",
        "start": 500749.0,
        "end": 502136.0,
        "audio": "content/segments/26/189.ogg"
    },
    {
        "ID": "190",
        "gender": "M",
        "age": "A",
        "character_name": "سەعید",
        "text": "(ناڕون)",
        "text_original": "(ناڕون)",
        "start": 502741.0,
        "end": 505188.0,
        "audio": "content/segments/26/190.ogg"
    },
    {
        "ID": "191",
        "gender": "M",
        "age": "A",
        "character_name": "سەعید",
        "text": "ئەوە چین ئەو زەلامانە",
        "text_original": "ئەوە چین ئەو زەلامانە",
        "start": 505721.0,
        "end": 507524.0,
        "audio": "content/segments/26/191.ogg"
    },
    {
        "ID": "192",
        "gender": "M",
        "age": "A",
        "character_name": "سەعید",
        "text": "غەنی غەنی، وەرە وەرە",
        "text_original": "غەنی غەنی، وەرە وەرە",
        "start": 507749.0,
        "end": 509372.0,
        "audio": "content/segments/26/192.ogg"
    },
    {
        "ID": "193",
        "gender": "M",
        "age": "A",
        "character_name": "سەعید",
        "text": "وەرە بۆ ڕا ئەکەی",
        "text_original": "وەرە بۆ ڕا ئەکەی",
        "start": 509757.0,
        "end": 511038.0,
        "audio": "content/segments/26/193.ogg"
    },
    {
        "ID": "194",
        "gender": "M",
        "age": "A",
        "character_name": "سەعید",
        "text": "بەخوا سەیرە غەنی و ئەو زەلامە ناشرینانە و ئەم وەرەقەیەشیان لێ بەجێما",
        "text_original": "بەخوا سەیرە غەنی و ئەو زەلامە ناشرینانە و ئەم وەرەقەیەشیان لێ بەجێما",
        "start": 518986.99999999994,
        "end": 523702.0,
        "audio": "content/segments/26/194.ogg"
    },
    {
        "ID": "195",
        "gender": "M",
        "age": "A",
        "character_name": "کەریم",
        "text": "(گۆرانی گووتن)",
        "text_original": "(گۆرانی گووتن)",
        "start": 524010.0,
        "end": 535209.0,
        "audio": "content/segments/26/195.ogg"
    },
    {
        "ID": "196",
        "gender": "M",
        "age": "A",
        "character_name": "کەریم",
        "text": "ئەگەر چی بشمرم پێمخۆشە ئەم بیماریەم، ئەمان ئاااا",
        "text_original": "ئەگەر چی بشمرم پێمخۆشە ئەم بیماریەم، ئەمان ئاااا",
        "start": 536495.0,
        "end": 548865.0,
        "audio": "content/segments/26/196.ogg"
    },
    {
        "ID": "197",
        "gender": "M",
        "age": "A",
        "character_name": "کەریم",
        "text": "سەعە، سەعا",
        "text_original": "سەعە، سەعا",
        "start": 548865.0,
        "end": 550490.0,
        "audio": "content/segments/26/197.ogg"
    },
    {
        "ID": "198",
        "gender": "M",
        "age": "A",
        "character_name": "سەعید",
        "text": "وەرە وەرە، ئەزانم ناوم سەعەیە",
        "text_original": "وەرە وەرە، ئەزانم ناوم سەعەیە",
        "start": 550490.0,
        "end": 552063.0,
        "audio": "content/segments/26/198.ogg"
    },
    {
        "ID": "199",
        "gender": "M",
        "age": "A",
        "character_name": "کەریم",
        "text": "یٔەمە یەکەم جارە تۆ لە شو، وەختی خۆیا بێی وەرە",
        "text_original": "یٔەمە یەکەم جارە تۆ لە شو، وەختی خۆیا بێی وەرە",
        "start": 552063.0,
        "end": 554494.0,
        "audio": "content/segments/26/199.ogg"
    },
    {
        "ID": "200",
        "gender": "M",
        "age": "A",
        "character_name": "کەریم",
        "text": "ئەوە چییە بۆوا بێتاقەتی چی بوە",
        "text_original": "ئەوە چییە بۆوا بێتاقەتی چی بوە",
        "start": 554552.0,
        "end": 556664.0,
        "audio": "content/segments/26/200.ogg"
    },
    {
        "ID": "201",
        "gender": "M",
        "age": "A",
        "character_name": "سەعید",
        "text": "تۆ وەرە، شتێکی سەیرت پێبڵێم",
        "text_original": "تۆ وەرە، شتێکی سەیرت پێبڵێم",
        "start": 556664.0,
        "end": 558037.0,
        "audio": "content/segments/26/201.ogg"
    },
    {
        "ID": "202",
        "gender": "M",
        "age": "A",
        "character_name": "کەریم",
        "text": "چی بوە ئادەی",
        "text_original": "چی بوە ئادەی",
        "start": 558096.0,
        "end": 559086.0,
        "audio": "content/segments/26/202.ogg"
    },
    {
        "ID": "203",
        "gender": "M",
        "age": "A",
        "character_name": "سەعید",
        "text": "ناردیانم بۆ مەولوێک بە زۆر",
        "text_original": "ناردیانم بۆ مەولوێک بە زۆر",
        "start": 559240.0,
        "end": 560853.0,
        "audio": "content/segments/26/203.ogg"
    },
    {
        "ID": "204",
        "gender": "M",
        "age": "A",
        "character_name": "کەریم",
        "text": "ئێ",
        "text_original": "ئێ",
        "start": 560914.0,
        "end": 561626.0,
        "audio": "content/segments/26/204.ogg"
    },
    {
        "ID": "205",
        "gender": "M",
        "age": "A",
        "character_name": "سەعید",
        "text": "لەو سەرەوە هاتمەوە، غەنی و سێ چوار زەلامی ناشرینی قەبیح",
        "text_original": "لەو سەرەوە هاتمەوە، غەنی و سێ چوار زەلامی ناشرینی قەبیح",
        "start": 561740.0,
        "end": 566209.0,
        "audio": "content/segments/26/205.ogg"
    },
    {
        "ID": "206",
        "gender": "M",
        "age": "A",
        "character_name": "کەریم",
        "text": "ئێ",
        "text_original": "ئێ",
        "start": 566225.0,
        "end": 566681.0,
        "audio": "content/segments/26/206.ogg"
    },
    {
        "ID": "207",
        "gender": "M",
        "age": "A",
        "character_name": "سەعید",
        "text": "جلەکانیان لە یٔی خۆمان نە یٔەچوو، یٔەلێرەیا وەستابوون",
        "text_original": "جلەکانیان لە یٔی خۆمان نە یٔەچوو، یٔەلێرەیا وەستابوون",
        "start": 566710.0,
        "end": 569491.0,
        "audio": "content/segments/26/207.ogg"
    },
    {
        "ID": "208",
        "gender": "M",
        "age": "A",
        "character_name": "سەعید",
        "text": "لەباتی من بتۆقم ئەوان تۆقین ڕایان کرد، ئەم وەڕەقەشیان لێبەجێ ماوە",
        "text_original": "لەباتی من بتۆقم ئەوان تۆقین ڕایان کرد، ئەم وەڕەقەشیان لێبەجێ ماوە",
        "start": 569491.0,
        "end": 573034.0,
        "audio": "content/segments/26/208.ogg"
    },
    {
        "ID": "209",
        "gender": "M",
        "age": "A",
        "character_name": "کەریم",
        "text": "ئەمە",
        "text_original": "ئەمە",
        "start": 573034.0,
        "end": 573586.0,
        "audio": "content/segments/26/209.ogg"
    },
    {
        "ID": "210",
        "gender": "M",
        "age": "A",
        "character_name": "سەعید",
        "text": "ئا",
        "text_original": "ئا",
        "start": 573586.0,
        "end": 574045.0,
        "audio": "content/segments/26/210.ogg"
    },
    {
        "ID": "211",
        "gender": "NA",
        "age": "NA",
        "character_name": "NA",
        "text": "بەس ئینگلیزیە",
        "text_original": "بەس ئینگلیزیە",
        "start": 574089.0,
        "end": 575716.0,
        "audio": "content/segments/26/211.ogg"
    },
    {
        "ID": "212",
        "gender": "M",
        "age": "A",
        "character_name": "کەریم",
        "text": "ئەزانم چێ ئەڵێ دەعوەت نەکراوی بۆ خاریج",
        "text_original": "ئەزانم چێ ئەڵێ دەعوەت نەکراوی بۆ خاریج",
        "start": 575767.0,
        "end": 578848.0,
        "audio": "content/segments/26/212.ogg"
    },
    {
        "ID": "213",
        "gender": "M",
        "age": "A",
        "character_name": "کەریم",
        "text": "جا کوری باش ئەگەر دەعوەت بوی ئەبێ منیش لەگەڵ خۆو بەری",
        "text_original": "جا کوری باش ئەگەر دەعوەت بوی ئەبێ منیش لەگەڵ خۆو بەری",
        "start": 578908.0,
        "end": 583683.0,
        "audio": "content/segments/26/213.ogg"
    },
    {
        "ID": "214",
        "gender": "M",
        "age": "A",
        "character_name": "سەعید",
        "text": "بەسەرچاو تۆ بزانە چی نوسراوە",
        "text_original": "بەسەرچاو تۆ بزانە چی نوسراوە",
        "start": 583743.0,
        "end": 585556.0,
        "audio": "content/segments/26/214.ogg"
    },
    {
        "ID": "215",
        "gender": "M",
        "age": "A",
        "character_name": "کەریم",
        "text": "ئەمە بە ئینگلیزی نوسراوە",
        "text_original": "ئەمە بە ئینگلیزی نوسراوە",
        "start": 585556.0,
        "end": 587660.0,
        "audio": "content/segments/26/215.ogg"
    },
    {
        "ID": "216",
        "gender": "M",
        "age": "A",
        "character_name": "کەریم",
        "text": "ئۆو، سەعە ئەمە عەقدی کڕین و فرۆشتنی ئەم کەلاوەیەیە",
        "text_original": "ئۆو، سەعە ئەمە عەقدی کڕین و فرۆشتنی ئەم کەلاوەیەیە",
        "start": 587723.0,
        "end": 593408.0,
        "audio": "content/segments/26/216.ogg"
    },
    {
        "ID": "217",
        "gender": "M",
        "age": "A",
        "character_name": "سەعید",
        "text": "هی ئێرە",
        "text_original": "هی ئێرە",
        "start": 593483.0,
        "end": 594469.0,
        "audio": "content/segments/26/217.ogg"
    },
    {
        "ID": "218",
        "gender": "M",
        "age": "A",
        "character_name": "کەریم",
        "text": "ئەی چۆن ئەوەتا عەقدی کردوە بە ئینگلیزی فرۆشتوتە",
        "text_original": "ئەی چۆن ئەوەتا عەقدی کردوە بە ئینگلیزی فرۆشتوتە",
        "start": 594483.0,
        "end": 598612.0,
        "audio": "content/segments/26/218.ogg"
    },
    {
        "ID": "219",
        "gender": "M",
        "age": "A",
        "character_name": "سەعید",
        "text": "کورە من ئینگلیزی چوزانم عەقدی پێ ئیمزاکەم",
        "text_original": "کورە من ئینگلیزی چوزانم عەقدی پێ ئیمزاکەم",
        "start": 598722.0,
        "end": 601611.0,
        "audio": "content/segments/26/219.ogg"
    },
    {
        "ID": "220",
        "gender": "M",
        "age": "A",
        "character_name": "سەعید",
        "text": "ئاتۆ جوان بیخوێنەرەوە",
        "text_original": "ئاتۆ جوان بیخوێنەرەوە",
        "start": 601611.0,
        "end": 602655.0,
        "audio": "content/segments/26/220.ogg"
    },
    {
        "ID": "221",
        "gender": "M",
        "age": "A",
        "character_name": "کەریم",
        "text": "ئاخر با فرۆشراوە بەڵام ئەزانی چی",
        "text_original": "ئاخر با فرۆشراوە بەڵام ئەزانی چی",
        "start": 602655.0,
        "end": 605835.0,
        "audio": "content/segments/26/221.ogg"
    },
    {
        "ID": "222",
        "gender": "M",
        "age": "A",
        "character_name": "کەریم",
        "text": "ئەوەتا ئا بە تەوقعی هینە، نوسراوە گەنی",
        "text_original": "ئەوەتا ئا بە تەوقعی هینە، نوسراوە گەنی",
        "start": 606233.0,
        "end": 610671.0,
        "audio": "content/segments/26/222.ogg"
    },
    {
        "ID": "223",
        "gender": "M",
        "age": "A",
        "character_name": "سەعید",
        "text": "یەعنی چی گەنی",
        "text_original": "یەعنی چی گەنی",
        "start": 611078.0,
        "end": 612228.0,
        "audio": "content/segments/26/223.ogg"
    },
    {
        "ID": "224",
        "gender": "M",
        "age": "A",
        "character_name": "کەریم",
        "text": "ئێ دەڵێ یەعنی ئەزانی چی، یاعنی غەنی فرۆشتویەتی",
        "text_original": "ئێ دەڵێ یەعنی ئەزانی چی، یاعنی غەنی فرۆشتویەتی",
        "start": 612493.0,
        "end": 616276.0,
        "audio": "content/segments/26/224.ogg"
    },
    {
        "ID": "225",
        "gender": "M",
        "age": "A",
        "character_name": "کەریم",
        "text": "بە ئینگلیزیش بە غەنی ئەڵێن گەنی",
        "text_original": "بە ئینگلیزیش بە غەنی ئەڵێن گەنی",
        "start": 616276.0,
        "end": 619533.0,
        "audio": "content/segments/26/225.ogg"
    },
    {
        "ID": "226",
        "gender": "M",
        "age": "A",
        "character_name": "سەعید",
        "text": "گەنی ئەی بە کوردی چی پێ ئەڵێن",
        "text_original": "گەنی ئەی بە کوردی چی پێ ئەڵێن",
        "start": 620223.0,
        "end": 621886.0,
        "audio": "content/segments/26/226.ogg"
    },
    {
        "ID": "227",
        "gender": "M",
        "age": "A",
        "character_name": "کەریم",
        "text": "بە کوردیش کوری باش پێی ئەڵێن پاشقول",
        "text_original": "بە کوردیش کوری باش پێی ئەڵێن پاشقول",
        "start": 621886.0,
        "end": 625468.0,
        "audio": "content/segments/26/227.ogg"
    }
]