[
    {
        "ID": "2",
        "gender": "M",
        "age": "A",
        "character_name": "غەنی",
        "text": "خویێ گرت بە شیری، بۆش بردیەوە لە چیری",
        "text_original": "خویێ گرت بە شیری، بۆش بردیەوە لە چیری",
        "start": 6288.0,
        "end": 10367.0,
        "audio": "content/segments/27/2.ogg"
    },
    {
        "ID": "3",
        "gender": "M",
        "age": "A",
        "character_name": "غەنی",
        "text": "خویێ گرت بە شیری، بۆش بردیەوە لە چیری",
        "text_original": "خویێ گرت بە شیری، بۆش بردیەوە لە چیری",
        "start": 10710.0,
        "end": 14678.0,
        "audio": "content/segments/27/3.ogg"
    },
    {
        "ID": "4",
        "gender": "M",
        "age": "A",
        "character_name": "غەنی",
        "text": "خویێ گرتھ بە شیری، بۆش بردیەوە لە چیری",
        "text_original": "خویێ گرتھ بە شیری، بۆش بردیەوە لە چیری",
        "start": 15130.0,
        "end": 19103.0,
        "audio": "content/segments/27/4.ogg"
    },
    {
        "ID": "5",
        "gender": "M",
        "age": "A",
        "character_name": "سەعید",
        "text": "غەنی تۆ سەلچی سیری، یان قولینەی هەنجیری",
        "text_original": "غەنی تۆ سەلچی سیری، یان قولینەی هەنجیری",
        "start": 19203.0,
        "end": 23598.0,
        "audio": "content/segments/27/5.ogg"
    },
    {
        "ID": "6",
        "gender": "M",
        "age": "A",
        "character_name": "سەعید",
        "text": "غەنی تۆ سەلچی سیری، یان قولینەی هەنجیری",
        "text_original": "غەنی تۆ سەلچی سیری، یان قولینەی هەنجیری",
        "start": 24030.0,
        "end": 28490.0,
        "audio": "content/segments/27/6.ogg"
    },
    {
        "ID": "7",
        "gender": "M",
        "age": "A",
        "character_name": "غەنی",
        "text": "ئنجا باشە توو زاتی خوا",
        "text_original": "ئنجا باشە توو زاتی خوا",
        "start": 28705.0,
        "end": 30446.0,
        "audio": "content/segments/27/7.ogg"
    },
    {
        "ID": "8",
        "gender": "M",
        "age": "A",
        "character_name": "غەنی",
        "text": "قولینەی هەنجیر، چ خزمایەتیەکیان هەیە لەگەڵ سەلکی سیرا",
        "text_original": "قولینەی هەنجیر، چ خزمایەتیەکیان هەیە لەگەڵ سەلکی سیرا",
        "start": 31040.0,
        "end": 34858.0,
        "audio": "content/segments/27/8.ogg"
    },
    {
        "ID": "9",
        "gender": "M",
        "age": "A",
        "character_name": "سەعید",
        "text": "یاعنی نیانە",
        "text_original": "یاعنی نیانە",
        "start": 34887.0,
        "end": 35789.0,
        "audio": "content/segments/27/9.ogg"
    },
    {
        "ID": "10",
        "gender": "M",
        "age": "A",
        "character_name": "غەنی",
        "text": "نەوەڵا نیانە، ئەسڵەن هەر ڕەپتیشی نییە",
        "text_original": "نەوەڵا نیانە، ئەسڵەن هەر ڕەپتیشی نییە",
        "start": 35891.0,
        "end": 38501.0,
        "audio": "content/segments/27/10.ogg"
    },
    {
        "ID": "11",
        "gender": "M",
        "age": "A",
        "character_name": "سەعید",
        "text": "ئەی ئەو گۆرانیە قۆڕەی تۆ ڕەبتەکەی چییە",
        "text_original": "ئەی ئەو گۆرانیە قۆڕەی تۆ ڕەبتەکەی چییە",
        "start": 38501.0,
        "end": 42154.0,
        "audio": "content/segments/27/11.ogg"
    },
    {
        "ID": "12",
        "gender": "NA",
        "age": "NA",
        "character_name": "NA",
        "text": "سەعید خویێ گرتی بەشیری",
        "text_original": "سەعید خویێ گرتی بەشیری",
        "start": 43146.0,
        "end": 44363.0,
        "audio": "content/segments/27/12.ogg"
    },
    {
        "ID": "13",
        "gender": "M",
        "age": "A",
        "character_name": "سەعید",
        "text": "توخوا یٔەو کەلیماتانە ڕەبتەکەیان چی بوو بەیەکەوە",
        "text_original": "توخوا یٔەو کەلیماتانە ڕەبتەکەیان چی بوو بەیەکەوە",
        "start": 44363.0,
        "end": 46820.0,
        "audio": "content/segments/27/13.ogg"
    },
    {
        "ID": "14",
        "gender": "M",
        "age": "A",
        "character_name": "غەنی",
        "text": "یٔەوە بەراستە، یٔەوە حەیفھ نەکرد، تێوگەیەنم",
        "text_original": "یٔەوە بەراستە، یٔەوە حەیفھ نەکرد، تێوگەیەنم",
        "start": 46899.0,
        "end": 49746.0,
        "audio": "content/segments/27/14.ogg"
    },
    {
        "ID": "15",
        "gender": "M",
        "age": "A",
        "character_name": "سەعید",
        "text": "ئادەی",
        "text_original": "ئادەی",
        "start": 49810.0,
        "end": 50319.0,
        "audio": "content/segments/27/15.ogg"
    },
    {
        "ID": "16",
        "gender": "M",
        "age": "A",
        "character_name": "غەنی",
        "text": "وەڵاهی وە بیلاهی، یٔەگەر لە تاریکیا",
        "text_original": "وەڵاهی وە بیلاهی، یٔەگەر لە تاریکیا",
        "start": 50402.0,
        "end": 53778.0,
        "audio": "content/segments/27/16.ogg"
    },
    {
        "ID": "17",
        "gender": "M",
        "age": "A",
        "character_name": "سەعید",
        "text": "ئێ",
        "text_original": "ئێ",
        "start": 53778.0,
        "end": 54491.0,
        "audio": "content/segments/27/17.ogg"
    },
    {
        "ID": "18",
        "gender": "M",
        "age": "A",
        "character_name": "غەنی",
        "text": "لە تاریکیا نییە، سەیری ئا ئەو گۆرانیە بکەی",
        "text_original": "لە تاریکیا نییە، سەیری ئا ئەو گۆرانیە بکەی",
        "start": 54491.0,
        "end": 57890.0,
        "audio": "content/segments/27/18.ogg"
    },
    {
        "ID": "19",
        "gender": "M",
        "age": "A",
        "character_name": "غەنی",
        "text": "هەمووی فەلسەفەیە، بێقەزابی فەلسەفە",
        "text_original": "هەمووی فەلسەفەیە، بێقەزابی فەلسەفە",
        "start": 57932.0,
        "end": 60536.0,
        "audio": "content/segments/27/19.ogg"
    },
    {
        "ID": "20",
        "gender": "M",
        "age": "A",
        "character_name": "سەعید",
        "text": "ئنجا فەلسەفە لەم دەمە جوانەی تۆوە، تەپ تەپ یێتە دەرەوە",
        "text_original": "ئنجا فەلسەفە لەم دەمە جوانەی تۆوە، تەپ تەپ یێتە دەرەوە",
        "start": 60571.0,
        "end": 65152.0,
        "audio": "content/segments/27/20.ogg"
    },
    {
        "ID": "21",
        "gender": "M",
        "age": "A",
        "character_name": "غەنی",
        "text": "کورە ماڵھ بە قور نەگیرێ، تۆ جیۆ بگرە بزانە ئەڵێ چی",
        "text_original": "کورە ماڵھ بە قور نەگیرێ، تۆ جیۆ بگرە بزانە ئەڵێ چی",
        "start": 65245.99999999999,
        "end": 68469.0,
        "audio": "content/segments/27/21.ogg"
    },
    {
        "ID": "22",
        "gender": "M",
        "age": "A",
        "character_name": "غەنی",
        "text": "ئەڵێ خویێ گرت بەشیری، بۆش بردیەوە لە چیری",
        "text_original": "ئەڵێ خویێ گرت بەشیری، بۆش بردیەوە لە چیری",
        "start": 68752.0,
        "end": 72879.0,
        "audio": "content/segments/27/22.ogg"
    },
    {
        "ID": "23",
        "gender": "NA",
        "age": "NA",
        "character_name": "NA",
        "text": "ئەزانی یاعنی چی",
        "text_original": "ئەزانی یاعنی چی",
        "start": 72950.0,
        "end": 74543.0,
        "audio": "content/segments/27/23.ogg"
    },
    {
        "ID": "24",
        "gender": "M",
        "age": "A",
        "character_name": "غەنی",
        "text": "یاعنی ئەمەریکا ئاقڵە، چۆن لە کاتی شەڕا سەرۆکەکەی خۆی ئەگۆڕێ",
        "text_original": "یاعنی ئەمەریکا ئاقڵە، چۆن لە کاتی شەڕا سەرۆکەکەی خۆی ئەگۆڕێ",
        "start": 74739.0,
        "end": 78847.0,
        "audio": "content/segments/27/24.ogg"
    },
    {
        "ID": "25",
        "gender": "M",
        "age": "A",
        "character_name": "سەعید",
        "text": "ئااا، لەکاتی ئینتیخاباتا سەرۆچی خۆیان ناگۆڕن تێگەیشتم",
        "text_original": "ئااا، لەکاتی ئینتیخاباتا سەرۆچی خۆیان ناگۆڕن تێگەیشتم",
        "start": 79215.0,
        "end": 84337.0,
        "audio": "content/segments/27/25.ogg"
    },
    {
        "ID": "26",
        "gender": "M",
        "age": "A",
        "character_name": "سەعید",
        "text": "تێگەیشتم هانێ بگرە",
        "text_original": "تێگەیشتم هانێ بگرە",
        "start": 84727.0,
        "end": 86587.0,
        "audio": "content/segments/27/26.ogg"
    },
    {
        "ID": "27",
        "gender": "M",
        "age": "A",
        "character_name": "غەنی",
        "text": "ئەمە چییە",
        "text_original": "ئەمە چییە",
        "start": 86746.0,
        "end": 87598.0,
        "audio": "content/segments/27/27.ogg"
    },
    {
        "ID": "28",
        "gender": "M",
        "age": "A",
        "character_name": "سەعید",
        "text": "ئەوە چییە چاوتە، ساردیە ئااا، ئە",
        "text_original": "ئەوە چییە چاوتە، ساردیە ئااا، ئە",
        "start": 87689.0,
        "end": 90692.0,
        "audio": "content/segments/27/28.ogg"
    },
    {
        "ID": "29",
        "gender": "M",
        "age": "A",
        "character_name": "غەنی",
        "text": "ئەمە هەبێ و نەبێ لە تەنزیلاتا کڕیوتە",
        "text_original": "ئەمە هەبێ و نەبێ لە تەنزیلاتا کڕیوتە",
        "start": 90736.0,
        "end": 93157.0,
        "audio": "content/segments/27/29.ogg"
    },
    {
        "ID": "30",
        "gender": "M",
        "age": "A",
        "character_name": "سەعید",
        "text": "نەء، لە تەنزیلاتا نەم کڕیوە، لە موزایەدەیەکی سیاسیا بۆم دەرچوو",
        "text_original": "نەء، لە تەنزیلاتا نەم کڕیوە، لە موزایەدەیەکی سیاسیا بۆم دەرچوو",
        "start": 93226.0,
        "end": 98749.0,
        "audio": "content/segments/27/30.ogg"
    },
    {
        "ID": "31",
        "gender": "M",
        "age": "A",
        "character_name": "غەنی",
        "text": "ئائە، ئێستا تێگەیشتم",
        "text_original": "ئائە، ئێستا تێگەیشتم",
        "start": 98890.0,
        "end": 100834.0,
        "audio": "content/segments/27/31.ogg"
    },
    {
        "ID": "32",
        "gender": "M",
        "age": "A",
        "character_name": "غەنی",
        "text": "مەبەست موزایەدەی سیاسی",
        "text_original": "مەبەست موزایەدەی سیاسی",
        "start": 100946.0,
        "end": 102630.0,
        "audio": "content/segments/27/32.ogg"
    },
    {
        "ID": "33",
        "gender": "NA",
        "age": "NA",
        "character_name": "NA",
        "text": "بەڵێ، بەڵێ",
        "text_original": "بەڵێ، بەڵێ",
        "start": 102783.0,
        "end": 105501.0,
        "audio": "content/segments/27/33.ogg"
    },
    {
        "ID": "34",
        "gender": "M",
        "age": "A",
        "character_name": "غەنی",
        "text": "ئنجا توو ئەو خوایە، ساردی و بەتانی کوجا مەرحەبا ئاغا",
        "text_original": "ئنجا توو ئەو خوایە، ساردی و بەتانی کوجا مەرحەبا ئاغا",
        "start": 105521.0,
        "end": 109594.0,
        "audio": "content/segments/27/34.ogg"
    },
    {
        "ID": "35",
        "gender": "M",
        "age": "A",
        "character_name": "سەعید",
        "text": "مەرحەبا سەرچاو کاکە غەنی",
        "text_original": "مەرحەبا سەرچاو کاکە غەنی",
        "start": 109727.0,
        "end": 111313.0,
        "audio": "content/segments/27/35.ogg"
    },
    {
        "ID": "36",
        "gender": "M",
        "age": "A",
        "character_name": "سەعید",
        "text": "ئەو حیزبەی کە ئەمانەی یاوە بە من",
        "text_original": "ئەو حیزبەی کە ئەمانەی یاوە بە من",
        "start": 111313.0,
        "end": 113311.0,
        "audio": "content/segments/27/36.ogg"
    },
    {
        "ID": "37",
        "gender": "M",
        "age": "A",
        "character_name": "سەعید",
        "text": "هەم لەسەر دەنگی سەرما بردەڵەکان پەچی کەوتوە",
        "text_original": "هەم لەسەر دەنگی سەرما بردەڵەکان پەچی کەوتوە",
        "start": 113311.0,
        "end": 116229.0,
        "audio": "content/segments/27/37.ogg"
    },
    {
        "ID": "38",
        "gender": "M",
        "age": "A",
        "character_name": "سەعید",
        "text": "هەم لەسەر دەنگی ئەوانەی کە تینویانە، ئەوە بۆیە هەردووچی پێکەوە",
        "text_original": "هەم لەسەر دەنگی ئەوانەی کە تینویانە، ئەوە بۆیە هەردووچی پێکەوە",
        "start": 116544.0,
        "end": 119862.0,
        "audio": "content/segments/27/38.ogg"
    },
    {
        "ID": "39",
        "gender": "M",
        "age": "A",
        "character_name": "غەنی",
        "text": "یٔا یاعنی یٔەمە بەرنامەکەیان چوار فەسڵیە",
        "text_original": "یٔا یاعنی یٔەمە بەرنامەکەیان چوار فەسڵیە",
        "start": 119862.0,
        "end": 122309.0,
        "audio": "content/segments/27/39.ogg"
    },
    {
        "ID": "40",
        "gender": "M",
        "age": "A",
        "character_name": "سەعید",
        "text": "بەڵێ بەڵێ، چوار فەسڵیە",
        "text_original": "بەڵێ بەڵێ، چوار فەسڵیە",
        "start": 122309.0,
        "end": 123466.0,
        "audio": "content/segments/27/40.ogg"
    },
    {
        "ID": "41",
        "gender": "M",
        "age": "A",
        "character_name": "سەعید",
        "text": "ئنجا سەیریکە ئەم بەتانیەیان دوو دیویشە",
        "text_original": "ئنجا سەیریکە ئەم بەتانیەیان دوو دیویشە",
        "start": 123549.0,
        "end": 126703.0,
        "audio": "content/segments/27/41.ogg"
    },
    {
        "ID": "42",
        "gender": "M",
        "age": "A",
        "character_name": "غەنی",
        "text": "بۆ خۆ کاسێتە",
        "text_original": "بۆ خۆ کاسێتە",
        "start": 126739.0,
        "end": 128020.99999999999,
        "audio": "content/segments/27/42.ogg"
    },
    {
        "ID": "43",
        "gender": "M",
        "age": "A",
        "character_name": "سەعید",
        "text": "نە دە تۆش جوان سەیریکە هەتیوو",
        "text_original": "نە دە تۆش جوان سەیریکە هەتیوو",
        "start": 128168.0,
        "end": 129707.0,
        "audio": "content/segments/27/43.ogg"
    },
    {
        "ID": "44",
        "gender": "NA",
        "age": "NA",
        "character_name": "NA",
        "text": "لە خۆتەوە هەزەلی",
        "text_original": "لە خۆتەوە هەزەلی",
        "start": 129728.00000000001,
        "end": 131275.0,
        "audio": "content/segments/27/44.ogg"
    },
    {
        "ID": "45",
        "gender": "M",
        "age": "A",
        "character_name": "غەنی",
        "text": "بەخوا هینە",
        "text_original": "بەخوا هینە",
        "start": 131289.0,
        "end": 132193.0,
        "audio": "content/segments/27/45.ogg"
    },
    {
        "ID": "47",
        "gender": "NA",
        "age": "NA",
        "character_name": "NA",
        "text": "ئەز، ئەزانی چی",
        "text_original": "ئەز، ئەزانی چی",
        "start": 134028.0,
        "end": 135447.0,
        "audio": "content/segments/27/47.ogg"
    },
    {
        "ID": "48",
        "gender": "M",
        "age": "A",
        "character_name": "سەعید",
        "text": "ها",
        "text_original": "ها",
        "start": 135447.0,
        "end": 136068.0,
        "audio": "content/segments/27/48.ogg"
    },
    {
        "ID": "49",
        "gender": "M",
        "age": "A",
        "character_name": "غەنی",
        "text": "کاکە سەعە بۆنێکی زۆر سەیری لێیێ",
        "text_original": "کاکە سەعە بۆنێکی زۆر سەیری لێیێ",
        "start": 136756.0,
        "end": 138546.0,
        "audio": "content/segments/27/49.ogg"
    },
    {
        "ID": "50",
        "gender": "M",
        "age": "A",
        "character_name": "سەعید",
        "text": "هیچ نییە",
        "text_original": "هیچ نییە",
        "start": 138546.0,
        "end": 139668.0,
        "audio": "content/segments/27/50.ogg"
    },
    {
        "ID": "51",
        "gender": "NA",
        "age": "NA",
        "character_name": "NA",
        "text": "ت، نا نا نا نا",
        "text_original": "ت، نا نا نا نا",
        "start": 139759.0,
        "end": 141326.0,
        "audio": "content/segments/27/51.ogg"
    },
    {
        "ID": "52",
        "gender": "M",
        "age": "A",
        "character_name": "سەعید",
        "text": "ئەوە تۆزێ هایدرۆلۆجیای حیزبەکە ڕژا بوو بەوێیا",
        "text_original": "ئەوە تۆزێ هایدرۆلۆجیای حیزبەکە ڕژا بوو بەوێیا",
        "start": 141356.0,
        "end": 143931.0,
        "audio": "content/segments/27/52.ogg"
    },
    {
        "ID": "53",
        "gender": "M",
        "age": "A",
        "character_name": "سەعید",
        "text": "هیچ نیە چاکەبێ ئەوە",
        "text_original": "هیچ نیە چاکەبێ ئەوە",
        "start": 143931.0,
        "end": 145463.0,
        "audio": "content/segments/27/53.ogg"
    },
    {
        "ID": "54",
        "gender": "M",
        "age": "A",
        "character_name": "غەنی",
        "text": "ئاها، بەس ئەزانی چۆنە کاکە سەعە",
        "text_original": "ئاها، بەس ئەزانی چۆنە کاکە سەعە",
        "start": 145517.0,
        "end": 147562.0,
        "audio": "content/segments/27/54.ogg"
    },
    {
        "ID": "55",
        "gender": "M",
        "age": "A",
        "character_name": "سەعید",
        "text": "ها",
        "text_original": "ها",
        "start": 147571.0,
        "end": 148038.0,
        "audio": "content/segments/27/55.ogg"
    },
    {
        "ID": "56",
        "gender": "M",
        "age": "A",
        "character_name": "غەنی",
        "text": "بەڕاستی خوا هەڵناگرێ ئەسڵە",
        "text_original": "بەڕاستی خوا هەڵناگرێ ئەسڵە",
        "start": 148038.0,
        "end": 149670.0,
        "audio": "content/segments/27/56.ogg"
    },
    {
        "ID": "57",
        "gender": "M",
        "age": "A",
        "character_name": "غەنی",
        "text": "باشە کاکە سەعە",
        "text_original": "باشە کاکە سەعە",
        "start": 150002.0,
        "end": 150964.0,
        "audio": "content/segments/27/57.ogg"
    },
    {
        "ID": "58",
        "gender": "M",
        "age": "A",
        "character_name": "سەعید",
        "text": "ها",
        "text_original": "ها",
        "start": 150964.0,
        "end": 151350.0,
        "audio": "content/segments/27/58.ogg"
    },
    {
        "ID": "59",
        "gender": "M",
        "age": "A",
        "character_name": "غەنی",
        "text": "ئەمە حکومەت کریویەتی و ئەییا بە ئەوان و",
        "text_original": "ئەمە حکومەت کریویەتی و ئەییا بە ئەوان و",
        "start": 151442.0,
        "end": 154145.0,
        "audio": "content/segments/27/59.ogg"
    },
    {
        "ID": "60",
        "gender": "M",
        "age": "A",
        "character_name": "غەنی",
        "text": "ئەوانیش تەوزیعیەکەن بەسەر جەماوەری ئازیزا",
        "text_original": "ئەوانیش تەوزیعیەکەن بەسەر جەماوەری ئازیزا",
        "start": 154145.0,
        "end": 156591.0,
        "audio": "content/segments/27/60.ogg"
    },
    {
        "ID": "61",
        "gender": "M",
        "age": "A",
        "character_name": "سەعید",
        "text": "ت، حوکمەتی چی نەگبەت",
        "text_original": "ت، حوکمەتی چی نەگبەت",
        "start": 156872.0,
        "end": 158733.0,
        "audio": "content/segments/27/61.ogg"
    },
    {
        "ID": "62",
        "gender": "M",
        "age": "A",
        "character_name": "سەعید",
        "text": "ئەسڵەن ئەوەی پەچی لەسەر پارەی حوکمەت نەکەوتوە",
        "text_original": "ئەسڵەن ئەوەی پەچی لەسەر پارەی حوکمەت نەکەوتوە",
        "start": 158821.0,
        "end": 161255.0,
        "audio": "content/segments/27/62.ogg"
    },
    {
        "ID": "63",
        "gender": "M",
        "age": "A",
        "character_name": "سەعید",
        "text": "ئەم جەماعەتەن کە ئیدارەی ئینتیخاباتەکە ئەکەن",
        "text_original": "ئەم جەماعەتەن کە ئیدارەی ئینتیخاباتەکە ئەکەن",
        "start": 161255.0,
        "end": 163484.0,
        "audio": "content/segments/27/63.ogg"
    },
    {
        "ID": "64",
        "gender": "M",
        "age": "A",
        "character_name": "غەنی",
        "text": "بە جدیتە",
        "text_original": "بە جدیتە",
        "start": 163732.0,
        "end": 164354.0,
        "audio": "content/segments/27/64.ogg"
    },
    {
        "ID": "65",
        "gender": "M",
        "age": "A",
        "character_name": "سەعید",
        "text": "ئەی چۆن کەرە عاقڵ، باوچی باوکم ئەزانی چییە",
        "text_original": "ئەی چۆن کەرە عاقڵ، باوچی باوکم ئەزانی چییە",
        "start": 164516.0,
        "end": 167811.0,
        "audio": "content/segments/27/65.ogg"
    },
    {
        "ID": "66",
        "gender": "M",
        "age": "A",
        "character_name": "سەعید",
        "text": "لە کوردەواریا، حوکمەت لای حیزب تەعین بوە",
        "text_original": "لە کوردەواریا، حوکمەت لای حیزب تەعین بوە",
        "start": 167944.0,
        "end": 171073.0,
        "audio": "content/segments/27/66.ogg"
    },
    {
        "ID": "67",
        "gender": "M",
        "age": "A",
        "character_name": "غەنی",
        "text": "یاعنی ئەتوانێ دەریکا",
        "text_original": "یاعنی ئەتوانێ دەریکا",
        "start": 171324.0,
        "end": 172739.0,
        "audio": "content/segments/27/67.ogg"
    },
    {
        "ID": "68",
        "gender": "M",
        "age": "A",
        "character_name": "سەعید",
        "text": "چی دەرکا",
        "text_original": "چی دەرکا",
        "start": 172912.0,
        "end": 173563.0,
        "audio": "content/segments/27/68.ogg"
    },
    {
        "ID": "69",
        "gender": "M",
        "age": "A",
        "character_name": "غەنی",
        "text": "حوکمەت",
        "text_original": "حوکمەت",
        "start": 173563.0,
        "end": 174281.0,
        "audio": "content/segments/27/69.ogg"
    },
    {
        "ID": "70",
        "gender": "M",
        "age": "A",
        "character_name": "سەعید",
        "text": "چێ دەریکا",
        "text_original": "چێ دەریکا",
        "start": 174351.0,
        "end": 175058.0,
        "audio": "content/segments/27/70.ogg"
    },
    {
        "ID": "71",
        "gender": "NA",
        "age": "NA",
        "character_name": "NA",
        "text": "با",
        "text_original": "با",
        "start": 175058.0,
        "end": 176537.0,
        "audio": "content/segments/27/71.ogg"
    },
    {
        "ID": "72",
        "gender": "M",
        "age": "A",
        "character_name": "غەنی",
        "text": "ئەتوانێ بڵێ حوکمەت فەرموو تۆ تەقاویدی، بلۆلەوە بۆ مالەوە",
        "text_original": "ئەتوانێ بڵێ حوکمەت فەرموو تۆ تەقاویدی، بلۆلەوە بۆ مالەوە",
        "start": 176537.0,
        "end": 181089.0,
        "audio": "content/segments/27/72.ogg"
    },
    {
        "ID": "73",
        "gender": "M",
        "age": "A",
        "character_name": "سەعید",
        "text": "کورە دەبلۆ چاوت دەرەهات، ساردیەکەو بخۆ لاچۆ",
        "text_original": "کورە دەبلۆ چاوت دەرەهات، ساردیەکەو بخۆ لاچۆ",
        "start": 181158.0,
        "end": 184392.0,
        "audio": "content/segments/27/73.ogg"
    },
    {
        "ID": "74",
        "gender": "M",
        "age": "A",
        "character_name": "سەعید",
        "text": "ئەوە چییە، ئەوە چی ئەکەی",
        "text_original": "ئەوە چییە، ئەوە چی ئەکەی",
        "start": 199491.0,
        "end": 201279.0,
        "audio": "content/segments/27/74.ogg"
    },
    {
        "ID": "75",
        "gender": "M",
        "age": "A",
        "character_name": "غەنی",
        "text": "ساردی ئەخۆمەوە",
        "text_original": "ساردی ئەخۆمەوە",
        "start": 201747.0,
        "end": 202751.0,
        "audio": "content/segments/27/75.ogg"
    },
    {
        "ID": "76",
        "gender": "M",
        "age": "A",
        "character_name": "سەعید",
        "text": "هەتیوو یەچێ بووبینێ حەیای هەزار ساڵمان ئەچێ",
        "text_original": "هەتیوو یەچێ بووبینێ حەیای هەزار ساڵمان ئەچێ",
        "start": 202751.0,
        "end": 205026.0,
        "audio": "content/segments/27/76.ogg"
    },
    {
        "ID": "77",
        "gender": "M",
        "age": "A",
        "character_name": "غەنی",
        "text": "بۆ",
        "text_original": "بۆ",
        "start": 205072.0,
        "end": 205709.0,
        "audio": "content/segments/27/77.ogg"
    },
    {
        "ID": "78",
        "gender": "M",
        "age": "A",
        "character_name": "سەعید",
        "text": "ئەوە چییەوا، بە قەسەب بیخۆ وەکو من ئەها ئە",
        "text_original": "ئەوە چییەوا، بە قەسەب بیخۆ وەکو من ئەها ئە",
        "start": 205729.0,
        "end": 208323.0,
        "audio": "content/segments/27/78.ogg"
    },
    {
        "ID": "79",
        "gender": "M",
        "age": "A",
        "character_name": "غەنی",
        "text": "ئیمانم بە قەسەب نییە",
        "text_original": "ئیمانم بە قەسەب نییە",
        "start": 208323.0,
        "end": 209653.0,
        "audio": "content/segments/27/79.ogg"
    },
    {
        "ID": "80",
        "gender": "M",
        "age": "A",
        "character_name": "سەعید",
        "text": "بۆ",
        "text_original": "بۆ",
        "start": 209751.0,
        "end": 210123.0,
        "audio": "content/segments/27/80.ogg"
    },
    {
        "ID": "81",
        "gender": "M",
        "age": "A",
        "character_name": "غەنی",
        "text": "ئەزانی بۆ",
        "text_original": "ئەزانی بۆ",
        "start": 210123.0,
        "end": 210825.0,
        "audio": "content/segments/27/81.ogg"
    },
    {
        "ID": "82",
        "gender": "M",
        "age": "A",
        "character_name": "سەعید",
        "text": "بۆ",
        "text_original": "بۆ",
        "start": 210825.0,
        "end": 211265.0,
        "audio": "content/segments/27/82.ogg"
    },
    {
        "ID": "83",
        "gender": "M",
        "age": "A",
        "character_name": "غەنی",
        "text": "کە قەسەبت پێ بوو ئەبێ سەر شۆڕ کەی",
        "text_original": "کە قەسەبت پێ بوو ئەبێ سەر شۆڕ کەی",
        "start": 211265.0,
        "end": 213338.0,
        "audio": "content/segments/27/83.ogg"
    },
    {
        "ID": "84",
        "gender": "M",
        "age": "A",
        "character_name": "سەعید",
        "text": "ئێ",
        "text_original": "ئێ",
        "start": 213338.0,
        "end": 213653.0,
        "audio": "content/segments/27/84.ogg"
    },
    {
        "ID": "85",
        "gender": "M",
        "age": "A",
        "character_name": "غەنی",
        "text": "بەڵام وەکو من ئەهاها، سەر بەرزانە بیخۆرەوە",
        "text_original": "بەڵام وەکو من ئەهاها، سەر بەرزانە بیخۆرەوە",
        "start": 213653.0,
        "end": 216539.0,
        "audio": "content/segments/27/85.ogg"
    },
    {
        "ID": "86",
        "gender": "M",
        "age": "A",
        "character_name": "سەعید",
        "text": "عا، ئاوا سەر بەرزانە و لوت بەرز بێ",
        "text_original": "عا، ئاوا سەر بەرزانە و لوت بەرز بێ",
        "start": 216644.0,
        "end": 219239.0,
        "audio": "content/segments/27/86.ogg"
    },
    {
        "ID": "87",
        "gender": "M",
        "age": "A",
        "character_name": "سەعید",
        "text": "ئنجا کاتێک ئەزانی زرم، ئەکەویتە چاڵێکەوە",
        "text_original": "ئنجا کاتێک ئەزانی زرم، ئەکەویتە چاڵێکەوە",
        "start": 219415.0,
        "end": 222378.0,
        "audio": "content/segments/27/87.ogg"
    },
    {
        "ID": "88",
        "gender": "M",
        "age": "A",
        "character_name": "غەنی",
        "text": "چاڵی بەلەدێ",
        "text_original": "چاڵی بەلەدێ",
        "start": 222378.0,
        "end": 223189.0,
        "audio": "content/segments/27/88.ogg"
    },
    {
        "ID": "89",
        "gender": "M",
        "age": "A",
        "character_name": "سەعید",
        "text": "چاڵی چاوه",
        "text_original": "چاڵی چاوه",
        "start": 223189.0,
        "end": 224082.0,
        "audio": "content/segments/27/89.ogg"
    },
    {
        "ID": "90",
        "gender": "M",
        "age": "A",
        "character_name": "سەعید",
        "text": "وەڵای غەنی جیان ئەزانی چۆنە",
        "text_original": "وەڵای غەنی جیان ئەزانی چۆنە",
        "start": 224162.0,
        "end": 225972.0,
        "audio": "content/segments/27/90.ogg"
    },
    {
        "ID": "91",
        "gender": "M",
        "age": "A",
        "character_name": "سەعید",
        "text": "دوکتۆر ئەڵێ، ئەشیعەیەکی تەنوری و بۆ ئەگرم",
        "text_original": "دوکتۆر ئەڵێ، ئەشیعەیەکی تەنوری و بۆ ئەگرم",
        "start": 225972.0,
        "end": 227911.0,
        "audio": "content/segments/27/91.ogg"
    },
    {
        "ID": "92",
        "gender": "M",
        "age": "A",
        "character_name": "سەعید",
        "text": "بزانم ئەوە غەڵەتە یا غەڵەت نیە",
        "text_original": "بزانم ئەوە غەڵەتە یا غەڵەت نیە",
        "start": 227911.0,
        "end": 229598.0,
        "audio": "content/segments/27/92.ogg"
    },
    {
        "ID": "93",
        "gender": "M",
        "age": "A",
        "character_name": "غەنی",
        "text": "جا ئەوە چییە، کەواتە دەستی لێ بشۆی باشترە",
        "text_original": "جا ئەوە چییە، کەواتە دەستی لێ بشۆی باشترە",
        "start": 229648.0,
        "end": 231446.0,
        "audio": "content/segments/27/93.ogg"
    },
    {
        "ID": "94",
        "gender": "M",
        "age": "A",
        "character_name": "سەعید",
        "text": "دەستی بۆ لێ ئەشۆم وەڵا ڕێک دەستم ئەسرم و جوان ئەچم",
        "text_original": "دەستی بۆ لێ ئەشۆم وەڵا ڕێک دەستم ئەسرم و جوان ئەچم",
        "start": 231456.0,
        "end": 234287.0,
        "audio": "content/segments/27/94.ogg"
    },
    {
        "ID": "95",
        "gender": "M",
        "age": "A",
        "character_name": "سەعید",
        "text": "دەنگەکە ئەکەمە ناو سنوقی ئینتیخاباتەکەوە",
        "text_original": "دەنگەکە ئەکەمە ناو سنوقی ئینتیخاباتەکەوە",
        "start": 234287.0,
        "end": 236214.0,
        "audio": "content/segments/27/95.ogg"
    },
    {
        "ID": "96",
        "gender": "NA",
        "age": "NA",
        "character_name": "NA",
        "text": "چیە",
        "text_original": "چیە",
        "start": 236221.0,
        "end": 237076.0,
        "audio": "content/segments/27/96.ogg"
    },
    {
        "ID": "97",
        "gender": "M",
        "age": "A",
        "character_name": "سەعید",
        "text": "چێی، چێی زەلام",
        "text_original": "چێی، چێی زەلام",
        "start": 237263.0,
        "end": 238490.0,
        "audio": "content/segments/27/97.ogg"
    },
    {
        "ID": "98",
        "gender": "F",
        "age": "A",
        "character_name": "ژنی1",
        "text": "کورە منم سەعە گیان، (ناڕون) حاجی ژنم، حاجی ژن",
        "text_original": "کورە منم سەعە گیان، (ناڕون) حاجی ژنم، حاجی ژن",
        "start": 238746.0,
        "end": 242783.0,
        "audio": "content/segments/27/98.ogg"
    },
    {
        "ID": "99",
        "gender": "M",
        "age": "A",
        "character_name": "سەعید",
        "text": "ئەک بەخێربێی حاجی",
        "text_original": "ئەک بەخێربێی حاجی",
        "start": 242876.0,
        "end": 244455.0,
        "audio": "content/segments/27/99.ogg"
    },
    {
        "ID": "100",
        "gender": "F",
        "age": "A",
        "character_name": "ژنی1",
        "text": "سەلاموا علێیک",
        "text_original": "سەلاموا علێیک",
        "start": 244486.0,
        "end": 245681.0,
        "audio": "content/segments/27/100.ogg"
    },
    {
        "ID": "101",
        "gender": "NA",
        "age": "NA",
        "character_name": "NA",
        "text": "وەرە ئێرەوە، وەرە ئێرەوە",
        "text_original": "وەرە ئێرەوە، وەرە ئێرەوە",
        "start": 245705.0,
        "end": 247420.0,
        "audio": "content/segments/27/101.ogg"
    },
    {
        "ID": "102",
        "gender": "M",
        "age": "A",
        "character_name": "غەنی",
        "text": "نانا، با بێتە لای خۆمەوە وەرە بەتانیم بۆ داناوی وەرە",
        "text_original": "نانا، با بێتە لای خۆمەوە وەرە بەتانیم بۆ داناوی وەرە",
        "start": 247569.0,
        "end": 250339.0,
        "audio": "content/segments/27/102.ogg"
    },
    {
        "ID": "103",
        "gender": "NA",
        "age": "NA",
        "character_name": "NA",
        "text": "ئەرێ باش باشن شکور ڕۆڵە",
        "text_original": "ئەرێ باش باشن شکور ڕۆڵە",
        "start": 250460.0,
        "end": 252381.0,
        "audio": "content/segments/27/103.ogg"
    },
    {
        "ID": "104",
        "gender": "NA",
        "age": "NA",
        "character_name": "NA",
        "text": "بەخێربێی",
        "text_original": "بەخێربێی",
        "start": 252445.0,
        "end": 253421.0,
        "audio": "content/segments/27/104.ogg"
    },
    {
        "ID": "105",
        "gender": "F",
        "age": "A",
        "character_name": "ژنی1",
        "text": "ئێوە چۆنن",
        "text_original": "ئێوە چۆنن",
        "start": 253611.0,
        "end": 254531.0,
        "audio": "content/segments/27/105.ogg"
    },
    {
        "ID": "106",
        "gender": "M",
        "age": "A",
        "character_name": "سەعید",
        "text": "چۆنی حاجی ژن، بەخێربێی، مناڵەکان چۆنن",
        "text_original": "چۆنی حاجی ژن، بەخێربێی، مناڵەکان چۆنن",
        "start": 254641.0,
        "end": 256959.0,
        "audio": "content/segments/27/106.ogg"
    },
    {
        "ID": "107",
        "gender": "F",
        "age": "A",
        "character_name": "ژنی1",
        "text": "سەلامەوبی یاخوا",
        "text_original": "سەلامەوبی یاخوا",
        "start": 256959.0,
        "end": 258081.00000000003,
        "audio": "content/segments/27/107.ogg"
    },
    {
        "ID": "108",
        "gender": "F",
        "age": "A",
        "character_name": "ژنی1",
        "text": "ئەرێ ئەڵێم، تۆ دەنگ بۆ چ مەزهەبێ ئەیەی ڕۆڵە",
        "text_original": "ئەرێ ئەڵێم، تۆ دەنگ بۆ چ مەزهەبێ ئەیەی ڕۆڵە",
        "start": 258081.00000000003,
        "end": 261048.0,
        "audio": "content/segments/27/108.ogg"
    },
    {
        "ID": "109",
        "gender": "M",
        "age": "A",
        "character_name": "سەعید",
        "text": "ئنجا دەنگان حەقی بەسەر مەزهەبەوە چییە حاجی ژن",
        "text_original": "ئنجا دەنگان حەقی بەسەر مەزهەبەوە چییە حاجی ژن",
        "start": 261249.00000000003,
        "end": 264127.0,
        "audio": "content/segments/27/109.ogg"
    },
    {
        "ID": "110",
        "gender": "F",
        "age": "A",
        "character_name": "ژنی1",
        "text": "هەیەتی",
        "text_original": "هەیەتی",
        "start": 264484.0,
        "end": 265338.0,
        "audio": "content/segments/27/110.ogg"
    },
    {
        "ID": "111",
        "gender": "M",
        "age": "A",
        "character_name": "سەعید",
        "text": "چۆن",
        "text_original": "چۆن",
        "start": 265338.0,
        "end": 265820.0,
        "audio": "content/segments/27/111.ogg"
    },
    {
        "ID": "112",
        "gender": "F",
        "age": "A",
        "character_name": "ژنی1",
        "text": "ئەڵێن، ئەڵێ ئەو ئ، ئیڕهابیەکەی ئ موسەلسەلەکەی ناو سونیەکە",
        "text_original": "ئەڵێن، ئەڵێ ئەو ئ، ئیڕهابیەکەی ئ موسەلسەلەکەی ناو سونیەکە",
        "start": 265820.0,
        "end": 270922.0,
        "audio": "content/segments/27/112.ogg"
    },
    {
        "ID": "113",
        "gender": "M",
        "age": "A",
        "character_name": "سەعید",
        "text": "موسەلسەلە نا",
        "text_original": "موسەلسەلە نا",
        "start": 270959.0,
        "end": 271754.0,
        "audio": "content/segments/27/113.ogg"
    },
    {
        "ID": "114",
        "gender": "F",
        "age": "A",
        "character_name": "ژنی1",
        "text": "ئەی",
        "text_original": "ئەی",
        "start": 271782.0,
        "end": 272222.0,
        "audio": "content/segments/27/114.ogg"
    },
    {
        "ID": "115",
        "gender": "NA",
        "age": "NA",
        "character_name": "NA",
        "text": "ئا، موسەلەسە، موسەلسەلە، نازانم چییە",
        "text_original": "ئا، موسەلەسە، موسەلسەلە، نازانم چییە",
        "start": 272222.0,
        "end": 275427.0,
        "audio": "content/segments/27/115.ogg"
    },
    {
        "ID": "116",
        "gender": "F",
        "age": "A",
        "character_name": "ژنی1",
        "text": "ئەڵێن هەیەتی ئەوەی دەنگ با، ئەچێتە ناوەراستی جەهەنەمەوە",
        "text_original": "ئەڵێن هەیەتی ئەوەی دەنگ با، ئەچێتە ناوەراستی جەهەنەمەوە",
        "start": 275491.0,
        "end": 279040.0,
        "audio": "content/segments/27/116.ogg"
    },
    {
        "ID": "117",
        "gender": "M",
        "age": "A",
        "character_name": "غەنی",
        "text": "دە وەڵاهی ئەوە موسەلەسەکەی شیعەکان واناڵێ",
        "text_original": "دە وەڵاهی ئەوە موسەلەسەکەی شیعەکان واناڵێ",
        "start": 279067.0,
        "end": 282104.0,
        "audio": "content/segments/27/117.ogg"
    },
    {
        "ID": "118",
        "gender": "F",
        "age": "A",
        "character_name": "ژنی1",
        "text": "ئا",
        "text_original": "ئا",
        "start": 282104.0,
        "end": 282464.0,
        "audio": "content/segments/27/118.ogg"
    },
    {
        "ID": "119",
        "gender": "M",
        "age": "A",
        "character_name": "غەنی",
        "text": "ئەڵێ هەرکەسێ دەنگ نەیا",
        "text_original": "ئەڵێ هەرکەسێ دەنگ نەیا",
        "start": 282464.0,
        "end": 284168.0,
        "audio": "content/segments/27/119.ogg"
    },
    {
        "ID": "120",
        "gender": "M",
        "age": "A",
        "character_name": "غەنی",
        "text": "خوا لەو دنیا ئەیکا بە بەراز و ڕێک فڕێی ئەیاتە جەهەنەمەوە",
        "text_original": "خوا لەو دنیا ئەیکا بە بەراز و ڕێک فڕێی ئەیاتە جەهەنەمەوە",
        "start": 284168.0,
        "end": 287952.0,
        "audio": "content/segments/27/120.ogg"
    },
    {
        "ID": "121",
        "gender": "M",
        "age": "A",
        "character_name": "سەعید",
        "text": "دە وەڵای پیاو بە قسەی ئەمان بکا باشترە حاجی ژن، ئەزانی بۆ چی",
        "text_original": "دە وەڵای پیاو بە قسەی ئەمان بکا باشترە حاجی ژن، ئەزانی بۆ چی",
        "start": 288500.0,
        "end": 292177.0,
        "audio": "content/segments/27/121.ogg"
    },
    {
        "ID": "122",
        "gender": "M",
        "age": "A",
        "character_name": "سەعید",
        "text": "ئەبێ ئینسان تۆزێ دیموکراسی بێ",
        "text_original": "ئەبێ ئینسان تۆزێ دیموکراسی بێ",
        "start": 292329.0,
        "end": 294331.0,
        "audio": "content/segments/27/122.ogg"
    },
    {
        "ID": "123",
        "gender": "F",
        "age": "A",
        "character_name": "ژنی1",
        "text": "کوری خۆم وا بیرمەکەنەوە باشە",
        "text_original": "کوری خۆم وا بیرمەکەنەوە باشە",
        "start": 294749.0,
        "end": 297630.0,
        "audio": "content/segments/27/123.ogg"
    },
    {
        "ID": "124",
        "gender": "F",
        "age": "A",
        "character_name": "ژنی1",
        "text": "لەوانەیە سبەینێ یەچێ هەڵبژێرن، بێت ئەم کەلاوەیەشمان لێ داجیر بکات",
        "text_original": "لەوانەیە سبەینێ یەچێ هەڵبژێرن، بێت ئەم کەلاوەیەشمان لێ داجیر بکات",
        "start": 298191.0,
        "end": 302746.0,
        "audio": "content/segments/27/124.ogg"
    },
    {
        "ID": "125",
        "gender": "M",
        "age": "A",
        "character_name": "غەنی",
        "text": "ئنجا خوا نەیبڕێ قەیچیەکا",
        "text_original": "ئنجا خوا نەیبڕێ قەیچیەکا",
        "start": 302811.0,
        "end": 304302.0,
        "audio": "content/segments/27/125.ogg"
    },
    {
        "ID": "126",
        "gender": "M",
        "age": "A",
        "character_name": "غەنی",
        "text": "خوا ئەم کەلاوەیە بکا بە قوڕبانی سەعاتێکی دیموکراسی",
        "text_original": "خوا ئەم کەلاوەیە بکا بە قوڕبانی سەعاتێکی دیموکراسی",
        "start": 304302.0,
        "end": 307994.0,
        "audio": "content/segments/27/126.ogg"
    },
    {
        "ID": "127",
        "gender": "F",
        "age": "A",
        "character_name": "ژنی1",
        "text": "ئاها، ئەوە من مردوو، ئێوە زینوو",
        "text_original": "ئاها، ئەوە من مردوو، ئێوە زینوو",
        "start": 308220.0,
        "end": 310899.0,
        "audio": "content/segments/27/127.ogg"
    },
    {
        "ID": "128",
        "gender": "F",
        "age": "A",
        "character_name": "ژنی1",
        "text": "ئەگەر پەشیمان نەبونەوە لەو ڕەهە، ئەم گۆشتەم گۆشتی بزن بێ",
        "text_original": "ئەگەر پەشیمان نەبونەوە لەو ڕەهە، ئەم گۆشتەم گۆشتی بزن بێ",
        "start": 311247.0,
        "end": 315418.0,
        "audio": "content/segments/27/128.ogg"
    },
    {
        "ID": "129",
        "gender": "M",
        "age": "A",
        "character_name": "غەنی",
        "text": "یٔنجا باشە خوا نەیبڕێ یاخوا، ئەمە گۆشتی خێرە",
        "text_original": "یٔنجا باشە خوا نەیبڕێ یاخوا، ئەمە گۆشتی خێرە",
        "start": 315743.0,
        "end": 318305.0,
        "audio": "content/segments/27/129.ogg"
    },
    {
        "ID": "130",
        "gender": "F",
        "age": "A",
        "character_name": "ژنی1",
        "text": "ئەرێوەڵا",
        "text_original": "ئەرێوەڵا",
        "start": 318305.0,
        "end": 319412.0,
        "audio": "content/segments/27/130.ogg"
    },
    {
        "ID": "131",
        "gender": "M",
        "age": "A",
        "character_name": "سەعید",
        "text": "کورە ڕۆڵە ئەوە گۆشتی هینە، دیعایەی ئینتیخابیە نابینی چەند زۆرە",
        "text_original": "کورە ڕۆڵە ئەوە گۆشتی هینە، دیعایەی ئینتیخابیە نابینی چەند زۆرە",
        "start": 319743.0,
        "end": 323885.0,
        "audio": "content/segments/27/131.ogg"
    },
    {
        "ID": "132",
        "gender": "M",
        "age": "A",
        "character_name": "غەنی",
        "text": "(پێکەنین)",
        "text_original": "(پێکەنین)",
        "start": 323953.0,
        "end": 324482.0,
        "audio": "content/segments/27/132.ogg"
    },
    {
        "ID": "133",
        "gender": "M",
        "age": "A",
        "character_name": "غەنی",
        "text": "موبارەک بێ حاجی ژن بۆ خۆو تەرجیع کردوە",
        "text_original": "موبارەک بێ حاجی ژن بۆ خۆو تەرجیع کردوە",
        "start": 324482.0,
        "end": 326807.0,
        "audio": "content/segments/27/133.ogg"
    },
    {
        "ID": "134",
        "gender": "F",
        "age": "A",
        "character_name": "ژنی1",
        "text": "کورە نەوەڵا ئەوە هینی ئئئ، حیزبە کرێچیەکەمانە",
        "text_original": "کورە نەوەڵا ئەوە هینی ئئئ، حیزبە کرێچیەکەمانە",
        "start": 326807.0,
        "end": 330845.0,
        "audio": "content/segments/27/134.ogg"
    },
    {
        "ID": "135",
        "gender": "M",
        "age": "A",
        "character_name": "غەنی",
        "text": "(پێکەنین)",
        "text_original": "(پێکەنین)",
        "start": 331074.0,
        "end": 332175.0,
        "audio": "content/segments/27/135.ogg"
    },
    {
        "ID": "136",
        "gender": "M",
        "age": "A",
        "character_name": "غەنی",
        "text": "ئەڵێ",
        "text_original": "ئەڵێ",
        "start": 332175.0,
        "end": 332646.0,
        "audio": "content/segments/27/136.ogg"
    },
    {
        "ID": "137",
        "gender": "M",
        "age": "A",
        "character_name": "سەعید",
        "text": "ئێ",
        "text_original": "ئێ",
        "start": 332646.0,
        "end": 333218.0,
        "audio": "content/segments/27/137.ogg"
    },
    {
        "ID": "138",
        "gender": "M",
        "age": "A",
        "character_name": "غەنی",
        "text": "ئەڵێ حیزبێ کرێچیمە",
        "text_original": "ئەڵێ حیزبێ کرێچیمە",
        "start": 333233.0,
        "end": 334607.0,
        "audio": "content/segments/27/138.ogg"
    },
    {
        "ID": "139",
        "gender": "F",
        "age": "A",
        "character_name": "ژنی1",
        "text": "ئائا، هی حیزبە کرێچیەکەمانە، دوو مەڕی کرد بە خێر",
        "text_original": "ئائا، هی حیزبە کرێچیەکەمانە، دوو مەڕی کرد بە خێر",
        "start": 334607.0,
        "end": 337477.0,
        "audio": "content/segments/27/139.ogg"
    },
    {
        "ID": "140",
        "gender": "F",
        "age": "A",
        "character_name": "ژنی1",
        "text": "ئینجا منیش خێرەکەی ئێوەم هەڵگرت و بۆم هێنان",
        "text_original": "ئینجا منیش خێرەکەی ئێوەم هەڵگرت و بۆم هێنان",
        "start": 337677.0,
        "end": 339987.0,
        "audio": "content/segments/27/140.ogg"
    },
    {
        "ID": "141",
        "gender": "M",
        "age": "A",
        "character_name": "سەعید",
        "text": "تەواوە ڕاسەکا، حیزبە بچوکەکان وان کرێچی خەڵکن",
        "text_original": "تەواوە ڕاسەکا، حیزبە بچوکەکان وان کرێچی خەڵکن",
        "start": 340073.0,
        "end": 343207.0,
        "audio": "content/segments/27/141.ogg"
    },
    {
        "ID": "142",
        "gender": "M",
        "age": "A",
        "character_name": "سەعید",
        "text": "حیزبە گەورەکان وا نین",
        "text_original": "حیزبە گەورەکان وا نین",
        "start": 343327.0,
        "end": 344524.0,
        "audio": "content/segments/27/142.ogg"
    },
    {
        "ID": "143",
        "gender": "M",
        "age": "A",
        "character_name": "سەعید",
        "text": "ئەی حاجی ژن تۆ بەتەمای بییەی بە چێ دەنگی خۆو",
        "text_original": "ئەی حاجی ژن تۆ بەتەمای بییەی بە چێ دەنگی خۆو",
        "start": 344524.0,
        "end": 347884.0,
        "audio": "content/segments/27/143.ogg"
    },
    {
        "ID": "144",
        "gender": "F",
        "age": "A",
        "character_name": "ژنی1",
        "text": "وەڵاهی من بەتەما نیم بییەم",
        "text_original": "وەڵاهی من بەتەما نیم بییەم",
        "start": 348030.0,
        "end": 350046.0,
        "audio": "content/segments/27/144.ogg"
    },
    {
        "ID": "145",
        "gender": "F",
        "age": "A",
        "character_name": "ژنی1",
        "text": "بەڵام ئەگەر هەر زۆریشیان لێ کردم، ئەوا ئەچم بۆ لای بایەعەکە و",
        "text_original": "بەڵام ئەگەر هەر زۆریشیان لێ کردم، ئەوا ئەچم بۆ لای بایەعەکە و",
        "start": 350282.0,
        "end": 354093.0,
        "audio": "content/segments/27/145.ogg"
    },
    {
        "ID": "146",
        "gender": "F",
        "age": "A",
        "character_name": "ژنی1",
        "text": "پێی یٔەڵێم بە یٔارەزووی خۆی خەتێ بێنێ بەسەر ناوەکانا",
        "text_original": "پێی یٔەڵێم بە یٔارەزووی خۆی خەتێ بێنێ بەسەر ناوەکانا",
        "start": 354137.0,
        "end": 357085.0,
        "audio": "content/segments/27/146.ogg"
    },
    {
        "ID": "147",
        "gender": "M",
        "age": "A",
        "character_name": "سەعید",
        "text": "یاعنی بایەعەکە بە ئارەزووی خۆی ئاوا چڕت چێی ویست بۆو لێبا",
        "text_original": "یاعنی بایەعەکە بە ئارەزووی خۆی ئاوا چڕت چێی ویست بۆو لێبا",
        "start": 357230.0,
        "end": 361827.0,
        "audio": "content/segments/27/147.ogg"
    },
    {
        "ID": "148",
        "gender": "F",
        "age": "A",
        "character_name": "ژنی1",
        "text": "ئەی چی ڕۆڵە، ئەی چی بکەم ناشوکری ناڵێم خوێنەواریەکەم نییە",
        "text_original": "ئەی چی ڕۆڵە، ئەی چی بکەم ناشوکری ناڵێم خوێنەواریەکەم نییە",
        "start": 361914.0,
        "end": 365044.0,
        "audio": "content/segments/27/148.ogg"
    },
    {
        "ID": "149",
        "gender": "M",
        "age": "A",
        "character_name": "سەعید",
        "text": "ماشەڵا، لەم وڵاتە و لەم دیموکراسیە",
        "text_original": "ماشەڵا، لەم وڵاتە و لەم دیموکراسیە",
        "start": 365070.0,
        "end": 367835.0,
        "audio": "content/segments/27/149.ogg"
    },
    {
        "ID": "150",
        "gender": "M",
        "age": "A",
        "character_name": "سەعید",
        "text": "تۆ سەیری مەسیری میلەت، چەند بێ قیمەت و بێ هەمیەتە",
        "text_original": "تۆ سەیری مەسیری میلەت، چەند بێ قیمەت و بێ هەمیەتە",
        "start": 368079.0,
        "end": 371332.0,
        "audio": "content/segments/27/150.ogg"
    },
    {
        "ID": "151",
        "gender": "M",
        "age": "A",
        "character_name": "غەنی",
        "text": "بێ هەمیەت و بی قیمەتی مەکە، زروفەکە وا ئیجابەکا بەساقە",
        "text_original": "بێ هەمیەت و بی قیمەتی مەکە، زروفەکە وا ئیجابەکا بەساقە",
        "start": 371406.0,
        "end": 375412.0,
        "audio": "content/segments/27/151.ogg"
    },
    {
        "ID": "152",
        "gender": "F",
        "age": "A",
        "character_name": "ژنی1",
        "text": "ئێ دە ئاخر ڕۆڵە گیان ئاخڵەبی خەڵکەکەش نەخوێنەوارە",
        "text_original": "ئێ دە ئاخر ڕۆڵە گیان ئاخڵەبی خەڵکەکەش نەخوێنەوارە",
        "start": 375540.0,
        "end": 379153.0,
        "audio": "content/segments/27/152.ogg"
    },
    {
        "ID": "153",
        "gender": "M",
        "age": "A",
        "character_name": "سەعید",
        "text": "قەیناکە خەڵک با نەخوێنەوار بێ، بەس دەتوانێ ڕەئی جوانی هەبێ",
        "text_original": "قەیناکە خەڵک با نەخوێنەوار بێ، بەس دەتوانێ ڕەئی جوانی هەبێ",
        "start": 379220.0,
        "end": 382560.0,
        "audio": "content/segments/27/153.ogg"
    },
    {
        "ID": "154",
        "gender": "M",
        "age": "A",
        "character_name": "غەنی",
        "text": "(باوێشک دان)",
        "text_original": "(باوێشک دان)",
        "start": 382731.0,
        "end": 385601.0,
        "audio": "content/segments/27/154.ogg"
    },
    {
        "ID": "155",
        "gender": "M",
        "age": "A",
        "character_name": "غەنی",
        "text": "ئەک برا ڕۆ کاکە سەعە کە پیاوی",
        "text_original": "ئەک برا ڕۆ کاکە سەعە کە پیاوی",
        "start": 387480.0,
        "end": 390268.0,
        "audio": "content/segments/27/155.ogg"
    },
    {
        "ID": "156",
        "gender": "M",
        "age": "A",
        "character_name": "سەعید",
        "text": "بە چیا ئەزانی",
        "text_original": "بە چیا ئەزانی",
        "start": 390488.0,
        "end": 391491.0,
        "audio": "content/segments/27/156.ogg"
    },
    {
        "ID": "157",
        "gender": "M",
        "age": "A",
        "character_name": "غەنی",
        "text": "ئەزانی بەچیا ئەزانیم",
        "text_original": "ئەزانی بەچیا ئەزانیم",
        "start": 391491.0,
        "end": 392801.0,
        "audio": "content/segments/27/157.ogg"
    },
    {
        "ID": "158",
        "gender": "M",
        "age": "A",
        "character_name": "غەنی",
        "text": "وەڵاهی ئێستا لەبەر دەمی ئەو هینەیا ئاوێنەیا",
        "text_original": "وەڵاهی ئێستا لەبەر دەمی ئەو هینەیا ئاوێنەیا",
        "start": 392849.0,
        "end": 395586.0,
        "audio": "content/segments/27/158.ogg"
    },
    {
        "ID": "159",
        "gender": "M",
        "age": "A",
        "character_name": "غەنی",
        "text": "باوێشکێکم ما برا ڕە کە ناشیرینم",
        "text_original": "باوێشکێکم ما برا ڕە کە ناشیرینم",
        "start": 395619.0,
        "end": 398394.0,
        "audio": "content/segments/27/159.ogg"
    },
    {
        "ID": "160",
        "gender": "M",
        "age": "A",
        "character_name": "سەعید",
        "text": "ئێستە تێگەیشتی من چەند بە تەحەمولم کەواتە",
        "text_original": "ئێستە تێگەیشتی من چەند بە تەحەمولم کەواتە",
        "start": 398528.0,
        "end": 401059.0,
        "audio": "content/segments/27/160.ogg"
    },
    {
        "ID": "161",
        "gender": "F",
        "age": "A",
        "character_name": "ژنی1",
        "text": "ئینجا ڕۆڵە پیاو جوانی بۆ چییە",
        "text_original": "ئینجا ڕۆڵە پیاو جوانی بۆ چییە",
        "start": 401085.0,
        "end": 403293.0,
        "audio": "content/segments/27/161.ogg"
    },
    {
        "ID": "162",
        "gender": "M",
        "age": "A",
        "character_name": "سەعید",
        "text": "کورە حاجی ژن تۆ سەیر کە",
        "text_original": "کورە حاجی ژن تۆ سەیر کە",
        "start": 403414.0,
        "end": 405698.0,
        "audio": "content/segments/27/162.ogg"
    },
    {
        "ID": "163",
        "gender": "M",
        "age": "A",
        "character_name": "سەعید",
        "text": "ئێستە ئەگەر لەباتی ئەمە",
        "text_original": "ئێستە ئەگەر لەباتی ئەمە",
        "start": 405842.0,
        "end": 407485.0,
        "audio": "content/segments/27/163.ogg"
    },
    {
        "ID": "164",
        "gender": "M",
        "age": "A",
        "character_name": "سەعید",
        "text": "باڵا بەرزێکی سوورو سپی چاو شینی ناوقەد باریک بوایە جوانتر نەبوو",
        "text_original": "باڵا بەرزێکی سوورو سپی چاو شینی ناوقەد باریک بوایە جوانتر نەبوو",
        "start": 407624.0,
        "end": 411360.0,
        "audio": "content/segments/27/164.ogg"
    },
    {
        "ID": "165",
        "gender": "F",
        "age": "A",
        "character_name": "ژنی1",
        "text": "نەوەڵا جوانتر نەبوو، پیاو جوانی بۆ چییە",
        "text_original": "نەوەڵا جوانتر نەبوو، پیاو جوانی بۆ چییە",
        "start": 411490.0,
        "end": 413843.0,
        "audio": "content/segments/27/165.ogg"
    },
    {
        "ID": "166",
        "gender": "M",
        "age": "A",
        "character_name": "غەنی",
        "text": "ئەی ئافەرم حاجی ژن ڕاستەکا",
        "text_original": "ئەی ئافەرم حاجی ژن ڕاستەکا",
        "start": 413900.0,
        "end": 415973.0,
        "audio": "content/segments/27/166.ogg"
    },
    {
        "ID": "167",
        "gender": "M",
        "age": "A",
        "character_name": "غەنی",
        "text": "پیاو ئەبێ فکری جوان بێ، عەقڵی جوان بێ",
        "text_original": "پیاو ئەبێ فکری جوان بێ، عەقڵی جوان بێ",
        "start": 416383.0,
        "end": 418670.0,
        "audio": "content/segments/27/167.ogg"
    },
    {
        "ID": "168",
        "gender": "M",
        "age": "A",
        "character_name": "سەعید",
        "text": "کورە فکریش ڕەنگانەوەی واقیعە",
        "text_original": "کورە فکریش ڕەنگانەوەی واقیعە",
        "start": 418740.0,
        "end": 420920.0,
        "audio": "content/segments/27/168.ogg"
    },
    {
        "ID": "169",
        "gender": "M",
        "age": "A",
        "character_name": "سەعید",
        "text": "توو شەرەف ئا ئەم سەرو سەکوتە ئەبێ چ ڕەئێکی جوانی لێ بێتە دەرەوە",
        "text_original": "توو شەرەف ئا ئەم سەرو سەکوتە ئەبێ چ ڕەئێکی جوانی لێ بێتە دەرەوە",
        "start": 421230.0,
        "end": 424928.0,
        "audio": "content/segments/27/169.ogg"
    },
    {
        "ID": "170",
        "gender": "M",
        "age": "A",
        "character_name": "سەعید",
        "text": "ئا جوان سەیری کە حاجی ژن",
        "text_original": "ئا جوان سەیری کە حاجی ژن",
        "start": 424928.0,
        "end": 426361.0,
        "audio": "content/segments/27/170.ogg"
    },
    {
        "ID": "171",
        "gender": "M",
        "age": "A",
        "character_name": "غەنی",
        "text": "ئاخ، ئاخ من دەستی ئینتیخاباتم شکاوە",
        "text_original": "ئاخ، ئاخ من دەستی ئینتیخاباتم شکاوە",
        "start": 426392.0,
        "end": 428998.0,
        "audio": "content/segments/27/171.ogg"
    },
    {
        "ID": "172",
        "gender": "M",
        "age": "A",
        "character_name": "غەنی",
        "text": "ئەگەر ئینتیخابات نە ئەبوو خۆم ئەمزانی چۆن جوابت ئەیەمەوە",
        "text_original": "ئەگەر ئینتیخابات نە ئەبوو خۆم ئەمزانی چۆن جوابت ئەیەمەوە",
        "start": 429241.0,
        "end": 431949.0,
        "audio": "content/segments/27/172.ogg"
    },
    {
        "ID": "173",
        "gender": "F",
        "age": "A",
        "character_name": "ژنی1",
        "text": "ئافەرین ڕۆڵە تەحەمولی یەکتری بکەن",
        "text_original": "ئافەرین ڕۆڵە تەحەمولی یەکتری بکەن",
        "start": 432051.0,
        "end": 434482.0,
        "audio": "content/segments/27/173.ogg"
    },
    {
        "ID": "174",
        "gender": "F",
        "age": "A",
        "character_name": "ژنی1",
        "text": "هەتا یٔەو بارو زروفە لایەک بە لایەکا یٔەکەوێ",
        "text_original": "هەتا یٔەو بارو زروفە لایەک بە لایەکا یٔەکەوێ",
        "start": 434704.0,
        "end": 437278.0,
        "audio": "content/segments/27/174.ogg"
    },
    {
        "ID": "175",
        "gender": "M",
        "age": "A",
        "character_name": "سەعید",
        "text": "ئنجا حاجی ژن گیان خۆ منیش لەبەر ئەو بەزم و ڕەزمەیە",
        "text_original": "ئنجا حاجی ژن گیان خۆ منیش لەبەر ئەو بەزم و ڕەزمەیە",
        "start": 437373.0,
        "end": 440295.0,
        "audio": "content/segments/27/175.ogg"
    },
    {
        "ID": "176",
        "gender": "M",
        "age": "A",
        "character_name": "سەعید",
        "text": "کە تەحەمولی بەشەری ئاوا ئەکەم",
        "text_original": "کە تەحەمولی بەشەری ئاوا ئەکەم",
        "start": 440295.0,
        "end": 441900.0,
        "audio": "content/segments/27/176.ogg"
    },
    {
        "ID": "177",
        "gender": "M",
        "age": "A",
        "character_name": "کەریم",
        "text": "ئای سەر تا بە پای زێڕ بێ پشت دەشت و باژێڕ بێ",
        "text_original": "ئای سەر تا بە پای زێڕ بێ پشت دەشت و باژێڕ بێ",
        "start": 441972.0,
        "end": 447402.0,
        "audio": "content/segments/27/177.ogg"
    },
    {
        "ID": "178",
        "gender": "M",
        "age": "A",
        "character_name": "کەریم",
        "text": "هەمووی چاو بگێر بێ، هەر تۆم دەوێ تۆ",
        "text_original": "هەمووی چاو بگێر بێ، هەر تۆم دەوێ تۆ",
        "start": 447402.0,
        "end": 451969.0,
        "audio": "content/segments/27/178.ogg"
    },
    {
        "ID": "179",
        "gender": "M",
        "age": "A",
        "character_name": "کەریم",
        "text": "ئای هەمووی، یاڵا دەی پاسەوان بڕۆ دەی باوکە دەی، بڕۆ دەی",
        "text_original": "ئای هەمووی، یاڵا دەی پاسەوان بڕۆ دەی باوکە دەی، بڕۆ دەی",
        "start": 452723.0,
        "end": 457606.0,
        "audio": "content/segments/27/179.ogg"
    },
    {
        "ID": "180",
        "gender": "M",
        "age": "A",
        "character_name": "کەریم",
        "text": "هەستن، سەعە چاکن",
        "text_original": "هەستن، سەعە چاکن",
        "start": 458057.0,
        "end": 460114.0,
        "audio": "content/segments/27/180.ogg"
    },
    {
        "ID": "181",
        "gender": "NA",
        "age": "NA",
        "character_name": "NA",
        "text": "بەخێر بێی یاخوا",
        "text_original": "بەخێر بێی یاخوا",
        "start": 460187.0,
        "end": 461299.0,
        "audio": "content/segments/27/181.ogg"
    },
    {
        "ID": "182",
        "gender": "M",
        "age": "A",
        "character_name": "کەریم",
        "text": "ئەها پاسەوان چی بۆ هێناون",
        "text_original": "ئەها پاسەوان چی بۆ هێناون",
        "start": 461895.0,
        "end": 464274.0,
        "audio": "content/segments/27/182.ogg"
    },
    {
        "ID": "183",
        "gender": "M",
        "age": "A",
        "character_name": "سەعید",
        "text": "چیە وە، وەرە وەرە، وە لێی کەوە",
        "text_original": "چیە وە، وەرە وەرە، وە لێی کەوە",
        "start": 464357.0,
        "end": 466959.0,
        "audio": "content/segments/27/183.ogg"
    },
    {
        "ID": "184",
        "gender": "M",
        "age": "A",
        "character_name": "کەریم",
        "text": "مۆلیدەیە مۆلیدە",
        "text_original": "مۆلیدەیە مۆلیدە",
        "start": 466959.0,
        "end": 469324.0,
        "audio": "content/segments/27/184.ogg"
    },
    {
        "ID": "185",
        "gender": "M",
        "age": "A",
        "character_name": "پاسەوان",
        "text": "ئەوە مۆلیدەیە بۆ ئێوەم هێناوە، لەگەڵ ئەزانن چیا",
        "text_original": "ئەوە مۆلیدەیە بۆ ئێوەم هێناوە، لەگەڵ ئەزانن چیا",
        "start": 469424.0,
        "end": 472820.0,
        "audio": "content/segments/27/185.ogg"
    },
    {
        "ID": "186",
        "gender": "M",
        "age": "A",
        "character_name": "پاسەوان",
        "text": "لەگەڵ ئەها، (ماچکردن) سەڵاوی گەرمیش",
        "text_original": "لەگەڵ ئەها، (ماچکردن) سەڵاوی گەرمیش",
        "start": 472829.0,
        "end": 475899.0,
        "audio": "content/segments/27/186.ogg"
    },
    {
        "ID": "187",
        "gender": "NA",
        "age": "NA",
        "character_name": "NA",
        "text": "مۆلیدە بۆ ئێمە",
        "text_original": "مۆلیدە بۆ ئێمە",
        "start": 475925.0,
        "end": 478173.0,
        "audio": "content/segments/27/187.ogg"
    },
    {
        "ID": "188",
        "gender": "M",
        "age": "A",
        "character_name": "پاسەوان",
        "text": "بەڵێ بۆ ئێوە، ئا بۆ ئێوە",
        "text_original": "بەڵێ بۆ ئێوە، ئا بۆ ئێوە",
        "start": 478477.0,
        "end": 480814.0,
        "audio": "content/segments/27/188.ogg"
    },
    {
        "ID": "189",
        "gender": "M",
        "age": "A",
        "character_name": "پاسەوان",
        "text": "لەگەڵ سڵاوی گەرما، لەگەڵ (ماچکردن)، ئەوەشا",
        "text_original": "لەگەڵ سڵاوی گەرما، لەگەڵ (ماچکردن)، ئەوەشا",
        "start": 480903.0,
        "end": 484092.0,
        "audio": "content/segments/27/189.ogg"
    },
    {
        "ID": "190",
        "gender": "F",
        "age": "A",
        "character_name": "ژنی1",
        "text": "یاخوا خێرتان بنوسێ کاکە گیان",
        "text_original": "یاخوا خێرتان بنوسێ کاکە گیان",
        "start": 484497.0,
        "end": 486593.0,
        "audio": "content/segments/27/190.ogg"
    },
    {
        "ID": "191",
        "gender": "M",
        "age": "A",
        "character_name": "سەعید",
        "text": "مەکە، مەکە با نەینوسێ",
        "text_original": "مەکە، مەکە با نەینوسێ",
        "start": 486747.0,
        "end": 488173.0,
        "audio": "content/segments/27/191.ogg"
    },
    {
        "ID": "192",
        "gender": "M",
        "age": "A",
        "character_name": "سەعید",
        "text": "یٔەوە دیعایەی یٔینتیخابیە، یٔەجینا کەی یٔەمانە یٔەوەن",
        "text_original": "یٔەوە دیعایەی یٔینتیخابیە، یٔەجینا کەی یٔەمانە یٔەوەن",
        "start": 488492.0,
        "end": 491266.0,
        "audio": "content/segments/27/192.ogg"
    },
    {
        "ID": "193",
        "gender": "F",
        "age": "A",
        "character_name": "ژنی1",
        "text": "بۆ ئەمیش بەنیازە خۆی هەڵبژێرێ",
        "text_original": "بۆ ئەمیش بەنیازە خۆی هەڵبژێرێ",
        "start": 491357.0,
        "end": 493291.0,
        "audio": "content/segments/27/193.ogg"
    },
    {
        "ID": "194",
        "gender": "M",
        "age": "A",
        "character_name": "پاسەوان",
        "text": "نا حاجی ژن جیان من نا، حیزبەکەم خۆی هەڵەبژێرێ",
        "text_original": "نا حاجی ژن جیان من نا، حیزبەکەم خۆی هەڵەبژێرێ",
        "start": 493312.0,
        "end": 496711.0,
        "audio": "content/segments/27/194.ogg"
    },
    {
        "ID": "195",
        "gender": "M",
        "age": "A",
        "character_name": "غەنی",
        "text": "ئەی کوری نازانم چی، بۆ پێش ئەم بەزم و ڕەزمە",
        "text_original": "ئەی کوری نازانم چی، بۆ پێش ئەم بەزم و ڕەزمە",
        "start": 496741.0,
        "end": 499627.0,
        "audio": "content/segments/27/195.ogg"
    },
    {
        "ID": "196",
        "gender": "M",
        "age": "A",
        "character_name": "غەنی",
        "text": "ئالێرە چراێکمان هەڵەکرد ئەوو لایبە بۆ ژینگە خراپە",
        "text_original": "ئالێرە چراێکمان هەڵەکرد ئەوو لایبە بۆ ژینگە خراپە",
        "start": 499674.0,
        "end": 503998.0,
        "audio": "content/segments/27/196.ogg"
    },
    {
        "ID": "197",
        "gender": "M",
        "age": "A",
        "character_name": "پاسەوان",
        "text": "غەنی جیان، هەموو شتێکم قبوڵە ئەها ئەوە پشتم وەرە تۆڵە",
        "text_original": "غەنی جیان، هەموو شتێکم قبوڵە ئەها ئەوە پشتم وەرە تۆڵە",
        "start": 504118.0,
        "end": 509406.0,
        "audio": "content/segments/27/197.ogg"
    },
    {
        "ID": "198",
        "gender": "M",
        "age": "A",
        "character_name": "کەریم",
        "text": "با پێو بڵێم سەت هەزار پشتیشیان بۆ دانێی، فایدەی نیە",
        "text_original": "با پێو بڵێم سەت هەزار پشتیشیان بۆ دانێی، فایدەی نیە",
        "start": 509499.0,
        "end": 514486.0,
        "audio": "content/segments/27/198.ogg"
    },
    {
        "ID": "199",
        "gender": "M",
        "age": "A",
        "character_name": "کەریم",
        "text": "چونکە من ئا ئەم دوانە بناسم، سەعە و غەنی دەنگ بە تۆ نایەن",
        "text_original": "چونکە من ئا ئەم دوانە بناسم، سەعە و غەنی دەنگ بە تۆ نایەن",
        "start": 514523.0,
        "end": 519287.00000000006,
        "audio": "content/segments/27/199.ogg"
    },
    {
        "ID": "200",
        "gender": "M",
        "age": "A",
        "character_name": "پاسەوان",
        "text": "کەریم جیان، مۆلیدە مۆلیدە هەیە دەنگ نەیا بە مۆلیدە",
        "text_original": "کەریم جیان، مۆلیدە مۆلیدە هەیە دەنگ نەیا بە مۆلیدە",
        "start": 519722.99999999994,
        "end": 524104.00000000006,
        "audio": "content/segments/27/200.ogg"
    },
    {
        "ID": "201",
        "gender": "M",
        "age": "A",
        "character_name": "سەعید",
        "text": "بەڵێ، حەز ئەکەی تۆ یەک مەحەتەی نەۆویمان بۆ دانێ",
        "text_original": "بەڵێ، حەز ئەکەی تۆ یەک مەحەتەی نەۆویمان بۆ دانێ",
        "start": 524253.00000000006,
        "end": 527330.0,
        "audio": "content/segments/27/201.ogg"
    },
    {
        "ID": "202",
        "gender": "M",
        "age": "A",
        "character_name": "سەعید",
        "text": "ئەگەر دەنگمان نایتێ د دە دانە تەنەکە نییە هی سەر مۆر",
        "text_original": "ئەگەر دەنگمان نایتێ د دە دانە تەنەکە نییە هی سەر مۆر",
        "start": 527484.0,
        "end": 531269.0,
        "audio": "content/segments/27/202.ogg"
    },
    {
        "ID": "203",
        "gender": "M",
        "age": "A",
        "character_name": "سەعید",
        "text": "تفمان لێ بکە لە من و ئەم غەنیە",
        "text_original": "تفمان لێ بکە لە من و ئەم غەنیە",
        "start": 531323.0,
        "end": 532906.0,
        "audio": "content/segments/27/203.ogg"
    },
    {
        "ID": "204",
        "gender": "M",
        "age": "A",
        "character_name": "پاسەوان",
        "text": "چاوەکەم خۆ بۆ من نییە، ڕۆحەکەم بۆ من نییە بۆ حیزبەکەمە حیزب",
        "text_original": "چاوەکەم خۆ بۆ من نییە، ڕۆحەکەم بۆ من نییە بۆ حیزبەکەمە حیزب",
        "start": 532936.0,
        "end": 537813.0,
        "audio": "content/segments/27/204.ogg"
    },
    {
        "ID": "205",
        "gender": "M",
        "age": "A",
        "character_name": "کەریم",
        "text": "ئەی جا باشە عەیب نییە بۆ پاسەوان",
        "text_original": "ئەی جا باشە عەیب نییە بۆ پاسەوان",
        "start": 537828.0,
        "end": 541987.0,
        "audio": "content/segments/27/205.ogg"
    },
    {
        "ID": "206",
        "gender": "M",
        "age": "A",
        "character_name": "کەریم",
        "text": "تەداخولی سیاسەت و حیزب و میزب ئەکا ها",
        "text_original": "تەداخولی سیاسەت و حیزب و میزب ئەکا ها",
        "start": 542447.0,
        "end": 545713.0,
        "audio": "content/segments/27/206.ogg"
    },
    {
        "ID": "207",
        "gender": "M",
        "age": "A",
        "character_name": "پاسەوان",
        "text": "کەریم جیان ڕۆژەکەی وایە، وەڵای حیزب تێکەڵاوی شلەو برنجیش بوە",
        "text_original": "کەریم جیان ڕۆژەکەی وایە، وەڵای حیزب تێکەڵاوی شلەو برنجیش بوە",
        "start": 545864.0,
        "end": 550667.0,
        "audio": "content/segments/27/207.ogg"
    },
    {
        "ID": "208",
        "gender": "M",
        "age": "A",
        "character_name": "غەنی",
        "text": "وەڵاهی باوکم لەمەیا ڕاستکرد",
        "text_original": "وەڵاهی باوکم لەمەیا ڕاستکرد",
        "start": 550790.0,
        "end": 552437.0,
        "audio": "content/segments/27/208.ogg"
    },
    {
        "ID": "209",
        "gender": "M",
        "age": "A",
        "character_name": "سەعید",
        "text": "چۆن ڕاستەکا",
        "text_original": "چۆن ڕاستەکا",
        "start": 552523.0,
        "end": 553492.0,
        "audio": "content/segments/27/209.ogg"
    },
    {
        "ID": "210",
        "gender": "M",
        "age": "A",
        "character_name": "غەنی",
        "text": "خوا عالیمە لەم شەوانە لە مزگەوتێک بووم، تەراوێحیان ئەکرد",
        "text_original": "خوا عالیمە لەم شەوانە لە مزگەوتێک بووم، تەراوێحیان ئەکرد",
        "start": 553492.0,
        "end": 556692.0,
        "audio": "content/segments/27/210.ogg"
    },
    {
        "ID": "211",
        "gender": "M",
        "age": "A",
        "character_name": "غەنی",
        "text": "ئەوو لە ئیشتیماعی حیزبیام",
        "text_original": "ئەوو لە ئیشتیماعی حیزبیام",
        "start": 556864.0,
        "end": 559074.0,
        "audio": "content/segments/27/211.ogg"
    },
    {
        "ID": "212",
        "gender": "F",
        "age": "A",
        "character_name": "ژنی1",
        "text": "لە تەراویحا",
        "text_original": "لە تەراویحا",
        "start": 559074.0,
        "end": 560478.0,
        "audio": "content/segments/27/212.ogg"
    },
    {
        "ID": "213",
        "gender": "M",
        "age": "A",
        "character_name": "غەنی",
        "text": "ئەرێ بە سەری حاجی ژن گیان",
        "text_original": "ئەرێ بە سەری حاجی ژن گیان",
        "start": 560478.0,
        "end": 562280.0,
        "audio": "content/segments/27/213.ogg"
    },
    {
        "ID": "214",
        "gender": "F",
        "age": "A",
        "character_name": "ژنی1",
        "text": "باشە بۆ ئەم سیاسەتە ئەوەنە خۆشە",
        "text_original": "باشە بۆ ئەم سیاسەتە ئەوەنە خۆشە",
        "start": 562484.0,
        "end": 564756.0,
        "audio": "content/segments/27/214.ogg"
    },
    {
        "ID": "215",
        "gender": "M",
        "age": "A",
        "character_name": "پاسەوان",
        "text": "ئەی بە قوربانی ئەو پرسیارە بم",
        "text_original": "ئەی بە قوربانی ئەو پرسیارە بم",
        "start": 564756.0,
        "end": 566850.0,
        "audio": "content/segments/27/215.ogg"
    },
    {
        "ID": "216",
        "gender": "M",
        "age": "A",
        "character_name": "پاسەوان",
        "text": "وەڵاهی شێکسپیر یش پرسیاری وای نەکردوە",
        "text_original": "وەڵاهی شێکسپیر یش پرسیاری وای نەکردوە",
        "start": 567005.0,
        "end": 569862.0,
        "audio": "content/segments/27/216.ogg"
    },
    {
        "ID": "217",
        "gender": "M",
        "age": "A",
        "character_name": "سەعید",
        "text": "ئااا، جوێت لێیە ئەها ئەم پاسەوانە با باسی شەکسپیر ئەکا",
        "text_original": "ئااا، جوێت لێیە ئەها ئەم پاسەوانە با باسی شەکسپیر ئەکا",
        "start": 569972.0,
        "end": 574600.0,
        "audio": "content/segments/27/217.ogg"
    },
    {
        "ID": "218",
        "gender": "M",
        "age": "A",
        "character_name": "کەریم",
        "text": "ئەرێ سەعە",
        "text_original": "ئەرێ سەعە",
        "start": 574620.0,
        "end": 575668.0,
        "audio": "content/segments/27/218.ogg"
    },
    {
        "ID": "219",
        "gender": "M",
        "age": "A",
        "character_name": "سەعید",
        "text": "ها",
        "text_original": "ها",
        "start": 575668.0,
        "end": 576293.0,
        "audio": "content/segments/27/219.ogg"
    },
    {
        "ID": "220",
        "gender": "M",
        "age": "A",
        "character_name": "کەریم",
        "text": "ئەمە چێیە ئەم شەکسپیرە کە ئەمە باسیەکا شکسپیر",
        "text_original": "ئەمە چێیە ئەم شەکسپیرە کە ئەمە باسیەکا شکسپیر",
        "start": 576293.0,
        "end": 580639.0,
        "audio": "content/segments/27/220.ogg"
    },
    {
        "ID": "221",
        "gender": "M",
        "age": "A",
        "character_name": "سەعید",
        "text": "کورە شەکسپیر ئەوەیە کە کاک مستەفای خۆمان نییە مستەفا ئەحمەو",
        "text_original": "کورە شەکسپیر ئەوەیە کە کاک مستەفای خۆمان نییە مستەفا ئەحمەو",
        "start": 580639.0,
        "end": 583701.0,
        "audio": "content/segments/27/221.ogg"
    },
    {
        "ID": "222",
        "gender": "M",
        "age": "A",
        "character_name": "سەعید",
        "text": "لەبەر دەرگاکەیانە دەستی کرتوە بە جامخانەکەوە و ڕەسمی گرتوە",
        "text_original": "لەبەر دەرگاکەیانە دەستی کرتوە بە جامخانەکەوە و ڕەسمی گرتوە",
        "start": 583701.0,
        "end": 586365.0,
        "audio": "content/segments/27/222.ogg"
    },
    {
        "ID": "223",
        "gender": "M",
        "age": "A",
        "character_name": "کەریم",
        "text": "ئمممم",
        "text_original": "ئمممم",
        "start": 586365.0,
        "end": 587350.0,
        "audio": "content/segments/27/223.ogg"
    },
    {
        "ID": "224",
        "gender": "M",
        "age": "A",
        "character_name": "غەنی",
        "text": "دە وەڵاهی دە وەڵاهی، مادام وایە یٔەم وڵاتە یٔەبێت بە گولستان",
        "text_original": "دە وەڵاهی دە وەڵاهی، مادام وایە یٔەم وڵاتە یٔەبێت بە گولستان",
        "start": 587350.0,
        "end": 591398.0,
        "audio": "content/segments/27/224.ogg"
    },
    {
        "ID": "225",
        "gender": "NA",
        "age": "NA",
        "character_name": "NA",
        "text": "گولستانی چی",
        "text_original": "گولستانی چی",
        "start": 591478.0,
        "end": 594354.0,
        "audio": "content/segments/27/225.ogg"
    },
    {
        "ID": "226",
        "gender": "M",
        "age": "A",
        "character_name": "پاسەوان",
        "text": "وەڵاهی وەبیلاهی، بەس دەنگی ئێوە مسۆگەر کەین",
        "text_original": "وەڵاهی وەبیلاهی، بەس دەنگی ئێوە مسۆگەر کەین",
        "start": 595019.0,
        "end": 598004.0,
        "audio": "content/segments/27/226.ogg"
    },
    {
        "ID": "227",
        "gender": "M",
        "age": "A",
        "character_name": "پاسەوان",
        "text": "ئا ئەم وڵاتە نییە هەر هەمووی ئەکەین بە بەهەشتی سەر زەمین",
        "text_original": "ئا ئەم وڵاتە نییە هەر هەمووی ئەکەین بە بەهەشتی سەر زەمین",
        "start": 598119.0,
        "end": 601167.0,
        "audio": "content/segments/27/227.ogg"
    },
    {
        "ID": "228",
        "gender": "M",
        "age": "A",
        "character_name": "سەعید",
        "text": "ئا ڕاستەکا، دوایش نییە لەو بەهەشتە یەک شەقمان تێهەڵەیەن",
        "text_original": "ئا ڕاستەکا، دوایش نییە لەو بەهەشتە یەک شەقمان تێهەڵەیەن",
        "start": 601417.0,
        "end": 605839.0,
        "audio": "content/segments/27/228.ogg"
    },
    {
        "ID": "229",
        "gender": "M",
        "age": "A",
        "character_name": "سەعید",
        "text": "ئەڵێن گەنمیان خواردوە",
        "text_original": "ئەڵێن گەنمیان خواردوە",
        "start": 605839.0,
        "end": 607199.0,
        "audio": "content/segments/27/229.ogg"
    },
    {
        "ID": "230",
        "gender": "M",
        "age": "A",
        "character_name": "پاسەوان",
        "text": "سوئالی ئەوسا با هەڵگرین بۆ ئەوسا باشترە",
        "text_original": "سوئالی ئەوسا با هەڵگرین بۆ ئەوسا باشترە",
        "start": 607332.0,
        "end": 610238.0,
        "audio": "content/segments/27/230.ogg"
    },
    {
        "ID": "231",
        "gender": "M",
        "age": "A",
        "character_name": "کەریم",
        "text": "ئەڵێم",
        "text_original": "ئەڵێم",
        "start": 610738.0,
        "end": 611501.0,
        "audio": "content/segments/27/231.ogg"
    },
    {
        "ID": "232",
        "gender": "M",
        "age": "A",
        "character_name": "سەعید",
        "text": "ها",
        "text_original": "ها",
        "start": 611501.0,
        "end": 612047.0,
        "audio": "content/segments/27/232.ogg"
    },
    {
        "ID": "233",
        "gender": "M",
        "age": "A",
        "character_name": "کەریم",
        "text": "بۆ شتێک ناکەن",
        "text_original": "بۆ شتێک ناکەن",
        "start": 612047.0,
        "end": 613359.0,
        "audio": "content/segments/27/233.ogg"
    },
    {
        "ID": "234",
        "gender": "M",
        "age": "A",
        "character_name": "سەعید",
        "text": "چی",
        "text_original": "چی",
        "start": 613515.0,
        "end": 613838.0,
        "audio": "content/segments/27/234.ogg"
    },
    {
        "ID": "235",
        "gender": "M",
        "age": "A",
        "character_name": "کەریم",
        "text": "هەمووتان نییە هەمووتان دەنگتان بکەن بەیەک و بییەن بە من",
        "text_original": "هەمووتان نییە هەمووتان دەنگتان بکەن بەیەک و بییەن بە من",
        "start": 613838.0,
        "end": 619415.0,
        "audio": "content/segments/27/235.ogg"
    },
    {
        "ID": "236",
        "gender": "F",
        "age": "A",
        "character_name": "ژنی1",
        "text": "جا چێ دەنگ بۆ تۆ یٔەیا نەگبەت",
        "text_original": "جا چێ دەنگ بۆ تۆ یٔەیا نەگبەت",
        "start": 619509.0,
        "end": 621691.0,
        "audio": "content/segments/27/236.ogg"
    },
    {
        "ID": "237",
        "gender": "M",
        "age": "A",
        "character_name": "کەریم",
        "text": "بۆ چی حاجی ژن، من لە زۆر خەڵک هەیە باشترم با پێو بڵێم",
        "text_original": "بۆ چی حاجی ژن، من لە زۆر خەڵک هەیە باشترم با پێو بڵێم",
        "start": 621725.0,
        "end": 627287.0,
        "audio": "content/segments/27/237.ogg"
    },
    {
        "ID": "238",
        "gender": "M",
        "age": "A",
        "character_name": "پاسەوان",
        "text": "باشە کەریم جیان، پێم ناڵێی باشیەکەی تۆ لە چیایە",
        "text_original": "باشە کەریم جیان، پێم ناڵێی باشیەکەی تۆ لە چیایە",
        "start": 627325.0,
        "end": 630767.0,
        "audio": "content/segments/27/238.ogg"
    },
    {
        "ID": "239",
        "gender": "M",
        "age": "A",
        "character_name": "کەریم",
        "text": "باشیەکەی من پاسەوان ئەزانی لە چیایە",
        "text_original": "باشیەکەی من پاسەوان ئەزانی لە چیایە",
        "start": 630785.0,
        "end": 633719.0,
        "audio": "content/segments/27/239.ogg"
    },
    {
        "ID": "240",
        "gender": "M",
        "age": "A",
        "character_name": "کەریم",
        "text": "بەس نییە من پیاوێکی دەست بڕو ساختەچی و قۆڵبڕ نیم",
        "text_original": "بەس نییە من پیاوێکی دەست بڕو ساختەچی و قۆڵبڕ نیم",
        "start": 634149.0,
        "end": 638830.0,
        "audio": "content/segments/27/240.ogg"
    }
]